solid ASCII
  facet normal 4.811138e-01 8.682234e-01 -1.213160e-01
    outer loop
      vertex   -4.040411e+01 -2.137217e+01 4.859088e+00
      vertex   -3.798493e+01 -2.135694e+01 1.456204e+01
      vertex   -4.001041e+01 -2.158315e+01 4.910545e+00
    endloop
  endfacet
  facet normal 4.811138e-01 8.682234e-01 -1.213160e-01
    outer loop
      vertex   -4.001041e+01 -2.158315e+01 4.910545e+00
      vertex   -3.798493e+01 -2.135694e+01 1.456204e+01
      vertex   -3.759123e+01 -2.156792e+01 1.461350e+01
    endloop
  endfacet
  facet normal -8.388478e-01 5.029139e-01 2.083553e-01
    outer loop
      vertex   -4.410115e+01 -2.378840e+01 4.382047e+00
      vertex   -4.168197e+01 -2.377317e+01 1.408500e+01
      vertex   -4.370783e+01 -2.315315e+01 4.432269e+00
    endloop
  endfacet
  facet normal -8.388478e-01 5.029139e-01 2.083553e-01
    outer loop
      vertex   -4.370783e+01 -2.315315e+01 4.432269e+00
      vertex   -4.168197e+01 -2.377317e+01 1.408500e+01
      vertex   -4.128865e+01 -2.313792e+01 1.413522e+01
    endloop
  endfacet
  facet normal -4.830248e-01 8.674733e-01 1.190679e-01
    outer loop
      vertex   -4.370783e+01 -2.315315e+01 4.432269e+00
      vertex   -4.128865e+01 -2.313792e+01 1.413522e+01
      vertex   -4.040411e+01 -2.137217e+01 4.859088e+00
    endloop
  endfacet
  facet normal -4.830248e-01 8.674733e-01 1.190679e-01
    outer loop
      vertex   -4.040411e+01 -2.137217e+01 4.859088e+00
      vertex   -4.128865e+01 -2.313792e+01 1.413522e+01
      vertex   -3.798493e+01 -2.135694e+01 1.456204e+01
    endloop
  endfacet
  facet normal -8.508329e-01 5.248572e-01 2.466259e-02
    outer loop
      vertex   -4.370783e+01 -2.315315e+01 4.432269e+00
      vertex   -4.568238e+01 -2.598187e+01 -3.488281e+00
      vertex   -4.410115e+01 -2.378840e+01 4.382047e+00
    endloop
  endfacet
  facet normal -8.508329e-01 5.248572e-01 2.466259e-02
    outer loop
      vertex   -4.410115e+01 -2.378840e+01 4.382047e+00
      vertex   -4.568238e+01 -2.598187e+01 -3.488281e+00
      vertex   -4.617166e+01 -2.675459e+01 -3.923432e+00
    endloop
  endfacet
  facet normal 2.745014e-01 6.974258e-01 -6.620017e-01
    outer loop
      vertex   -4.446746e+01 -2.532692e+01 -3.331322e+00
      vertex   -4.412952e+01 -2.505713e+01 -2.906958e+00
      vertex   -4.441052e+01 -2.544679e+01 -3.433991e+00
    endloop
  endfacet
  facet normal 2.637182e-01 7.030631e-01 -6.604203e-01
    outer loop
      vertex   -4.441052e+01 -2.544679e+01 -3.433991e+00
      vertex   -4.412952e+01 -2.505713e+01 -2.906958e+00
      vertex   -4.409458e+01 -2.532498e+01 -3.178160e+00
    endloop
  endfacet
  facet normal 2.693787e-01 6.970168e-01 -6.645320e-01
    outer loop
      vertex   -4.441052e+01 -2.544679e+01 -3.433991e+00
      vertex   -4.409458e+01 -2.532498e+01 -3.178160e+00
      vertex   -4.435924e+01 -2.555482e+01 -3.526520e+00
    endloop
  endfacet
  facet normal 2.691248e-01 6.971899e-01 -6.644533e-01
    outer loop
      vertex   -4.435924e+01 -2.555482e+01 -3.526520e+00
      vertex   -4.409458e+01 -2.532498e+01 -3.178160e+00
      vertex   -4.389929e+01 -2.546415e+01 -3.245081e+00
    endloop
  endfacet
  facet normal 2.693096e-01 6.969149e-01 -6.646668e-01
    outer loop
      vertex   -4.435924e+01 -2.555482e+01 -3.526520e+00
      vertex   -4.389929e+01 -2.546415e+01 -3.245081e+00
      vertex   -4.426405e+01 -2.575553e+01 -3.698397e+00
    endloop
  endfacet
  facet normal 2.864089e-01 6.998651e-01 -6.543384e-01
    outer loop
      vertex   -4.409458e+01 -2.532498e+01 -3.178160e+00
      vertex   -4.412952e+01 -2.505713e+01 -2.906958e+00
      vertex   -4.374316e+01 -2.503970e+01 -2.719200e+00
    endloop
  endfacet
  facet normal 2.827227e-01 7.076985e-01 -6.474803e-01
    outer loop
      vertex   -4.374316e+01 -2.503970e+01 -2.719200e+00
      vertex   -4.412952e+01 -2.505713e+01 -2.906958e+00
      vertex   -4.380210e+01 -2.479033e+01 -2.472380e+00
    endloop
  endfacet
  facet normal 3.019447e-01 7.057375e-01 -6.409087e-01
    outer loop
      vertex   -4.374316e+01 -2.503970e+01 -2.719200e+00
      vertex   -4.380210e+01 -2.479033e+01 -2.472380e+00
      vertex   -4.340489e+01 -2.475887e+01 -2.250600e+00
    endloop
  endfacet
  facet normal 2.980490e-01 7.127641e-01 -6.349284e-01
    outer loop
      vertex   -4.340489e+01 -2.475887e+01 -2.250600e+00
      vertex   -4.380210e+01 -2.479033e+01 -2.472380e+00
      vertex   -4.348547e+01 -2.452675e+01 -2.027856e+00
    endloop
  endfacet
  facet normal 3.170536e-01 7.116639e-01 -6.269063e-01
    outer loop
      vertex   -4.340489e+01 -2.475887e+01 -2.250600e+00
      vertex   -4.348547e+01 -2.452675e+01 -2.027856e+00
      vertex   -4.307998e+01 -2.448269e+01 -1.772768e+00
    endloop
  endfacet
  facet normal 3.131909e-01 7.178045e-01 -6.218265e-01
    outer loop
      vertex   -4.307998e+01 -2.448269e+01 -1.772768e+00
      vertex   -4.348547e+01 -2.452675e+01 -2.027856e+00
      vertex   -4.317994e+01 -2.426659e+01 -1.573654e+00
    endloop
  endfacet
  facet normal 3.317366e-01 7.176352e-01 -6.123321e-01
    outer loop
      vertex   -4.307998e+01 -2.448269e+01 -1.772768e+00
      vertex   -4.317994e+01 -2.426659e+01 -1.573654e+00
      vertex   -4.276863e+01 -2.421137e+01 -1.286110e+00
    endloop
  endfacet
  facet normal 3.281174e-01 7.228337e-01 -6.081532e-01
    outer loop
      vertex   -4.276863e+01 -2.421137e+01 -1.286110e+00
      vertex   -4.317994e+01 -2.426659e+01 -1.573654e+00
      vertex   -4.288579e+01 -2.401006e+01 -1.110042e+00
    endloop
  endfacet
  facet normal 3.459925e-01 7.236434e-01 -5.971846e-01
    outer loop
      vertex   -4.276863e+01 -2.421137e+01 -1.286110e+00
      vertex   -4.288579e+01 -2.401006e+01 -1.110042e+00
      vertex   -4.247103e+01 -2.394510e+01 -7.910342e-01
    endloop
  endfacet
  facet normal 3.427967e-01 7.278642e-01 -5.938890e-01
    outer loop
      vertex   -4.247103e+01 -2.394510e+01 -7.910342e-01
      vertex   -4.288579e+01 -2.401006e+01 -1.110042e+00
      vertex   -4.260330e+01 -2.375736e+01 -6.372879e-01
    endloop
  endfacet
  facet normal 3.598203e-01 7.296799e-01 -5.814608e-01
    outer loop
      vertex   -4.247103e+01 -2.394510e+01 -7.910342e-01
      vertex   -4.260330e+01 -2.375736e+01 -6.372879e-01
      vertex   -4.218739e+01 -2.368408e+01 -2.879472e-01
    endloop
  endfacet
  facet normal 3.571987e-01 7.329047e-01 -5.790162e-01
    outer loop
      vertex   -4.218739e+01 -2.368408e+01 -2.879472e-01
      vertex   -4.260330e+01 -2.375736e+01 -6.372879e-01
      vertex   -4.233276e+01 -2.350871e+01 -1.556606e-01
    endloop
  endfacet
  facet normal 3.732220e-01 7.357331e-01 -5.651567e-01
    outer loop
      vertex   -4.218739e+01 -2.368408e+01 -2.879472e-01
      vertex   -4.233276e+01 -2.350871e+01 -1.556606e-01
      vertex   -4.191789e+01 -2.342850e+01 2.227434e-01
    endloop
  endfacet
  facet normal 3.712994e-01 7.379577e-01 -5.635204e-01
    outer loop
      vertex   -4.191789e+01 -2.342850e+01 2.227434e-01
      vertex   -4.233276e+01 -2.350871e+01 -1.556606e-01
      vertex   -4.207447e+01 -2.326432e+01 3.345720e-01
    endloop
  endfacet
  facet normal 3.862084e-01 7.417864e-01 -5.482663e-01
    outer loop
      vertex   -4.191789e+01 -2.342850e+01 2.227434e-01
      vertex   -4.207447e+01 -2.326432e+01 3.345720e-01
      vertex   -4.166270e+01 -2.317851e+01 7.407260e-01
    endloop
  endfacet
  facet normal 3.850754e-01 7.430288e-01 -5.473802e-01
    outer loop
      vertex   -4.166270e+01 -2.317851e+01 7.407260e-01
      vertex   -4.207447e+01 -2.326432e+01 3.345720e-01
      vertex   -4.182864e+01 -2.302433e+01 8.332756e-01
    endloop
  endfacet
  facet normal 3.987866e-01 7.478230e-01 -5.307824e-01
    outer loop
      vertex   -4.166270e+01 -2.317851e+01 7.407260e-01
      vertex   -4.182864e+01 -2.302433e+01 8.332756e-01
      vertex   -4.142206e+01 -2.293437e+01 1.265500e+00
    endloop
  endfacet
  facet normal 3.984822e-01 7.481414e-01 -5.305623e-01
    outer loop
      vertex   -4.142206e+01 -2.293437e+01 1.265500e+00
      vertex   -4.182864e+01 -2.302433e+01 8.332756e-01
      vertex   -4.159553e+01 -2.278889e+01 1.340349e+00
    endloop
  endfacet
  facet normal 4.107850e-01 7.537497e-01 -5.129493e-01
    outer loop
      vertex   -4.142206e+01 -2.293437e+01 1.265500e+00
      vertex   -4.159553e+01 -2.278889e+01 1.340349e+00
      vertex   -4.137550e+01 -2.255825e+01 1.855466e+00
    endloop
  endfacet
  facet normal 4.116336e-01 7.533950e-01 -5.127902e-01
    outer loop
      vertex   -4.142206e+01 -2.293437e+01 1.265500e+00
      vertex   -4.137550e+01 -2.255825e+01 1.855466e+00
      vertex   -4.119617e+01 -2.269626e+01 1.796659e+00
    endloop
  endfacet
  facet normal 4.223592e-01 7.595860e-01 -4.946128e-01
    outer loop
      vertex   -4.119617e+01 -2.269626e+01 1.796659e+00
      vertex   -4.137550e+01 -2.255825e+01 1.855466e+00
      vertex   -4.116889e+01 -2.233269e+01 2.378299e+00
    endloop
  endfacet
  facet normal 4.243367e-01 7.587593e-01 -4.941889e-01
    outer loop
      vertex   -4.119617e+01 -2.269626e+01 1.796659e+00
      vertex   -4.116889e+01 -2.233269e+01 2.378299e+00
      vertex   -4.098524e+01 -2.246438e+01 2.333794e+00
    endloop
  endfacet
  facet normal 4.335907e-01 7.653810e-01 -4.755954e-01
    outer loop
      vertex   -4.098524e+01 -2.246438e+01 2.333794e+00
      vertex   -4.116889e+01 -2.233269e+01 2.378299e+00
      vertex   -4.097608e+01 -2.211244e+01 2.908518e+00
    endloop
  endfacet
  facet normal 4.364529e-01 7.641812e-01 -4.749063e-01
    outer loop
      vertex   -4.098524e+01 -2.246438e+01 2.333794e+00
      vertex   -4.097608e+01 -2.211244e+01 2.908518e+00
      vertex   -4.078944e+01 -2.223894e+01 2.876498e+00
    endloop
  endfacet
  facet normal 4.444345e-01 7.711399e-01 -4.558741e-01
    outer loop
      vertex   -4.078944e+01 -2.223894e+01 2.876498e+00
      vertex   -4.097608e+01 -2.211244e+01 2.908518e+00
      vertex   -4.079743e+01 -2.189779e+01 3.445796e+00
    endloop
  endfacet
  facet normal 4.479512e-01 7.696574e-01 -4.549364e-01
    outer loop
      vertex   -4.078944e+01 -2.223894e+01 2.876498e+00
      vertex   -4.079743e+01 -2.189779e+01 3.445796e+00
      vertex   -4.060900e+01 -2.202012e+01 3.424364e+00
    endloop
  endfacet
  facet normal 4.553281e-01 7.773588e-01 -4.340387e-01
    outer loop
      vertex   -4.060900e+01 -2.202012e+01 3.424364e+00
      vertex   -4.079743e+01 -2.189779e+01 3.445796e+00
      vertex   -4.044369e+01 -2.180759e+01 3.978436e+00
    endloop
  endfacet
  facet normal 4.588506e-01 7.751671e-01 -4.342489e-01
    outer loop
      vertex   -4.060900e+01 -2.202012e+01 3.424364e+00
      vertex   -4.044369e+01 -2.180759e+01 3.978436e+00
      vertex   -4.025408e+01 -2.192620e+01 3.967049e+00
    endloop
  endfacet
  facet normal 4.655538e-01 7.836731e-01 -4.112373e-01
    outer loop
      vertex   -4.025408e+01 -2.192620e+01 3.967049e+00
      vertex   -4.044369e+01 -2.180759e+01 3.978436e+00
      vertex   -4.010585e+01 -2.172006e+01 4.527690e+00
    endloop
  endfacet
  facet normal 4.689956e-01 7.807475e-01 -4.128880e-01
    outer loop
      vertex   -4.010585e+01 -2.172006e+01 4.527690e+00
      vertex   -4.044369e+01 -2.180759e+01 3.978436e+00
      vertex   -4.048402e+01 -2.148627e+01 4.540212e+00
    endloop
  endfacet
  facet normal 4.647322e-01 7.825780e-01 -4.142411e-01
    outer loop
      vertex   -4.048402e+01 -2.148627e+01 4.540212e+00
      vertex   -4.044369e+01 -2.180759e+01 3.978436e+00
      vertex   -4.063329e+01 -2.168897e+01 3.989803e+00
    endloop
  endfacet
  facet normal 4.584624e-01 7.746079e-01 -4.356544e-01
    outer loop
      vertex   -4.063329e+01 -2.168897e+01 3.989803e+00
      vertex   -4.044369e+01 -2.180759e+01 3.978436e+00
      vertex   -4.079743e+01 -2.189779e+01 3.445796e+00
    endloop
  endfacet
  facet normal 4.553309e-01 7.782273e-01 -4.324766e-01
    outer loop
      vertex   -4.025408e+01 -2.192620e+01 3.967049e+00
      vertex   -4.041810e+01 -2.213941e+01 3.410702e+00
      vertex   -4.060900e+01 -2.202012e+01 3.424364e+00
    endloop
  endfacet
  facet normal 4.487681e-01 7.701155e-01 -4.533533e-01
    outer loop
      vertex   -4.060900e+01 -2.202012e+01 3.424364e+00
      vertex   -4.041810e+01 -2.213941e+01 3.410702e+00
      vertex   -4.059772e+01 -2.235948e+01 2.859058e+00
    endloop
  endfacet
  facet normal 4.440736e-01 7.720829e-01 -4.546280e-01
    outer loop
      vertex   -4.060900e+01 -2.202012e+01 3.424364e+00
      vertex   -4.059772e+01 -2.235948e+01 2.859058e+00
      vertex   -4.078944e+01 -2.223894e+01 2.876498e+00
    endloop
  endfacet
  facet normal 4.376056e-01 7.645010e-01 -4.733281e-01
    outer loop
      vertex   -4.078944e+01 -2.223894e+01 2.876498e+00
      vertex   -4.059772e+01 -2.235948e+01 2.859058e+00
      vertex   -4.079274e+01 -2.258623e+01 2.312525e+00
    endloop
  endfacet
  facet normal 4.327489e-01 7.665126e-01 -4.745385e-01
    outer loop
      vertex   -4.078944e+01 -2.223894e+01 2.876498e+00
      vertex   -4.079274e+01 -2.258623e+01 2.312525e+00
      vertex   -4.098524e+01 -2.246438e+01 2.333794e+00
    endloop
  endfacet
  facet normal 4.259172e-01 7.588797e-01 -4.926420e-01
    outer loop
      vertex   -4.098524e+01 -2.246438e+01 2.333794e+00
      vertex   -4.079274e+01 -2.258623e+01 2.312525e+00
      vertex   -4.100297e+01 -2.281944e+01 1.771513e+00
    endloop
  endfacet
  facet normal 4.209073e-01 7.609324e-01 -4.937802e-01
    outer loop
      vertex   -4.098524e+01 -2.246438e+01 2.333794e+00
      vertex   -4.100297e+01 -2.281944e+01 1.771513e+00
      vertex   -4.119617e+01 -2.269626e+01 1.796659e+00
    endloop
  endfacet
  facet normal 4.137311e-01 7.532548e-01 -5.113059e-01
    outer loop
      vertex   -4.119617e+01 -2.269626e+01 1.796659e+00
      vertex   -4.100297e+01 -2.281944e+01 1.771513e+00
      vertex   -4.122823e+01 -2.305893e+01 1.236430e+00
    endloop
  endfacet
  facet normal 4.085768e-01 7.553459e-01 -5.123647e-01
    outer loop
      vertex   -4.119617e+01 -2.269626e+01 1.796659e+00
      vertex   -4.122823e+01 -2.305893e+01 1.236430e+00
      vertex   -4.142206e+01 -2.293437e+01 1.265500e+00
    endloop
  endfacet
  facet normal 4.010730e-01 7.476289e-01 -5.293312e-01
    outer loop
      vertex   -4.142206e+01 -2.293437e+01 1.265500e+00
      vertex   -4.122823e+01 -2.305893e+01 1.236430e+00
      vertex   -4.146830e+01 -2.330450e+01 7.076847e-01
    endloop
  endfacet
  facet normal 3.957823e-01 7.497559e-01 -5.303040e-01
    outer loop
      vertex   -4.142206e+01 -2.293437e+01 1.265500e+00
      vertex   -4.146830e+01 -2.330450e+01 7.076847e-01
      vertex   -4.166270e+01 -2.317851e+01 7.407260e-01
    endloop
  endfacet
  facet normal 3.879662e-01 7.420035e-01 -5.467294e-01
    outer loop
      vertex   -4.166270e+01 -2.317851e+01 7.407260e-01
      vertex   -4.146830e+01 -2.330450e+01 7.076847e-01
      vertex   -4.172301e+01 -2.355595e+01 1.856857e-01
    endloop
  endfacet
  facet normal 3.825469e-01 7.441646e-01 -5.476102e-01
    outer loop
      vertex   -4.166270e+01 -2.317851e+01 7.407260e-01
      vertex   -4.172301e+01 -2.355595e+01 1.856857e-01
      vertex   -4.191789e+01 -2.342850e+01 2.227434e-01
    endloop
  endfacet
  facet normal 3.744319e-01 7.363797e-01 -5.635119e-01
    outer loop
      vertex   -4.191789e+01 -2.342850e+01 2.227434e-01
      vertex   -4.172301e+01 -2.355595e+01 1.856857e-01
      vertex   -4.199215e+01 -2.381308e+01 -3.291584e-01
    endloop
  endfacet
  facet normal 3.688959e-01 7.385714e-01 -5.642943e-01
    outer loop
      vertex   -4.191789e+01 -2.342850e+01 2.227434e-01
      vertex   -4.199215e+01 -2.381308e+01 -3.291584e-01
      vertex   -4.218739e+01 -2.368408e+01 -2.879472e-01
    endloop
  endfacet
  facet normal 3.604854e-01 7.307606e-01 -5.796889e-01
    outer loop
      vertex   -4.218739e+01 -2.368408e+01 -2.879472e-01
      vertex   -4.199215e+01 -2.381308e+01 -3.291584e-01
      vertex   -4.227553e+01 -2.407570e+01 -8.364387e-01
    endloop
  endfacet
  facet normal 3.548431e-01 7.329804e-01 -5.803671e-01
    outer loop
      vertex   -4.218739e+01 -2.368408e+01 -2.879472e-01
      vertex   -4.227553e+01 -2.407570e+01 -8.364387e-01
      vertex   -4.247103e+01 -2.394510e+01 -7.910342e-01
    endloop
  endfacet
  facet normal 3.461470e-01 7.251441e-01 -5.952716e-01
    outer loop
      vertex   -4.247103e+01 -2.394510e+01 -7.910342e-01
      vertex   -4.227553e+01 -2.407570e+01 -8.364387e-01
      vertex   -4.257296e+01 -2.434360e+01 -1.335747e+00
    endloop
  endfacet
  facet normal 3.404038e-01 7.273916e-01 -5.958411e-01
    outer loop
      vertex   -4.247103e+01 -2.394510e+01 -7.910342e-01
      vertex   -4.257296e+01 -2.434360e+01 -1.335747e+00
      vertex   -4.276863e+01 -2.421137e+01 -1.286110e+00
    endloop
  endfacet
  facet normal 3.314314e-01 7.195307e-01 -6.102695e-01
    outer loop
      vertex   -4.276863e+01 -2.421137e+01 -1.286110e+00
      vertex   -4.257296e+01 -2.434360e+01 -1.335747e+00
      vertex   -4.288424e+01 -2.461659e+01 -1.826674e+00
    endloop
  endfacet
  facet normal 3.255919e-01 7.218058e-01 -6.107260e-01
    outer loop
      vertex   -4.276863e+01 -2.421137e+01 -1.286110e+00
      vertex   -4.288424e+01 -2.461659e+01 -1.826674e+00
      vertex   -4.307998e+01 -2.448269e+01 -1.772768e+00
    endloop
  endfacet
  facet normal 3.163516e-01 7.139205e-01 -6.246914e-01
    outer loop
      vertex   -4.307998e+01 -2.448269e+01 -1.772768e+00
      vertex   -4.288424e+01 -2.461659e+01 -1.826674e+00
      vertex   -4.320919e+01 -2.489448e+01 -2.308811e+00
    endloop
  endfacet
  facet normal 3.104196e-01 7.162236e-01 -6.250308e-01
    outer loop
      vertex   -4.307998e+01 -2.448269e+01 -1.772768e+00
      vertex   -4.320919e+01 -2.489448e+01 -2.308811e+00
      vertex   -4.340489e+01 -2.475887e+01 -2.250600e+00
    endloop
  endfacet
  facet normal 3.009186e-01 7.083139e-01 -6.385448e-01
    outer loop
      vertex   -4.340489e+01 -2.475887e+01 -2.250600e+00
      vertex   -4.320919e+01 -2.489448e+01 -2.308811e+00
      vertex   -4.354760e+01 -2.517707e+01 -2.781749e+00
    endloop
  endfacet
  facet normal 2.948974e-01 7.106458e-01 -6.387630e-01
    outer loop
      vertex   -4.340489e+01 -2.475887e+01 -2.250600e+00
      vertex   -4.354760e+01 -2.517707e+01 -2.781749e+00
      vertex   -4.374316e+01 -2.503970e+01 -2.719200e+00
    endloop
  endfacet
  facet normal 2.851422e-01 7.027115e-01 -6.518362e-01
    outer loop
      vertex   -4.374316e+01 -2.503970e+01 -2.719200e+00
      vertex   -4.354760e+01 -2.517707e+01 -2.781749e+00
      vertex   -4.389929e+01 -2.546415e+01 -3.245081e+00
    endloop
  endfacet
  facet normal 2.790342e-01 7.050734e-01 -6.519290e-01
    outer loop
      vertex   -4.374316e+01 -2.503970e+01 -2.719200e+00
      vertex   -4.389929e+01 -2.546415e+01 -3.245081e+00
      vertex   -4.409458e+01 -2.532498e+01 -3.178160e+00
    endloop
  endfacet
  facet normal -4.446125e-01 8.729014e-01 -2.009050e-01
    outer loop
      vertex   -4.040411e+01 -2.137217e+01 4.859088e+00
      vertex   -4.045247e+01 -2.144145e+01 4.665107e+00
      vertex   -4.370783e+01 -2.315315e+01 4.432269e+00
    endloop
  endfacet
  facet normal -4.446125e-01 8.729014e-01 -2.009050e-01
    outer loop
      vertex   -4.370783e+01 -2.315315e+01 4.432269e+00
      vertex   -4.045247e+01 -2.144145e+01 4.665107e+00
      vertex   -4.048402e+01 -2.148627e+01 4.540212e+00
    endloop
  endfacet
  facet normal -4.446125e-01 8.729014e-01 -2.009050e-01
    outer loop
      vertex   -4.370783e+01 -2.315315e+01 4.432269e+00
      vertex   -4.048402e+01 -2.148627e+01 4.540212e+00
      vertex   -4.063329e+01 -2.168897e+01 3.989803e+00
    endloop
  endfacet
  facet normal -4.446125e-01 8.729014e-01 -2.009050e-01
    outer loop
      vertex   -4.063329e+01 -2.168897e+01 3.989803e+00
      vertex   -4.079743e+01 -2.189779e+01 3.445796e+00
      vertex   -4.370783e+01 -2.315315e+01 4.432269e+00
    endloop
  endfacet
  facet normal -4.446125e-01 8.729014e-01 -2.009050e-01
    outer loop
      vertex   -4.370783e+01 -2.315315e+01 4.432269e+00
      vertex   -4.079743e+01 -2.189779e+01 3.445796e+00
      vertex   -4.097608e+01 -2.211244e+01 2.908518e+00
    endloop
  endfacet
  facet normal -4.446125e-01 8.729014e-01 -2.009050e-01
    outer loop
      vertex   -4.370783e+01 -2.315315e+01 4.432269e+00
      vertex   -4.097608e+01 -2.211244e+01 2.908518e+00
      vertex   -4.116889e+01 -2.233269e+01 2.378299e+00
    endloop
  endfacet
  facet normal -4.446125e-01 8.729014e-01 -2.009050e-01
    outer loop
      vertex   -4.116889e+01 -2.233269e+01 2.378299e+00
      vertex   -4.137550e+01 -2.255825e+01 1.855466e+00
      vertex   -4.370783e+01 -2.315315e+01 4.432269e+00
    endloop
  endfacet
  facet normal -4.446125e-01 8.729014e-01 -2.009050e-01
    outer loop
      vertex   -4.370783e+01 -2.315315e+01 4.432269e+00
      vertex   -4.137550e+01 -2.255825e+01 1.855466e+00
      vertex   -4.159553e+01 -2.278889e+01 1.340349e+00
    endloop
  endfacet
  facet normal -4.446125e-01 8.729014e-01 -2.009050e-01
    outer loop
      vertex   -4.370783e+01 -2.315315e+01 4.432269e+00
      vertex   -4.159553e+01 -2.278889e+01 1.340349e+00
      vertex   -4.182864e+01 -2.302433e+01 8.332756e-01
    endloop
  endfacet
  facet normal -4.446125e-01 8.729014e-01 -2.009050e-01
    outer loop
      vertex   -4.182864e+01 -2.302433e+01 8.332756e-01
      vertex   -4.207447e+01 -2.326432e+01 3.345720e-01
      vertex   -4.370783e+01 -2.315315e+01 4.432269e+00
    endloop
  endfacet
  facet normal -4.446125e-01 8.729014e-01 -2.009050e-01
    outer loop
      vertex   -4.370783e+01 -2.315315e+01 4.432269e+00
      vertex   -4.207447e+01 -2.326432e+01 3.345720e-01
      vertex   -4.233276e+01 -2.350871e+01 -1.556606e-01
    endloop
  endfacet
  facet normal -4.446125e-01 8.729014e-01 -2.009050e-01
    outer loop
      vertex   -4.370783e+01 -2.315315e+01 4.432269e+00
      vertex   -4.233276e+01 -2.350871e+01 -1.556606e-01
      vertex   -4.260330e+01 -2.375736e+01 -6.372879e-01
    endloop
  endfacet
  facet normal -4.446125e-01 8.729014e-01 -2.009050e-01
    outer loop
      vertex   -4.260330e+01 -2.375736e+01 -6.372879e-01
      vertex   -4.288579e+01 -2.401006e+01 -1.110042e+00
      vertex   -4.370783e+01 -2.315315e+01 4.432269e+00
    endloop
  endfacet
  facet normal -4.446125e-01 8.729014e-01 -2.009050e-01
    outer loop
      vertex   -4.370783e+01 -2.315315e+01 4.432269e+00
      vertex   -4.288579e+01 -2.401006e+01 -1.110042e+00
      vertex   -4.568238e+01 -2.598187e+01 -3.488281e+00
    endloop
  endfacet
  facet normal -4.446125e-01 8.729014e-01 -2.009050e-01
    outer loop
      vertex   -4.568238e+01 -2.598187e+01 -3.488281e+00
      vertex   -4.288579e+01 -2.401006e+01 -1.110042e+00
      vertex   -4.317994e+01 -2.426659e+01 -1.573654e+00
    endloop
  endfacet
  facet normal -4.446125e-01 8.729014e-01 -2.009050e-01
    outer loop
      vertex   -4.568238e+01 -2.598187e+01 -3.488281e+00
      vertex   -4.317994e+01 -2.426659e+01 -1.573654e+00
      vertex   -4.348547e+01 -2.452675e+01 -2.027856e+00
    endloop
  endfacet
  facet normal -4.446125e-01 8.729014e-01 -2.009050e-01
    outer loop
      vertex   -4.348547e+01 -2.452675e+01 -2.027856e+00
      vertex   -4.380210e+01 -2.479033e+01 -2.472380e+00
      vertex   -4.568238e+01 -2.598187e+01 -3.488281e+00
    endloop
  endfacet
  facet normal -4.446125e-01 8.729014e-01 -2.009050e-01
    outer loop
      vertex   -4.568238e+01 -2.598187e+01 -3.488281e+00
      vertex   -4.380210e+01 -2.479033e+01 -2.472380e+00
      vertex   -4.412952e+01 -2.505713e+01 -2.906958e+00
    endloop
  endfacet
  facet normal -4.446125e-01 8.729014e-01 -2.009050e-01
    outer loop
      vertex   -4.568238e+01 -2.598187e+01 -3.488281e+00
      vertex   -4.412952e+01 -2.505713e+01 -2.906958e+00
      vertex   -4.446746e+01 -2.532692e+01 -3.331322e+00
    endloop
  endfacet
  facet normal 4.731225e-01 7.856944e-01 -3.985466e-01
    outer loop
      vertex   -4.001041e+01 -2.158315e+01 4.910545e+00
      vertex   -4.007433e+01 -2.167472e+01 4.654146e+00
      vertex   -4.040411e+01 -2.137217e+01 4.859088e+00
    endloop
  endfacet
  facet normal 4.731225e-01 7.856944e-01 -3.985466e-01
    outer loop
      vertex   -4.040411e+01 -2.137217e+01 4.859088e+00
      vertex   -4.007433e+01 -2.167472e+01 4.654146e+00
      vertex   -4.045247e+01 -2.144145e+01 4.665107e+00
    endloop
  endfacet
  facet normal 4.720458e-01 7.850973e-01 -4.009925e-01
    outer loop
      vertex   -4.048402e+01 -2.148627e+01 4.540212e+00
      vertex   -4.045247e+01 -2.144145e+01 4.665107e+00
      vertex   -4.027911e+01 -2.158056e+01 4.596826e+00
    endloop
  endfacet
  facet normal 4.729109e-01 7.853911e-01 -3.993947e-01
    outer loop
      vertex   -4.027911e+01 -2.158056e+01 4.596826e+00
      vertex   -4.045247e+01 -2.144145e+01 4.665107e+00
      vertex   -4.007433e+01 -2.167472e+01 4.654146e+00
    endloop
  endfacet
  facet normal 4.729142e-01 7.853415e-01 -3.994882e-01
    outer loop
      vertex   -4.027911e+01 -2.158056e+01 4.596826e+00
      vertex   -4.007433e+01 -2.167472e+01 4.654146e+00
      vertex   -4.010585e+01 -2.172006e+01 4.527690e+00
    endloop
  endfacet
  facet normal 4.720485e-01 7.850532e-01 -4.010758e-01
    outer loop
      vertex   -4.010585e+01 -2.172006e+01 4.527690e+00
      vertex   -4.048402e+01 -2.148627e+01 4.540212e+00
      vertex   -4.027911e+01 -2.158056e+01 4.596826e+00
    endloop
  endfacet
  facet normal 7.701800e-01 -5.868855e-04 -6.378263e-01
    outer loop
      vertex   -4.426891e+01 -2.576531e+01 -3.704257e+00
      vertex   -4.426405e+01 -2.575553e+01 -3.698397e+00
      vertex   -4.426616e+01 -3.193042e+01 -3.695265e+00
    endloop
  endfacet
  facet normal 7.792785e-01 -5.843414e-04 -6.266775e-01
    outer loop
      vertex   -4.426616e+01 -3.193042e+01 -3.695265e+00
      vertex   -4.426405e+01 -2.575553e+01 -3.698397e+00
      vertex   -4.389929e+01 -2.546415e+01 -3.245081e+00
    endloop
  endfacet
  facet normal 7.809293e-01 -8.213250e-04 -6.246189e-01
    outer loop
      vertex   -4.426616e+01 -3.193042e+01 -3.695265e+00
      vertex   -4.389929e+01 -2.546415e+01 -3.245081e+00
      vertex   -4.381894e+01 -3.192940e+01 -3.136130e+00
    endloop
  endfacet
  facet normal 7.966175e-01 -2.870500e-04 -6.044836e-01
    outer loop
      vertex   -4.381894e+01 -3.192940e+01 -3.136130e+00
      vertex   -4.389929e+01 -2.546415e+01 -3.245081e+00
      vertex   -4.354760e+01 -2.517707e+01 -2.781749e+00
    endloop
  endfacet
  facet normal 8.019644e-01 -8.751898e-04 -5.973712e-01
    outer loop
      vertex   -4.381894e+01 -3.192940e+01 -3.136130e+00
      vertex   -4.354760e+01 -2.517707e+01 -2.781749e+00
      vertex   -4.339123e+01 -3.192838e+01 -2.561934e+00
    endloop
  endfacet
  facet normal 8.132767e-01 -1.087157e-04 -5.818772e-01
    outer loop
      vertex   -4.339123e+01 -3.192838e+01 -2.561934e+00
      vertex   -4.354760e+01 -2.517707e+01 -2.781749e+00
      vertex   -4.320919e+01 -2.489448e+01 -2.308811e+00
    endloop
  endfacet
  facet normal 8.220492e-01 -7.841944e-04 -5.694159e-01
    outer loop
      vertex   -4.339123e+01 -3.192838e+01 -2.561934e+00
      vertex   -4.320919e+01 -2.489448e+01 -2.308811e+00
      vertex   -4.298354e+01 -3.192734e+01 -1.973358e+00
    endloop
  endfacet
  facet normal 8.292580e-01 -4.969207e-05 -5.588660e-01
    outer loop
      vertex   -4.298354e+01 -3.192734e+01 -1.973358e+00
      vertex   -4.320919e+01 -2.489448e+01 -2.308811e+00
      vertex   -4.288424e+01 -2.461659e+01 -1.826674e+00
    endloop
  endfacet
  facet normal 8.411600e-01 -5.741048e-04 -5.407860e-01
    outer loop
      vertex   -4.298354e+01 -3.192734e+01 -1.973358e+00
      vertex   -4.288424e+01 -2.461659e+01 -1.826674e+00
      vertex   -4.259634e+01 -3.192628e+01 -1.371099e+00
    endloop
  endfacet
  facet normal 8.445624e-01 -1.079747e-04 -5.354571e-01
    outer loop
      vertex   -4.259634e+01 -3.192628e+01 -1.371099e+00
      vertex   -4.288424e+01 -2.461659e+01 -1.826674e+00
      vertex   -4.257296e+01 -2.434360e+01 -1.335747e+00
    endloop
  endfacet
  facet normal 8.591859e-01 -2.639999e-04 -5.116635e-01
    outer loop
      vertex   -4.259634e+01 -3.192628e+01 -1.371099e+00
      vertex   -4.257296e+01 -2.434360e+01 -1.335747e+00
      vertex   -4.227553e+01 -2.407570e+01 -8.364387e-01
    endloop
  endfacet
  facet normal 8.592740e-01 -2.776785e-04 -5.115155e-01
    outer loop
      vertex   -4.259634e+01 -3.192628e+01 -1.371099e+00
      vertex   -4.227553e+01 -2.407570e+01 -8.364387e-01
      vertex   -4.223010e+01 -3.192522e+01 -7.558699e-01
    endloop
  endfacet
  facet normal 8.730048e-01 4.610844e-05 -4.877116e-01
    outer loop
      vertex   -4.223010e+01 -3.192522e+01 -7.558699e-01
      vertex   -4.227553e+01 -2.407570e+01 -8.364387e-01
      vertex   -4.199215e+01 -2.381308e+01 -3.291584e-01
    endloop
  endfacet
  facet normal 8.763700e-01 -3.720694e-04 -4.816383e-01
    outer loop
      vertex   -4.223010e+01 -3.192522e+01 -7.558699e-01
      vertex   -4.199215e+01 -2.381308e+01 -3.291584e-01
      vertex   -4.188526e+01 -3.192416e+01 -1.284007e-01
    endloop
  endfacet
  facet normal 8.861700e-01 2.094814e-04 -4.633602e-01
    outer loop
      vertex   -4.188526e+01 -3.192416e+01 -1.284007e-01
      vertex   -4.199215e+01 -2.381308e+01 -3.291584e-01
      vertex   -4.172301e+01 -2.355595e+01 1.856857e-01
    endloop
  endfacet
  facet normal 8.924275e-01 -3.686099e-04 -4.511906e-01
    outer loop
      vertex   -4.188526e+01 -3.192416e+01 -1.284007e-01
      vertex   -4.172301e+01 -2.355595e+01 1.856857e-01
      vertex   -4.156221e+01 -3.192308e+01 5.105655e-01
    endloop
  endfacet
  facet normal 8.986747e-01 2.397017e-04 -4.386158e-01
    outer loop
      vertex   -4.156221e+01 -3.192308e+01 5.105655e-01
      vertex   -4.172301e+01 -2.355595e+01 1.856857e-01
      vertex   -4.146830e+01 -2.330450e+01 7.076847e-01
    endloop
  endfacet
  facet normal 9.074276e-01 -2.766747e-04 -4.202084e-01
    outer loop
      vertex   -4.156221e+01 -3.192308e+01 5.105655e-01
      vertex   -4.146830e+01 -2.330450e+01 7.076847e-01
      vertex   -4.126135e+01 -3.192200e+01 1.160272e+00
    endloop
  endfacet
  facet normal 9.105111e-01 1.505117e-04 -4.134845e-01
    outer loop
      vertex   -4.126135e+01 -3.192200e+01 1.160272e+00
      vertex   -4.146830e+01 -2.330450e+01 7.076847e-01
      vertex   -4.122823e+01 -2.305893e+01 1.236430e+00
    endloop
  endfacet
  facet normal 9.213524e-01 -1.027258e-04 -3.887283e-01
    outer loop
      vertex   -4.126135e+01 -3.192200e+01 1.160272e+00
      vertex   -4.122823e+01 -2.305893e+01 1.236430e+00
      vertex   -4.098302e+01 -3.192091e+01 1.819948e+00
    endloop
  endfacet
  facet normal 9.216711e-01 -4.412053e-05 -3.879722e-01
    outer loop
      vertex   -4.098302e+01 -3.192091e+01 1.819948e+00
      vertex   -4.122823e+01 -2.305893e+01 1.236430e+00
      vertex   -4.100297e+01 -2.281944e+01 1.771513e+00
    endloop
  endfacet
  facet normal 9.320805e-01 1.155765e-04 -3.622512e-01
    outer loop
      vertex   -4.098302e+01 -3.192091e+01 1.819948e+00
      vertex   -4.100297e+01 -2.281944e+01 1.771513e+00
      vertex   -4.079274e+01 -2.258623e+01 2.312525e+00
    endloop
  endfacet
  facet normal 9.341856e-01 -2.156588e-04 -3.567873e-01
    outer loop
      vertex   -4.098302e+01 -3.192091e+01 1.819948e+00
      vertex   -4.079274e+01 -2.258623e+01 2.312525e+00
      vertex   -4.072757e+01 -3.191982e+01 2.488812e+00
    endloop
  endfacet
  facet normal 9.418031e-01 2.270359e-04 -3.361648e-01
    outer loop
      vertex   -4.072757e+01 -3.191982e+01 2.488812e+00
      vertex   -4.079274e+01 -2.258623e+01 2.312525e+00
      vertex   -4.059772e+01 -2.235948e+01 2.859058e+00
    endloop
  endfacet
  facet normal 9.459119e-01 -2.834762e-04 -3.244235e-01
    outer loop
      vertex   -4.072757e+01 -3.191982e+01 2.488812e+00
      vertex   -4.059772e+01 -2.235948e+01 2.859058e+00
      vertex   -4.049528e+01 -3.191873e+01 3.166073e+00
    endloop
  endfacet
  facet normal 9.508362e-01 2.423581e-04 -3.096941e-01
    outer loop
      vertex   -4.049528e+01 -3.191873e+01 3.166073e+00
      vertex   -4.059772e+01 -2.235948e+01 2.859058e+00
      vertex   -4.041810e+01 -2.213941e+01 3.410702e+00
    endloop
  endfacet
  facet normal 9.565173e-01 -2.532134e-04 -2.916755e-01
    outer loop
      vertex   -4.049528e+01 -3.191873e+01 3.166073e+00
      vertex   -4.041810e+01 -2.213941e+01 3.410702e+00
      vertex   -4.028645e+01 -3.191764e+01 3.850926e+00
    endloop
  endfacet
  facet normal 9.591655e-01 1.799795e-04 -2.828455e-01
    outer loop
      vertex   -4.028645e+01 -3.191764e+01 3.850926e+00
      vertex   -4.041810e+01 -2.213941e+01 3.410702e+00
      vertex   -4.025408e+01 -2.192620e+01 3.967049e+00
    endloop
  endfacet
  facet normal 9.659893e-01 -1.241204e-04 -2.585821e-01
    outer loop
      vertex   -4.028645e+01 -3.191764e+01 3.850926e+00
      vertex   -4.025408e+01 -2.192620e+01 3.967049e+00
      vertex   -4.010130e+01 -3.191655e+01 4.542562e+00
    endloop
  endfacet
  facet normal 9.667759e-01 5.822776e-05 -2.556255e-01
    outer loop
      vertex   -4.010130e+01 -3.191655e+01 4.542562e+00
      vertex   -4.025408e+01 -2.192620e+01 3.967049e+00
      vertex   -4.010585e+01 -2.172006e+01 4.527690e+00
    endloop
  endfacet
  facet normal 5.542885e-01 -7.052264e-01 -4.420634e-01
    outer loop
      vertex   -4.426616e+01 -3.193042e+01 -3.695265e+00
      vertex   -4.381894e+01 -3.192940e+01 -3.136130e+00
      vertex   -4.433543e+01 -3.206364e+01 -3.569587e+00
    endloop
  endfacet
  facet normal 5.541106e-01 -7.055646e-01 -4.417467e-01
    outer loop
      vertex   -4.433543e+01 -3.206364e+01 -3.569587e+00
      vertex   -4.381894e+01 -3.192940e+01 -3.136130e+00
      vertex   -4.440486e+01 -3.219682e+01 -3.443970e+00
    endloop
  endfacet
  facet normal 5.540390e-01 -7.058745e-01 -4.413411e-01
    outer loop
      vertex   -4.440486e+01 -3.219682e+01 -3.443970e+00
      vertex   -4.381894e+01 -3.192940e+01 -3.136130e+00
      vertex   -4.447448e+01 -3.232996e+01 -3.318412e+00
    endloop
  endfacet
  facet normal 5.544362e-01 -7.091823e-01 -4.355009e-01
    outer loop
      vertex   -4.447448e+01 -3.232996e+01 -3.318412e+00
      vertex   -4.381894e+01 -3.192940e+01 -3.136130e+00
      vertex   -4.404738e+01 -3.232898e+01 -2.776274e+00
    endloop
  endfacet
  facet normal 5.688342e-01 -7.056633e-01 -4.224535e-01
    outer loop
      vertex   -4.404738e+01 -3.232898e+01 -2.776274e+00
      vertex   -4.381894e+01 -3.192940e+01 -3.136130e+00
      vertex   -4.339123e+01 -3.192838e+01 -2.561934e+00
    endloop
  endfacet
  facet normal 5.689740e-01 -7.090390e-01 -4.165722e-01
    outer loop
      vertex   -4.404738e+01 -3.232898e+01 -2.776274e+00
      vertex   -4.339123e+01 -3.192838e+01 -2.561934e+00
      vertex   -4.363887e+01 -3.232799e+01 -2.219999e+00
    endloop
  endfacet
  facet normal 5.829811e-01 -7.057398e-01 -4.025722e-01
    outer loop
      vertex   -4.363887e+01 -3.232799e+01 -2.219999e+00
      vertex   -4.339123e+01 -3.192838e+01 -2.561934e+00
      vertex   -4.298354e+01 -3.192734e+01 -1.973358e+00
    endloop
  endfacet
  facet normal 5.828706e-01 -7.088888e-01 -3.971631e-01
    outer loop
      vertex   -4.363887e+01 -3.232799e+01 -2.219999e+00
      vertex   -4.298354e+01 -3.192734e+01 -1.973358e+00
      vertex   -4.324941e+01 -3.232698e+01 -1.650223e+00
    endloop
  endfacet
  facet normal 5.964280e-01 -7.058222e-01 -3.822155e-01
    outer loop
      vertex   -4.324941e+01 -3.232698e+01 -1.650223e+00
      vertex   -4.298354e+01 -3.192734e+01 -1.973358e+00
      vertex   -4.259634e+01 -3.192628e+01 -1.371099e+00
    endloop
  endfacet
  facet normal 5.961103e-01 -7.087319e-01 -3.772952e-01
    outer loop
      vertex   -4.324941e+01 -3.232698e+01 -1.650223e+00
      vertex   -4.259634e+01 -3.192628e+01 -1.371099e+00
      vertex   -4.287944e+01 -3.232597e+01 -1.067600e+00
    endloop
  endfacet
  facet normal 6.091587e-01 -7.059106e-01 -3.614083e-01
    outer loop
      vertex   -4.287944e+01 -3.232597e+01 -1.067600e+00
      vertex   -4.259634e+01 -3.192628e+01 -1.371099e+00
      vertex   -4.223010e+01 -3.192522e+01 -7.558699e-01
    endloop
  endfacet
  facet normal 6.086780e-01 -7.085681e-01 -3.569906e-01
    outer loop
      vertex   -4.287944e+01 -3.232597e+01 -1.067600e+00
      vertex   -4.223010e+01 -3.192522e+01 -7.558699e-01
      vertex   -4.252940e+01 -3.232495e+01 -4.727951e-01
    endloop
  endfacet
  facet normal 6.211581e-01 -7.060049e-01 -3.401759e-01
    outer loop
      vertex   -4.252940e+01 -3.232495e+01 -4.727951e-01
      vertex   -4.223010e+01 -3.192522e+01 -7.558699e-01
      vertex   -4.188526e+01 -3.192416e+01 -1.284007e-01
    endloop
  endfacet
  facet normal 6.205595e-01 -7.083976e-01 -3.362717e-01
    outer loop
      vertex   -4.252940e+01 -3.232495e+01 -4.727951e-01
      vertex   -4.188526e+01 -3.192416e+01 -1.284007e-01
      vertex   -4.219967e+01 -3.232391e+01 1.335102e-01
    endloop
  endfacet
  facet normal 6.324120e-01 -7.061053e-01 -3.185442e-01
    outer loop
      vertex   -4.219967e+01 -3.232391e+01 1.335102e-01
      vertex   -4.188526e+01 -3.192416e+01 -1.284007e-01
      vertex   -4.156221e+01 -3.192308e+01 5.105655e-01
    endloop
  endfacet
  facet normal 6.317413e-01 -7.082204e-01 -3.151616e-01
    outer loop
      vertex   -4.219967e+01 -3.232391e+01 1.335102e-01
      vertex   -4.156221e+01 -3.192308e+01 5.105655e-01
      vertex   -4.189065e+01 -3.232288e+01 7.506220e-01
    endloop
  endfacet
  facet normal 6.429070e-01 -7.062116e-01 -2.965396e-01
    outer loop
      vertex   -4.189065e+01 -3.232288e+01 7.506220e-01
      vertex   -4.156221e+01 -3.192308e+01 5.105655e-01
      vertex   -4.126135e+01 -3.192200e+01 1.160272e+00
    endloop
  endfacet
  facet normal 6.422104e-01 -7.080365e-01 -2.936837e-01
    outer loop
      vertex   -4.189065e+01 -3.232288e+01 7.506220e-01
      vertex   -4.126135e+01 -3.192200e+01 1.160272e+00
      vertex   -4.160267e+01 -3.232183e+01 1.377834e+00
    endloop
  endfacet
  facet normal 6.526306e-01 -7.063241e-01 -2.741888e-01
    outer loop
      vertex   -4.160267e+01 -3.232183e+01 1.377834e+00
      vertex   -4.126135e+01 -3.192200e+01 1.160272e+00
      vertex   -4.098302e+01 -3.192091e+01 1.819948e+00
    endloop
  endfacet
  facet normal 6.519550e-01 -7.078458e-01 -2.718619e-01
    outer loop
      vertex   -4.160267e+01 -3.232183e+01 1.377834e+00
      vertex   -4.098302e+01 -3.192091e+01 1.819948e+00
      vertex   -4.133608e+01 -3.232079e+01 2.014428e+00
    endloop
  endfacet
  facet normal 6.615715e-01 -7.064427e-01 -2.515192e-01
    outer loop
      vertex   -4.133608e+01 -3.232079e+01 2.014428e+00
      vertex   -4.098302e+01 -3.192091e+01 1.819948e+00
      vertex   -4.072757e+01 -3.191982e+01 2.488812e+00
    endloop
  endfacet
  facet normal 6.609638e-01 -7.076486e-01 -2.497204e-01
    outer loop
      vertex   -4.133608e+01 -3.232079e+01 2.014428e+00
      vertex   -4.072757e+01 -3.191982e+01 2.488812e+00
      vertex   -4.109117e+01 -3.231973e+01 2.659676e+00
    endloop
  endfacet
  facet normal 6.697191e-01 -7.065674e-01 -2.285582e-01
    outer loop
      vertex   -4.109117e+01 -3.231973e+01 2.659676e+00
      vertex   -4.072757e+01 -3.191982e+01 2.488812e+00
      vertex   -4.049528e+01 -3.191873e+01 3.166073e+00
    endloop
  endfacet
  facet normal 6.692265e-01 -7.074447e-01 -2.272838e-01
    outer loop
      vertex   -4.109117e+01 -3.231973e+01 2.659676e+00
      vertex   -4.049528e+01 -3.191873e+01 3.166073e+00
      vertex   -4.086823e+01 -3.231868e+01 3.312839e+00
    endloop
  endfacet
  facet normal 6.770639e-01 -7.066982e-01 -2.053339e-01
    outer loop
      vertex   -4.086823e+01 -3.231868e+01 3.312839e+00
      vertex   -4.049528e+01 -3.191873e+01 3.166073e+00
      vertex   -4.028645e+01 -3.191764e+01 3.850926e+00
    endloop
  endfacet
  facet normal 6.767333e-01 -7.072342e-01 -2.045770e-01
    outer loop
      vertex   -4.086823e+01 -3.231868e+01 3.312839e+00
      vertex   -4.028645e+01 -3.191764e+01 3.850926e+00
      vertex   -4.066751e+01 -3.231763e+01 3.973170e+00
    endloop
  endfacet
  facet normal 6.835975e-01 -7.068353e-01 -1.818745e-01
    outer loop
      vertex   -4.066751e+01 -3.231763e+01 3.973170e+00
      vertex   -4.028645e+01 -3.191764e+01 3.850926e+00
      vertex   -4.010130e+01 -3.191655e+01 4.542562e+00
    endloop
  endfacet
  facet normal 6.834757e-01 -7.070172e-01 -1.816253e-01
    outer loop
      vertex   -4.066751e+01 -3.231763e+01 3.973170e+00
      vertex   -4.010130e+01 -3.191655e+01 4.542562e+00
      vertex   -4.048925e+01 -3.231658e+01 4.639913e+00
    endloop
  endfacet
  facet normal 9.143670e-02 -7.080881e-01 -7.001790e-01
    outer loop
      vertex   -4.447448e+01 -3.232996e+01 -3.318412e+00
      vertex   -4.564607e+01 -3.233071e+01 -3.470658e+00
      vertex   -4.440486e+01 -3.219682e+01 -3.443970e+00
    endloop
  endfacet
  facet normal 9.143670e-02 -7.080881e-01 -7.001790e-01
    outer loop
      vertex   -4.440486e+01 -3.219682e+01 -3.443970e+00
      vertex   -4.564607e+01 -3.233071e+01 -3.470658e+00
      vertex   -4.433543e+01 -3.206364e+01 -3.569587e+00
    endloop
  endfacet
  facet normal 9.143670e-02 -7.080881e-01 -7.001790e-01
    outer loop
      vertex   -4.433543e+01 -3.206364e+01 -3.569587e+00
      vertex   -4.564607e+01 -3.233071e+01 -3.470658e+00
      vertex   -4.617623e+01 -3.193163e+01 -3.943474e+00
    endloop
  endfacet
  facet normal 9.143670e-02 -7.080881e-01 -7.001790e-01
    outer loop
      vertex   -4.433543e+01 -3.206364e+01 -3.569587e+00
      vertex   -4.617623e+01 -3.193163e+01 -3.943474e+00
      vertex   -4.426616e+01 -3.193042e+01 -3.695265e+00
    endloop
  endfacet
  facet normal 1.288651e-01 -1.388918e-03 -9.916612e-01
    outer loop
      vertex   -4.426891e+01 -2.576531e+01 -3.704257e+00
      vertex   -4.426616e+01 -3.193042e+01 -3.695265e+00
      vertex   -4.617852e+01 -2.679475e+01 -3.950966e+00
    endloop
  endfacet
  facet normal 1.288651e-01 -1.388918e-03 -9.916612e-01
    outer loop
      vertex   -4.617852e+01 -2.679475e+01 -3.950966e+00
      vertex   -4.426616e+01 -3.193042e+01 -3.695265e+00
      vertex   -4.617623e+01 -3.193163e+01 -3.943474e+00
    endloop
  endfacet
  facet normal -2.090426e-01 5.769905e-01 -7.895462e-01
    outer loop
      vertex   -4.617852e+01 -2.679475e+01 -3.950966e+00
      vertex   -4.617166e+01 -2.675459e+01 -3.923432e+00
      vertex   -4.426891e+01 -2.576531e+01 -3.704257e+00
    endloop
  endfacet
  facet normal -2.090426e-01 5.769905e-01 -7.895462e-01
    outer loop
      vertex   -4.426891e+01 -2.576531e+01 -3.704257e+00
      vertex   -4.617166e+01 -2.675459e+01 -3.923432e+00
      vertex   -4.568238e+01 -2.598187e+01 -3.488281e+00
    endloop
  endfacet
  facet normal -2.090426e-01 5.769905e-01 -7.895462e-01
    outer loop
      vertex   -4.426891e+01 -2.576531e+01 -3.704257e+00
      vertex   -4.568238e+01 -2.598187e+01 -3.488281e+00
      vertex   -4.435924e+01 -2.555482e+01 -3.526520e+00
    endloop
  endfacet
  facet normal -2.090435e-01 5.769935e-01 -7.895438e-01
    outer loop
      vertex   -4.435924e+01 -2.555482e+01 -3.526520e+00
      vertex   -4.568238e+01 -2.598187e+01 -3.488281e+00
      vertex   -4.441052e+01 -2.544679e+01 -3.433991e+00
    endloop
  endfacet
  facet normal -2.090411e-01 5.769881e-01 -7.895483e-01
    outer loop
      vertex   -4.441052e+01 -2.544679e+01 -3.433991e+00
      vertex   -4.568238e+01 -2.598187e+01 -3.488281e+00
      vertex   -4.446746e+01 -2.532692e+01 -3.331322e+00
    endloop
  endfacet
  facet normal -2.090426e-01 5.769905e-01 -7.895462e-01
    outer loop
      vertex   -4.435924e+01 -2.555482e+01 -3.526520e+00
      vertex   -4.426405e+01 -2.575553e+01 -3.698397e+00
      vertex   -4.426891e+01 -2.576531e+01 -3.704257e+00
    endloop
  endfacet
  facet normal -4.458809e-04 9.999988e-01 -1.458537e-03
    outer loop
      vertex   -2.790780e+01 -2.383012e+01 4.589431e+01
      vertex   -2.785248e+01 -2.382974e+01 4.613397e+01
      vertex   -2.723855e+01 -2.382974e+01 4.595085e+01
    endloop
  endfacet
  facet normal -4.458809e-04 9.999988e-01 -1.458537e-03
    outer loop
      vertex   -2.723855e+01 -2.382974e+01 4.595085e+01
      vertex   -2.785248e+01 -2.382974e+01 4.613397e+01
      vertex   -2.777242e+01 -2.382937e+01 4.636653e+01
    endloop
  endfacet
  facet normal -4.458809e-04 9.999988e-01 -1.458537e-03
    outer loop
      vertex   -2.723855e+01 -2.382974e+01 4.595085e+01
      vertex   -2.777242e+01 -2.382937e+01 4.636653e+01
      vertex   -2.716815e+01 -2.382942e+01 4.615010e+01
    endloop
  endfacet
  facet normal -4.458809e-04 9.999988e-01 -1.458537e-03
    outer loop
      vertex   -2.716815e+01 -2.382942e+01 4.615010e+01
      vertex   -2.777242e+01 -2.382937e+01 4.636653e+01
      vertex   -2.766848e+01 -2.382900e+01 4.658945e+01
    endloop
  endfacet
  facet normal -4.458809e-04 9.999988e-01 -1.458537e-03
    outer loop
      vertex   -2.716815e+01 -2.382942e+01 4.615010e+01
      vertex   -2.766848e+01 -2.382900e+01 4.658945e+01
      vertex   -2.707425e+01 -2.382910e+01 4.633942e+01
    endloop
  endfacet
  facet normal -4.458809e-04 9.999988e-01 -1.458537e-03
    outer loop
      vertex   -2.707425e+01 -2.382910e+01 4.633942e+01
      vertex   -2.766848e+01 -2.382900e+01 4.658945e+01
      vertex   -2.754181e+01 -2.382863e+01 4.680028e+01
    endloop
  endfacet
  facet normal -4.458809e-04 9.999988e-01 -1.458537e-03
    outer loop
      vertex   -2.707425e+01 -2.382910e+01 4.633942e+01
      vertex   -2.754181e+01 -2.382863e+01 4.680028e+01
      vertex   -2.695821e+01 -2.382879e+01 4.651603e+01
    endloop
  endfacet
  facet normal -4.458809e-04 9.999988e-01 -1.458537e-03
    outer loop
      vertex   -2.695821e+01 -2.382879e+01 4.651603e+01
      vertex   -2.754181e+01 -2.382863e+01 4.680028e+01
      vertex   -2.739380e+01 -2.382828e+01 4.699672e+01
    endloop
  endfacet
  facet normal -4.458809e-04 9.999988e-01 -1.458537e-03
    outer loop
      vertex   -2.695821e+01 -2.382879e+01 4.651603e+01
      vertex   -2.739380e+01 -2.382828e+01 4.699672e+01
      vertex   -2.682173e+01 -2.382849e+01 4.667738e+01
    endloop
  endfacet
  facet normal -4.458809e-04 9.999988e-01 -1.458537e-03
    outer loop
      vertex   -2.682173e+01 -2.382849e+01 4.667738e+01
      vertex   -2.739380e+01 -2.382828e+01 4.699672e+01
      vertex   -2.722606e+01 -2.382794e+01 4.717661e+01
    endloop
  endfacet
  facet normal -4.458809e-04 9.999988e-01 -1.458537e-03
    outer loop
      vertex   -2.682173e+01 -2.382849e+01 4.667738e+01
      vertex   -2.722606e+01 -2.382794e+01 4.717661e+01
      vertex   -2.666680e+01 -2.382821e+01 4.682109e+01
    endloop
  endfacet
  facet normal -4.458809e-04 9.999988e-01 -1.458537e-03
    outer loop
      vertex   -2.666680e+01 -2.382821e+01 4.682109e+01
      vertex   -2.722606e+01 -2.382794e+01 4.717661e+01
      vertex   -2.704044e+01 -2.382763e+01 4.733798e+01
    endloop
  endfacet
  facet normal -4.458809e-04 9.999988e-01 -1.458537e-03
    outer loop
      vertex   -2.666680e+01 -2.382821e+01 4.682109e+01
      vertex   -2.704044e+01 -2.382763e+01 4.733798e+01
      vertex   -2.649567e+01 -2.382796e+01 4.694508e+01
    endloop
  endfacet
  facet normal -4.458809e-04 9.999988e-01 -1.458537e-03
    outer loop
      vertex   -2.649567e+01 -2.382796e+01 4.694508e+01
      vertex   -2.704044e+01 -2.382763e+01 4.733798e+01
      vertex   -2.683897e+01 -2.382733e+01 4.747907e+01
    endloop
  endfacet
  facet normal -4.458809e-04 9.999988e-01 -1.458537e-03
    outer loop
      vertex   -2.649567e+01 -2.382796e+01 4.694508e+01
      vertex   -2.683897e+01 -2.382733e+01 4.747907e+01
      vertex   -2.662386e+01 -2.382706e+01 4.759832e+01
    endloop
  endfacet
  facet normal -4.458809e-04 9.999988e-01 -1.458537e-03
    outer loop
      vertex   -2.649567e+01 -2.382796e+01 4.694508e+01
      vertex   -2.662386e+01 -2.382706e+01 4.759832e+01
      vertex   -2.631085e+01 -2.382772e+01 4.704754e+01
    endloop
  endfacet
  facet normal -4.458809e-04 9.999988e-01 -1.458537e-03
    outer loop
      vertex   -2.631085e+01 -2.382772e+01 4.704754e+01
      vertex   -2.662386e+01 -2.382706e+01 4.759832e+01
      vertex   -2.639746e+01 -2.382682e+01 4.769443e+01
    endloop
  endfacet
  facet normal -4.458809e-04 9.999988e-01 -1.458537e-03
    outer loop
      vertex   -2.631085e+01 -2.382772e+01 4.704754e+01
      vertex   -2.639746e+01 -2.382682e+01 4.769443e+01
      vertex   -2.611502e+01 -2.382752e+01 4.712698e+01
    endloop
  endfacet
  facet normal -4.458809e-04 9.999988e-01 -1.458537e-03
    outer loop
      vertex   -2.611502e+01 -2.382752e+01 4.712698e+01
      vertex   -2.639746e+01 -2.382682e+01 4.769443e+01
      vertex   -2.616225e+01 -2.382661e+01 4.776636e+01
    endloop
  endfacet
  facet normal -4.458809e-04 9.999988e-01 -1.458537e-03
    outer loop
      vertex   -2.611502e+01 -2.382752e+01 4.712698e+01
      vertex   -2.616225e+01 -2.382661e+01 4.776636e+01
      vertex   -2.591105e+01 -2.382735e+01 4.718223e+01
    endloop
  endfacet
  facet normal -4.458809e-04 9.999988e-01 -1.458537e-03
    outer loop
      vertex   -2.591105e+01 -2.382735e+01 4.718223e+01
      vertex   -2.616225e+01 -2.382661e+01 4.776636e+01
      vertex   -2.592081e+01 -2.382643e+01 4.781330e+01
    endloop
  endfacet
  facet normal -4.458809e-04 9.999988e-01 -1.458537e-03
    outer loop
      vertex   -2.591105e+01 -2.382735e+01 4.718223e+01
      vertex   -2.592081e+01 -2.382643e+01 4.781330e+01
      vertex   -2.570190e+01 -2.382721e+01 4.721249e+01
    endloop
  endfacet
  facet normal -4.458809e-04 9.999988e-01 -1.458537e-03
    outer loop
      vertex   -2.570190e+01 -2.382721e+01 4.721249e+01
      vertex   -2.592081e+01 -2.382643e+01 4.781330e+01
      vertex   -2.567579e+01 -2.382629e+01 4.783475e+01
    endloop
  endfacet
  facet normal -4.458809e-04 9.999988e-01 -1.458537e-03
    outer loop
      vertex   -2.570190e+01 -2.382721e+01 4.721249e+01
      vertex   -2.567579e+01 -2.382629e+01 4.783475e+01
      vertex   -2.549063e+01 -2.382711e+01 4.721733e+01
    endloop
  endfacet
  facet normal -4.458809e-04 9.999988e-01 -1.458537e-03
    outer loop
      vertex   -2.549063e+01 -2.382711e+01 4.721733e+01
      vertex   -2.567579e+01 -2.382629e+01 4.783475e+01
      vertex   -2.542987e+01 -2.382619e+01 4.783047e+01
    endloop
  endfacet
  facet normal -4.458809e-04 9.999988e-01 -1.458537e-03
    outer loop
      vertex   -2.549063e+01 -2.382711e+01 4.721733e+01
      vertex   -2.542987e+01 -2.382619e+01 4.783047e+01
      vertex   -2.528032e+01 -2.382705e+01 4.719666e+01
    endloop
  endfacet
  facet normal -4.458809e-04 9.999988e-01 -1.458537e-03
    outer loop
      vertex   -2.528032e+01 -2.382705e+01 4.719666e+01
      vertex   -2.542987e+01 -2.382619e+01 4.783047e+01
      vertex   -2.518574e+01 -2.382613e+01 4.780050e+01
    endloop
  endfacet
  facet normal -4.458809e-04 9.999988e-01 -1.458537e-03
    outer loop
      vertex   -2.528032e+01 -2.382705e+01 4.719666e+01
      vertex   -2.518574e+01 -2.382613e+01 4.780050e+01
      vertex   -2.494608e+01 -2.382610e+01 4.774518e+01
    endloop
  endfacet
  facet normal -4.458809e-04 9.999988e-01 -1.458537e-03
    outer loop
      vertex   -2.528032e+01 -2.382705e+01 4.719666e+01
      vertex   -2.494608e+01 -2.382610e+01 4.774518e+01
      vertex   -2.507403e+01 -2.382702e+01 4.715079e+01
    endloop
  endfacet
  facet normal -4.458809e-04 9.999988e-01 -1.458537e-03
    outer loop
      vertex   -2.507403e+01 -2.382702e+01 4.715079e+01
      vertex   -2.494608e+01 -2.382610e+01 4.774518e+01
      vertex   -2.471352e+01 -2.382611e+01 4.766512e+01
    endloop
  endfacet
  facet normal -4.458809e-04 9.999988e-01 -1.458537e-03
    outer loop
      vertex   -2.507403e+01 -2.382702e+01 4.715079e+01
      vertex   -2.471352e+01 -2.382611e+01 4.766512e+01
      vertex   -2.487478e+01 -2.382704e+01 4.708039e+01
    endloop
  endfacet
  facet normal -4.458809e-04 9.999988e-01 -1.458537e-03
    outer loop
      vertex   -2.487478e+01 -2.382704e+01 4.708039e+01
      vertex   -2.471352e+01 -2.382611e+01 4.766512e+01
      vertex   -2.449060e+01 -2.382616e+01 4.756118e+01
    endloop
  endfacet
  facet normal -4.458809e-04 9.999988e-01 -1.458537e-03
    outer loop
      vertex   -2.487478e+01 -2.382704e+01 4.708039e+01
      vertex   -2.449060e+01 -2.382616e+01 4.756118e+01
      vertex   -2.468546e+01 -2.382709e+01 4.698649e+01
    endloop
  endfacet
  facet normal -4.458809e-04 9.999988e-01 -1.458537e-03
    outer loop
      vertex   -2.468546e+01 -2.382709e+01 4.698649e+01
      vertex   -2.449060e+01 -2.382616e+01 4.756118e+01
      vertex   -2.427977e+01 -2.382625e+01 4.743451e+01
    endloop
  endfacet
  facet normal -4.458809e-04 9.999988e-01 -1.458537e-03
    outer loop
      vertex   -2.468546e+01 -2.382709e+01 4.698649e+01
      vertex   -2.427977e+01 -2.382625e+01 4.743451e+01
      vertex   -2.450885e+01 -2.382718e+01 4.687045e+01
    endloop
  endfacet
  facet normal -4.458809e-04 9.999988e-01 -1.458537e-03
    outer loop
      vertex   -2.450885e+01 -2.382718e+01 4.687045e+01
      vertex   -2.427977e+01 -2.382625e+01 4.743451e+01
      vertex   -2.408333e+01 -2.382638e+01 4.728650e+01
    endloop
  endfacet
  facet normal -4.458809e-04 9.999988e-01 -1.458537e-03
    outer loop
      vertex   -2.450885e+01 -2.382718e+01 4.687045e+01
      vertex   -2.408333e+01 -2.382638e+01 4.728650e+01
      vertex   -2.434751e+01 -2.382731e+01 4.673397e+01
    endloop
  endfacet
  facet normal -4.458809e-04 9.999988e-01 -1.458537e-03
    outer loop
      vertex   -2.434751e+01 -2.382731e+01 4.673397e+01
      vertex   -2.408333e+01 -2.382638e+01 4.728650e+01
      vertex   -2.390344e+01 -2.382655e+01 4.711877e+01
    endloop
  endfacet
  facet normal -4.458809e-04 9.999988e-01 -1.458537e-03
    outer loop
      vertex   -2.434751e+01 -2.382731e+01 4.673397e+01
      vertex   -2.390344e+01 -2.382655e+01 4.711877e+01
      vertex   -2.420379e+01 -2.382747e+01 4.657904e+01
    endloop
  endfacet
  facet normal -4.458809e-04 9.999988e-01 -1.458537e-03
    outer loop
      vertex   -2.420379e+01 -2.382747e+01 4.657904e+01
      vertex   -2.390344e+01 -2.382655e+01 4.711877e+01
      vertex   -2.374206e+01 -2.382675e+01 4.693315e+01
    endloop
  endfacet
  facet normal -4.458809e-04 9.999988e-01 -1.458537e-03
    outer loop
      vertex   -2.420379e+01 -2.382747e+01 4.657904e+01
      vertex   -2.374206e+01 -2.382675e+01 4.693315e+01
      vertex   -2.360098e+01 -2.382698e+01 4.673167e+01
    endloop
  endfacet
  facet normal -4.458809e-04 9.999988e-01 -1.458537e-03
    outer loop
      vertex   -2.420379e+01 -2.382747e+01 4.657904e+01
      vertex   -2.360098e+01 -2.382698e+01 4.673167e+01
      vertex   -2.407980e+01 -2.382766e+01 4.640791e+01
    endloop
  endfacet
  facet normal -4.458809e-04 9.999988e-01 -1.458537e-03
    outer loop
      vertex   -2.407980e+01 -2.382766e+01 4.640791e+01
      vertex   -2.360098e+01 -2.382698e+01 4.673167e+01
      vertex   -2.348173e+01 -2.382724e+01 4.651656e+01
    endloop
  endfacet
  facet normal -4.458809e-04 9.999988e-01 -1.458537e-03
    outer loop
      vertex   -2.407980e+01 -2.382766e+01 4.640791e+01
      vertex   -2.348173e+01 -2.382724e+01 4.651656e+01
      vertex   -2.397734e+01 -2.382789e+01 4.622309e+01
    endloop
  endfacet
  facet normal -4.458809e-04 9.999988e-01 -1.458537e-03
    outer loop
      vertex   -2.397734e+01 -2.382789e+01 4.622309e+01
      vertex   -2.348173e+01 -2.382724e+01 4.651656e+01
      vertex   -2.338561e+01 -2.382753e+01 4.629016e+01
    endloop
  endfacet
  facet normal -4.458809e-04 9.999988e-01 -1.458537e-03
    outer loop
      vertex   -2.397734e+01 -2.382789e+01 4.622309e+01
      vertex   -2.338561e+01 -2.382753e+01 4.629016e+01
      vertex   -2.389790e+01 -2.382814e+01 4.602726e+01
    endloop
  endfacet
  facet normal -4.458809e-04 9.999988e-01 -1.458537e-03
    outer loop
      vertex   -2.389790e+01 -2.382814e+01 4.602726e+01
      vertex   -2.338561e+01 -2.382753e+01 4.629016e+01
      vertex   -2.331369e+01 -2.382784e+01 4.605495e+01
    endloop
  endfacet
  facet normal -4.458809e-04 9.999988e-01 -1.458537e-03
    outer loop
      vertex   -2.389790e+01 -2.382814e+01 4.602726e+01
      vertex   -2.331369e+01 -2.382784e+01 4.605495e+01
      vertex   -2.384265e+01 -2.382841e+01 4.582329e+01
    endloop
  endfacet
  facet normal -4.458809e-04 9.999988e-01 -1.458537e-03
    outer loop
      vertex   -2.384265e+01 -2.382841e+01 4.582329e+01
      vertex   -2.331369e+01 -2.382784e+01 4.605495e+01
      vertex   -2.326675e+01 -2.382817e+01 4.581351e+01
    endloop
  endfacet
  facet normal -4.458809e-04 9.999988e-01 -1.458537e-03
    outer loop
      vertex   -2.384265e+01 -2.382841e+01 4.582329e+01
      vertex   -2.326675e+01 -2.382817e+01 4.581351e+01
      vertex   -2.381239e+01 -2.382870e+01 4.561414e+01
    endloop
  endfacet
  facet normal -4.458809e-04 9.999988e-01 -1.458537e-03
    outer loop
      vertex   -2.381239e+01 -2.382870e+01 4.561414e+01
      vertex   -2.326675e+01 -2.382817e+01 4.581351e+01
      vertex   -2.324530e+01 -2.382852e+01 4.556849e+01
    endloop
  endfacet
  facet normal -4.458809e-04 9.999988e-01 -1.458537e-03
    outer loop
      vertex   -2.381239e+01 -2.382870e+01 4.561414e+01
      vertex   -2.324530e+01 -2.382852e+01 4.556849e+01
      vertex   -2.380755e+01 -2.382901e+01 4.540287e+01
    endloop
  endfacet
  facet normal -4.458809e-04 9.999988e-01 -1.458537e-03
    outer loop
      vertex   -2.380755e+01 -2.382901e+01 4.540287e+01
      vertex   -2.324530e+01 -2.382852e+01 4.556849e+01
      vertex   -2.324958e+01 -2.382888e+01 4.532257e+01
    endloop
  endfacet
  facet normal -4.458809e-04 9.999988e-01 -1.458537e-03
    outer loop
      vertex   -2.380755e+01 -2.382901e+01 4.540287e+01
      vertex   -2.324958e+01 -2.382888e+01 4.532257e+01
      vertex   -2.382822e+01 -2.382932e+01 4.519256e+01
    endloop
  endfacet
  facet normal -4.458809e-04 9.999988e-01 -1.458537e-03
    outer loop
      vertex   -2.382822e+01 -2.382932e+01 4.519256e+01
      vertex   -2.324958e+01 -2.382888e+01 4.532257e+01
      vertex   -2.327954e+01 -2.382925e+01 4.507844e+01
    endloop
  endfacet
  facet normal -4.458809e-04 9.999988e-01 -1.458537e-03
    outer loop
      vertex   -2.382822e+01 -2.382932e+01 4.519256e+01
      vertex   -2.327954e+01 -2.382925e+01 4.507844e+01
      vertex   -2.387409e+01 -2.382964e+01 4.498627e+01
    endloop
  endfacet
  facet normal -4.458809e-04 9.999988e-01 -1.458537e-03
    outer loop
      vertex   -2.387409e+01 -2.382964e+01 4.498627e+01
      vertex   -2.327954e+01 -2.382925e+01 4.507844e+01
      vertex   -2.333486e+01 -2.382962e+01 4.483879e+01
    endloop
  endfacet
  facet normal -4.458809e-04 9.999988e-01 -1.458537e-03
    outer loop
      vertex   -2.387409e+01 -2.382964e+01 4.498627e+01
      vertex   -2.333486e+01 -2.382962e+01 4.483879e+01
      vertex   -2.341493e+01 -2.382999e+01 4.460622e+01
    endloop
  endfacet
  facet normal -4.458809e-04 9.999988e-01 -1.458537e-03
    outer loop
      vertex   -2.387409e+01 -2.382964e+01 4.498627e+01
      vertex   -2.341493e+01 -2.382999e+01 4.460622e+01
      vertex   -2.394449e+01 -2.382997e+01 4.478702e+01
    endloop
  endfacet
  facet normal -4.458809e-04 9.999988e-01 -1.458537e-03
    outer loop
      vertex   -2.394449e+01 -2.382997e+01 4.478702e+01
      vertex   -2.341493e+01 -2.382999e+01 4.460622e+01
      vertex   -2.351886e+01 -2.383037e+01 4.438330e+01
    endloop
  endfacet
  facet normal -4.458809e-04 9.999988e-01 -1.458537e-03
    outer loop
      vertex   -2.394449e+01 -2.382997e+01 4.478702e+01
      vertex   -2.351886e+01 -2.383037e+01 4.438330e+01
      vertex   -2.403839e+01 -2.383028e+01 4.459770e+01
    endloop
  endfacet
  facet normal -4.458809e-04 9.999988e-01 -1.458537e-03
    outer loop
      vertex   -2.403839e+01 -2.383028e+01 4.459770e+01
      vertex   -2.351886e+01 -2.383037e+01 4.438330e+01
      vertex   -2.364553e+01 -2.383073e+01 4.417247e+01
    endloop
  endfacet
  facet normal -4.458809e-04 9.999988e-01 -1.458537e-03
    outer loop
      vertex   -2.403839e+01 -2.383028e+01 4.459770e+01
      vertex   -2.364553e+01 -2.383073e+01 4.417247e+01
      vertex   -2.415443e+01 -2.383059e+01 4.442109e+01
    endloop
  endfacet
  facet normal -4.458809e-04 9.999988e-01 -1.458537e-03
    outer loop
      vertex   -2.415443e+01 -2.383059e+01 4.442109e+01
      vertex   -2.364553e+01 -2.383073e+01 4.417247e+01
      vertex   -2.379354e+01 -2.383108e+01 4.397603e+01
    endloop
  endfacet
  facet normal -4.458809e-04 9.999988e-01 -1.458537e-03
    outer loop
      vertex   -2.415443e+01 -2.383059e+01 4.442109e+01
      vertex   -2.379354e+01 -2.383108e+01 4.397603e+01
      vertex   -2.429091e+01 -2.383089e+01 4.425975e+01
    endloop
  endfacet
  facet normal -4.458809e-04 9.999988e-01 -1.458537e-03
    outer loop
      vertex   -2.429091e+01 -2.383089e+01 4.425975e+01
      vertex   -2.379354e+01 -2.383108e+01 4.397603e+01
      vertex   -2.396128e+01 -2.383142e+01 4.379614e+01
    endloop
  endfacet
  facet normal -4.458809e-04 9.999988e-01 -1.458537e-03
    outer loop
      vertex   -2.429091e+01 -2.383089e+01 4.425975e+01
      vertex   -2.396128e+01 -2.383142e+01 4.379614e+01
      vertex   -2.444584e+01 -2.383117e+01 4.411603e+01
    endloop
  endfacet
  facet normal -4.458809e-04 9.999988e-01 -1.458537e-03
    outer loop
      vertex   -2.444584e+01 -2.383117e+01 4.411603e+01
      vertex   -2.396128e+01 -2.383142e+01 4.379614e+01
      vertex   -2.414690e+01 -2.383174e+01 4.363477e+01
    endloop
  endfacet
  facet normal -4.458809e-04 9.999988e-01 -1.458537e-03
    outer loop
      vertex   -2.444584e+01 -2.383117e+01 4.411603e+01
      vertex   -2.414690e+01 -2.383174e+01 4.363477e+01
      vertex   -2.461697e+01 -2.383143e+01 4.399204e+01
    endloop
  endfacet
  facet normal -4.458809e-04 9.999988e-01 -1.458537e-03
    outer loop
      vertex   -2.461697e+01 -2.383143e+01 4.399204e+01
      vertex   -2.414690e+01 -2.383174e+01 4.363477e+01
      vertex   -2.434837e+01 -2.383203e+01 4.349368e+01
    endloop
  endfacet
  facet normal -4.458809e-04 9.999988e-01 -1.458537e-03
    outer loop
      vertex   -2.461697e+01 -2.383143e+01 4.399204e+01
      vertex   -2.434837e+01 -2.383203e+01 4.349368e+01
      vertex   -2.480179e+01 -2.383166e+01 4.388958e+01
    endloop
  endfacet
  facet normal -4.458809e-04 9.999988e-01 -1.458537e-03
    outer loop
      vertex   -2.480179e+01 -2.383166e+01 4.388958e+01
      vertex   -2.434837e+01 -2.383203e+01 4.349368e+01
      vertex   -2.456348e+01 -2.383230e+01 4.337443e+01
    endloop
  endfacet
  facet normal -4.458809e-04 9.999988e-01 -1.458537e-03
    outer loop
      vertex   -2.480179e+01 -2.383166e+01 4.388958e+01
      vertex   -2.456348e+01 -2.383230e+01 4.337443e+01
      vertex   -2.478989e+01 -2.383254e+01 4.327832e+01
    endloop
  endfacet
  facet normal -4.458809e-04 9.999988e-01 -1.458537e-03
    outer loop
      vertex   -2.480179e+01 -2.383166e+01 4.388958e+01
      vertex   -2.478989e+01 -2.383254e+01 4.327832e+01
      vertex   -2.499762e+01 -2.383186e+01 4.381014e+01
    endloop
  endfacet
  facet normal -4.458809e-04 9.999988e-01 -1.458537e-03
    outer loop
      vertex   -2.499762e+01 -2.383186e+01 4.381014e+01
      vertex   -2.478989e+01 -2.383254e+01 4.327832e+01
      vertex   -2.502510e+01 -2.383275e+01 4.320640e+01
    endloop
  endfacet
  facet normal -4.458809e-04 9.999988e-01 -1.458537e-03
    outer loop
      vertex   -2.499762e+01 -2.383186e+01 4.381014e+01
      vertex   -2.502510e+01 -2.383275e+01 4.320640e+01
      vertex   -2.520159e+01 -2.383203e+01 4.375489e+01
    endloop
  endfacet
  facet normal -4.458809e-04 9.999988e-01 -1.458537e-03
    outer loop
      vertex   -2.520159e+01 -2.383203e+01 4.375489e+01
      vertex   -2.502510e+01 -2.383275e+01 4.320640e+01
      vertex   -2.526653e+01 -2.383293e+01 4.315945e+01
    endloop
  endfacet
  facet normal -4.458809e-04 9.999988e-01 -1.458537e-03
    outer loop
      vertex   -2.520159e+01 -2.383203e+01 4.375489e+01
      vertex   -2.526653e+01 -2.383293e+01 4.315945e+01
      vertex   -2.541074e+01 -2.383217e+01 4.372463e+01
    endloop
  endfacet
  facet normal -4.458809e-04 9.999988e-01 -1.458537e-03
    outer loop
      vertex   -2.541074e+01 -2.383217e+01 4.372463e+01
      vertex   -2.526653e+01 -2.383293e+01 4.315945e+01
      vertex   -2.551155e+01 -2.383307e+01 4.313800e+01
    endloop
  endfacet
  facet normal -4.458809e-04 9.999988e-01 -1.458537e-03
    outer loop
      vertex   -2.541074e+01 -2.383217e+01 4.372463e+01
      vertex   -2.551155e+01 -2.383307e+01 4.313800e+01
      vertex   -2.562201e+01 -2.383227e+01 4.371980e+01
    endloop
  endfacet
  facet normal -4.458809e-04 9.999988e-01 -1.458537e-03
    outer loop
      vertex   -2.562201e+01 -2.383227e+01 4.371980e+01
      vertex   -2.551155e+01 -2.383307e+01 4.313800e+01
      vertex   -2.575748e+01 -2.383317e+01 4.314229e+01
    endloop
  endfacet
  facet normal -4.458809e-04 9.999988e-01 -1.458537e-03
    outer loop
      vertex   -2.562201e+01 -2.383227e+01 4.371980e+01
      vertex   -2.575748e+01 -2.383317e+01 4.314229e+01
      vertex   -2.583232e+01 -2.383234e+01 4.374047e+01
    endloop
  endfacet
  facet normal -4.458809e-04 9.999988e-01 -1.458537e-03
    outer loop
      vertex   -2.583232e+01 -2.383234e+01 4.374047e+01
      vertex   -2.575748e+01 -2.383317e+01 4.314229e+01
      vertex   -2.600160e+01 -2.383324e+01 4.317225e+01
    endloop
  endfacet
  facet normal -4.458809e-04 9.999988e-01 -1.458537e-03
    outer loop
      vertex   -2.583232e+01 -2.383234e+01 4.374047e+01
      vertex   -2.600160e+01 -2.383324e+01 4.317225e+01
      vertex   -2.603861e+01 -2.383236e+01 4.378633e+01
    endloop
  endfacet
  facet normal -4.458809e-04 9.999988e-01 -1.458537e-03
    outer loop
      vertex   -2.603861e+01 -2.383236e+01 4.378633e+01
      vertex   -2.600160e+01 -2.383324e+01 4.317225e+01
      vertex   -2.624126e+01 -2.383327e+01 4.322757e+01
    endloop
  endfacet
  facet normal -4.458809e-04 9.999988e-01 -1.458537e-03
    outer loop
      vertex   -2.603861e+01 -2.383236e+01 4.378633e+01
      vertex   -2.624126e+01 -2.383327e+01 4.322757e+01
      vertex   -2.623786e+01 -2.383235e+01 4.385673e+01
    endloop
  endfacet
  facet normal -4.458809e-04 9.999988e-01 -1.458537e-03
    outer loop
      vertex   -2.623786e+01 -2.383235e+01 4.385673e+01
      vertex   -2.624126e+01 -2.383327e+01 4.322757e+01
      vertex   -2.647382e+01 -2.383325e+01 4.330763e+01
    endloop
  endfacet
  facet normal -4.458809e-04 9.999988e-01 -1.458537e-03
    outer loop
      vertex   -2.623786e+01 -2.383235e+01 4.385673e+01
      vertex   -2.647382e+01 -2.383325e+01 4.330763e+01
      vertex   -2.669674e+01 -2.383320e+01 4.341157e+01
    endloop
  endfacet
  facet normal -4.458809e-04 9.999988e-01 -1.458537e-03
    outer loop
      vertex   -2.623786e+01 -2.383235e+01 4.385673e+01
      vertex   -2.669674e+01 -2.383320e+01 4.341157e+01
      vertex   -2.642718e+01 -2.383229e+01 4.395063e+01
    endloop
  endfacet
  facet normal -4.458809e-04 9.999988e-01 -1.458537e-03
    outer loop
      vertex   -2.642718e+01 -2.383229e+01 4.395063e+01
      vertex   -2.669674e+01 -2.383320e+01 4.341157e+01
      vertex   -2.690758e+01 -2.383311e+01 4.353824e+01
    endloop
  endfacet
  facet normal -4.458809e-04 9.999988e-01 -1.458537e-03
    outer loop
      vertex   -2.642718e+01 -2.383229e+01 4.395063e+01
      vertex   -2.690758e+01 -2.383311e+01 4.353824e+01
      vertex   -2.660379e+01 -2.383220e+01 4.406667e+01
    endloop
  endfacet
  facet normal -4.458809e-04 9.999988e-01 -1.458537e-03
    outer loop
      vertex   -2.660379e+01 -2.383220e+01 4.406667e+01
      vertex   -2.690758e+01 -2.383311e+01 4.353824e+01
      vertex   -2.710402e+01 -2.383298e+01 4.368625e+01
    endloop
  endfacet
  facet normal -4.458809e-04 9.999988e-01 -1.458537e-03
    outer loop
      vertex   -2.660379e+01 -2.383220e+01 4.406667e+01
      vertex   -2.710402e+01 -2.383298e+01 4.368625e+01
      vertex   -2.676514e+01 -2.383208e+01 4.420315e+01
    endloop
  endfacet
  facet normal -4.458809e-04 9.999988e-01 -1.458537e-03
    outer loop
      vertex   -2.676514e+01 -2.383208e+01 4.420315e+01
      vertex   -2.710402e+01 -2.383298e+01 4.368625e+01
      vertex   -2.728391e+01 -2.383282e+01 4.385399e+01
    endloop
  endfacet
  facet normal -4.458809e-04 9.999988e-01 -1.458537e-03
    outer loop
      vertex   -2.676514e+01 -2.383208e+01 4.420315e+01
      vertex   -2.728391e+01 -2.383282e+01 4.385399e+01
      vertex   -2.690885e+01 -2.383191e+01 4.435809e+01
    endloop
  endfacet
  facet normal -4.458809e-04 9.999988e-01 -1.458537e-03
    outer loop
      vertex   -2.690885e+01 -2.383191e+01 4.435809e+01
      vertex   -2.728391e+01 -2.383282e+01 4.385399e+01
      vertex   -2.744528e+01 -2.383262e+01 4.403961e+01
    endloop
  endfacet
  facet normal -4.458809e-04 9.999988e-01 -1.458537e-03
    outer loop
      vertex   -2.690885e+01 -2.383191e+01 4.435809e+01
      vertex   -2.744528e+01 -2.383262e+01 4.403961e+01
      vertex   -2.703284e+01 -2.383172e+01 4.452921e+01
    endloop
  endfacet
  facet normal -4.458809e-04 9.999988e-01 -1.458537e-03
    outer loop
      vertex   -2.703284e+01 -2.383172e+01 4.452921e+01
      vertex   -2.744528e+01 -2.383262e+01 4.403961e+01
      vertex   -2.758636e+01 -2.383239e+01 4.424108e+01
    endloop
  endfacet
  facet normal -4.458809e-04 9.999988e-01 -1.458537e-03
    outer loop
      vertex   -2.703284e+01 -2.383172e+01 4.452921e+01
      vertex   -2.758636e+01 -2.383239e+01 4.424108e+01
      vertex   -2.713530e+01 -2.383150e+01 4.471404e+01
    endloop
  endfacet
  facet normal -4.458809e-04 9.999988e-01 -1.458537e-03
    outer loop
      vertex   -2.713530e+01 -2.383150e+01 4.471404e+01
      vertex   -2.758636e+01 -2.383239e+01 4.424108e+01
      vertex   -2.770562e+01 -2.383213e+01 4.445619e+01
    endloop
  endfacet
  facet normal -4.458809e-04 9.999988e-01 -1.458537e-03
    outer loop
      vertex   -2.713530e+01 -2.383150e+01 4.471404e+01
      vertex   -2.770562e+01 -2.383213e+01 4.445619e+01
      vertex   -2.780173e+01 -2.383184e+01 4.468259e+01
    endloop
  endfacet
  facet normal -4.458809e-04 9.999988e-01 -1.458537e-03
    outer loop
      vertex   -2.713530e+01 -2.383150e+01 4.471404e+01
      vertex   -2.780173e+01 -2.383184e+01 4.468259e+01
      vertex   -2.721474e+01 -2.383125e+01 4.490986e+01
    endloop
  endfacet
  facet normal -4.458809e-04 9.999988e-01 -1.458537e-03
    outer loop
      vertex   -2.721474e+01 -2.383125e+01 4.490986e+01
      vertex   -2.780173e+01 -2.383184e+01 4.468259e+01
      vertex   -2.787365e+01 -2.383153e+01 4.491780e+01
    endloop
  endfacet
  facet normal -4.458809e-04 9.999988e-01 -1.458537e-03
    outer loop
      vertex   -2.721474e+01 -2.383125e+01 4.490986e+01
      vertex   -2.787365e+01 -2.383153e+01 4.491780e+01
      vertex   -2.726999e+01 -2.383097e+01 4.511384e+01
    endloop
  endfacet
  facet normal -4.458809e-04 9.999988e-01 -1.458537e-03
    outer loop
      vertex   -2.726999e+01 -2.383097e+01 4.511384e+01
      vertex   -2.787365e+01 -2.383153e+01 4.491780e+01
      vertex   -2.792060e+01 -2.383120e+01 4.515924e+01
    endloop
  endfacet
  facet normal -4.458809e-04 9.999988e-01 -1.458537e-03
    outer loop
      vertex   -2.726999e+01 -2.383097e+01 4.511384e+01
      vertex   -2.792060e+01 -2.383120e+01 4.515924e+01
      vertex   -2.730025e+01 -2.383068e+01 4.532298e+01
    endloop
  endfacet
  facet normal -4.458809e-04 9.999988e-01 -1.458537e-03
    outer loop
      vertex   -2.730025e+01 -2.383068e+01 4.532298e+01
      vertex   -2.792060e+01 -2.383120e+01 4.515924e+01
      vertex   -2.794204e+01 -2.383085e+01 4.540426e+01
    endloop
  endfacet
  facet normal -4.458809e-04 9.999988e-01 -1.458537e-03
    outer loop
      vertex   -2.730025e+01 -2.383068e+01 4.532298e+01
      vertex   -2.794204e+01 -2.383085e+01 4.540426e+01
      vertex   -2.730509e+01 -2.383038e+01 4.553425e+01
    endloop
  endfacet
  facet normal -4.458809e-04 9.999988e-01 -1.458537e-03
    outer loop
      vertex   -2.730509e+01 -2.383038e+01 4.553425e+01
      vertex   -2.794204e+01 -2.383085e+01 4.540426e+01
      vertex   -2.793776e+01 -2.383049e+01 4.565018e+01
    endloop
  endfacet
  facet normal -4.458809e-04 9.999988e-01 -1.458537e-03
    outer loop
      vertex   -2.730509e+01 -2.383038e+01 4.553425e+01
      vertex   -2.793776e+01 -2.383049e+01 4.565018e+01
      vertex   -2.728442e+01 -2.383006e+01 4.574456e+01
    endloop
  endfacet
  facet normal -4.458809e-04 9.999988e-01 -1.458537e-03
    outer loop
      vertex   -2.728442e+01 -2.383006e+01 4.574456e+01
      vertex   -2.793776e+01 -2.383049e+01 4.565018e+01
      vertex   -2.790780e+01 -2.383012e+01 4.589431e+01
    endloop
  endfacet
  facet normal -4.458809e-04 9.999988e-01 -1.458537e-03
    outer loop
      vertex   -2.728442e+01 -2.383006e+01 4.574456e+01
      vertex   -2.790780e+01 -2.383012e+01 4.589431e+01
      vertex   -2.723855e+01 -2.382974e+01 4.595085e+01
    endloop
  endfacet
  facet normal -9.455336e-01 5.319402e-05 3.255244e-01
    outer loop
      vertex   -2.777223e+01 -2.425004e+01 4.636714e+01
      vertex   -2.777242e+01 -2.382937e+01 4.636653e+01
      vertex   -2.785229e+01 -2.425041e+01 4.613458e+01
    endloop
  endfacet
  facet normal -9.455336e-01 5.319402e-05 3.255244e-01
    outer loop
      vertex   -2.785229e+01 -2.425041e+01 4.613458e+01
      vertex   -2.777242e+01 -2.382937e+01 4.636653e+01
      vertex   -2.785248e+01 -2.382974e+01 4.613397e+01
    endloop
  endfacet
  facet normal -9.743804e-01 -1.064239e-04 2.249061e-01
    outer loop
      vertex   -2.785229e+01 -2.425041e+01 4.613458e+01
      vertex   -2.785248e+01 -2.382974e+01 4.613397e+01
      vertex   -2.790761e+01 -2.425079e+01 4.589492e+01
    endloop
  endfacet
  facet normal -9.743804e-01 -1.064239e-04 2.249061e-01
    outer loop
      vertex   -2.790761e+01 -2.425079e+01 4.589492e+01
      vertex   -2.785248e+01 -2.382974e+01 4.613397e+01
      vertex   -2.790780e+01 -2.383012e+01 4.589431e+01
    endloop
  endfacet
  facet normal -9.925517e-01 -2.648759e-04 1.218236e-01
    outer loop
      vertex   -2.790761e+01 -2.425079e+01 4.589492e+01
      vertex   -2.790780e+01 -2.383012e+01 4.589431e+01
      vertex   -2.793758e+01 -2.425116e+01 4.565080e+01
    endloop
  endfacet
  facet normal -9.925517e-01 -2.648759e-04 1.218236e-01
    outer loop
      vertex   -2.793758e+01 -2.425116e+01 4.565080e+01
      vertex   -2.790780e+01 -2.383012e+01 4.589431e+01
      vertex   -2.793776e+01 -2.383049e+01 4.565018e+01
    endloop
  endfacet
  facet normal -9.998484e-01 -4.204258e-04 1.740647e-02
    outer loop
      vertex   -2.793758e+01 -2.425116e+01 4.565080e+01
      vertex   -2.793776e+01 -2.383049e+01 4.565018e+01
      vertex   -2.794186e+01 -2.425152e+01 4.540487e+01
    endloop
  endfacet
  facet normal -9.998484e-01 -4.204258e-04 1.740647e-02
    outer loop
      vertex   -2.794186e+01 -2.425152e+01 4.540487e+01
      vertex   -2.793776e+01 -2.383049e+01 4.565018e+01
      vertex   -2.794204e+01 -2.383085e+01 4.540426e+01
    endloop
  endfacet
  facet normal -9.961905e-01 -5.713695e-04 -8.720140e-02
    outer loop
      vertex   -2.794186e+01 -2.425152e+01 4.540487e+01
      vertex   -2.794204e+01 -2.383085e+01 4.540426e+01
      vertex   -2.792041e+01 -2.425186e+01 4.515985e+01
    endloop
  endfacet
  facet normal -9.961905e-01 -5.713695e-04 -8.720140e-02
    outer loop
      vertex   -2.792041e+01 -2.425186e+01 4.515985e+01
      vertex   -2.794204e+01 -2.383085e+01 4.540426e+01
      vertex   -2.792060e+01 -2.383120e+01 4.515924e+01
    endloop
  endfacet
  facet normal -9.816182e-01 -7.160531e-04 -1.908539e-01
    outer loop
      vertex   -2.792041e+01 -2.425186e+01 4.515985e+01
      vertex   -2.792060e+01 -2.383120e+01 4.515924e+01
      vertex   -2.787347e+01 -2.425220e+01 4.491842e+01
    endloop
  endfacet
  facet normal -9.816182e-01 -7.160531e-04 -1.908539e-01
    outer loop
      vertex   -2.787347e+01 -2.425220e+01 4.491842e+01
      vertex   -2.792060e+01 -2.383120e+01 4.515924e+01
      vertex   -2.787365e+01 -2.383153e+01 4.491780e+01
    endloop
  endfacet
  facet normal -9.562910e-01 -8.528914e-04 -2.924153e-01
    outer loop
      vertex   -2.787347e+01 -2.425220e+01 4.491842e+01
      vertex   -2.787365e+01 -2.383153e+01 4.491780e+01
      vertex   -2.780154e+01 -2.425251e+01 4.468321e+01
    endloop
  endfacet
  facet normal -9.562910e-01 -8.528914e-04 -2.924153e-01
    outer loop
      vertex   -2.780154e+01 -2.425251e+01 4.468321e+01
      vertex   -2.787365e+01 -2.383153e+01 4.491780e+01
      vertex   -2.780173e+01 -2.383184e+01 4.468259e+01
    endloop
  endfacet
  facet normal -9.204866e-01 -9.803854e-04 -3.907730e-01
    outer loop
      vertex   -2.780154e+01 -2.425251e+01 4.468321e+01
      vertex   -2.780173e+01 -2.383184e+01 4.468259e+01
      vertex   -2.770543e+01 -2.425279e+01 4.445681e+01
    endloop
  endfacet
  facet normal -9.204866e-01 -9.803854e-04 -3.907730e-01
    outer loop
      vertex   -2.770543e+01 -2.425279e+01 4.445681e+01
      vertex   -2.780173e+01 -2.383184e+01 4.468259e+01
      vertex   -2.770562e+01 -2.383213e+01 4.445619e+01
    endloop
  endfacet
  facet normal -8.745970e-01 -1.097138e-03 -4.848493e-01
    outer loop
      vertex   -2.770543e+01 -2.425279e+01 4.445681e+01
      vertex   -2.770562e+01 -2.383213e+01 4.445619e+01
      vertex   -2.758618e+01 -2.425306e+01 4.424169e+01
    endloop
  endfacet
  facet normal -8.745970e-01 -1.097138e-03 -4.848493e-01
    outer loop
      vertex   -2.758618e+01 -2.425306e+01 4.424169e+01
      vertex   -2.770562e+01 -2.383213e+01 4.445619e+01
      vertex   -2.758636e+01 -2.383239e+01 4.424108e+01
    endloop
  endfacet
  facet normal -8.191252e-01 -1.201870e-03 -5.736134e-01
    outer loop
      vertex   -2.758618e+01 -2.425306e+01 4.424169e+01
      vertex   -2.758636e+01 -2.383239e+01 4.424108e+01
      vertex   -2.744509e+01 -2.425329e+01 4.404022e+01
    endloop
  endfacet
  facet normal -8.191252e-01 -1.201870e-03 -5.736134e-01
    outer loop
      vertex   -2.744509e+01 -2.425329e+01 4.404022e+01
      vertex   -2.758636e+01 -2.383239e+01 4.424108e+01
      vertex   -2.744528e+01 -2.383262e+01 4.403961e+01
    endloop
  endfacet
  facet normal -7.546789e-01 -1.293434e-03 -6.560930e-01
    outer loop
      vertex   -2.744509e+01 -2.425329e+01 4.404022e+01
      vertex   -2.744528e+01 -2.383262e+01 4.403961e+01
      vertex   -2.728372e+01 -2.425348e+01 4.385460e+01
    endloop
  endfacet
  facet normal -7.546789e-01 -1.293434e-03 -6.560930e-01
    outer loop
      vertex   -2.728372e+01 -2.425348e+01 4.385460e+01
      vertex   -2.744528e+01 -2.383262e+01 4.403961e+01
      vertex   -2.728391e+01 -2.383282e+01 4.385399e+01
    endloop
  endfacet
  facet normal -6.819642e-01 -1.370827e-03 -7.313842e-01
    outer loop
      vertex   -2.728372e+01 -2.425348e+01 4.385460e+01
      vertex   -2.728391e+01 -2.383282e+01 4.385399e+01
      vertex   -2.710383e+01 -2.425365e+01 4.368686e+01
    endloop
  endfacet
  facet normal -6.819642e-01 -1.370827e-03 -7.313842e-01
    outer loop
      vertex   -2.710383e+01 -2.425365e+01 4.368686e+01
      vertex   -2.728391e+01 -2.383282e+01 4.385399e+01
      vertex   -2.710402e+01 -2.383298e+01 4.368625e+01
    endloop
  endfacet
  facet normal -6.017778e-01 -1.433201e-03 -7.986623e-01
    outer loop
      vertex   -2.710383e+01 -2.425365e+01 4.368686e+01
      vertex   -2.710402e+01 -2.383298e+01 4.368625e+01
      vertex   -2.690739e+01 -2.425378e+01 4.353885e+01
    endloop
  endfacet
  facet normal -6.017778e-01 -1.433201e-03 -7.986623e-01
    outer loop
      vertex   -2.690739e+01 -2.425378e+01 4.353885e+01
      vertex   -2.710402e+01 -2.383298e+01 4.368625e+01
      vertex   -2.690758e+01 -2.383311e+01 4.353824e+01
    endloop
  endfacet
  facet normal -5.149981e-01 -1.479873e-03 -8.571900e-01
    outer loop
      vertex   -2.690739e+01 -2.425378e+01 4.353885e+01
      vertex   -2.690758e+01 -2.383311e+01 4.353824e+01
      vertex   -2.669656e+01 -2.425387e+01 4.341218e+01
    endloop
  endfacet
  facet normal -5.149981e-01 -1.479873e-03 -8.571900e-01
    outer loop
      vertex   -2.669656e+01 -2.425387e+01 4.341218e+01
      vertex   -2.690758e+01 -2.383311e+01 4.353824e+01
      vertex   -2.669674e+01 -2.383320e+01 4.341157e+01
    endloop
  endfacet
  facet normal -4.225760e-01 -1.510331e-03 -9.063262e-01
    outer loop
      vertex   -2.669656e+01 -2.425387e+01 4.341218e+01
      vertex   -2.669674e+01 -2.383320e+01 4.341157e+01
      vertex   -2.647364e+01 -2.425392e+01 4.330825e+01
    endloop
  endfacet
  facet normal -4.225760e-01 -1.510331e-03 -9.063262e-01
    outer loop
      vertex   -2.647364e+01 -2.425392e+01 4.330825e+01
      vertex   -2.669674e+01 -2.383320e+01 4.341157e+01
      vertex   -2.647382e+01 -2.383325e+01 4.330763e+01
    endloop
  endfacet
  facet normal -3.255241e-01 -1.524241e-03 -9.455325e-01
    outer loop
      vertex   -2.647364e+01 -2.425392e+01 4.330825e+01
      vertex   -2.647382e+01 -2.383325e+01 4.330763e+01
      vertex   -2.624107e+01 -2.425393e+01 4.322818e+01
    endloop
  endfacet
  facet normal -3.255241e-01 -1.524241e-03 -9.455325e-01
    outer loop
      vertex   -2.624107e+01 -2.425393e+01 4.322818e+01
      vertex   -2.647382e+01 -2.383325e+01 4.330763e+01
      vertex   -2.624126e+01 -2.383327e+01 4.322757e+01
    endloop
  endfacet
  facet normal -2.249056e-01 -1.521451e-03 -9.743794e-01
    outer loop
      vertex   -2.624107e+01 -2.425393e+01 4.322818e+01
      vertex   -2.624126e+01 -2.383327e+01 4.322757e+01
      vertex   -2.600142e+01 -2.425391e+01 4.317286e+01
    endloop
  endfacet
  facet normal -2.249056e-01 -1.521451e-03 -9.743794e-01
    outer loop
      vertex   -2.600142e+01 -2.425391e+01 4.317286e+01
      vertex   -2.624126e+01 -2.383327e+01 4.322757e+01
      vertex   -2.600160e+01 -2.383324e+01 4.317225e+01
    endloop
  endfacet
  facet normal -1.218231e-01 -1.501992e-03 -9.925507e-01
    outer loop
      vertex   -2.600142e+01 -2.425391e+01 4.317286e+01
      vertex   -2.600160e+01 -2.383324e+01 4.317225e+01
      vertex   -2.575729e+01 -2.425384e+01 4.314290e+01
    endloop
  endfacet
  facet normal -1.218231e-01 -1.501992e-03 -9.925507e-01
    outer loop
      vertex   -2.575729e+01 -2.425384e+01 4.314290e+01
      vertex   -2.600160e+01 -2.383324e+01 4.317225e+01
      vertex   -2.575748e+01 -2.383317e+01 4.314229e+01
    endloop
  endfacet
  facet normal -1.740583e-02 -1.466077e-03 -9.998474e-01
    outer loop
      vertex   -2.575729e+01 -2.425384e+01 4.314290e+01
      vertex   -2.575748e+01 -2.383317e+01 4.314229e+01
      vertex   -2.551137e+01 -2.425374e+01 4.313862e+01
    endloop
  endfacet
  facet normal -1.740583e-02 -1.466077e-03 -9.998474e-01
    outer loop
      vertex   -2.551137e+01 -2.425374e+01 4.313862e+01
      vertex   -2.575748e+01 -2.383317e+01 4.314229e+01
      vertex   -2.551155e+01 -2.383307e+01 4.313800e+01
    endloop
  endfacet
  facet normal 8.720214e-02 -1.414099e-03 -9.961896e-01
    outer loop
      vertex   -2.551137e+01 -2.425374e+01 4.313862e+01
      vertex   -2.551155e+01 -2.383307e+01 4.313800e+01
      vertex   -2.526635e+01 -2.425360e+01 4.316007e+01
    endloop
  endfacet
  facet normal 8.720214e-02 -1.414099e-03 -9.961896e-01
    outer loop
      vertex   -2.526635e+01 -2.425360e+01 4.316007e+01
      vertex   -2.551155e+01 -2.383307e+01 4.313800e+01
      vertex   -2.526653e+01 -2.383293e+01 4.315945e+01
    endloop
  endfacet
  facet normal 1.908547e-01 -1.346628e-03 -9.816174e-01
    outer loop
      vertex   -2.526635e+01 -2.425360e+01 4.316007e+01
      vertex   -2.526653e+01 -2.383293e+01 4.315945e+01
      vertex   -2.502491e+01 -2.425342e+01 4.320701e+01
    endloop
  endfacet
  facet normal 1.908547e-01 -1.346628e-03 -9.816174e-01
    outer loop
      vertex   -2.502491e+01 -2.425342e+01 4.320701e+01
      vertex   -2.526653e+01 -2.383293e+01 4.315945e+01
      vertex   -2.502510e+01 -2.383275e+01 4.320640e+01
    endloop
  endfacet
  facet normal 2.924162e-01 -1.264403e-03 -9.562903e-01
    outer loop
      vertex   -2.502491e+01 -2.425342e+01 4.320701e+01
      vertex   -2.502510e+01 -2.383275e+01 4.320640e+01
      vertex   -2.478970e+01 -2.425321e+01 4.327893e+01
    endloop
  endfacet
  facet normal 2.924162e-01 -1.264403e-03 -9.562903e-01
    outer loop
      vertex   -2.478970e+01 -2.425321e+01 4.327893e+01
      vertex   -2.502510e+01 -2.383275e+01 4.320640e+01
      vertex   -2.478989e+01 -2.383254e+01 4.327832e+01
    endloop
  endfacet
  facet normal 3.907740e-01 -1.168325e-03 -9.204859e-01
    outer loop
      vertex   -2.478970e+01 -2.425321e+01 4.327893e+01
      vertex   -2.478989e+01 -2.383254e+01 4.327832e+01
      vertex   -2.456330e+01 -2.425297e+01 4.337505e+01
    endloop
  endfacet
  facet normal 3.907740e-01 -1.168325e-03 -9.204859e-01
    outer loop
      vertex   -2.456330e+01 -2.425297e+01 4.337505e+01
      vertex   -2.478989e+01 -2.383254e+01 4.327832e+01
      vertex   -2.456348e+01 -2.383230e+01 4.337443e+01
    endloop
  endfacet
  facet normal 4.848503e-01 -1.059447e-03 -8.745965e-01
    outer loop
      vertex   -2.456330e+01 -2.425297e+01 4.337505e+01
      vertex   -2.456348e+01 -2.383230e+01 4.337443e+01
      vertex   -2.434818e+01 -2.425270e+01 4.349430e+01
    endloop
  endfacet
  facet normal 4.848503e-01 -1.059447e-03 -8.745965e-01
    outer loop
      vertex   -2.434818e+01 -2.425270e+01 4.349430e+01
      vertex   -2.456348e+01 -2.383230e+01 4.337443e+01
      vertex   -2.434837e+01 -2.383203e+01 4.349368e+01
    endloop
  endfacet
  facet normal 5.736145e-01 -9.389612e-04 -8.191248e-01
    outer loop
      vertex   -2.434818e+01 -2.425270e+01 4.349430e+01
      vertex   -2.434837e+01 -2.383203e+01 4.349368e+01
      vertex   -2.414671e+01 -2.425241e+01 4.363538e+01
    endloop
  endfacet
  facet normal 5.736145e-01 -9.389612e-04 -8.191248e-01
    outer loop
      vertex   -2.414671e+01 -2.425241e+01 4.363538e+01
      vertex   -2.434837e+01 -2.383203e+01 4.349368e+01
      vertex   -2.414690e+01 -2.383174e+01 4.363477e+01
    endloop
  endfacet
  facet normal 6.560941e-01 -8.081878e-04 -7.546786e-01
    outer loop
      vertex   -2.414671e+01 -2.425241e+01 4.363538e+01
      vertex   -2.414690e+01 -2.383174e+01 4.363477e+01
      vertex   -2.396109e+01 -2.425209e+01 4.379676e+01
    endloop
  endfacet
  facet normal 6.560941e-01 -8.081878e-04 -7.546786e-01
    outer loop
      vertex   -2.396109e+01 -2.425209e+01 4.379676e+01
      vertex   -2.414690e+01 -2.383174e+01 4.363477e+01
      vertex   -2.396128e+01 -2.383142e+01 4.379614e+01
    endloop
  endfacet
  facet normal 7.313854e-01 -6.685598e-04 -6.819640e-01
    outer loop
      vertex   -2.396109e+01 -2.425209e+01 4.379676e+01
      vertex   -2.396128e+01 -2.383142e+01 4.379614e+01
      vertex   -2.379336e+01 -2.425175e+01 4.397665e+01
    endloop
  endfacet
  facet normal 7.313854e-01 -6.685598e-04 -6.819640e-01
    outer loop
      vertex   -2.379336e+01 -2.425175e+01 4.397665e+01
      vertex   -2.396128e+01 -2.383142e+01 4.379614e+01
      vertex   -2.379354e+01 -2.383108e+01 4.397603e+01
    endloop
  endfacet
  facet normal 7.986635e-01 -5.216069e-04 -6.017777e-01
    outer loop
      vertex   -2.379336e+01 -2.425175e+01 4.397665e+01
      vertex   -2.379354e+01 -2.383108e+01 4.397603e+01
      vertex   -2.364534e+01 -2.425140e+01 4.417308e+01
    endloop
  endfacet
  facet normal 7.986635e-01 -5.216069e-04 -6.017777e-01
    outer loop
      vertex   -2.364534e+01 -2.425140e+01 4.417308e+01
      vertex   -2.379354e+01 -2.383108e+01 4.397603e+01
      vertex   -2.364553e+01 -2.383073e+01 4.417247e+01
    endloop
  endfacet
  facet normal 8.571912e-01 -3.689391e-04 -5.149982e-01
    outer loop
      vertex   -2.364534e+01 -2.425140e+01 4.417308e+01
      vertex   -2.364553e+01 -2.383073e+01 4.417247e+01
      vertex   -2.351867e+01 -2.425103e+01 4.438392e+01
    endloop
  endfacet
  facet normal 8.571912e-01 -3.689391e-04 -5.149982e-01
    outer loop
      vertex   -2.351867e+01 -2.425103e+01 4.438392e+01
      vertex   -2.364553e+01 -2.383073e+01 4.417247e+01
      vertex   -2.351886e+01 -2.383037e+01 4.438330e+01
    endloop
  endfacet
  facet normal 9.063274e-01 -2.122292e-04 -4.225762e-01
    outer loop
      vertex   -2.351867e+01 -2.425103e+01 4.438392e+01
      vertex   -2.351886e+01 -2.383037e+01 4.438330e+01
      vertex   -2.341474e+01 -2.425066e+01 4.460684e+01
    endloop
  endfacet
  facet normal 9.063274e-01 -2.122292e-04 -4.225762e-01
    outer loop
      vertex   -2.341474e+01 -2.425066e+01 4.460684e+01
      vertex   -2.351886e+01 -2.383037e+01 4.438330e+01
      vertex   -2.341493e+01 -2.382999e+01 4.460622e+01
    endloop
  endfacet
  facet normal 9.455336e-01 -5.319402e-05 -3.255244e-01
    outer loop
      vertex   -2.341474e+01 -2.425066e+01 4.460684e+01
      vertex   -2.341493e+01 -2.382999e+01 4.460622e+01
      vertex   -2.333467e+01 -2.425029e+01 4.483940e+01
    endloop
  endfacet
  facet normal 9.455336e-01 -5.319402e-05 -3.255244e-01
    outer loop
      vertex   -2.333467e+01 -2.425029e+01 4.483940e+01
      vertex   -2.341493e+01 -2.382999e+01 4.460622e+01
      vertex   -2.333486e+01 -2.382962e+01 4.483879e+01
    endloop
  endfacet
  facet normal 9.743804e-01 1.064239e-04 -2.249061e-01
    outer loop
      vertex   -2.333467e+01 -2.425029e+01 4.483940e+01
      vertex   -2.333486e+01 -2.382962e+01 4.483879e+01
      vertex   -2.327936e+01 -2.424991e+01 4.507906e+01
    endloop
  endfacet
  facet normal 9.743804e-01 1.064239e-04 -2.249061e-01
    outer loop
      vertex   -2.327936e+01 -2.424991e+01 4.507906e+01
      vertex   -2.333486e+01 -2.382962e+01 4.483879e+01
      vertex   -2.327954e+01 -2.382925e+01 4.507844e+01
    endloop
  endfacet
  facet normal 9.925517e-01 2.648759e-04 -1.218236e-01
    outer loop
      vertex   -2.327936e+01 -2.424991e+01 4.507906e+01
      vertex   -2.327954e+01 -2.382925e+01 4.507844e+01
      vertex   -2.324939e+01 -2.424954e+01 4.532318e+01
    endloop
  endfacet
  facet normal 9.925517e-01 2.648759e-04 -1.218236e-01
    outer loop
      vertex   -2.324939e+01 -2.424954e+01 4.532318e+01
      vertex   -2.327954e+01 -2.382925e+01 4.507844e+01
      vertex   -2.324958e+01 -2.382888e+01 4.532257e+01
    endloop
  endfacet
  facet normal 9.998484e-01 4.204258e-04 -1.740647e-02
    outer loop
      vertex   -2.324939e+01 -2.424954e+01 4.532318e+01
      vertex   -2.324958e+01 -2.382888e+01 4.532257e+01
      vertex   -2.324511e+01 -2.424918e+01 4.556910e+01
    endloop
  endfacet
  facet normal 9.998484e-01 4.204258e-04 -1.740647e-02
    outer loop
      vertex   -2.324511e+01 -2.424918e+01 4.556910e+01
      vertex   -2.324958e+01 -2.382888e+01 4.532257e+01
      vertex   -2.324530e+01 -2.382852e+01 4.556849e+01
    endloop
  endfacet
  facet normal 9.961905e-01 5.713695e-04 8.720140e-02
    outer loop
      vertex   -2.324511e+01 -2.424918e+01 4.556910e+01
      vertex   -2.324530e+01 -2.382852e+01 4.556849e+01
      vertex   -2.326656e+01 -2.424884e+01 4.581413e+01
    endloop
  endfacet
  facet normal 9.961905e-01 5.713695e-04 8.720140e-02
    outer loop
      vertex   -2.326656e+01 -2.424884e+01 4.581413e+01
      vertex   -2.324530e+01 -2.382852e+01 4.556849e+01
      vertex   -2.326675e+01 -2.382817e+01 4.581351e+01
    endloop
  endfacet
  facet normal 9.816182e-01 7.160531e-04 1.908539e-01
    outer loop
      vertex   -2.326656e+01 -2.424884e+01 4.581413e+01
      vertex   -2.326675e+01 -2.382817e+01 4.581351e+01
      vertex   -2.331350e+01 -2.424850e+01 4.605556e+01
    endloop
  endfacet
  facet normal 9.816182e-01 7.160531e-04 1.908539e-01
    outer loop
      vertex   -2.331350e+01 -2.424850e+01 4.605556e+01
      vertex   -2.326675e+01 -2.382817e+01 4.581351e+01
      vertex   -2.331369e+01 -2.382784e+01 4.605495e+01
    endloop
  endfacet
  facet normal 9.562910e-01 8.528914e-04 2.924153e-01
    outer loop
      vertex   -2.331350e+01 -2.424850e+01 4.605556e+01
      vertex   -2.331369e+01 -2.382784e+01 4.605495e+01
      vertex   -2.338542e+01 -2.424819e+01 4.629077e+01
    endloop
  endfacet
  facet normal 9.562910e-01 8.528914e-04 2.924153e-01
    outer loop
      vertex   -2.338542e+01 -2.424819e+01 4.629077e+01
      vertex   -2.331369e+01 -2.382784e+01 4.605495e+01
      vertex   -2.338561e+01 -2.382753e+01 4.629016e+01
    endloop
  endfacet
  facet normal 9.204866e-01 9.803854e-04 3.907730e-01
    outer loop
      vertex   -2.338542e+01 -2.424819e+01 4.629077e+01
      vertex   -2.338561e+01 -2.382753e+01 4.629016e+01
      vertex   -2.348154e+01 -2.424791e+01 4.651717e+01
    endloop
  endfacet
  facet normal 9.204866e-01 9.803854e-04 3.907730e-01
    outer loop
      vertex   -2.348154e+01 -2.424791e+01 4.651717e+01
      vertex   -2.338561e+01 -2.382753e+01 4.629016e+01
      vertex   -2.348173e+01 -2.382724e+01 4.651656e+01
    endloop
  endfacet
  facet normal 8.745970e-01 1.097138e-03 4.848493e-01
    outer loop
      vertex   -2.348154e+01 -2.424791e+01 4.651717e+01
      vertex   -2.348173e+01 -2.382724e+01 4.651656e+01
      vertex   -2.360079e+01 -2.424765e+01 4.673229e+01
    endloop
  endfacet
  facet normal 8.745970e-01 1.097138e-03 4.848493e-01
    outer loop
      vertex   -2.360079e+01 -2.424765e+01 4.673229e+01
      vertex   -2.348173e+01 -2.382724e+01 4.651656e+01
      vertex   -2.360098e+01 -2.382698e+01 4.673167e+01
    endloop
  endfacet
  facet normal 8.191252e-01 1.201870e-03 5.736134e-01
    outer loop
      vertex   -2.360079e+01 -2.424765e+01 4.673229e+01
      vertex   -2.360098e+01 -2.382698e+01 4.673167e+01
      vertex   -2.374188e+01 -2.424741e+01 4.693376e+01
    endloop
  endfacet
  facet normal 8.191252e-01 1.201870e-03 5.736134e-01
    outer loop
      vertex   -2.374188e+01 -2.424741e+01 4.693376e+01
      vertex   -2.360098e+01 -2.382698e+01 4.673167e+01
      vertex   -2.374206e+01 -2.382675e+01 4.693315e+01
    endloop
  endfacet
  facet normal 7.546789e-01 1.293434e-03 6.560930e-01
    outer loop
      vertex   -2.374188e+01 -2.424741e+01 4.693376e+01
      vertex   -2.374206e+01 -2.382675e+01 4.693315e+01
      vertex   -2.390325e+01 -2.424722e+01 4.711938e+01
    endloop
  endfacet
  facet normal 7.546789e-01 1.293434e-03 6.560930e-01
    outer loop
      vertex   -2.390325e+01 -2.424722e+01 4.711938e+01
      vertex   -2.374206e+01 -2.382675e+01 4.693315e+01
      vertex   -2.390344e+01 -2.382655e+01 4.711877e+01
    endloop
  endfacet
  facet normal 6.819642e-01 1.370827e-03 7.313842e-01
    outer loop
      vertex   -2.390325e+01 -2.424722e+01 4.711938e+01
      vertex   -2.390344e+01 -2.382655e+01 4.711877e+01
      vertex   -2.408314e+01 -2.424705e+01 4.728711e+01
    endloop
  endfacet
  facet normal 6.819642e-01 1.370827e-03 7.313842e-01
    outer loop
      vertex   -2.408314e+01 -2.424705e+01 4.728711e+01
      vertex   -2.390344e+01 -2.382655e+01 4.711877e+01
      vertex   -2.408333e+01 -2.382638e+01 4.728650e+01
    endloop
  endfacet
  facet normal 6.017778e-01 1.433201e-03 7.986623e-01
    outer loop
      vertex   -2.408314e+01 -2.424705e+01 4.728711e+01
      vertex   -2.408333e+01 -2.382638e+01 4.728650e+01
      vertex   -2.427958e+01 -2.424692e+01 4.743513e+01
    endloop
  endfacet
  facet normal 6.017778e-01 1.433201e-03 7.986623e-01
    outer loop
      vertex   -2.427958e+01 -2.424692e+01 4.743513e+01
      vertex   -2.408333e+01 -2.382638e+01 4.728650e+01
      vertex   -2.427977e+01 -2.382625e+01 4.743451e+01
    endloop
  endfacet
  facet normal 5.149981e-01 1.479873e-03 8.571900e-01
    outer loop
      vertex   -2.427958e+01 -2.424692e+01 4.743513e+01
      vertex   -2.427977e+01 -2.382625e+01 4.743451e+01
      vertex   -2.449041e+01 -2.424683e+01 4.756180e+01
    endloop
  endfacet
  facet normal 5.149981e-01 1.479873e-03 8.571900e-01
    outer loop
      vertex   -2.449041e+01 -2.424683e+01 4.756180e+01
      vertex   -2.427977e+01 -2.382625e+01 4.743451e+01
      vertex   -2.449060e+01 -2.382616e+01 4.756118e+01
    endloop
  endfacet
  facet normal 4.225760e-01 1.510331e-03 9.063262e-01
    outer loop
      vertex   -2.449041e+01 -2.424683e+01 4.756180e+01
      vertex   -2.449060e+01 -2.382616e+01 4.756118e+01
      vertex   -2.471333e+01 -2.424678e+01 4.766573e+01
    endloop
  endfacet
  facet normal 4.225760e-01 1.510331e-03 9.063262e-01
    outer loop
      vertex   -2.471333e+01 -2.424678e+01 4.766573e+01
      vertex   -2.449060e+01 -2.382616e+01 4.756118e+01
      vertex   -2.471352e+01 -2.382611e+01 4.766512e+01
    endloop
  endfacet
  facet normal 3.255241e-01 1.524241e-03 9.455325e-01
    outer loop
      vertex   -2.471333e+01 -2.424678e+01 4.766573e+01
      vertex   -2.471352e+01 -2.382611e+01 4.766512e+01
      vertex   -2.494589e+01 -2.424677e+01 4.774580e+01
    endloop
  endfacet
  facet normal 3.255241e-01 1.524241e-03 9.455325e-01
    outer loop
      vertex   -2.494589e+01 -2.424677e+01 4.774580e+01
      vertex   -2.471352e+01 -2.382611e+01 4.766512e+01
      vertex   -2.494608e+01 -2.382610e+01 4.774518e+01
    endloop
  endfacet
  facet normal 2.249056e-01 1.521451e-03 9.743794e-01
    outer loop
      vertex   -2.494589e+01 -2.424677e+01 4.774580e+01
      vertex   -2.494608e+01 -2.382610e+01 4.774518e+01
      vertex   -2.518555e+01 -2.424679e+01 4.780112e+01
    endloop
  endfacet
  facet normal 2.249056e-01 1.521451e-03 9.743794e-01
    outer loop
      vertex   -2.518555e+01 -2.424679e+01 4.780112e+01
      vertex   -2.494608e+01 -2.382610e+01 4.774518e+01
      vertex   -2.518574e+01 -2.382613e+01 4.780050e+01
    endloop
  endfacet
  facet normal 1.218231e-01 1.501992e-03 9.925507e-01
    outer loop
      vertex   -2.518555e+01 -2.424679e+01 4.780112e+01
      vertex   -2.518574e+01 -2.382613e+01 4.780050e+01
      vertex   -2.542968e+01 -2.424686e+01 4.783108e+01
    endloop
  endfacet
  facet normal 1.218231e-01 1.501992e-03 9.925507e-01
    outer loop
      vertex   -2.542968e+01 -2.424686e+01 4.783108e+01
      vertex   -2.518574e+01 -2.382613e+01 4.780050e+01
      vertex   -2.542987e+01 -2.382619e+01 4.783047e+01
    endloop
  endfacet
  facet normal 1.740583e-02 1.466077e-03 9.998474e-01
    outer loop
      vertex   -2.542968e+01 -2.424686e+01 4.783108e+01
      vertex   -2.542987e+01 -2.382619e+01 4.783047e+01
      vertex   -2.567560e+01 -2.424696e+01 4.783536e+01
    endloop
  endfacet
  facet normal 1.740583e-02 1.466077e-03 9.998474e-01
    outer loop
      vertex   -2.567560e+01 -2.424696e+01 4.783536e+01
      vertex   -2.542987e+01 -2.382619e+01 4.783047e+01
      vertex   -2.567579e+01 -2.382629e+01 4.783475e+01
    endloop
  endfacet
  facet normal -8.720214e-02 1.414099e-03 9.961896e-01
    outer loop
      vertex   -2.567560e+01 -2.424696e+01 4.783536e+01
      vertex   -2.567579e+01 -2.382629e+01 4.783475e+01
      vertex   -2.592062e+01 -2.424710e+01 4.781391e+01
    endloop
  endfacet
  facet normal -8.720214e-02 1.414099e-03 9.961896e-01
    outer loop
      vertex   -2.592062e+01 -2.424710e+01 4.781391e+01
      vertex   -2.567579e+01 -2.382629e+01 4.783475e+01
      vertex   -2.592081e+01 -2.382643e+01 4.781330e+01
    endloop
  endfacet
  facet normal -1.908547e-01 1.346628e-03 9.816174e-01
    outer loop
      vertex   -2.592062e+01 -2.424710e+01 4.781391e+01
      vertex   -2.592081e+01 -2.382643e+01 4.781330e+01
      vertex   -2.616206e+01 -2.424728e+01 4.776697e+01
    endloop
  endfacet
  facet normal -1.908547e-01 1.346628e-03 9.816174e-01
    outer loop
      vertex   -2.616206e+01 -2.424728e+01 4.776697e+01
      vertex   -2.592081e+01 -2.382643e+01 4.781330e+01
      vertex   -2.616225e+01 -2.382661e+01 4.776636e+01
    endloop
  endfacet
  facet normal -2.924162e-01 1.264403e-03 9.562903e-01
    outer loop
      vertex   -2.616206e+01 -2.424728e+01 4.776697e+01
      vertex   -2.616225e+01 -2.382661e+01 4.776636e+01
      vertex   -2.639727e+01 -2.424749e+01 4.769505e+01
    endloop
  endfacet
  facet normal -2.924162e-01 1.264403e-03 9.562903e-01
    outer loop
      vertex   -2.639727e+01 -2.424749e+01 4.769505e+01
      vertex   -2.616225e+01 -2.382661e+01 4.776636e+01
      vertex   -2.639746e+01 -2.382682e+01 4.769443e+01
    endloop
  endfacet
  facet normal -3.907740e-01 1.168325e-03 9.204859e-01
    outer loop
      vertex   -2.639727e+01 -2.424749e+01 4.769505e+01
      vertex   -2.639746e+01 -2.382682e+01 4.769443e+01
      vertex   -2.662367e+01 -2.424773e+01 4.759893e+01
    endloop
  endfacet
  facet normal -3.907740e-01 1.168325e-03 9.204859e-01
    outer loop
      vertex   -2.662367e+01 -2.424773e+01 4.759893e+01
      vertex   -2.639746e+01 -2.382682e+01 4.769443e+01
      vertex   -2.662386e+01 -2.382706e+01 4.759832e+01
    endloop
  endfacet
  facet normal -4.848503e-01 1.059447e-03 8.745965e-01
    outer loop
      vertex   -2.662367e+01 -2.424773e+01 4.759893e+01
      vertex   -2.662386e+01 -2.382706e+01 4.759832e+01
      vertex   -2.683879e+01 -2.424800e+01 4.747968e+01
    endloop
  endfacet
  facet normal -4.848503e-01 1.059447e-03 8.745965e-01
    outer loop
      vertex   -2.683879e+01 -2.424800e+01 4.747968e+01
      vertex   -2.662386e+01 -2.382706e+01 4.759832e+01
      vertex   -2.683897e+01 -2.382733e+01 4.747907e+01
    endloop
  endfacet
  facet normal -5.736145e-01 9.389612e-04 8.191248e-01
    outer loop
      vertex   -2.683879e+01 -2.424800e+01 4.747968e+01
      vertex   -2.683897e+01 -2.382733e+01 4.747907e+01
      vertex   -2.704026e+01 -2.424829e+01 4.733860e+01
    endloop
  endfacet
  facet normal -5.736145e-01 9.389612e-04 8.191248e-01
    outer loop
      vertex   -2.704026e+01 -2.424829e+01 4.733860e+01
      vertex   -2.683897e+01 -2.382733e+01 4.747907e+01
      vertex   -2.704044e+01 -2.382763e+01 4.733798e+01
    endloop
  endfacet
  facet normal -6.560941e-01 8.081878e-04 7.546786e-01
    outer loop
      vertex   -2.704026e+01 -2.424829e+01 4.733860e+01
      vertex   -2.704044e+01 -2.382763e+01 4.733798e+01
      vertex   -2.722588e+01 -2.424861e+01 4.717722e+01
    endloop
  endfacet
  facet normal -6.560941e-01 8.081878e-04 7.546786e-01
    outer loop
      vertex   -2.722588e+01 -2.424861e+01 4.717722e+01
      vertex   -2.704044e+01 -2.382763e+01 4.733798e+01
      vertex   -2.722606e+01 -2.382794e+01 4.717661e+01
    endloop
  endfacet
  facet normal -7.313854e-01 6.685598e-04 6.819640e-01
    outer loop
      vertex   -2.722588e+01 -2.424861e+01 4.717722e+01
      vertex   -2.722606e+01 -2.382794e+01 4.717661e+01
      vertex   -2.739361e+01 -2.424895e+01 4.699733e+01
    endloop
  endfacet
  facet normal -7.313854e-01 6.685598e-04 6.819640e-01
    outer loop
      vertex   -2.739361e+01 -2.424895e+01 4.699733e+01
      vertex   -2.722606e+01 -2.382794e+01 4.717661e+01
      vertex   -2.739380e+01 -2.382828e+01 4.699672e+01
    endloop
  endfacet
  facet normal -7.986635e-01 5.216069e-04 6.017777e-01
    outer loop
      vertex   -2.739361e+01 -2.424895e+01 4.699733e+01
      vertex   -2.739380e+01 -2.382828e+01 4.699672e+01
      vertex   -2.754162e+01 -2.424930e+01 4.680089e+01
    endloop
  endfacet
  facet normal -7.986635e-01 5.216069e-04 6.017777e-01
    outer loop
      vertex   -2.754162e+01 -2.424930e+01 4.680089e+01
      vertex   -2.739380e+01 -2.382828e+01 4.699672e+01
      vertex   -2.754181e+01 -2.382863e+01 4.680028e+01
    endloop
  endfacet
  facet normal -8.571912e-01 3.689391e-04 5.149982e-01
    outer loop
      vertex   -2.754162e+01 -2.424930e+01 4.680089e+01
      vertex   -2.754181e+01 -2.382863e+01 4.680028e+01
      vertex   -2.766829e+01 -2.424967e+01 4.659006e+01
    endloop
  endfacet
  facet normal -8.571912e-01 3.689391e-04 5.149982e-01
    outer loop
      vertex   -2.766829e+01 -2.424967e+01 4.659006e+01
      vertex   -2.754181e+01 -2.382863e+01 4.680028e+01
      vertex   -2.766848e+01 -2.382900e+01 4.658945e+01
    endloop
  endfacet
  facet normal -9.063274e-01 2.122292e-04 4.225762e-01
    outer loop
      vertex   -2.766829e+01 -2.424967e+01 4.659006e+01
      vertex   -2.766848e+01 -2.382900e+01 4.658945e+01
      vertex   -2.777223e+01 -2.425004e+01 4.636714e+01
    endloop
  endfacet
  facet normal -9.063274e-01 2.122292e-04 4.225762e-01
    outer loop
      vertex   -2.777223e+01 -2.425004e+01 4.636714e+01
      vertex   -2.766848e+01 -2.382900e+01 4.658945e+01
      vertex   -2.777242e+01 -2.382937e+01 4.636653e+01
    endloop
  endfacet
  facet normal 2.755926e-01 1.524936e-03 9.612733e-01
    outer loop
      vertex   -3.069192e+01 -1.918347e+01 2.599275e+01
      vertex   -3.181818e+01 -1.918350e+01 2.631564e+01
      vertex   -3.069184e+01 -1.938105e+01 2.599303e+01
    endloop
  endfacet
  facet normal 2.755926e-01 1.524936e-03 9.612733e-01
    outer loop
      vertex   -3.069184e+01 -1.938105e+01 2.599303e+01
      vertex   -3.181818e+01 -1.918350e+01 2.631564e+01
      vertex   -3.297679e+01 -1.938111e+01 2.664812e+01
    endloop
  endfacet
  facet normal 2.755926e-01 1.524936e-03 9.612733e-01
    outer loop
      vertex   -3.297679e+01 -1.938111e+01 2.664812e+01
      vertex   -3.181818e+01 -1.918350e+01 2.631564e+01
      vertex   -3.188378e+01 -1.918351e+01 2.633445e+01
    endloop
  endfacet
  facet normal 2.755926e-01 1.524936e-03 9.612733e-01
    outer loop
      vertex   -3.297679e+01 -1.938111e+01 2.664812e+01
      vertex   -3.188378e+01 -1.918351e+01 2.633445e+01
      vertex   -3.297688e+01 -1.918354e+01 2.664783e+01
    endloop
  endfacet
  facet normal 3.197614e-01 1.524536e-03 9.474969e-01
    outer loop
      vertex   -2.975085e+01 -1.958479e+01 2.314415e+01
      vertex   -3.115300e+01 -1.958472e+01 2.361735e+01
      vertex   -2.974701e+01 -2.818478e+01 2.315669e+01
    endloop
  endfacet
  facet normal 3.197614e-01 1.524536e-03 9.474969e-01
    outer loop
      vertex   -2.974701e+01 -2.818478e+01 2.315669e+01
      vertex   -3.115300e+01 -1.958472e+01 2.361735e+01
      vertex   -3.114917e+01 -2.818471e+01 2.362989e+01
    endloop
  endfacet
  facet normal -2.923676e-01 -1.525169e-03 -9.563048e-01
    outer loop
      vertex   -3.148755e+01 -1.917560e+01 3.163117e+01
      vertex   -3.032550e+01 -1.917560e+01 3.127589e+01
      vertex   -3.148747e+01 -1.937318e+01 3.163145e+01
    endloop
  endfacet
  facet normal -2.923676e-01 -1.525169e-03 -9.563048e-01
    outer loop
      vertex   -3.148747e+01 -1.937318e+01 3.163145e+01
      vertex   -3.032550e+01 -1.917560e+01 3.127589e+01
      vertex   -2.917169e+01 -1.937318e+01 3.092346e+01
    endloop
  endfacet
  facet normal -2.923676e-01 -1.525169e-03 -9.563048e-01
    outer loop
      vertex   -2.917169e+01 -1.937318e+01 3.092346e+01
      vertex   -3.032550e+01 -1.917560e+01 3.127589e+01
      vertex   -2.917177e+01 -1.917560e+01 3.092317e+01
    endloop
  endfacet
  facet normal 4.458808e-04 -9.999988e-01 1.458537e-03
    outer loop
      vertex   -2.997193e+01 -1.917975e+01 2.832794e+01
      vertex   -2.917177e+01 -1.917560e+01 3.092317e+01
      vertex   -2.952877e+01 -1.917743e+01 2.977749e+01
    endloop
  endfacet
  facet normal 4.458808e-04 -9.999988e-01 1.458537e-03
    outer loop
      vertex   -2.952877e+01 -1.917743e+01 2.977749e+01
      vertex   -2.917177e+01 -1.917560e+01 3.092317e+01
      vertex   -2.949052e+01 -1.917717e+01 2.994437e+01
    endloop
  endfacet
  facet normal 4.458808e-04 -9.999988e-01 1.458537e-03
    outer loop
      vertex   -2.949052e+01 -1.917717e+01 2.994437e+01
      vertex   -2.917177e+01 -1.917560e+01 3.092317e+01
      vertex   -2.947641e+01 -1.917692e+01 3.011500e+01
    endloop
  endfacet
  facet normal 4.458808e-04 -9.999988e-01 1.458537e-03
    outer loop
      vertex   -2.947641e+01 -1.917692e+01 3.011500e+01
      vertex   -2.917177e+01 -1.917560e+01 3.092317e+01
      vertex   -2.948673e+01 -1.917667e+01 3.028591e+01
    endloop
  endfacet
  facet normal 4.458808e-04 -9.999988e-01 1.458537e-03
    outer loop
      vertex   -2.948673e+01 -1.917667e+01 3.028591e+01
      vertex   -2.917177e+01 -1.917560e+01 3.092317e+01
      vertex   -2.952126e+01 -1.917645e+01 3.045360e+01
    endloop
  endfacet
  facet normal 4.458808e-04 -9.999988e-01 1.458537e-03
    outer loop
      vertex   -2.952126e+01 -1.917645e+01 3.045360e+01
      vertex   -2.917177e+01 -1.917560e+01 3.092317e+01
      vertex   -2.957931e+01 -1.917624e+01 3.061468e+01
    endloop
  endfacet
  facet normal 4.458808e-04 -9.999988e-01 1.458537e-03
    outer loop
      vertex   -2.957931e+01 -1.917624e+01 3.061468e+01
      vertex   -2.917177e+01 -1.917560e+01 3.092317e+01
      vertex   -2.965969e+01 -1.917605e+01 3.076585e+01
    endloop
  endfacet
  facet normal 4.458808e-04 -9.999988e-01 1.458537e-03
    outer loop
      vertex   -2.965969e+01 -1.917605e+01 3.076585e+01
      vertex   -2.917177e+01 -1.917560e+01 3.092317e+01
      vertex   -2.976077e+01 -1.917590e+01 3.090404e+01
    endloop
  endfacet
  facet normal 4.458808e-04 -9.999988e-01 1.458537e-03
    outer loop
      vertex   -2.976077e+01 -1.917590e+01 3.090404e+01
      vertex   -2.917177e+01 -1.917560e+01 3.092317e+01
      vertex   -2.988049e+01 -1.917577e+01 3.102645e+01
    endloop
  endfacet
  facet normal 4.458808e-04 -9.999988e-01 1.458537e-03
    outer loop
      vertex   -2.988049e+01 -1.917577e+01 3.102645e+01
      vertex   -2.917177e+01 -1.917560e+01 3.092317e+01
      vertex   -3.001640e+01 -1.917568e+01 3.113057e+01
    endloop
  endfacet
  facet normal 4.458808e-04 -9.999988e-01 1.458537e-03
    outer loop
      vertex   -3.001640e+01 -1.917568e+01 3.113057e+01
      vertex   -2.917177e+01 -1.917560e+01 3.092317e+01
      vertex   -3.016575e+01 -1.917562e+01 3.121428e+01
    endloop
  endfacet
  facet normal 4.458808e-04 -9.999988e-01 1.458537e-03
    outer loop
      vertex   -3.016575e+01 -1.917562e+01 3.121428e+01
      vertex   -2.917177e+01 -1.917560e+01 3.092317e+01
      vertex   -3.032550e+01 -1.917560e+01 3.127589e+01
    endloop
  endfacet
  facet normal 4.458808e-04 -9.999988e-01 1.458537e-03
    outer loop
      vertex   -3.207138e+01 -1.918348e+01 2.640700e+01
      vertex   -3.216111e+01 -1.918346e+01 2.645255e+01
      vertex   -3.297688e+01 -1.918354e+01 2.664783e+01
    endloop
  endfacet
  facet normal 4.458808e-04 -9.999988e-01 1.458537e-03
    outer loop
      vertex   -3.297688e+01 -1.918354e+01 2.664783e+01
      vertex   -3.216111e+01 -1.918346e+01 2.645255e+01
      vertex   -3.229648e+01 -1.918337e+01 2.655760e+01
    endloop
  endfacet
  facet normal 4.458808e-04 -9.999988e-01 1.458537e-03
    outer loop
      vertex   -3.297688e+01 -1.918354e+01 2.664783e+01
      vertex   -3.229648e+01 -1.918337e+01 2.655760e+01
      vertex   -3.241550e+01 -1.918324e+01 2.668086e+01
    endloop
  endfacet
  facet normal 4.458808e-04 -9.999988e-01 1.458537e-03
    outer loop
      vertex   -3.241550e+01 -1.918324e+01 2.668086e+01
      vertex   -3.251576e+01 -1.918308e+01 2.681982e+01
      vertex   -3.297688e+01 -1.918354e+01 2.664783e+01
    endloop
  endfacet
  facet normal 4.458808e-04 -9.999988e-01 1.458537e-03
    outer loop
      vertex   -3.297688e+01 -1.918354e+01 2.664783e+01
      vertex   -3.251576e+01 -1.918308e+01 2.681982e+01
      vertex   -3.259521e+01 -1.918289e+01 2.697164e+01
    endloop
  endfacet
  facet normal 4.458808e-04 -9.999988e-01 1.458537e-03
    outer loop
      vertex   -3.297688e+01 -1.918354e+01 2.664783e+01
      vertex   -3.259521e+01 -1.918289e+01 2.697164e+01
      vertex   -3.265222e+01 -1.918268e+01 2.713323e+01
    endloop
  endfacet
  facet normal 4.458808e-04 -9.999988e-01 1.458537e-03
    outer loop
      vertex   -3.265222e+01 -1.918268e+01 2.713323e+01
      vertex   -3.268563e+01 -1.918245e+01 2.730129e+01
      vertex   -3.297688e+01 -1.918354e+01 2.664783e+01
    endloop
  endfacet
  facet normal 4.458808e-04 -9.999988e-01 1.458537e-03
    outer loop
      vertex   -3.297688e+01 -1.918354e+01 2.664783e+01
      vertex   -3.268563e+01 -1.918245e+01 2.730129e+01
      vertex   -3.269477e+01 -1.918221e+01 2.747240e+01
    endloop
  endfacet
  facet normal 4.458808e-04 -9.999988e-01 1.458537e-03
    outer loop
      vertex   -3.297688e+01 -1.918354e+01 2.664783e+01
      vertex   -3.269477e+01 -1.918221e+01 2.747240e+01
      vertex   -3.267945e+01 -1.918195e+01 2.764306e+01
    endloop
  endfacet
  facet normal 4.458808e-04 -9.999988e-01 1.458537e-03
    outer loop
      vertex   -3.188378e+01 -1.918351e+01 2.633445e+01
      vertex   -3.197880e+01 -1.918350e+01 2.636758e+01
      vertex   -3.297688e+01 -1.918354e+01 2.664783e+01
    endloop
  endfacet
  facet normal 4.458808e-04 -9.999988e-01 1.458537e-03
    outer loop
      vertex   -3.297688e+01 -1.918354e+01 2.664783e+01
      vertex   -3.197880e+01 -1.918350e+01 2.636758e+01
      vertex   -3.207138e+01 -1.918348e+01 2.640700e+01
    endloop
  endfacet
  facet normal 6.560558e-01 1.393298e-03 7.547111e-01
    outer loop
      vertex   -2.974701e+01 -2.818478e+01 2.315669e+01
      vertex   -2.892886e+01 -2.818545e+01 2.244549e+01
      vertex   -2.975085e+01 -1.958479e+01 2.314415e+01
    endloop
  endfacet
  facet normal 6.560558e-01 1.393298e-03 7.547111e-01
    outer loop
      vertex   -2.975085e+01 -1.958479e+01 2.314415e+01
      vertex   -2.892886e+01 -2.818545e+01 2.244549e+01
      vertex   -2.893270e+01 -1.958546e+01 2.243295e+01
    endloop
  endfacet
  facet normal 7.816669e-01 -5.611538e-04 -6.236958e-01
    outer loop
      vertex   -2.848935e+01 -1.958445e+01 2.298860e+01
      vertex   -2.893270e+01 -1.958546e+01 2.243295e+01
      vertex   -2.849062e+01 -1.673445e+01 2.298444e+01
    endloop
  endfacet
  facet normal 7.816669e-01 -5.611538e-04 -6.236958e-01
    outer loop
      vertex   -2.849062e+01 -1.673445e+01 2.298444e+01
      vertex   -2.893270e+01 -1.958546e+01 2.243295e+01
      vertex   -2.894849e+01 -1.673550e+01 2.241059e+01
    endloop
  endfacet
  facet normal 7.816669e-01 -5.611538e-04 -6.236958e-01
    outer loop
      vertex   -2.894849e+01 -1.673550e+01 2.241059e+01
      vertex   -2.893270e+01 -1.958546e+01 2.243295e+01
      vertex   -2.892886e+01 -2.818545e+01 2.244549e+01
    endloop
  endfacet
  facet normal 7.816669e-01 -5.611538e-04 -6.236958e-01
    outer loop
      vertex   -2.894849e+01 -1.673550e+01 2.241059e+01
      vertex   -2.892886e+01 -2.818545e+01 2.244549e+01
      vertex   -2.894174e+01 -3.188548e+01 2.243269e+01
    endloop
  endfacet
  facet normal 7.816669e-01 -5.611538e-04 -6.236958e-01
    outer loop
      vertex   -2.894174e+01 -3.188548e+01 2.243269e+01
      vertex   -2.892886e+01 -2.818545e+01 2.244549e+01
      vertex   -2.848386e+01 -3.188444e+01 2.300654e+01
    endloop
  endfacet
  facet normal 7.816669e-01 -5.611538e-04 -6.236958e-01
    outer loop
      vertex   -2.848386e+01 -3.188444e+01 2.300654e+01
      vertex   -2.892886e+01 -2.818545e+01 2.244549e+01
      vertex   -2.848551e+01 -2.818444e+01 2.300114e+01
    endloop
  endfacet
  facet normal 9.651384e-01 4.857903e-05 -2.617402e-01
    outer loop
      vertex   -2.848935e+01 -1.958445e+01 2.298860e+01
      vertex   -2.849062e+01 -1.673445e+01 2.298444e+01
      vertex   -2.600277e+01 -1.956997e+01 3.215757e+01
    endloop
  endfacet
  facet normal 9.651384e-01 4.857903e-05 -2.617402e-01
    outer loop
      vertex   -2.600277e+01 -1.956997e+01 3.215757e+01
      vertex   -2.849062e+01 -1.673445e+01 2.298444e+01
      vertex   -2.578509e+01 -1.671870e+01 3.296077e+01
    endloop
  endfacet
  facet normal 9.651384e-01 4.857903e-05 -2.617402e-01
    outer loop
      vertex   -2.600277e+01 -1.956997e+01 3.215757e+01
      vertex   -2.578509e+01 -1.671870e+01 3.296077e+01
      vertex   -2.578173e+01 -2.426869e+01 3.297178e+01
    endloop
  endfacet
  facet normal 9.651384e-01 4.857903e-05 -2.617402e-01
    outer loop
      vertex   -2.551765e+01 -2.426715e+01 3.394555e+01
      vertex   -2.591015e+01 -2.685312e+01 3.249775e+01
      vertex   -2.578173e+01 -2.426869e+01 3.297178e+01
    endloop
  endfacet
  facet normal 9.651384e-01 4.857903e-05 -2.617402e-01
    outer loop
      vertex   -2.578173e+01 -2.426869e+01 3.297178e+01
      vertex   -2.591015e+01 -2.685312e+01 3.249775e+01
      vertex   -2.591099e+01 -2.685869e+01 3.249464e+01
    endloop
  endfacet
  facet normal 9.651384e-01 4.857903e-05 -2.617402e-01
    outer loop
      vertex   -2.578173e+01 -2.426869e+01 3.297178e+01
      vertex   -2.591099e+01 -2.685869e+01 3.249464e+01
      vertex   -2.591184e+01 -2.686426e+01 3.249153e+01
    endloop
  endfacet
  facet normal 9.651384e-01 4.857903e-05 -2.617402e-01
    outer loop
      vertex   -2.591184e+01 -2.686426e+01 3.249153e+01
      vertex   -2.591268e+01 -2.686983e+01 3.248842e+01
      vertex   -2.578173e+01 -2.426869e+01 3.297178e+01
    endloop
  endfacet
  facet normal 9.651384e-01 4.857904e-05 -2.617402e-01
    outer loop
      vertex   -2.578173e+01 -2.426869e+01 3.297178e+01
      vertex   -2.591268e+01 -2.686983e+01 3.248842e+01
      vertex   -2.591352e+01 -2.687541e+01 3.248531e+01
    endloop
  endfacet
  facet normal 9.651384e-01 4.857903e-05 -2.617402e-01
    outer loop
      vertex   -2.578173e+01 -2.426869e+01 3.297178e+01
      vertex   -2.591352e+01 -2.687541e+01 3.248531e+01
      vertex   -2.592169e+01 -2.693561e+01 3.245519e+01
    endloop
  endfacet
  facet normal 9.651384e-01 4.857903e-05 -2.617402e-01
    outer loop
      vertex   -2.592169e+01 -2.693561e+01 3.245519e+01
      vertex   -2.592838e+01 -2.699834e+01 3.243049e+01
      vertex   -2.578173e+01 -2.426869e+01 3.297178e+01
    endloop
  endfacet
  facet normal 9.651384e-01 4.857903e-05 -2.617402e-01
    outer loop
      vertex   -2.578173e+01 -2.426869e+01 3.297178e+01
      vertex   -2.592838e+01 -2.699834e+01 3.243049e+01
      vertex   -2.600277e+01 -1.956997e+01 3.215757e+01
    endloop
  endfacet
  facet normal 9.651384e-01 4.857903e-05 -2.617402e-01
    outer loop
      vertex   -2.592838e+01 -2.699834e+01 3.243049e+01
      vertex   -2.593737e+01 -2.712941e+01 3.239734e+01
      vertex   -2.600277e+01 -1.956997e+01 3.215757e+01
    endloop
  endfacet
  facet normal 9.651384e-01 4.857903e-05 -2.617402e-01
    outer loop
      vertex   -2.600277e+01 -1.956997e+01 3.215757e+01
      vertex   -2.593737e+01 -2.712941e+01 3.239734e+01
      vertex   -2.599894e+01 -2.816996e+01 3.217012e+01
    endloop
  endfacet
  facet normal 9.651384e-01 4.857903e-05 -2.617402e-01
    outer loop
      vertex   -2.599894e+01 -2.816996e+01 3.217012e+01
      vertex   -2.593737e+01 -2.712941e+01 3.239734e+01
      vertex   -2.594047e+01 -2.726456e+01 3.238589e+01
    endloop
  endfacet
  facet normal 9.651384e-01 4.857903e-05 -2.617402e-01
    outer loop
      vertex   -2.599894e+01 -2.816996e+01 3.217012e+01
      vertex   -2.594047e+01 -2.726456e+01 3.238589e+01
      vertex   -2.593768e+01 -2.739981e+01 3.239612e+01
    endloop
  endfacet
  facet normal 9.651384e-01 4.857903e-05 -2.617402e-01
    outer loop
      vertex   -2.593768e+01 -2.739981e+01 3.239612e+01
      vertex   -2.593393e+01 -2.746870e+01 3.240997e+01
      vertex   -2.599894e+01 -2.816996e+01 3.217012e+01
    endloop
  endfacet
  facet normal 9.651384e-01 4.857903e-05 -2.617402e-01
    outer loop
      vertex   -2.599894e+01 -2.816996e+01 3.217012e+01
      vertex   -2.593393e+01 -2.746870e+01 3.240997e+01
      vertex   -2.592859e+01 -2.753599e+01 3.242964e+01
    endloop
  endfacet
  facet normal 9.651384e-01 4.857903e-05 -2.617402e-01
    outer loop
      vertex   -2.599894e+01 -2.816996e+01 3.217012e+01
      vertex   -2.592859e+01 -2.753599e+01 3.242964e+01
      vertex   -2.592167e+01 -2.760111e+01 3.245514e+01
    endloop
  endfacet
  facet normal 9.651384e-01 4.857903e-05 -2.617402e-01
    outer loop
      vertex   -2.592167e+01 -2.760111e+01 3.245514e+01
      vertex   -2.591317e+01 -2.766351e+01 3.248646e+01
      vertex   -2.599894e+01 -2.816996e+01 3.217012e+01
    endloop
  endfacet
  facet normal 9.651384e-01 4.857903e-05 -2.617402e-01
    outer loop
      vertex   -2.599894e+01 -2.816996e+01 3.217012e+01
      vertex   -2.591317e+01 -2.766351e+01 3.248646e+01
      vertex   -2.591232e+01 -2.766907e+01 3.248958e+01
    endloop
  endfacet
  facet normal 9.651384e-01 4.857904e-05 -2.617402e-01
    outer loop
      vertex   -2.599894e+01 -2.816996e+01 3.217012e+01
      vertex   -2.591232e+01 -2.766907e+01 3.248958e+01
      vertex   -2.591148e+01 -2.767464e+01 3.249271e+01
    endloop
  endfacet
  facet normal 9.651384e-01 4.857903e-05 -2.617402e-01
    outer loop
      vertex   -2.591148e+01 -2.767464e+01 3.249271e+01
      vertex   -2.591063e+01 -2.768020e+01 3.249584e+01
      vertex   -2.599894e+01 -2.816996e+01 3.217012e+01
    endloop
  endfacet
  facet normal 9.651384e-01 4.857903e-05 -2.617402e-01
    outer loop
      vertex   -2.599894e+01 -2.816996e+01 3.217012e+01
      vertex   -2.591063e+01 -2.768020e+01 3.249584e+01
      vertex   -2.590978e+01 -2.768576e+01 3.249897e+01
    endloop
  endfacet
  facet normal 9.651384e-01 4.857903e-05 -2.617402e-01
    outer loop
      vertex   -2.599894e+01 -2.816996e+01 3.217012e+01
      vertex   -2.590978e+01 -2.768576e+01 3.249897e+01
      vertex   -2.551295e+01 -3.028035e+01 3.396175e+01
    endloop
  endfacet
  facet normal 9.651384e-01 4.857903e-05 -2.617402e-01
    outer loop
      vertex   -2.599894e+01 -2.816996e+01 3.217012e+01
      vertex   -2.551295e+01 -3.028035e+01 3.396175e+01
      vertex   -2.848386e+01 -3.188444e+01 2.300654e+01
    endloop
  endfacet
  facet normal 9.651384e-01 4.857903e-05 -2.617402e-01
    outer loop
      vertex   -2.848386e+01 -3.188444e+01 2.300654e+01
      vertex   -2.551295e+01 -3.028035e+01 3.396175e+01
      vertex   -2.550499e+01 -3.032836e+01 3.399107e+01
    endloop
  endfacet
  facet normal 9.651384e-01 4.857903e-05 -2.617402e-01
    outer loop
      vertex   -2.848386e+01 -3.188444e+01 2.300654e+01
      vertex   -2.550499e+01 -3.032836e+01 3.399107e+01
      vertex   -2.548955e+01 -3.040375e+01 3.404802e+01
    endloop
  endfacet
  facet normal 9.651384e-01 4.857903e-05 -2.617402e-01
    outer loop
      vertex   -2.548955e+01 -3.040375e+01 3.404802e+01
      vertex   -2.547176e+01 -3.047122e+01 3.411360e+01
      vertex   -2.848386e+01 -3.188444e+01 2.300654e+01
    endloop
  endfacet
  facet normal 9.651384e-01 4.857758e-05 -2.617402e-01
    outer loop
      vertex   -2.848386e+01 -3.188444e+01 2.300654e+01
      vertex   -2.547176e+01 -3.047122e+01 3.411360e+01
      vertex   -2.545196e+01 -3.053005e+01 3.418661e+01
    endloop
  endfacet
  facet normal 9.651384e-01 4.857738e-05 -2.617402e-01
    outer loop
      vertex   -2.848386e+01 -3.188444e+01 2.300654e+01
      vertex   -2.545196e+01 -3.053005e+01 3.418661e+01
      vertex   -2.543048e+01 -3.057958e+01 3.426580e+01
    endloop
  endfacet
  facet normal 9.651384e-01 4.858107e-05 -2.617402e-01
    outer loop
      vertex   -2.543048e+01 -3.057958e+01 3.426580e+01
      vertex   -2.540763e+01 -3.061920e+01 3.435003e+01
      vertex   -2.848386e+01 -3.188444e+01 2.300654e+01
    endloop
  endfacet
  facet normal 9.651384e-01 4.858158e-05 -2.617402e-01
    outer loop
      vertex   -2.848386e+01 -3.188444e+01 2.300654e+01
      vertex   -2.540763e+01 -3.061920e+01 3.435003e+01
      vertex   -2.538373e+01 -3.064831e+01 3.443816e+01
    endloop
  endfacet
  facet normal 9.651384e-01 4.857903e-05 -2.617402e-01
    outer loop
      vertex   -2.848386e+01 -3.188444e+01 2.300654e+01
      vertex   -2.538373e+01 -3.064831e+01 3.443816e+01
      vertex   -2.535911e+01 -3.066624e+01 3.452895e+01
    endloop
  endfacet
  facet normal 9.651384e-01 4.857903e-05 -2.617402e-01
    outer loop
      vertex   -2.535911e+01 -3.066624e+01 3.452895e+01
      vertex   -2.533410e+01 -3.067239e+01 3.462118e+01
      vertex   -2.848386e+01 -3.188444e+01 2.300654e+01
    endloop
  endfacet
  facet normal 9.651384e-01 4.857903e-05 -2.617402e-01
    outer loop
      vertex   -2.848386e+01 -3.188444e+01 2.300654e+01
      vertex   -2.533410e+01 -3.067239e+01 3.462118e+01
      vertex   -2.343798e+01 -3.185505e+01 4.161268e+01
    endloop
  endfacet
  facet normal 9.651384e-01 4.857902e-05 -2.617402e-01
    outer loop
      vertex   -2.343798e+01 -3.185505e+01 4.161268e+01
      vertex   -2.533410e+01 -3.067239e+01 3.462118e+01
      vertex   -2.533073e+01 -3.067242e+01 3.463360e+01
    endloop
  endfacet
  facet normal 9.651384e-01 4.857903e-05 -2.617402e-01
    outer loop
      vertex   -2.343798e+01 -3.185505e+01 4.161268e+01
      vertex   -2.533073e+01 -3.067242e+01 3.463360e+01
      vertex   -2.532736e+01 -3.067243e+01 3.464602e+01
    endloop
  endfacet
  facet normal 9.651384e-01 4.857904e-05 -2.617402e-01
    outer loop
      vertex   -2.532736e+01 -3.067243e+01 3.464602e+01
      vertex   -2.532399e+01 -3.067243e+01 3.465845e+01
      vertex   -2.343798e+01 -3.185505e+01 4.161268e+01
    endloop
  endfacet
  facet normal 9.651384e-01 4.857906e-05 -2.617402e-01
    outer loop
      vertex   -2.343798e+01 -3.185505e+01 4.161268e+01
      vertex   -2.532399e+01 -3.067243e+01 3.465845e+01
      vertex   -2.532062e+01 -3.067242e+01 3.467087e+01
    endloop
  endfacet
  facet normal 9.651384e-01 4.857903e-05 -2.617402e-01
    outer loop
      vertex   -2.343798e+01 -3.185505e+01 4.161268e+01
      vertex   -2.532062e+01 -3.067242e+01 3.467087e+01
      vertex   -2.453597e+01 -3.066785e+01 3.756416e+01
    endloop
  endfacet
  facet normal 9.651384e-01 4.857903e-05 -2.617402e-01
    outer loop
      vertex   -2.453597e+01 -3.066785e+01 3.756416e+01
      vertex   -2.452725e+01 -3.066711e+01 3.759633e+01
      vertex   -2.343798e+01 -3.185505e+01 4.161268e+01
    endloop
  endfacet
  facet normal 9.651384e-01 4.857903e-05 -2.617402e-01
    outer loop
      vertex   -2.343798e+01 -3.185505e+01 4.161268e+01
      vertex   -2.452725e+01 -3.066711e+01 3.759633e+01
      vertex   -2.451855e+01 -3.066499e+01 3.762843e+01
    endloop
  endfacet
  facet normal 9.651384e-01 4.857903e-05 -2.617402e-01
    outer loop
      vertex   -2.343798e+01 -3.185505e+01 4.161268e+01
      vertex   -2.451855e+01 -3.066499e+01 3.762843e+01
      vertex   -2.450987e+01 -3.066151e+01 3.766043e+01
    endloop
  endfacet
  facet normal 9.651384e-01 4.857903e-05 -2.617402e-01
    outer loop
      vertex   -2.450987e+01 -3.066151e+01 3.766043e+01
      vertex   -2.448183e+01 -3.064005e+01 3.776382e+01
      vertex   -2.343798e+01 -3.185505e+01 4.161268e+01
    endloop
  endfacet
  facet normal 9.651384e-01 4.857903e-05 -2.617402e-01
    outer loop
      vertex   -2.343798e+01 -3.185505e+01 4.161268e+01
      vertex   -2.448183e+01 -3.064005e+01 3.776382e+01
      vertex   -2.445485e+01 -3.060380e+01 3.786331e+01
    endloop
  endfacet
  facet normal 9.651384e-01 4.857903e-05 -2.617402e-01
    outer loop
      vertex   -2.343798e+01 -3.185505e+01 4.161268e+01
      vertex   -2.445485e+01 -3.060380e+01 3.786331e+01
      vertex   -2.442937e+01 -3.055382e+01 3.795730e+01
    endloop
  endfacet
  facet normal 9.651384e-01 4.857903e-05 -2.617402e-01
    outer loop
      vertex   -2.442937e+01 -3.055382e+01 3.795730e+01
      vertex   -2.440586e+01 -3.049126e+01 3.804399e+01
      vertex   -2.343798e+01 -3.185505e+01 4.161268e+01
    endloop
  endfacet
  facet normal 9.651384e-01 4.857903e-05 -2.617402e-01
    outer loop
      vertex   -2.343798e+01 -3.185505e+01 4.161268e+01
      vertex   -2.440586e+01 -3.049126e+01 3.804399e+01
      vertex   -2.439170e+01 -3.044382e+01 3.809619e+01
    endloop
  endfacet
  facet normal 9.651384e-01 4.857903e-05 -2.617402e-01
    outer loop
      vertex   -2.343798e+01 -3.185505e+01 4.161268e+01
      vertex   -2.439170e+01 -3.044382e+01 3.809619e+01
      vertex   -2.437873e+01 -3.039176e+01 3.814404e+01
    endloop
  endfacet
  facet normal 9.651384e-01 4.857903e-05 -2.617402e-01
    outer loop
      vertex   -2.437873e+01 -3.039176e+01 3.814404e+01
      vertex   -2.436707e+01 -3.033539e+01 3.818706e+01
      vertex   -2.343798e+01 -3.185505e+01 4.161268e+01
    endloop
  endfacet
  facet normal 9.651384e-01 4.857903e-05 -2.617402e-01
    outer loop
      vertex   -2.343798e+01 -3.185505e+01 4.161268e+01
      vertex   -2.436707e+01 -3.033539e+01 3.818706e+01
      vertex   -2.435684e+01 -3.027504e+01 3.822479e+01
    endloop
  endfacet
  facet normal 9.651384e-01 4.857903e-05 -2.617402e-01
    outer loop
      vertex   -2.343798e+01 -3.185505e+01 4.161268e+01
      vertex   -2.435684e+01 -3.027504e+01 3.822479e+01
      vertex   -2.435599e+01 -3.026947e+01 3.822792e+01
    endloop
  endfacet
  facet normal 9.651384e-01 4.857903e-05 -2.617402e-01
    outer loop
      vertex   -2.435599e+01 -3.026947e+01 3.822792e+01
      vertex   -2.435514e+01 -3.026391e+01 3.823104e+01
      vertex   -2.343798e+01 -3.185505e+01 4.161268e+01
    endloop
  endfacet
  facet normal 9.651384e-01 4.857903e-05 -2.617402e-01
    outer loop
      vertex   -2.343798e+01 -3.185505e+01 4.161268e+01
      vertex   -2.435514e+01 -3.026391e+01 3.823104e+01
      vertex   -2.435430e+01 -3.025834e+01 3.823416e+01
    endloop
  endfacet
  facet normal 9.651384e-01 4.857904e-05 -2.617402e-01
    outer loop
      vertex   -2.343798e+01 -3.185505e+01 4.161268e+01
      vertex   -2.435430e+01 -3.025834e+01 3.823416e+01
      vertex   -2.435345e+01 -3.025278e+01 3.823728e+01
    endloop
  endfacet
  facet normal 9.651384e-01 4.857903e-05 -2.617402e-01
    outer loop
      vertex   -2.435345e+01 -3.025278e+01 3.823728e+01
      vertex   -2.395894e+01 -2.765357e+01 3.969249e+01
      vertex   -2.343798e+01 -3.185505e+01 4.161268e+01
    endloop
  endfacet
  facet normal 9.651384e-01 4.857903e-05 -2.617402e-01
    outer loop
      vertex   -2.343798e+01 -3.185505e+01 4.161268e+01
      vertex   -2.395894e+01 -2.765357e+01 3.969249e+01
      vertex   -2.395324e+01 -2.761342e+01 3.971351e+01
    endloop
  endfacet
  facet normal 9.651384e-01 4.857903e-05 -2.617402e-01
    outer loop
      vertex   -2.343798e+01 -3.185505e+01 4.161268e+01
      vertex   -2.395324e+01 -2.761342e+01 3.971351e+01
      vertex   -2.394195e+01 -2.750933e+01 3.975515e+01
    endloop
  endfacet
  facet normal 9.651384e-01 4.857903e-05 -2.617402e-01
    outer loop
      vertex   -2.394195e+01 -2.750933e+01 3.975515e+01
      vertex   -2.393476e+01 -2.740001e+01 3.978167e+01
      vertex   -2.343798e+01 -3.185505e+01 4.161268e+01
    endloop
  endfacet
  facet normal 9.651384e-01 4.857903e-05 -2.617402e-01
    outer loop
      vertex   -2.343798e+01 -3.185505e+01 4.161268e+01
      vertex   -2.393476e+01 -2.740001e+01 3.978167e+01
      vertex   -2.344119e+01 -2.465506e+01 4.160218e+01
    endloop
  endfacet
  facet normal 9.651384e-01 4.857903e-05 -2.617402e-01
    outer loop
      vertex   -2.344119e+01 -2.465506e+01 4.160218e+01
      vertex   -2.393476e+01 -2.740001e+01 3.978167e+01
      vertex   -2.393168e+01 -2.728780e+01 3.979307e+01
    endloop
  endfacet
  facet normal 9.651384e-01 4.857903e-05 -2.617402e-01
    outer loop
      vertex   -2.344119e+01 -2.465506e+01 4.160218e+01
      vertex   -2.393168e+01 -2.728780e+01 3.979307e+01
      vertex   -2.393269e+01 -2.717503e+01 3.978935e+01
    endloop
  endfacet
  facet normal 9.651384e-01 4.857903e-05 -2.617402e-01
    outer loop
      vertex   -2.393269e+01 -2.717503e+01 3.978935e+01
      vertex   -2.393545e+01 -2.710445e+01 3.977920e+01
      vertex   -2.344119e+01 -2.465506e+01 4.160218e+01
    endloop
  endfacet
  facet normal 9.651384e-01 4.857903e-05 -2.617402e-01
    outer loop
      vertex   -2.344119e+01 -2.465506e+01 4.160218e+01
      vertex   -2.393545e+01 -2.710445e+01 3.977920e+01
      vertex   -2.393985e+01 -2.703514e+01 3.976300e+01
    endloop
  endfacet
  facet normal 9.651384e-01 4.857903e-05 -2.617402e-01
    outer loop
      vertex   -2.344119e+01 -2.465506e+01 4.160218e+01
      vertex   -2.393985e+01 -2.703514e+01 3.976300e+01
      vertex   -2.394588e+01 -2.696769e+01 3.974076e+01
    endloop
  endfacet
  facet normal 9.651384e-01 4.857903e-05 -2.617402e-01
    outer loop
      vertex   -2.394588e+01 -2.696769e+01 3.974076e+01
      vertex   -2.395355e+01 -2.690267e+01 3.971248e+01
      vertex   -2.344119e+01 -2.465506e+01 4.160218e+01
    endloop
  endfacet
  facet normal 9.651384e-01 4.857903e-05 -2.617402e-01
    outer loop
      vertex   -2.344119e+01 -2.465506e+01 4.160218e+01
      vertex   -2.395355e+01 -2.690267e+01 3.971248e+01
      vertex   -2.395929e+01 -2.686258e+01 3.969133e+01
    endloop
  endfacet
  facet normal 9.651384e-01 4.857903e-05 -2.617402e-01
    outer loop
      vertex   -2.344119e+01 -2.465506e+01 4.160218e+01
      vertex   -2.395929e+01 -2.686258e+01 3.969133e+01
      vertex   -2.429616e+01 -2.466004e+01 3.844958e+01
    endloop
  endfacet
  facet normal 9.651384e-01 4.857903e-05 -2.617402e-01
    outer loop
      vertex   -2.848386e+01 -3.188444e+01 2.300654e+01
      vertex   -2.848551e+01 -2.818444e+01 2.300114e+01
      vertex   -2.599894e+01 -2.816996e+01 3.217012e+01
    endloop
  endfacet
  facet normal -9.747266e-01 -1.087734e-04 2.234011e-01
    outer loop
      vertex   -2.953004e+01 -1.632502e+01 2.977333e+01
      vertex   -2.952877e+01 -1.917743e+01 2.977749e+01
      vertex   -2.949179e+01 -1.632475e+01 2.994021e+01
    endloop
  endfacet
  facet normal -9.747266e-01 -1.087734e-04 2.234011e-01
    outer loop
      vertex   -2.949179e+01 -1.632475e+01 2.994021e+01
      vertex   -2.952877e+01 -1.917743e+01 2.977749e+01
      vertex   -2.949052e+01 -1.917717e+01 2.994437e+01
    endloop
  endfacet
  facet normal -9.965985e-01 -3.241677e-04 8.240926e-02
    outer loop
      vertex   -2.949179e+01 -1.632475e+01 2.994021e+01
      vertex   -2.949052e+01 -1.917717e+01 2.994437e+01
      vertex   -2.947768e+01 -1.632450e+01 3.011084e+01
    endloop
  endfacet
  facet normal -9.965985e-01 -3.241677e-04 8.240926e-02
    outer loop
      vertex   -2.947768e+01 -1.632450e+01 3.011084e+01
      vertex   -2.949052e+01 -1.917717e+01 2.994437e+01
      vertex   -2.947641e+01 -1.917692e+01 3.011500e+01
    endloop
  endfacet
  facet normal -9.981826e-01 -5.329628e-04 -6.026016e-02
    outer loop
      vertex   -2.947768e+01 -1.632450e+01 3.011084e+01
      vertex   -2.947641e+01 -1.917692e+01 3.011500e+01
      vertex   -2.948800e+01 -1.632425e+01 3.028175e+01
    endloop
  endfacet
  facet normal -9.981826e-01 -5.329628e-04 -6.026016e-02
    outer loop
      vertex   -2.948800e+01 -1.632425e+01 3.028175e+01
      vertex   -2.947641e+01 -1.917692e+01 3.011500e+01
      vertex   -2.948673e+01 -1.917667e+01 3.028591e+01
    endloop
  endfacet
  facet normal -9.794465e-01 -7.309084e-04 -2.017029e-01
    outer loop
      vertex   -2.948800e+01 -1.632425e+01 3.028175e+01
      vertex   -2.948673e+01 -1.917667e+01 3.028591e+01
      vertex   -2.952254e+01 -1.632403e+01 3.044944e+01
    endloop
  endfacet
  facet normal -9.794465e-01 -7.309084e-04 -2.017029e-01
    outer loop
      vertex   -2.952254e+01 -1.632403e+01 3.044944e+01
      vertex   -2.948673e+01 -1.917667e+01 3.028591e+01
      vertex   -2.952126e+01 -1.917645e+01 3.045360e+01
    endloop
  endfacet
  facet normal -9.407717e-01 -9.139748e-04 -3.390395e-01
    outer loop
      vertex   -2.952254e+01 -1.632403e+01 3.044944e+01
      vertex   -2.952126e+01 -1.917645e+01 3.045360e+01
      vertex   -2.958059e+01 -1.632382e+01 3.061052e+01
    endloop
  endfacet
  facet normal -9.407717e-01 -9.139748e-04 -3.390395e-01
    outer loop
      vertex   -2.958059e+01 -1.632382e+01 3.061052e+01
      vertex   -2.952126e+01 -1.917645e+01 3.045360e+01
      vertex   -2.957931e+01 -1.917624e+01 3.061468e+01
    endloop
  endfacet
  facet normal -8.829455e-01 -1.078435e-03 -4.694742e-01
    outer loop
      vertex   -2.958059e+01 -1.632382e+01 3.061052e+01
      vertex   -2.957931e+01 -1.917624e+01 3.061468e+01
      vertex   -2.966097e+01 -1.632363e+01 3.076169e+01
    endloop
  endfacet
  facet normal -8.829455e-01 -1.078435e-03 -4.694742e-01
    outer loop
      vertex   -2.966097e+01 -1.632363e+01 3.076169e+01
      vertex   -2.957931e+01 -1.917624e+01 3.061468e+01
      vertex   -2.965969e+01 -1.917605e+01 3.076585e+01
    endloop
  endfacet
  facet normal -8.071451e-01 -1.220942e-03 -5.903518e-01
    outer loop
      vertex   -2.966097e+01 -1.632363e+01 3.076169e+01
      vertex   -2.965969e+01 -1.917605e+01 3.076585e+01
      vertex   -2.976204e+01 -1.632348e+01 3.089988e+01
    endloop
  endfacet
  facet normal -8.071451e-01 -1.220942e-03 -5.903518e-01
    outer loop
      vertex   -2.976204e+01 -1.632348e+01 3.089988e+01
      vertex   -2.965969e+01 -1.917605e+01 3.076585e+01
      vertex   -2.976077e+01 -1.917590e+01 3.090404e+01
    endloop
  endfacet
  facet normal -7.149136e-01 -1.338594e-03 -6.992116e-01
    outer loop
      vertex   -2.976204e+01 -1.632348e+01 3.089988e+01
      vertex   -2.976077e+01 -1.917590e+01 3.090404e+01
      vertex   -2.988176e+01 -1.632335e+01 3.102229e+01
    endloop
  endfacet
  facet normal -7.149136e-01 -1.338594e-03 -6.992116e-01
    outer loop
      vertex   -2.988176e+01 -1.632335e+01 3.102229e+01
      vertex   -2.976077e+01 -1.917590e+01 3.090404e+01
      vertex   -2.988049e+01 -1.917577e+01 3.102645e+01
    endloop
  endfacet
  facet normal -6.081284e-01 -1.428996e-03 -7.938374e-01
    outer loop
      vertex   -2.988176e+01 -1.632335e+01 3.102229e+01
      vertex   -2.988049e+01 -1.917577e+01 3.102645e+01
      vertex   -3.001767e+01 -1.632326e+01 3.112641e+01
    endloop
  endfacet
  facet normal -6.081284e-01 -1.428996e-03 -7.938374e-01
    outer loop
      vertex   -3.001767e+01 -1.632326e+01 3.112641e+01
      vertex   -2.988049e+01 -1.917577e+01 3.102645e+01
      vertex   -3.001640e+01 -1.917568e+01 3.113057e+01
    endloop
  endfacet
  facet normal -4.889636e-01 -1.490307e-03 -8.723029e-01
    outer loop
      vertex   -3.001767e+01 -1.632326e+01 3.112641e+01
      vertex   -3.001640e+01 -1.917568e+01 3.113057e+01
      vertex   -3.016702e+01 -1.632320e+01 3.121012e+01
    endloop
  endfacet
  facet normal -4.889636e-01 -1.490307e-03 -8.723029e-01
    outer loop
      vertex   -3.016702e+01 -1.632320e+01 3.121012e+01
      vertex   -3.001640e+01 -1.917568e+01 3.113057e+01
      vertex   -3.016575e+01 -1.917562e+01 3.121428e+01
    endloop
  endfacet
  facet normal -3.598448e-01 -1.521281e-03 -9.330109e-01
    outer loop
      vertex   -3.016702e+01 -1.632320e+01 3.121012e+01
      vertex   -3.016575e+01 -1.917562e+01 3.121428e+01
      vertex   -3.032677e+01 -1.632318e+01 3.127173e+01
    endloop
  endfacet
  facet normal -3.598448e-01 -1.521281e-03 -9.330109e-01
    outer loop
      vertex   -3.032677e+01 -1.632318e+01 3.127173e+01
      vertex   -3.016575e+01 -1.917562e+01 3.121428e+01
      vertex   -3.032550e+01 -1.917560e+01 3.127589e+01
    endloop
  endfacet
  facet normal -2.234006e-01 -1.521285e-03 -9.747255e-01
    outer loop
      vertex   -3.032677e+01 -1.632318e+01 3.127173e+01
      vertex   -3.032550e+01 -1.917560e+01 3.127589e+01
      vertex   -3.049366e+01 -1.632320e+01 3.130998e+01
    endloop
  endfacet
  facet normal -2.234006e-01 -1.521285e-03 -9.747255e-01
    outer loop
      vertex   -3.049366e+01 -1.632320e+01 3.130998e+01
      vertex   -3.032550e+01 -1.917560e+01 3.127589e+01
      vertex   -3.049238e+01 -1.917562e+01 3.131414e+01
    endloop
  endfacet
  facet normal -8.240869e-02 -1.490320e-03 -9.965975e-01
    outer loop
      vertex   -3.049366e+01 -1.632320e+01 3.130998e+01
      vertex   -3.049238e+01 -1.917562e+01 3.131414e+01
      vertex   -3.066429e+01 -1.632326e+01 3.132409e+01
    endloop
  endfacet
  facet normal -8.240869e-02 -1.490320e-03 -9.965975e-01
    outer loop
      vertex   -3.066429e+01 -1.632326e+01 3.132409e+01
      vertex   -3.049238e+01 -1.917562e+01 3.131414e+01
      vertex   -3.066302e+01 -1.917568e+01 3.132825e+01
    endloop
  endfacet
  facet normal 6.026087e-02 -1.429017e-03 -9.981816e-01
    outer loop
      vertex   -3.066429e+01 -1.632326e+01 3.132409e+01
      vertex   -3.066302e+01 -1.917568e+01 3.132825e+01
      vertex   -3.083519e+01 -1.632335e+01 3.131378e+01
    endloop
  endfacet
  facet normal 6.026087e-02 -1.429017e-03 -9.981816e-01
    outer loop
      vertex   -3.083519e+01 -1.632335e+01 3.131378e+01
      vertex   -3.066302e+01 -1.917568e+01 3.132825e+01
      vertex   -3.083392e+01 -1.917577e+01 3.131794e+01
    endloop
  endfacet
  facet normal 2.017037e-01 -1.338623e-03 -9.794457e-01
    outer loop
      vertex   -3.083519e+01 -1.632335e+01 3.131378e+01
      vertex   -3.083392e+01 -1.917577e+01 3.131794e+01
      vertex   -3.100289e+01 -1.632348e+01 3.127924e+01
    endloop
  endfacet
  facet normal 2.017037e-01 -1.338623e-03 -9.794457e-01
    outer loop
      vertex   -3.100289e+01 -1.632348e+01 3.127924e+01
      vertex   -3.083392e+01 -1.917577e+01 3.131794e+01
      vertex   -3.100161e+01 -1.917589e+01 3.128340e+01
    endloop
  endfacet
  facet normal 3.390404e-01 -1.220979e-03 -9.407710e-01
    outer loop
      vertex   -3.100289e+01 -1.632348e+01 3.127924e+01
      vertex   -3.100161e+01 -1.917589e+01 3.128340e+01
      vertex   -3.116396e+01 -1.632363e+01 3.122119e+01
    endloop
  endfacet
  facet normal 3.390404e-01 -1.220979e-03 -9.407710e-01
    outer loop
      vertex   -3.116396e+01 -1.632363e+01 3.122119e+01
      vertex   -3.100161e+01 -1.917589e+01 3.128340e+01
      vertex   -3.116269e+01 -1.917605e+01 3.122535e+01
    endloop
  endfacet
  facet normal 4.694752e-01 -1.078479e-03 -8.829450e-01
    outer loop
      vertex   -3.116396e+01 -1.632363e+01 3.122119e+01
      vertex   -3.116269e+01 -1.917605e+01 3.122535e+01
      vertex   -3.131513e+01 -1.632382e+01 3.114081e+01
    endloop
  endfacet
  facet normal 4.694752e-01 -1.078479e-03 -8.829450e-01
    outer loop
      vertex   -3.131513e+01 -1.632382e+01 3.114081e+01
      vertex   -3.116269e+01 -1.917605e+01 3.122535e+01
      vertex   -3.131386e+01 -1.917624e+01 3.114497e+01
    endloop
  endfacet
  facet normal 5.903529e-01 -9.140244e-04 -8.071447e-01
    outer loop
      vertex   -3.131513e+01 -1.632382e+01 3.114081e+01
      vertex   -3.131386e+01 -1.917624e+01 3.114497e+01
      vertex   -3.145333e+01 -1.632403e+01 3.103974e+01
    endloop
  endfacet
  facet normal 5.903529e-01 -9.140244e-04 -8.071447e-01
    outer loop
      vertex   -3.145333e+01 -1.632403e+01 3.103974e+01
      vertex   -3.131386e+01 -1.917624e+01 3.114497e+01
      vertex   -3.145205e+01 -1.917645e+01 3.104390e+01
    endloop
  endfacet
  facet normal 6.992127e-01 -7.309628e-04 -7.149133e-01
    outer loop
      vertex   -3.145333e+01 -1.632403e+01 3.103974e+01
      vertex   -3.145205e+01 -1.917645e+01 3.104390e+01
      vertex   -3.157573e+01 -1.632425e+01 3.092002e+01
    endloop
  endfacet
  facet normal 6.992127e-01 -7.309628e-04 -7.149133e-01
    outer loop
      vertex   -3.157573e+01 -1.632425e+01 3.092002e+01
      vertex   -3.145205e+01 -1.917645e+01 3.104390e+01
      vertex   -3.157446e+01 -1.917667e+01 3.092418e+01
    endloop
  endfacet
  facet normal 7.938385e-01 -5.330209e-04 -6.081284e-01
    outer loop
      vertex   -3.157573e+01 -1.632425e+01 3.092002e+01
      vertex   -3.157446e+01 -1.917667e+01 3.092418e+01
      vertex   -3.167985e+01 -1.632450e+01 3.078410e+01
    endloop
  endfacet
  facet normal 7.938385e-01 -5.330209e-04 -6.081284e-01
    outer loop
      vertex   -3.167985e+01 -1.632450e+01 3.078410e+01
      vertex   -3.157446e+01 -1.917667e+01 3.092418e+01
      vertex   -3.167858e+01 -1.917692e+01 3.078826e+01
    endloop
  endfacet
  facet normal 8.723041e-01 -3.242282e-04 -4.889637e-01
    outer loop
      vertex   -3.167985e+01 -1.632450e+01 3.078410e+01
      vertex   -3.167858e+01 -1.917692e+01 3.078826e+01
      vertex   -3.176357e+01 -1.632475e+01 3.063475e+01
    endloop
  endfacet
  facet normal 8.723041e-01 -3.242282e-04 -4.889637e-01
    outer loop
      vertex   -3.176357e+01 -1.632475e+01 3.063475e+01
      vertex   -3.167858e+01 -1.917692e+01 3.078826e+01
      vertex   -3.176230e+01 -1.917717e+01 3.063891e+01
    endloop
  endfacet
  facet normal 9.330121e-01 -1.088352e-04 -3.598451e-01
    outer loop
      vertex   -3.176357e+01 -1.632475e+01 3.063475e+01
      vertex   -3.176230e+01 -1.917717e+01 3.063891e+01
      vertex   -3.182518e+01 -1.632502e+01 3.047501e+01
    endloop
  endfacet
  facet normal 9.330121e-01 -1.088352e-04 -3.598451e-01
    outer loop
      vertex   -3.182518e+01 -1.632502e+01 3.047501e+01
      vertex   -3.176230e+01 -1.917717e+01 3.063891e+01
      vertex   -3.182391e+01 -1.917743e+01 3.047917e+01
    endloop
  endfacet
  facet normal -9.563059e-01 3.099037e-08 2.923680e-01
    outer loop
      vertex   -3.034740e+01 -1.918171e+01 2.709983e+01
      vertex   -2.997193e+01 -1.917975e+01 2.832794e+01
      vertex   -3.034867e+01 -1.632929e+01 2.709567e+01
    endloop
  endfacet
  facet normal -9.563059e-01 3.099036e-08 2.923680e-01
    outer loop
      vertex   -3.034867e+01 -1.632929e+01 2.709567e+01
      vertex   -2.997193e+01 -1.917975e+01 2.832794e+01
      vertex   -2.953004e+01 -1.632502e+01 2.977333e+01
    endloop
  endfacet
  facet normal -9.563059e-01 3.099034e-08 2.923680e-01
    outer loop
      vertex   -2.953004e+01 -1.632502e+01 2.977333e+01
      vertex   -2.997193e+01 -1.917975e+01 2.832794e+01
      vertex   -2.952877e+01 -1.917743e+01 2.977749e+01
    endloop
  endfacet
  facet normal -2.908272e-01 1.265819e-03 9.567748e-01
    outer loop
      vertex   -3.122287e+01 -1.633087e+01 2.627807e+01
      vertex   -3.122160e+01 -1.918329e+01 2.628223e+01
      vertex   -3.107311e+01 -1.633073e+01 2.632359e+01
    endloop
  endfacet
  facet normal -2.947120e-01 1.485297e-03 9.555850e-01
    outer loop
      vertex   -3.107311e+01 -1.633073e+01 2.632359e+01
      vertex   -3.122160e+01 -1.918329e+01 2.628223e+01
      vertex   -3.106273e+01 -1.918315e+01 2.633123e+01
    endloop
  endfacet
  facet normal -4.128900e-01 9.352226e-04 9.107804e-01
    outer loop
      vertex   -3.107311e+01 -1.633073e+01 2.632359e+01
      vertex   -3.106273e+01 -1.918315e+01 2.633123e+01
      vertex   -3.093054e+01 -1.633058e+01 2.638822e+01
    endloop
  endfacet
  facet normal -4.239601e-01 1.550101e-03 9.056795e-01
    outer loop
      vertex   -3.093054e+01 -1.633058e+01 2.638822e+01
      vertex   -3.106273e+01 -1.918315e+01 2.633123e+01
      vertex   -3.091215e+01 -1.918298e+01 2.640171e+01
    endloop
  endfacet
  facet normal -5.279276e-01 6.128866e-04 8.492892e-01
    outer loop
      vertex   -3.093054e+01 -1.633058e+01 2.638822e+01
      vertex   -3.091215e+01 -1.918298e+01 2.640171e+01
      vertex   -3.079761e+01 -1.633040e+01 2.647086e+01
    endloop
  endfacet
  facet normal -5.450700e-01 1.565440e-03 8.383891e-01
    outer loop
      vertex   -3.079761e+01 -1.633040e+01 2.647086e+01
      vertex   -3.091215e+01 -1.918298e+01 2.640171e+01
      vertex   -3.077276e+01 -1.918278e+01 2.649233e+01
    endloop
  endfacet
  facet normal -6.339825e-01 3.012211e-04 7.733473e-01
    outer loop
      vertex   -3.079761e+01 -1.633040e+01 2.647086e+01
      vertex   -3.077276e+01 -1.918278e+01 2.649233e+01
      vertex   -3.067655e+01 -1.633020e+01 2.657009e+01
    endloop
  endfacet
  facet normal -6.557170e-01 1.534225e-03 7.550052e-01
    outer loop
      vertex   -3.067655e+01 -1.633020e+01 2.657009e+01
      vertex   -3.077276e+01 -1.918278e+01 2.649233e+01
      vertex   -3.064724e+01 -1.918257e+01 2.660135e+01
    endloop
  endfacet
  facet normal -7.292503e-01 2.925614e-06 6.842471e-01
    outer loop
      vertex   -3.067655e+01 -1.633020e+01 2.657009e+01
      vertex   -3.064724e+01 -1.918257e+01 2.660135e+01
      vertex   -3.056945e+01 -1.632998e+01 2.668424e+01
    endloop
  endfacet
  facet normal -7.537770e-01 1.459727e-03 6.571287e-01
    outer loop
      vertex   -3.056945e+01 -1.632998e+01 2.668424e+01
      vertex   -3.064724e+01 -1.918257e+01 2.660135e+01
      vertex   -3.053798e+01 -1.918233e+01 2.672667e+01
    endloop
  endfacet
  facet normal -8.121099e-01 -2.790576e-04 5.835044e-01
    outer loop
      vertex   -3.056945e+01 -1.632998e+01 2.668424e+01
      vertex   -3.053798e+01 -1.918233e+01 2.672667e+01
      vertex   -3.047811e+01 -1.632976e+01 2.681136e+01
    endloop
  endfacet
  facet normal -8.373678e-01 1.345518e-03 5.466382e-01
    outer loop
      vertex   -3.047811e+01 -1.632976e+01 2.681136e+01
      vertex   -3.053798e+01 -1.918233e+01 2.672667e+01
      vertex   -3.044710e+01 -1.918209e+01 2.686589e+01
    endloop
  endfacet
  facet normal -8.811516e-01 -5.415933e-04 4.728335e-01
    outer loop
      vertex   -3.047811e+01 -1.632976e+01 2.681136e+01
      vertex   -3.044710e+01 -1.918209e+01 2.686589e+01
      vertex   -3.040410e+01 -1.632952e+01 2.694929e+01
    endloop
  endfacet
  facet normal -9.048849e-01 1.195402e-03 4.256547e-01
    outer loop
      vertex   -3.040410e+01 -1.632952e+01 2.694929e+01
      vertex   -3.044710e+01 -1.918209e+01 2.686589e+01
      vertex   -3.037633e+01 -1.918184e+01 2.701634e+01
    endloop
  endfacet
  facet normal -9.352007e-01 -7.814066e-04 3.541174e-01
    outer loop
      vertex   -3.040410e+01 -1.632952e+01 2.694929e+01
      vertex   -3.037633e+01 -1.918184e+01 2.701634e+01
      vertex   -3.034867e+01 -1.632929e+01 2.709567e+01
    endloop
  endfacet
  facet normal -9.365703e-01 -6.669398e-04 3.504792e-01
    outer loop
      vertex   -3.034867e+01 -1.632929e+01 2.709567e+01
      vertex   -3.037633e+01 -1.918184e+01 2.701634e+01
      vertex   -3.036600e+01 -1.918180e+01 2.704393e+01
    endloop
  endfacet
  facet normal -9.448925e-01 -1.973729e-04 3.273807e-01
    outer loop
      vertex   -3.034867e+01 -1.632929e+01 2.709567e+01
      vertex   -3.036600e+01 -1.918180e+01 2.704393e+01
      vertex   -3.035636e+01 -1.918175e+01 2.707177e+01
    endloop
  endfacet
  facet normal -9.526448e-01 1.875337e-05 3.040852e-01
    outer loop
      vertex   -3.035636e+01 -1.918175e+01 2.707177e+01
      vertex   -3.034740e+01 -1.918171e+01 2.709983e+01
      vertex   -3.034867e+01 -1.632929e+01 2.709567e+01
    endloop
  endfacet
  facet normal 4.526178e-01 1.502398e-03 8.917033e-01
    outer loop
      vertex   -3.216111e+01 -1.918346e+01 2.645255e+01
      vertex   -3.207138e+01 -1.918348e+01 2.640700e+01
      vertex   -3.216238e+01 -1.633104e+01 2.644839e+01
    endloop
  endfacet
  facet normal 4.245508e-01 4.082156e-04 9.054040e-01
    outer loop
      vertex   -3.216238e+01 -1.633104e+01 2.644839e+01
      vertex   -3.207138e+01 -1.918348e+01 2.640700e+01
      vertex   -3.198654e+01 -1.633108e+01 2.636594e+01
    endloop
  endfacet
  facet normal 3.918144e-01 1.592639e-03 9.200429e-01
    outer loop
      vertex   -3.198654e+01 -1.633108e+01 2.636594e+01
      vertex   -3.207138e+01 -1.918348e+01 2.640700e+01
      vertex   -3.197880e+01 -1.918350e+01 2.636758e+01
    endloop
  endfacet
  facet normal 3.292478e-01 1.436740e-03 9.442425e-01
    outer loop
      vertex   -3.198654e+01 -1.633108e+01 2.636594e+01
      vertex   -3.197880e+01 -1.918350e+01 2.636758e+01
      vertex   -3.188378e+01 -1.918351e+01 2.633445e+01
    endloop
  endfacet
  facet normal 3.040133e-01 4.346742e-04 9.526677e-01
    outer loop
      vertex   -3.198654e+01 -1.633108e+01 2.636594e+01
      vertex   -3.188378e+01 -1.918351e+01 2.633445e+01
      vertex   -3.180153e+01 -1.633108e+01 2.630690e+01
    endloop
  endfacet
  facet normal 2.755926e-01 1.337412e-03 9.612736e-01
    outer loop
      vertex   -3.180153e+01 -1.633108e+01 2.630690e+01
      vertex   -3.188378e+01 -1.918351e+01 2.633445e+01
      vertex   -3.181818e+01 -1.918350e+01 2.631564e+01
    endloop
  endfacet
  facet normal 2.048647e-01 1.803961e-03 9.787886e-01
    outer loop
      vertex   -3.180153e+01 -1.633108e+01 2.630690e+01
      vertex   -3.181818e+01 -1.918350e+01 2.631564e+01
      vertex   -3.167104e+01 -1.918348e+01 2.628484e+01
    endloop
  endfacet
  facet normal 1.783797e-01 5.524225e-04 9.839616e-01
    outer loop
      vertex   -3.180153e+01 -1.633108e+01 2.630690e+01
      vertex   -3.167104e+01 -1.918348e+01 2.628484e+01
      vertex   -3.161043e+01 -1.633105e+01 2.627225e+01
    endloop
  endfacet
  facet normal 1.058710e-01 2.139165e-03 9.943776e-01
    outer loop
      vertex   -3.161043e+01 -1.633105e+01 2.627225e+01
      vertex   -3.167104e+01 -1.918348e+01 2.628484e+01
      vertex   -3.152157e+01 -1.918344e+01 2.626893e+01
    endloop
  endfacet
  facet normal 4.975588e-02 3.858561e-04 9.987613e-01
    outer loop
      vertex   -3.161043e+01 -1.633105e+01 2.627225e+01
      vertex   -3.152157e+01 -1.918344e+01 2.626893e+01
      vertex   -3.141646e+01 -1.633098e+01 2.626259e+01
    endloop
  endfacet
  facet normal 5.814294e-03 2.007693e-03 9.999811e-01
    outer loop
      vertex   -3.141646e+01 -1.633098e+01 2.626259e+01
      vertex   -3.152157e+01 -1.918344e+01 2.626893e+01
      vertex   -3.137125e+01 -1.918337e+01 2.626805e+01
    endloop
  endfacet
  facet normal -7.970218e-02 6.461442e-04 9.968185e-01
    outer loop
      vertex   -3.141646e+01 -1.633098e+01 2.626259e+01
      vertex   -3.137125e+01 -1.918337e+01 2.626805e+01
      vertex   -3.122287e+01 -1.633087e+01 2.627807e+01
    endloop
  endfacet
  facet normal -9.430065e-02 1.409991e-03 9.955428e-01
    outer loop
      vertex   -3.122287e+01 -1.633087e+01 2.627807e+01
      vertex   -3.137125e+01 -1.918337e+01 2.626805e+01
      vertex   -3.122160e+01 -1.918329e+01 2.628223e+01
    endloop
  endfacet
  facet normal 9.626724e-01 3.445623e-05 -2.706692e-01
    outer loop
      vertex   -3.264254e+01 -1.918171e+01 2.780152e+01
      vertex   -3.265722e+01 -1.918179e+01 2.774927e+01
      vertex   -3.264381e+01 -1.632929e+01 2.779736e+01
    endloop
  endfacet
  facet normal 9.739256e-01 -7.568330e-04 -2.268662e-01
    outer loop
      vertex   -3.264381e+01 -1.632929e+01 2.779736e+01
      vertex   -3.265722e+01 -1.918179e+01 2.774927e+01
      vertex   -3.266954e+01 -1.918187e+01 2.769642e+01
    endloop
  endfacet
  facet normal 9.746495e-01 -8.741473e-04 -2.237353e-01
    outer loop
      vertex   -3.264381e+01 -1.632929e+01 2.779736e+01
      vertex   -3.266954e+01 -1.918187e+01 2.769642e+01
      vertex   -3.268193e+01 -1.632954e+01 2.763129e+01
    endloop
  endfacet
  facet normal 9.831869e-01 1.022324e-04 -1.826019e-01
    outer loop
      vertex   -3.268193e+01 -1.632954e+01 2.763129e+01
      vertex   -3.266954e+01 -1.918187e+01 2.769642e+01
      vertex   -3.267945e+01 -1.918195e+01 2.764306e+01
    endloop
  endfacet
  facet normal 9.959919e-01 4.980041e-04 -8.944198e-02
    outer loop
      vertex   -3.268193e+01 -1.632954e+01 2.763129e+01
      vertex   -3.267945e+01 -1.918195e+01 2.764306e+01
      vertex   -3.269477e+01 -1.918221e+01 2.747240e+01
    endloop
  endfacet
  facet normal 9.965129e-01 1.613085e-04 -8.343906e-02
    outer loop
      vertex   -3.268193e+01 -1.632954e+01 2.763129e+01
      vertex   -3.269477e+01 -1.918221e+01 2.747240e+01
      vertex   -3.269615e+01 -1.632980e+01 2.746149e+01
    endloop
  endfacet
  facet normal 9.985769e-01 6.852931e-04 5.332683e-02
    outer loop
      vertex   -3.269615e+01 -1.632980e+01 2.746149e+01
      vertex   -3.269477e+01 -1.918221e+01 2.747240e+01
      vertex   -3.268563e+01 -1.918245e+01 2.730129e+01
    endloop
  endfacet
  facet normal 9.982849e-01 3.914146e-04 5.854075e-02
    outer loop
      vertex   -3.269615e+01 -1.632980e+01 2.746149e+01
      vertex   -3.268563e+01 -1.918245e+01 2.730129e+01
      vertex   -3.268617e+01 -1.633004e+01 2.729139e+01
    endloop
  endfacet
  facet normal 9.808012e-01 8.616468e-04 1.950083e-01
    outer loop
      vertex   -3.268617e+01 -1.633004e+01 2.729139e+01
      vertex   -3.268563e+01 -1.918245e+01 2.730129e+01
      vertex   -3.265222e+01 -1.918268e+01 2.713323e+01
    endloop
  endfacet
  facet normal 9.799301e-01 6.110960e-04 1.993403e-01
    outer loop
      vertex   -3.268617e+01 -1.633004e+01 2.729139e+01
      vertex   -3.265222e+01 -1.918268e+01 2.713323e+01
      vertex   -3.265221e+01 -1.633027e+01 2.712443e+01
    endloop
  endfacet
  facet normal 9.430273e-01 1.023013e-03 3.327137e-01
    outer loop
      vertex   -3.265221e+01 -1.633027e+01 2.712443e+01
      vertex   -3.265222e+01 -1.918268e+01 2.713323e+01
      vertex   -3.259521e+01 -1.918289e+01 2.697164e+01
    endloop
  endfacet
  facet normal 9.418185e-01 8.163772e-04 3.361208e-01
    outer loop
      vertex   -3.265221e+01 -1.633027e+01 2.712443e+01
      vertex   -3.259521e+01 -1.918289e+01 2.697164e+01
      vertex   -3.259493e+01 -1.633048e+01 2.696395e+01
    endloop
  endfacet
  facet normal 8.860255e-01 1.165641e-03 4.636351e-01
    outer loop
      vertex   -3.259493e+01 -1.633048e+01 2.696395e+01
      vertex   -3.259521e+01 -1.918289e+01 2.697164e+01
      vertex   -3.251576e+01 -1.918308e+01 2.681982e+01
    endloop
  endfacet
  facet normal 8.847185e-01 1.003579e-03 4.661247e-01
    outer loop
      vertex   -3.259493e+01 -1.633048e+01 2.696395e+01
      vertex   -3.251576e+01 -1.918308e+01 2.681982e+01
      vertex   -3.251551e+01 -1.633066e+01 2.681320e+01
    endloop
  endfacet
  facet normal 8.109578e-01 1.286155e-03 5.851032e-01
    outer loop
      vertex   -3.251551e+01 -1.633066e+01 2.681320e+01
      vertex   -3.251576e+01 -1.918308e+01 2.681982e+01
      vertex   -3.241550e+01 -1.918324e+01 2.668086e+01
    endloop
  endfacet
  facet normal 8.097812e-01 1.169391e-03 5.867308e-01
    outer loop
      vertex   -3.251551e+01 -1.633066e+01 2.681320e+01
      vertex   -3.241550e+01 -1.918324e+01 2.668086e+01
      vertex   -3.241554e+01 -1.633082e+01 2.667523e+01
    endloop
  endfacet
  facet normal 7.193551e-01 1.381624e-03 6.946412e-01
    outer loop
      vertex   -3.241554e+01 -1.633082e+01 2.667523e+01
      vertex   -3.241550e+01 -1.918324e+01 2.668086e+01
      vertex   -3.229648e+01 -1.918337e+01 2.655760e+01
    endloop
  endfacet
  facet normal 7.185175e-01 1.310940e-03 6.955076e-01
    outer loop
      vertex   -3.241554e+01 -1.633082e+01 2.667523e+01
      vertex   -3.229648e+01 -1.918337e+01 2.655760e+01
      vertex   -3.229703e+01 -1.633095e+01 2.655280e+01
    endloop
  endfacet
  facet normal 6.130849e-01 1.449625e-03 7.900157e-01
    outer loop
      vertex   -3.229703e+01 -1.633095e+01 2.655280e+01
      vertex   -3.229648e+01 -1.918337e+01 2.655760e+01
      vertex   -3.216111e+01 -1.918346e+01 2.645255e+01
    endloop
  endfacet
  facet normal 6.127675e-01 1.425849e-03 7.902619e-01
    outer loop
      vertex   -3.229703e+01 -1.633095e+01 2.655280e+01
      vertex   -3.216111e+01 -1.918346e+01 2.645255e+01
      vertex   -3.216238e+01 -1.633104e+01 2.644839e+01
    endloop
  endfacet
  facet normal 9.563059e-01 -3.099037e-08 -2.923680e-01
    outer loop
      vertex   -3.182391e+01 -1.917743e+01 3.047917e+01
      vertex   -3.217736e+01 -1.917928e+01 2.932307e+01
      vertex   -3.182518e+01 -1.632502e+01 3.047501e+01
    endloop
  endfacet
  facet normal 9.563059e-01 -3.099036e-08 -2.923680e-01
    outer loop
      vertex   -3.182518e+01 -1.632502e+01 3.047501e+01
      vertex   -3.217736e+01 -1.917928e+01 2.932307e+01
      vertex   -3.264381e+01 -1.632929e+01 2.779736e+01
    endloop
  endfacet
  facet normal 9.563059e-01 -3.099033e-08 -2.923680e-01
    outer loop
      vertex   -3.264381e+01 -1.632929e+01 2.779736e+01
      vertex   -3.217736e+01 -1.917928e+01 2.932307e+01
      vertex   -3.264254e+01 -1.918171e+01 2.780152e+01
    endloop
  endfacet
  facet normal 9.563059e-01 -3.099037e-08 -2.923680e-01
    outer loop
      vertex   -3.263852e+01 -2.817927e+01 2.781464e+01
      vertex   -3.181989e+01 -2.817500e+01 3.049229e+01
      vertex   -3.263687e+01 -3.188169e+01 2.782004e+01
    endloop
  endfacet
  facet normal 9.563059e-01 -3.099037e-08 -2.923680e-01
    outer loop
      vertex   -3.263687e+01 -3.188169e+01 2.782004e+01
      vertex   -3.181989e+01 -2.817500e+01 3.049229e+01
      vertex   -3.181824e+01 -3.187742e+01 3.049769e+01
    endloop
  endfacet
  facet normal 6.127675e-01 1.425849e-03 7.902619e-01
    outer loop
      vertex   -3.215544e+01 -3.188344e+01 2.647107e+01
      vertex   -3.215710e+01 -2.818102e+01 2.646567e+01
      vertex   -3.229010e+01 -3.188335e+01 2.657548e+01
    endloop
  endfacet
  facet normal 6.127675e-01 1.425849e-03 7.902619e-01
    outer loop
      vertex   -3.229010e+01 -3.188335e+01 2.657548e+01
      vertex   -3.215710e+01 -2.818102e+01 2.646567e+01
      vertex   -3.229175e+01 -2.818093e+01 2.657008e+01
    endloop
  endfacet
  facet normal 7.185175e-01 1.334798e-03 6.955076e-01
    outer loop
      vertex   -3.229010e+01 -3.188335e+01 2.657548e+01
      vertex   -3.229175e+01 -2.818093e+01 2.657008e+01
      vertex   -3.240860e+01 -3.188323e+01 2.669791e+01
    endloop
  endfacet
  facet normal 7.185175e-01 1.334798e-03 6.955076e-01
    outer loop
      vertex   -3.240860e+01 -3.188323e+01 2.669791e+01
      vertex   -3.229175e+01 -2.818093e+01 2.657008e+01
      vertex   -3.241026e+01 -2.818081e+01 2.669251e+01
    endloop
  endfacet
  facet normal 8.097812e-01 1.216836e-03 5.867308e-01
    outer loop
      vertex   -3.240860e+01 -3.188323e+01 2.669791e+01
      vertex   -3.241026e+01 -2.818081e+01 2.669251e+01
      vertex   -3.250858e+01 -3.188307e+01 2.683589e+01
    endloop
  endfacet
  facet normal 8.097812e-01 1.216836e-03 5.867308e-01
    outer loop
      vertex   -3.250858e+01 -3.188307e+01 2.683589e+01
      vertex   -3.241026e+01 -2.818081e+01 2.669251e+01
      vertex   -3.251023e+01 -2.818065e+01 2.683049e+01
    endloop
  endfacet
  facet normal 8.847184e-01 1.074340e-03 4.661246e-01
    outer loop
      vertex   -3.250858e+01 -3.188307e+01 2.683589e+01
      vertex   -3.251023e+01 -2.818065e+01 2.683049e+01
      vertex   -3.258800e+01 -3.188288e+01 2.698663e+01
    endloop
  endfacet
  facet normal 8.847184e-01 1.074340e-03 4.661246e-01
    outer loop
      vertex   -3.258800e+01 -3.188288e+01 2.698663e+01
      vertex   -3.251023e+01 -2.818065e+01 2.683049e+01
      vertex   -3.258965e+01 -2.818047e+01 2.698123e+01
    endloop
  endfacet
  facet normal 9.418185e-01 9.101844e-04 3.361207e-01
    outer loop
      vertex   -3.258800e+01 -3.188288e+01 2.698663e+01
      vertex   -3.258965e+01 -2.818047e+01 2.698123e+01
      vertex   -3.264527e+01 -3.188268e+01 2.714711e+01
    endloop
  endfacet
  facet normal 9.418185e-01 9.101844e-04 3.361207e-01
    outer loop
      vertex   -3.264527e+01 -3.188268e+01 2.714711e+01
      vertex   -3.258965e+01 -2.818047e+01 2.698123e+01
      vertex   -3.264692e+01 -2.818026e+01 2.714171e+01
    endloop
  endfacet
  facet normal 9.799301e-01 7.276779e-04 1.993401e-01
    outer loop
      vertex   -3.264527e+01 -3.188268e+01 2.714711e+01
      vertex   -3.264692e+01 -2.818026e+01 2.714171e+01
      vertex   -3.267924e+01 -3.188245e+01 2.731408e+01
    endloop
  endfacet
  facet normal 9.799301e-01 7.276779e-04 1.993401e-01
    outer loop
      vertex   -3.267924e+01 -3.188245e+01 2.731408e+01
      vertex   -3.264692e+01 -2.818026e+01 2.714171e+01
      vertex   -3.268089e+01 -2.818003e+01 2.730868e+01
    endloop
  endfacet
  facet normal 9.982849e-01 5.305003e-04 5.854054e-02
    outer loop
      vertex   -3.267924e+01 -3.188245e+01 2.731408e+01
      vertex   -3.268089e+01 -2.818003e+01 2.730868e+01
      vertex   -3.268921e+01 -3.188220e+01 2.748418e+01
    endloop
  endfacet
  facet normal 9.982849e-01 5.305003e-04 5.854054e-02
    outer loop
      vertex   -3.268921e+01 -3.188220e+01 2.748418e+01
      vertex   -3.268089e+01 -2.818003e+01 2.730868e+01
      vertex   -3.269086e+01 -2.817979e+01 2.747878e+01
    endloop
  endfacet
  facet normal 9.965128e-01 3.226271e-04 -8.343929e-02
    outer loop
      vertex   -3.268921e+01 -3.188220e+01 2.748418e+01
      vertex   -3.269086e+01 -2.817979e+01 2.747878e+01
      vertex   -3.267499e+01 -3.188195e+01 2.765397e+01
    endloop
  endfacet
  facet normal 9.965128e-01 3.226271e-04 -8.343929e-02
    outer loop
      vertex   -3.267499e+01 -3.188195e+01 2.765397e+01
      vertex   -3.269086e+01 -2.817979e+01 2.747878e+01
      vertex   -3.267665e+01 -2.817953e+01 2.764857e+01
    endloop
  endfacet
  facet normal 9.746496e-01 1.082492e-04 -2.237369e-01
    outer loop
      vertex   -3.267499e+01 -3.188195e+01 2.765397e+01
      vertex   -3.267665e+01 -2.817953e+01 2.764857e+01
      vertex   -3.263687e+01 -3.188169e+01 2.782004e+01
    endloop
  endfacet
  facet normal 9.746496e-01 1.082492e-04 -2.237369e-01
    outer loop
      vertex   -3.263687e+01 -3.188169e+01 2.782004e+01
      vertex   -3.267665e+01 -2.817953e+01 2.764857e+01
      vertex   -3.263852e+01 -2.817927e+01 2.781464e+01
    endloop
  endfacet
  facet normal -7.970254e-02 1.418359e-03 9.968177e-01
    outer loop
      vertex   -3.121594e+01 -3.188327e+01 2.630075e+01
      vertex   -3.121759e+01 -2.818085e+01 2.629535e+01
      vertex   -3.140953e+01 -3.188338e+01 2.628527e+01
    endloop
  endfacet
  facet normal -7.970254e-02 1.418359e-03 9.968177e-01
    outer loop
      vertex   -3.140953e+01 -3.188338e+01 2.628527e+01
      vertex   -3.121759e+01 -2.818085e+01 2.629535e+01
      vertex   -3.141118e+01 -2.818096e+01 2.627987e+01
    endloop
  endfacet
  facet normal 4.975542e-02 1.478916e-03 9.987603e-01
    outer loop
      vertex   -3.140953e+01 -3.188338e+01 2.628527e+01
      vertex   -3.141118e+01 -2.818096e+01 2.627987e+01
      vertex   -3.160350e+01 -3.188345e+01 2.629494e+01
    endloop
  endfacet
  facet normal 4.975542e-02 1.478916e-03 9.987603e-01
    outer loop
      vertex   -3.160350e+01 -3.188345e+01 2.629494e+01
      vertex   -3.141118e+01 -2.818096e+01 2.627987e+01
      vertex   -3.160515e+01 -2.818104e+01 2.628954e+01
    endloop
  endfacet
  facet normal 1.783793e-01 1.514681e-03 9.839606e-01
    outer loop
      vertex   -3.160350e+01 -3.188345e+01 2.629494e+01
      vertex   -3.160515e+01 -2.818104e+01 2.628954e+01
      vertex   -3.179459e+01 -3.188349e+01 2.632958e+01
    endloop
  endfacet
  facet normal 1.783793e-01 1.514681e-03 9.839606e-01
    outer loop
      vertex   -3.179459e+01 -3.188349e+01 2.632958e+01
      vertex   -3.160515e+01 -2.818104e+01 2.628954e+01
      vertex   -3.179624e+01 -2.818107e+01 2.632418e+01
    endloop
  endfacet
  facet normal 3.040130e-01 1.525055e-03 9.526667e-01
    outer loop
      vertex   -3.179459e+01 -3.188349e+01 2.632958e+01
      vertex   -3.179624e+01 -2.818107e+01 2.632418e+01
      vertex   -3.197961e+01 -3.188349e+01 2.638862e+01
    endloop
  endfacet
  facet normal 3.040130e-01 1.525055e-03 9.526667e-01
    outer loop
      vertex   -3.197961e+01 -3.188349e+01 2.638862e+01
      vertex   -3.179624e+01 -2.818107e+01 2.632418e+01
      vertex   -3.198126e+01 -2.818107e+01 2.638322e+01
    endloop
  endfacet
  facet normal 4.245505e-01 1.509864e-03 9.054030e-01
    outer loop
      vertex   -3.197961e+01 -3.188349e+01 2.638862e+01
      vertex   -3.198126e+01 -2.818107e+01 2.638322e+01
      vertex   -3.215544e+01 -3.188344e+01 2.647107e+01
    endloop
  endfacet
  facet normal 4.245505e-01 1.509864e-03 9.054030e-01
    outer loop
      vertex   -3.215544e+01 -3.188344e+01 2.647107e+01
      vertex   -3.198126e+01 -2.818107e+01 2.638322e+01
      vertex   -3.215710e+01 -2.818102e+01 2.646567e+01
    endloop
  endfacet
  facet normal -9.352014e-01 9.950328e-05 3.541162e-01
    outer loop
      vertex   -3.034174e+01 -3.188169e+01 2.711836e+01
      vertex   -3.034339e+01 -2.817927e+01 2.711296e+01
      vertex   -3.039717e+01 -3.188193e+01 2.697197e+01
    endloop
  endfacet
  facet normal -9.352014e-01 9.950328e-05 3.541162e-01
    outer loop
      vertex   -3.039717e+01 -3.188193e+01 2.697197e+01
      vertex   -3.034339e+01 -2.817927e+01 2.711296e+01
      vertex   -3.039882e+01 -2.817951e+01 2.696657e+01
    endloop
  endfacet
  facet normal -8.811523e-01 2.967550e-04 4.728324e-01
    outer loop
      vertex   -3.039717e+01 -3.188193e+01 2.697197e+01
      vertex   -3.039882e+01 -2.817951e+01 2.696657e+01
      vertex   -3.047283e+01 -2.817974e+01 2.682864e+01
    endloop
  endfacet
  facet normal -8.811523e-01 2.967550e-04 4.728324e-01
    outer loop
      vertex   -3.039717e+01 -3.188193e+01 2.697197e+01
      vertex   -3.047283e+01 -2.817974e+01 2.682864e+01
      vertex   -3.047118e+01 -3.188216e+01 2.683404e+01
    endloop
  endfacet
  facet normal -8.121105e-01 4.889574e-04 5.835035e-01
    outer loop
      vertex   -3.047118e+01 -3.188216e+01 2.683404e+01
      vertex   -3.047283e+01 -2.817974e+01 2.682864e+01
      vertex   -3.056417e+01 -2.817997e+01 2.670153e+01
    endloop
  endfacet
  facet normal -8.121105e-01 4.889574e-04 5.835035e-01
    outer loop
      vertex   -3.047118e+01 -3.188216e+01 2.683404e+01
      vertex   -3.056417e+01 -2.817997e+01 2.670153e+01
      vertex   -3.056252e+01 -3.188239e+01 2.670693e+01
    endloop
  endfacet
  facet normal -7.292507e-01 6.728403e-04 6.842462e-01
    outer loop
      vertex   -3.056252e+01 -3.188239e+01 2.670693e+01
      vertex   -3.056417e+01 -2.817997e+01 2.670153e+01
      vertex   -3.067127e+01 -2.818018e+01 2.658738e+01
    endloop
  endfacet
  facet normal -7.292507e-01 6.728403e-04 6.842462e-01
    outer loop
      vertex   -3.056252e+01 -3.188239e+01 2.670693e+01
      vertex   -3.067127e+01 -2.818018e+01 2.658738e+01
      vertex   -3.066962e+01 -3.188260e+01 2.659278e+01
    endloop
  endfacet
  facet normal -6.339828e-01 8.452748e-04 7.733467e-01
    outer loop
      vertex   -3.066962e+01 -3.188260e+01 2.659278e+01
      vertex   -3.067127e+01 -2.818018e+01 2.658738e+01
      vertex   -3.079232e+01 -2.818038e+01 2.648814e+01
    endloop
  endfacet
  facet normal -6.339828e-01 8.452748e-04 7.733467e-01
    outer loop
      vertex   -3.066962e+01 -3.188260e+01 2.659278e+01
      vertex   -3.079232e+01 -2.818038e+01 2.648814e+01
      vertex   -3.079067e+01 -3.188280e+01 2.649354e+01
    endloop
  endfacet
  facet normal -5.279278e-01 1.003327e-03 8.492887e-01
    outer loop
      vertex   -3.079067e+01 -3.188280e+01 2.649354e+01
      vertex   -3.079232e+01 -2.818038e+01 2.648814e+01
      vertex   -3.092526e+01 -2.818056e+01 2.640550e+01
    endloop
  endfacet
  facet normal -5.279278e-01 1.003327e-03 8.492887e-01
    outer loop
      vertex   -3.079067e+01 -3.188280e+01 2.649354e+01
      vertex   -3.092526e+01 -2.818056e+01 2.640550e+01
      vertex   -3.092361e+01 -3.188298e+01 2.641090e+01
    endloop
  endfacet
  facet normal -4.128901e-01 1.144308e-03 9.107801e-01
    outer loop
      vertex   -3.092361e+01 -3.188298e+01 2.641090e+01
      vertex   -3.092526e+01 -2.818056e+01 2.640550e+01
      vertex   -3.106782e+01 -2.818072e+01 2.634087e+01
    endloop
  endfacet
  facet normal -4.128901e-01 1.144308e-03 9.107801e-01
    outer loop
      vertex   -3.092361e+01 -3.188298e+01 2.641090e+01
      vertex   -3.106782e+01 -2.818072e+01 2.634087e+01
      vertex   -3.106617e+01 -3.188314e+01 2.634627e+01
    endloop
  endfacet
  facet normal -2.908272e-01 1.265819e-03 9.567748e-01
    outer loop
      vertex   -3.106617e+01 -3.188314e+01 2.634627e+01
      vertex   -3.106782e+01 -2.818072e+01 2.634087e+01
      vertex   -3.121594e+01 -3.188327e+01 2.630075e+01
    endloop
  endfacet
  facet normal -2.908272e-01 1.265819e-03 9.567748e-01
    outer loop
      vertex   -3.121594e+01 -3.188327e+01 2.630075e+01
      vertex   -3.106782e+01 -2.818072e+01 2.634087e+01
      vertex   -3.121759e+01 -2.818085e+01 2.629535e+01
    endloop
  endfacet
  facet normal -9.563059e-01 3.099037e-08 2.923680e-01
    outer loop
      vertex   -2.952476e+01 -2.817500e+01 2.979061e+01
      vertex   -3.034339e+01 -2.817927e+01 2.711296e+01
      vertex   -2.952311e+01 -3.187742e+01 2.979601e+01
    endloop
  endfacet
  facet normal -9.563059e-01 3.099037e-08 2.923680e-01
    outer loop
      vertex   -2.952311e+01 -3.187742e+01 2.979601e+01
      vertex   -3.034339e+01 -2.817927e+01 2.711296e+01
      vertex   -3.034174e+01 -3.188169e+01 2.711836e+01
    endloop
  endfacet
  facet normal 9.330121e-01 -1.088352e-04 -3.598451e-01
    outer loop
      vertex   -3.181824e+01 -3.187742e+01 3.049769e+01
      vertex   -3.181989e+01 -2.817500e+01 3.049229e+01
      vertex   -3.175663e+01 -3.187716e+01 3.065744e+01
    endloop
  endfacet
  facet normal 9.330121e-01 -1.088352e-04 -3.598451e-01
    outer loop
      vertex   -3.175663e+01 -3.187716e+01 3.065744e+01
      vertex   -3.181989e+01 -2.817500e+01 3.049229e+01
      vertex   -3.175828e+01 -2.817474e+01 3.065204e+01
    endloop
  endfacet
  facet normal 8.723041e-01 -3.242282e-04 -4.889637e-01
    outer loop
      vertex   -3.175663e+01 -3.187716e+01 3.065744e+01
      vertex   -3.175828e+01 -2.817474e+01 3.065204e+01
      vertex   -3.167292e+01 -3.187690e+01 3.080679e+01
    endloop
  endfacet
  facet normal 8.723041e-01 -3.242282e-04 -4.889637e-01
    outer loop
      vertex   -3.167292e+01 -3.187690e+01 3.080679e+01
      vertex   -3.175828e+01 -2.817474e+01 3.065204e+01
      vertex   -3.167457e+01 -2.817449e+01 3.080139e+01
    endloop
  endfacet
  facet normal 7.938385e-01 -5.330209e-04 -6.081284e-01
    outer loop
      vertex   -3.167292e+01 -3.187690e+01 3.080679e+01
      vertex   -3.167457e+01 -2.817449e+01 3.080139e+01
      vertex   -3.156879e+01 -3.187666e+01 3.094270e+01
    endloop
  endfacet
  facet normal 7.938385e-01 -5.330209e-04 -6.081284e-01
    outer loop
      vertex   -3.156879e+01 -3.187666e+01 3.094270e+01
      vertex   -3.167457e+01 -2.817449e+01 3.080139e+01
      vertex   -3.157045e+01 -2.817424e+01 3.093730e+01
    endloop
  endfacet
  facet normal 6.992127e-01 -7.309628e-04 -7.149133e-01
    outer loop
      vertex   -3.156879e+01 -3.187666e+01 3.094270e+01
      vertex   -3.157045e+01 -2.817424e+01 3.093730e+01
      vertex   -3.144639e+01 -3.187643e+01 3.106242e+01
    endloop
  endfacet
  facet normal 6.992127e-01 -7.309628e-04 -7.149133e-01
    outer loop
      vertex   -3.144639e+01 -3.187643e+01 3.106242e+01
      vertex   -3.157045e+01 -2.817424e+01 3.093730e+01
      vertex   -3.144804e+01 -2.817401e+01 3.105702e+01
    endloop
  endfacet
  facet normal 5.903529e-01 -9.140244e-04 -8.071447e-01
    outer loop
      vertex   -3.144639e+01 -3.187643e+01 3.106242e+01
      vertex   -3.144804e+01 -2.817401e+01 3.105702e+01
      vertex   -3.130820e+01 -3.187622e+01 3.116350e+01
    endloop
  endfacet
  facet normal 5.903529e-01 -9.140244e-04 -8.071447e-01
    outer loop
      vertex   -3.130820e+01 -3.187622e+01 3.116350e+01
      vertex   -3.144804e+01 -2.817401e+01 3.105702e+01
      vertex   -3.130985e+01 -2.817380e+01 3.115810e+01
    endloop
  endfacet
  facet normal 4.694752e-01 -1.078479e-03 -8.829450e-01
    outer loop
      vertex   -3.130820e+01 -3.187622e+01 3.116350e+01
      vertex   -3.130985e+01 -2.817380e+01 3.115810e+01
      vertex   -3.115702e+01 -3.187604e+01 3.124388e+01
    endloop
  endfacet
  facet normal 4.694752e-01 -1.078479e-03 -8.829450e-01
    outer loop
      vertex   -3.115702e+01 -3.187604e+01 3.124388e+01
      vertex   -3.130985e+01 -2.817380e+01 3.115810e+01
      vertex   -3.115868e+01 -2.817362e+01 3.123848e+01
    endloop
  endfacet
  facet normal 3.390404e-01 -1.220979e-03 -9.407710e-01
    outer loop
      vertex   -3.115702e+01 -3.187604e+01 3.124388e+01
      vertex   -3.115868e+01 -2.817362e+01 3.123848e+01
      vertex   -3.099595e+01 -3.187588e+01 3.130192e+01
    endloop
  endfacet
  facet normal 3.390404e-01 -1.220979e-03 -9.407710e-01
    outer loop
      vertex   -3.099595e+01 -3.187588e+01 3.130192e+01
      vertex   -3.115868e+01 -2.817362e+01 3.123848e+01
      vertex   -3.099760e+01 -2.817346e+01 3.129652e+01
    endloop
  endfacet
  facet normal 2.017037e-01 -1.338623e-03 -9.794457e-01
    outer loop
      vertex   -3.099595e+01 -3.187588e+01 3.130192e+01
      vertex   -3.099760e+01 -2.817346e+01 3.129652e+01
      vertex   -3.082826e+01 -3.187576e+01 3.133646e+01
    endloop
  endfacet
  facet normal 2.017037e-01 -1.338623e-03 -9.794457e-01
    outer loop
      vertex   -3.082826e+01 -3.187576e+01 3.133646e+01
      vertex   -3.099760e+01 -2.817346e+01 3.129652e+01
      vertex   -3.082991e+01 -2.817334e+01 3.133106e+01
    endloop
  endfacet
  facet normal 6.026087e-02 -1.429017e-03 -9.981816e-01
    outer loop
      vertex   -3.082826e+01 -3.187576e+01 3.133646e+01
      vertex   -3.082991e+01 -2.817334e+01 3.133106e+01
      vertex   -3.065735e+01 -3.187566e+01 3.134678e+01
    endloop
  endfacet
  facet normal 6.026087e-02 -1.429017e-03 -9.981816e-01
    outer loop
      vertex   -3.065735e+01 -3.187566e+01 3.134678e+01
      vertex   -3.082991e+01 -2.817334e+01 3.133106e+01
      vertex   -3.065900e+01 -2.817325e+01 3.134138e+01
    endloop
  endfacet
  facet normal -8.240869e-02 -1.490320e-03 -9.965975e-01
    outer loop
      vertex   -3.065735e+01 -3.187566e+01 3.134678e+01
      vertex   -3.065900e+01 -2.817325e+01 3.134138e+01
      vertex   -3.048672e+01 -3.187561e+01 3.133267e+01
    endloop
  endfacet
  facet normal -8.240869e-02 -1.490320e-03 -9.965975e-01
    outer loop
      vertex   -3.048672e+01 -3.187561e+01 3.133267e+01
      vertex   -3.065900e+01 -2.817325e+01 3.134138e+01
      vertex   -3.048837e+01 -2.817319e+01 3.132727e+01
    endloop
  endfacet
  facet normal -2.234006e-01 -1.521285e-03 -9.747255e-01
    outer loop
      vertex   -3.048672e+01 -3.187561e+01 3.133267e+01
      vertex   -3.048837e+01 -2.817319e+01 3.132727e+01
      vertex   -3.031983e+01 -3.187559e+01 3.129442e+01
    endloop
  endfacet
  facet normal -2.234006e-01 -1.521285e-03 -9.747255e-01
    outer loop
      vertex   -3.031983e+01 -3.187559e+01 3.129442e+01
      vertex   -3.048837e+01 -2.817319e+01 3.132727e+01
      vertex   -3.032149e+01 -2.817317e+01 3.128902e+01
    endloop
  endfacet
  facet normal -3.598448e-01 -1.521281e-03 -9.330109e-01
    outer loop
      vertex   -3.031983e+01 -3.187559e+01 3.129442e+01
      vertex   -3.032149e+01 -2.817317e+01 3.128902e+01
      vertex   -3.016009e+01 -3.187561e+01 3.123281e+01
    endloop
  endfacet
  facet normal -3.598448e-01 -1.521281e-03 -9.330109e-01
    outer loop
      vertex   -3.016009e+01 -3.187561e+01 3.123281e+01
      vertex   -3.032149e+01 -2.817317e+01 3.128902e+01
      vertex   -3.016174e+01 -2.817319e+01 3.122741e+01
    endloop
  endfacet
  facet normal -4.889636e-01 -1.490307e-03 -8.723029e-01
    outer loop
      vertex   -3.016009e+01 -3.187561e+01 3.123281e+01
      vertex   -3.016174e+01 -2.817319e+01 3.122741e+01
      vertex   -3.001074e+01 -3.187566e+01 3.114909e+01
    endloop
  endfacet
  facet normal -4.889636e-01 -1.490307e-03 -8.723029e-01
    outer loop
      vertex   -3.001074e+01 -3.187566e+01 3.114909e+01
      vertex   -3.016174e+01 -2.817319e+01 3.122741e+01
      vertex   -3.001239e+01 -2.817325e+01 3.114369e+01
    endloop
  endfacet
  facet normal -6.081284e-01 -1.428996e-03 -7.938374e-01
    outer loop
      vertex   -3.001074e+01 -3.187566e+01 3.114909e+01
      vertex   -3.001239e+01 -2.817325e+01 3.114369e+01
      vertex   -2.987482e+01 -3.187576e+01 3.104497e+01
    endloop
  endfacet
  facet normal -6.081284e-01 -1.428996e-03 -7.938374e-01
    outer loop
      vertex   -2.987482e+01 -3.187576e+01 3.104497e+01
      vertex   -3.001239e+01 -2.817325e+01 3.114369e+01
      vertex   -2.987647e+01 -2.817334e+01 3.103957e+01
    endloop
  endfacet
  facet normal -7.149136e-01 -1.338594e-03 -6.992116e-01
    outer loop
      vertex   -2.987482e+01 -3.187576e+01 3.104497e+01
      vertex   -2.987647e+01 -2.817334e+01 3.103957e+01
      vertex   -2.975511e+01 -3.187588e+01 3.092257e+01
    endloop
  endfacet
  facet normal -7.149136e-01 -1.338594e-03 -6.992116e-01
    outer loop
      vertex   -2.975511e+01 -3.187588e+01 3.092257e+01
      vertex   -2.987647e+01 -2.817334e+01 3.103957e+01
      vertex   -2.975676e+01 -2.817346e+01 3.091717e+01
    endloop
  endfacet
  facet normal -8.071451e-01 -1.220942e-03 -5.903518e-01
    outer loop
      vertex   -2.975511e+01 -3.187588e+01 3.092257e+01
      vertex   -2.975676e+01 -2.817346e+01 3.091717e+01
      vertex   -2.965403e+01 -3.187604e+01 3.078437e+01
    endloop
  endfacet
  facet normal -8.071451e-01 -1.220942e-03 -5.903518e-01
    outer loop
      vertex   -2.965403e+01 -3.187604e+01 3.078437e+01
      vertex   -2.975676e+01 -2.817346e+01 3.091717e+01
      vertex   -2.965568e+01 -2.817362e+01 3.077897e+01
    endloop
  endfacet
  facet normal -8.829455e-01 -1.078435e-03 -4.694742e-01
    outer loop
      vertex   -2.965403e+01 -3.187604e+01 3.078437e+01
      vertex   -2.965568e+01 -2.817362e+01 3.077897e+01
      vertex   -2.957365e+01 -3.187622e+01 3.063320e+01
    endloop
  endfacet
  facet normal -8.829455e-01 -1.078435e-03 -4.694742e-01
    outer loop
      vertex   -2.957365e+01 -3.187622e+01 3.063320e+01
      vertex   -2.965568e+01 -2.817362e+01 3.077897e+01
      vertex   -2.957530e+01 -2.817380e+01 3.062780e+01
    endloop
  endfacet
  facet normal -9.407717e-01 -9.139748e-04 -3.390395e-01
    outer loop
      vertex   -2.957365e+01 -3.187622e+01 3.063320e+01
      vertex   -2.957530e+01 -2.817380e+01 3.062780e+01
      vertex   -2.951560e+01 -3.187643e+01 3.047213e+01
    endloop
  endfacet
  facet normal -9.407717e-01 -9.139748e-04 -3.390395e-01
    outer loop
      vertex   -2.951560e+01 -3.187643e+01 3.047213e+01
      vertex   -2.957530e+01 -2.817380e+01 3.062780e+01
      vertex   -2.951725e+01 -2.817401e+01 3.046673e+01
    endloop
  endfacet
  facet normal -9.794465e-01 -7.309084e-04 -2.017029e-01
    outer loop
      vertex   -2.951560e+01 -3.187643e+01 3.047213e+01
      vertex   -2.951725e+01 -2.817401e+01 3.046673e+01
      vertex   -2.948107e+01 -3.187666e+01 3.030443e+01
    endloop
  endfacet
  facet normal -9.794465e-01 -7.309084e-04 -2.017029e-01
    outer loop
      vertex   -2.948107e+01 -3.187666e+01 3.030443e+01
      vertex   -2.951725e+01 -2.817401e+01 3.046673e+01
      vertex   -2.948272e+01 -2.817424e+01 3.029903e+01
    endloop
  endfacet
  facet normal -9.981826e-01 -5.329628e-04 -6.026016e-02
    outer loop
      vertex   -2.948107e+01 -3.187666e+01 3.030443e+01
      vertex   -2.948272e+01 -2.817424e+01 3.029903e+01
      vertex   -2.947075e+01 -3.187690e+01 3.013353e+01
    endloop
  endfacet
  facet normal -9.981826e-01 -5.329628e-04 -6.026016e-02
    outer loop
      vertex   -2.947075e+01 -3.187690e+01 3.013353e+01
      vertex   -2.948272e+01 -2.817424e+01 3.029903e+01
      vertex   -2.947240e+01 -2.817449e+01 3.012813e+01
    endloop
  endfacet
  facet normal -9.965985e-01 -3.241677e-04 8.240926e-02
    outer loop
      vertex   -2.947075e+01 -3.187690e+01 3.013353e+01
      vertex   -2.947240e+01 -2.817449e+01 3.012813e+01
      vertex   -2.948486e+01 -3.187716e+01 2.996290e+01
    endloop
  endfacet
  facet normal -9.965985e-01 -3.241677e-04 8.240926e-02
    outer loop
      vertex   -2.948486e+01 -3.187716e+01 2.996290e+01
      vertex   -2.947240e+01 -2.817449e+01 3.012813e+01
      vertex   -2.948651e+01 -2.817474e+01 2.995750e+01
    endloop
  endfacet
  facet normal -9.747266e-01 -1.087734e-04 2.234011e-01
    outer loop
      vertex   -2.948486e+01 -3.187716e+01 2.996290e+01
      vertex   -2.948651e+01 -2.817474e+01 2.995750e+01
      vertex   -2.952311e+01 -3.187742e+01 2.979601e+01
    endloop
  endfacet
  facet normal -9.747266e-01 -1.087734e-04 2.234011e-01
    outer loop
      vertex   -2.952311e+01 -3.187742e+01 2.979601e+01
      vertex   -2.948651e+01 -2.817474e+01 2.995750e+01
      vertex   -2.952476e+01 -2.817500e+01 2.979061e+01
    endloop
  endfacet
  facet normal 3.197614e-01 1.524536e-03 9.474969e-01
    outer loop
      vertex   -3.622123e+01 -2.818448e+01 2.534161e+01
      vertex   -3.485687e+01 -2.818454e+01 2.488117e+01
      vertex   -3.622507e+01 -1.958449e+01 2.532907e+01
    endloop
  endfacet
  facet normal 3.197614e-01 1.524536e-03 9.474969e-01
    outer loop
      vertex   -3.622507e+01 -1.958449e+01 2.532907e+01
      vertex   -3.485687e+01 -2.818454e+01 2.488117e+01
      vertex   -3.486070e+01 -1.958455e+01 2.486862e+01
    endloop
  endfacet
  facet normal -1.745662e-02 1.450531e-03 9.998466e-01
    outer loop
      vertex   -3.759068e+01 -2.818512e+01 2.531771e+01
      vertex   -3.622123e+01 -2.818448e+01 2.534161e+01
      vertex   -3.759451e+01 -1.958513e+01 2.530516e+01
    endloop
  endfacet
  facet normal -1.745662e-02 1.450531e-03 9.998466e-01
    outer loop
      vertex   -3.759451e+01 -1.958513e+01 2.530516e+01
      vertex   -3.622123e+01 -2.818448e+01 2.534161e+01
      vertex   -3.622507e+01 -1.958449e+01 2.532907e+01
    endloop
  endfacet
  facet normal 5.530373e-01 -7.075028e-01 -4.399882e-01
    outer loop
      vertex   -2.884805e+01 -3.228433e+01 2.319181e+01
      vertex   -2.920253e+01 -3.228514e+01 2.274754e+01
      vertex   -2.848386e+01 -3.188444e+01 2.300654e+01
    endloop
  endfacet
  facet normal 5.530373e-01 -7.075028e-01 -4.399882e-01
    outer loop
      vertex   -2.848386e+01 -3.188444e+01 2.300654e+01
      vertex   -2.920253e+01 -3.228514e+01 2.274754e+01
      vertex   -2.894174e+01 -3.188548e+01 2.243269e+01
    endloop
  endfacet
  facet normal 5.524067e-01 7.067092e-01 -4.420509e-01
    outer loop
      vertex   -2.920964e+01 -1.633515e+01 2.272428e+01
      vertex   -2.885516e+01 -1.633435e+01 2.316855e+01
      vertex   -2.894849e+01 -1.673550e+01 2.241059e+01
    endloop
  endfacet
  facet normal 5.524067e-01 7.067092e-01 -4.420509e-01
    outer loop
      vertex   -2.894849e+01 -1.673550e+01 2.241059e+01
      vertex   -2.885516e+01 -1.633435e+01 2.316855e+01
      vertex   -2.849062e+01 -1.673445e+01 2.298444e+01
    endloop
  endfacet
  facet normal 6.821406e-01 7.071403e-01 -1.861096e-01
    outer loop
      vertex   -2.885516e+01 -1.633435e+01 2.316855e+01
      vertex   -2.621186e+01 -1.631895e+01 3.291541e+01
      vertex   -2.849062e+01 -1.673445e+01 2.298444e+01
    endloop
  endfacet
  facet normal 6.821406e-01 7.071403e-01 -1.861096e-01
    outer loop
      vertex   -2.849062e+01 -1.673445e+01 2.298444e+01
      vertex   -2.621186e+01 -1.631895e+01 3.291541e+01
      vertex   -2.578509e+01 -1.671870e+01 3.296077e+01
    endloop
  endfacet
  facet normal 8.897427e-01 1.062486e-03 4.564611e-01
    outer loop
      vertex   -2.578509e+01 -1.671870e+01 3.296077e+01
      vertex   -2.605504e+01 -1.671805e+01 3.348697e+01
      vertex   -2.578173e+01 -2.426869e+01 3.297178e+01
    endloop
  endfacet
  facet normal 8.897427e-01 1.062486e-03 4.564611e-01
    outer loop
      vertex   -2.578173e+01 -2.426869e+01 3.297178e+01
      vertex   -2.605504e+01 -1.671805e+01 3.348697e+01
      vertex   -2.605168e+01 -2.426804e+01 3.349798e+01
    endloop
  endfacet
  facet normal 8.701955e-01 -3.345767e-01 3.616879e-01
    outer loop
      vertex   -2.582377e+01 -2.426621e+01 3.468294e+01
      vertex   -2.581103e+01 -2.427912e+01 3.464035e+01
      vertex   -2.551765e+01 -2.426715e+01 3.394555e+01
    endloop
  endfacet
  facet normal 8.701955e-01 -3.345767e-01 3.616879e-01
    outer loop
      vertex   -2.551765e+01 -2.426715e+01 3.394555e+01
      vertex   -2.581103e+01 -2.427912e+01 3.464035e+01
      vertex   -2.580046e+01 -2.429515e+01 3.460009e+01
    endloop
  endfacet
  facet normal 8.701955e-01 -3.345767e-01 3.616879e-01
    outer loop
      vertex   -2.551765e+01 -2.426715e+01 3.394555e+01
      vertex   -2.580046e+01 -2.429515e+01 3.460009e+01
      vertex   -2.579216e+01 -2.431415e+01 3.456252e+01
    endloop
  endfacet
  facet normal 8.701955e-01 -3.345767e-01 3.616879e-01
    outer loop
      vertex   -2.579216e+01 -2.431415e+01 3.456252e+01
      vertex   -2.578618e+01 -2.433598e+01 3.452796e+01
      vertex   -2.551765e+01 -2.426715e+01 3.394555e+01
    endloop
  endfacet
  facet normal 8.701955e-01 -3.345767e-01 3.616879e-01
    outer loop
      vertex   -2.551765e+01 -2.426715e+01 3.394555e+01
      vertex   -2.578618e+01 -2.433598e+01 3.452796e+01
      vertex   -2.578258e+01 -2.436043e+01 3.449668e+01
    endloop
  endfacet
  facet normal 8.701955e-01 -3.345767e-01 3.616879e-01
    outer loop
      vertex   -2.551765e+01 -2.426715e+01 3.394555e+01
      vertex   -2.578258e+01 -2.436043e+01 3.449668e+01
      vertex   -2.578140e+01 -2.438731e+01 3.446896e+01
    endloop
  endfacet
  facet normal 8.701955e-01 -3.345767e-01 3.616879e-01
    outer loop
      vertex   -2.578140e+01 -2.438731e+01 3.446896e+01
      vertex   -2.578263e+01 -2.441639e+01 3.444504e+01
      vertex   -2.551765e+01 -2.426715e+01 3.394555e+01
    endloop
  endfacet
  facet normal 8.701955e-01 -3.345767e-01 3.616879e-01
    outer loop
      vertex   -2.551765e+01 -2.426715e+01 3.394555e+01
      vertex   -2.578263e+01 -2.441639e+01 3.444504e+01
      vertex   -2.578628e+01 -2.444742e+01 3.442511e+01
    endloop
  endfacet
  facet normal 8.701955e-01 -3.345767e-01 3.616879e-01
    outer loop
      vertex   -2.551765e+01 -2.426715e+01 3.394555e+01
      vertex   -2.578628e+01 -2.444742e+01 3.442511e+01
      vertex   -2.611567e+01 -2.701495e+01 3.284252e+01
    endloop
  endfacet
  facet normal 8.701955e-01 -3.345767e-01 3.616879e-01
    outer loop
      vertex   -2.611567e+01 -2.701495e+01 3.284252e+01
      vertex   -2.578628e+01 -2.444742e+01 3.442511e+01
      vertex   -2.618417e+01 -2.706889e+01 3.295744e+01
    endloop
  endfacet
  facet normal 8.701955e-01 -3.345767e-01 3.616879e-01
    outer loop
      vertex   -2.611567e+01 -2.701495e+01 3.284252e+01
      vertex   -2.604716e+01 -2.696101e+01 3.272760e+01
      vertex   -2.551765e+01 -2.426715e+01 3.394555e+01
    endloop
  endfacet
  facet normal 8.701955e-01 -3.345767e-01 3.616879e-01
    outer loop
      vertex   -2.551765e+01 -2.426715e+01 3.394555e+01
      vertex   -2.604716e+01 -2.696101e+01 3.272760e+01
      vertex   -2.597866e+01 -2.690706e+01 3.261268e+01
    endloop
  endfacet
  facet normal 8.701955e-01 -3.345767e-01 3.616879e-01
    outer loop
      vertex   -2.551765e+01 -2.426715e+01 3.394555e+01
      vertex   -2.597866e+01 -2.690706e+01 3.261268e+01
      vertex   -2.591015e+01 -2.685312e+01 3.249775e+01
    endloop
  endfacet
  facet normal 8.734533e-01 -3.135126e-01 3.725441e-01
    outer loop
      vertex   -2.618417e+01 -2.706889e+01 3.295744e+01
      vertex   -2.618728e+01 -2.709157e+01 3.294563e+01
      vertex   -2.604428e+01 -2.696863e+01 3.271383e+01
    endloop
  endfacet
  facet normal 8.729010e-01 -3.186160e-01 3.694966e-01
    outer loop
      vertex   -2.604428e+01 -2.696863e+01 3.271383e+01
      vertex   -2.618728e+01 -2.709157e+01 3.294563e+01
      vertex   -2.611884e+01 -2.703753e+01 3.283055e+01
    endloop
  endfacet
  facet normal 8.729010e-01 -3.186160e-01 3.694966e-01
    outer loop
      vertex   -2.604428e+01 -2.696863e+01 3.271383e+01
      vertex   -2.611884e+01 -2.703753e+01 3.283055e+01
      vertex   -2.605040e+01 -2.698349e+01 3.271547e+01
    endloop
  endfacet
  facet normal 8.729010e-01 -3.186160e-01 3.694966e-01
    outer loop
      vertex   -2.605040e+01 -2.698349e+01 3.271547e+01
      vertex   -2.598196e+01 -2.692945e+01 3.260039e+01
      vertex   -2.604428e+01 -2.696863e+01 3.271383e+01
    endloop
  endfacet
  facet normal 8.720390e-01 -3.233979e-01 3.673715e-01
    outer loop
      vertex   -2.604428e+01 -2.696863e+01 3.271383e+01
      vertex   -2.598196e+01 -2.692945e+01 3.260039e+01
      vertex   -2.591268e+01 -2.686983e+01 3.248842e+01
    endloop
  endfacet
  facet normal 8.704436e-01 -3.336505e-01 3.619465e-01
    outer loop
      vertex   -2.604428e+01 -2.696863e+01 3.271383e+01
      vertex   -2.591268e+01 -2.686983e+01 3.248842e+01
      vertex   -2.591184e+01 -2.686426e+01 3.249153e+01
    endloop
  endfacet
  facet normal 8.708610e-01 -3.330280e-01 3.615155e-01
    outer loop
      vertex   -2.598196e+01 -2.692945e+01 3.260039e+01
      vertex   -2.591352e+01 -2.687541e+01 3.248531e+01
      vertex   -2.591268e+01 -2.686983e+01 3.248842e+01
    endloop
  endfacet
  facet normal 8.703934e-01 -3.339832e-01 3.617604e-01
    outer loop
      vertex   -2.591184e+01 -2.686426e+01 3.249153e+01
      vertex   -2.591099e+01 -2.685869e+01 3.249464e+01
      vertex   -2.604428e+01 -2.696863e+01 3.271383e+01
    endloop
  endfacet
  facet normal 8.710388e-01 -3.292702e-01 3.645168e-01
    outer loop
      vertex   -2.604428e+01 -2.696863e+01 3.271383e+01
      vertex   -2.591099e+01 -2.685869e+01 3.249464e+01
      vertex   -2.604716e+01 -2.696101e+01 3.272760e+01
    endloop
  endfacet
  facet normal 8.709644e-01 -3.294030e-01 3.645747e-01
    outer loop
      vertex   -2.604428e+01 -2.696863e+01 3.271383e+01
      vertex   -2.604716e+01 -2.696101e+01 3.272760e+01
      vertex   -2.611567e+01 -2.701495e+01 3.284252e+01
    endloop
  endfacet
  facet normal 8.702206e-01 -3.344112e-01 3.617806e-01
    outer loop
      vertex   -2.591015e+01 -2.685312e+01 3.249775e+01
      vertex   -2.597866e+01 -2.690706e+01 3.261268e+01
      vertex   -2.591099e+01 -2.685869e+01 3.249464e+01
    endloop
  endfacet
  facet normal 8.702206e-01 -3.344112e-01 3.617806e-01
    outer loop
      vertex   -2.591099e+01 -2.685869e+01 3.249464e+01
      vertex   -2.597866e+01 -2.690706e+01 3.261268e+01
      vertex   -2.604716e+01 -2.696101e+01 3.272760e+01
    endloop
  endfacet
  facet normal 8.709644e-01 -3.294030e-01 3.645747e-01
    outer loop
      vertex   -2.611567e+01 -2.701495e+01 3.284252e+01
      vertex   -2.618417e+01 -2.706889e+01 3.295744e+01
      vertex   -2.604428e+01 -2.696863e+01 3.271383e+01
    endloop
  endfacet
  facet normal 8.761110e-01 2.903094e-01 3.849025e-01
    outer loop
      vertex   -2.598166e+01 -2.760919e+01 3.260138e+01
      vertex   -2.591317e+01 -2.766351e+01 3.248646e+01
      vertex   -2.595893e+01 -2.754507e+01 3.250129e+01
    endloop
  endfacet
  facet normal 8.865328e-01 2.982406e-01 3.537119e-01
    outer loop
      vertex   -2.595893e+01 -2.754507e+01 3.250129e+01
      vertex   -2.591317e+01 -2.766351e+01 3.248646e+01
      vertex   -2.592167e+01 -2.760111e+01 3.245514e+01
    endloop
  endfacet
  facet normal 8.792856e-01 2.517384e-01 4.043324e-01
    outer loop
      vertex   -2.595893e+01 -2.754507e+01 3.250129e+01
      vertex   -2.592167e+01 -2.760111e+01 3.245514e+01
      vertex   -2.592859e+01 -2.753599e+01 3.242964e+01
    endloop
  endfacet
  facet normal 8.932462e-01 1.982958e-01 4.034724e-01
    outer loop
      vertex   -2.595893e+01 -2.754507e+01 3.250129e+01
      vertex   -2.592859e+01 -2.753599e+01 3.242964e+01
      vertex   -2.596695e+01 -2.744853e+01 3.247160e+01
    endloop
  endfacet
  facet normal 8.898168e-01 1.916913e-01 4.141020e-01
    outer loop
      vertex   -2.596695e+01 -2.744853e+01 3.247160e+01
      vertex   -2.592859e+01 -2.753599e+01 3.242964e+01
      vertex   -2.593393e+01 -2.746870e+01 3.240997e+01
    endloop
  endfacet
  facet normal 8.910735e-01 1.356535e-01 4.331122e-01
    outer loop
      vertex   -2.596695e+01 -2.744853e+01 3.247160e+01
      vertex   -2.593393e+01 -2.746870e+01 3.240997e+01
      vertex   -2.593768e+01 -2.739981e+01 3.239612e+01
    endloop
  endfacet
  facet normal 9.002417e-01 1.112768e-01 4.209304e-01
    outer loop
      vertex   -2.596695e+01 -2.744853e+01 3.247160e+01
      vertex   -2.593768e+01 -2.739981e+01 3.239612e+01
      vertex   -2.597148e+01 -2.734863e+01 3.245487e+01
    endloop
  endfacet
  facet normal 8.849115e-01 5.318959e-02 4.627122e-01
    outer loop
      vertex   -2.597148e+01 -2.734863e+01 3.245487e+01
      vertex   -2.593768e+01 -2.739981e+01 3.239612e+01
      vertex   -2.594047e+01 -2.726456e+01 3.238589e+01
    endloop
  endfacet
  facet normal 8.998390e-01 2.534619e-02 4.354853e-01
    outer loop
      vertex   -2.597148e+01 -2.734863e+01 3.245487e+01
      vertex   -2.594047e+01 -2.726456e+01 3.238589e+01
      vertex   -2.597250e+01 -2.724724e+01 3.245109e+01
    endloop
  endfacet
  facet normal 8.897872e-01 -5.797816e-02 4.526779e-01
    outer loop
      vertex   -2.597250e+01 -2.724724e+01 3.245109e+01
      vertex   -2.594047e+01 -2.726456e+01 3.238589e+01
      vertex   -2.597047e+01 -2.715725e+01 3.245862e+01
    endloop
  endfacet
  facet normal 8.951156e-01 -5.721659e-02 4.421473e-01
    outer loop
      vertex   -2.597250e+01 -2.724724e+01 3.245109e+01
      vertex   -2.597047e+01 -2.715725e+01 3.245862e+01
      vertex   -2.600278e+01 -2.716557e+01 3.252294e+01
    endloop
  endfacet
  facet normal 8.923990e-01 -1.342398e-01 4.308175e-01
    outer loop
      vertex   -2.600278e+01 -2.716557e+01 3.252294e+01
      vertex   -2.597047e+01 -2.715725e+01 3.245862e+01
      vertex   -2.599838e+01 -2.708380e+01 3.253931e+01
    endloop
  endfacet
  facet normal 8.917969e-01 -1.344439e-01 4.319989e-01
    outer loop
      vertex   -2.600278e+01 -2.716557e+01 3.252294e+01
      vertex   -2.599838e+01 -2.708380e+01 3.253931e+01
      vertex   -2.603109e+01 -2.709869e+01 3.260220e+01
    endloop
  endfacet
  facet normal 8.868833e-01 -2.098373e-01 4.115901e-01
    outer loop
      vertex   -2.603109e+01 -2.709869e+01 3.260220e+01
      vertex   -2.599838e+01 -2.708380e+01 3.253931e+01
      vertex   -2.602479e+01 -2.702586e+01 3.262576e+01
    endloop
  endfacet
  facet normal 8.857505e-01 -2.104287e-01 4.137219e-01
    outer loop
      vertex   -2.603109e+01 -2.709869e+01 3.260220e+01
      vertex   -2.602479e+01 -2.702586e+01 3.262576e+01
      vertex   -2.605814e+01 -2.704703e+01 3.268638e+01
    endloop
  endfacet
  facet normal 8.786782e-01 -2.830021e-01 3.844924e-01
    outer loop
      vertex   -2.605814e+01 -2.704703e+01 3.268638e+01
      vertex   -2.602479e+01 -2.702586e+01 3.262576e+01
      vertex   -2.605040e+01 -2.698349e+01 3.271547e+01
    endloop
  endfacet
  facet normal 8.767551e-01 -2.843243e-01 3.878920e-01
    outer loop
      vertex   -2.605814e+01 -2.704703e+01 3.268638e+01
      vertex   -2.605040e+01 -2.698349e+01 3.271547e+01
      vertex   -2.611884e+01 -2.703753e+01 3.283055e+01
    endloop
  endfacet
  facet normal 8.892110e-01 -5.883133e-02 4.536989e-01
    outer loop
      vertex   -2.594047e+01 -2.726456e+01 3.238589e+01
      vertex   -2.593737e+01 -2.712941e+01 3.239734e+01
      vertex   -2.597047e+01 -2.715725e+01 3.245862e+01
    endloop
  endfacet
  facet normal 8.960517e-01 -1.340097e-01 4.232407e-01
    outer loop
      vertex   -2.597047e+01 -2.715725e+01 3.245862e+01
      vertex   -2.593737e+01 -2.712941e+01 3.239734e+01
      vertex   -2.596567e+01 -2.706890e+01 3.247643e+01
    endloop
  endfacet
  facet normal 8.917663e-01 -1.354887e-01 4.317356e-01
    outer loop
      vertex   -2.597047e+01 -2.715725e+01 3.245862e+01
      vertex   -2.596567e+01 -2.706890e+01 3.247643e+01
      vertex   -2.599838e+01 -2.708380e+01 3.253931e+01
    endloop
  endfacet
  facet normal 8.866713e-01 -2.118934e-01 4.109930e-01
    outer loop
      vertex   -2.599838e+01 -2.708380e+01 3.253931e+01
      vertex   -2.596567e+01 -2.706890e+01 3.247643e+01
      vertex   -2.599144e+01 -2.700469e+01 3.256513e+01
    endloop
  endfacet
  facet normal 8.856291e-01 -2.124414e-01 4.129524e-01
    outer loop
      vertex   -2.599838e+01 -2.708380e+01 3.253931e+01
      vertex   -2.599144e+01 -2.700469e+01 3.256513e+01
      vertex   -2.602479e+01 -2.702586e+01 3.262576e+01
    endloop
  endfacet
  facet normal 8.786782e-01 -2.830021e-01 3.844924e-01
    outer loop
      vertex   -2.602479e+01 -2.702586e+01 3.262576e+01
      vertex   -2.599144e+01 -2.700469e+01 3.256513e+01
      vertex   -2.605040e+01 -2.698349e+01 3.271547e+01
    endloop
  endfacet
  facet normal 8.778128e-01 -1.731095e-01 4.466295e-01
    outer loop
      vertex   -2.593737e+01 -2.712941e+01 3.239734e+01
      vertex   -2.592838e+01 -2.699834e+01 3.243049e+01
      vertex   -2.596567e+01 -2.706890e+01 3.247643e+01
    endloop
  endfacet
  facet normal 8.918587e-01 -2.107450e-01 4.002182e-01
    outer loop
      vertex   -2.596567e+01 -2.706890e+01 3.247643e+01
      vertex   -2.592838e+01 -2.699834e+01 3.243049e+01
      vertex   -2.595809e+01 -2.698352e+01 3.250450e+01
    endloop
  endfacet
  facet normal 8.855226e-01 -2.141540e-01 4.122958e-01
    outer loop
      vertex   -2.596567e+01 -2.706890e+01 3.247643e+01
      vertex   -2.595809e+01 -2.698352e+01 3.250450e+01
      vertex   -2.599144e+01 -2.700469e+01 3.256513e+01
    endloop
  endfacet
  facet normal 8.777697e-01 -2.894905e-01 3.817272e-01
    outer loop
      vertex   -2.599144e+01 -2.700469e+01 3.256513e+01
      vertex   -2.595809e+01 -2.698352e+01 3.250450e+01
      vertex   -2.598196e+01 -2.692945e+01 3.260039e+01
    endloop
  endfacet
  facet normal 8.761511e-01 -2.906215e-01 3.845756e-01
    outer loop
      vertex   -2.599144e+01 -2.700469e+01 3.256513e+01
      vertex   -2.598196e+01 -2.692945e+01 3.260039e+01
      vertex   -2.605040e+01 -2.698349e+01 3.271547e+01
    endloop
  endfacet
  facet normal 8.793194e-01 -2.527876e-01 4.036037e-01
    outer loop
      vertex   -2.592838e+01 -2.699834e+01 3.243049e+01
      vertex   -2.592169e+01 -2.693561e+01 3.245519e+01
      vertex   -2.595809e+01 -2.698352e+01 3.250450e+01
    endloop
  endfacet
  facet normal 8.820540e-01 -2.811329e-01 3.780808e-01
    outer loop
      vertex   -2.595809e+01 -2.698352e+01 3.250450e+01
      vertex   -2.592169e+01 -2.693561e+01 3.245519e+01
      vertex   -2.598196e+01 -2.692945e+01 3.260039e+01
    endloop
  endfacet
  facet normal 8.743992e-01 -3.066913e-01 3.759874e-01
    outer loop
      vertex   -2.592169e+01 -2.693561e+01 3.245519e+01
      vertex   -2.591352e+01 -2.687541e+01 3.248531e+01
      vertex   -2.598196e+01 -2.692945e+01 3.260039e+01
    endloop
  endfacet
  facet normal 8.775613e-01 -2.750472e-01 3.927280e-01
    outer loop
      vertex   -2.618728e+01 -2.709157e+01 3.294563e+01
      vertex   -2.612483e+01 -2.708936e+01 3.280764e+01
      vertex   -2.611884e+01 -2.703753e+01 3.283055e+01
    endloop
  endfacet
  facet normal 8.799306e-01 -2.734581e-01 3.885136e-01
    outer loop
      vertex   -2.611884e+01 -2.703753e+01 3.283055e+01
      vertex   -2.612483e+01 -2.708936e+01 3.280764e+01
      vertex   -2.609148e+01 -2.706819e+01 3.274701e+01
    endloop
  endfacet
  facet normal 8.799306e-01 -2.734581e-01 3.885136e-01
    outer loop
      vertex   -2.611884e+01 -2.703753e+01 3.283055e+01
      vertex   -2.609148e+01 -2.706819e+01 3.274701e+01
      vertex   -2.605814e+01 -2.704703e+01 3.268638e+01
    endloop
  endfacet
  facet normal 8.858897e-01 -2.080297e-01 4.146361e-01
    outer loop
      vertex   -2.605814e+01 -2.704703e+01 3.268638e+01
      vertex   -2.609148e+01 -2.706819e+01 3.274701e+01
      vertex   -2.606380e+01 -2.711358e+01 3.266509e+01
    endloop
  endfacet
  facet normal 8.871303e-01 -2.073874e-01 4.122987e-01
    outer loop
      vertex   -2.605814e+01 -2.704703e+01 3.268638e+01
      vertex   -2.606380e+01 -2.711358e+01 3.266509e+01
      vertex   -2.603109e+01 -2.709869e+01 3.260220e+01
    endloop
  endfacet
  facet normal 8.918316e-01 -1.332156e-01 4.323078e-01
    outer loop
      vertex   -2.603109e+01 -2.709869e+01 3.260220e+01
      vertex   -2.606380e+01 -2.711358e+01 3.266509e+01
      vertex   -2.603508e+01 -2.717390e+01 3.258727e+01
    endloop
  endfacet
  facet normal 8.924864e-01 -1.329950e-01 4.310225e-01
    outer loop
      vertex   -2.603109e+01 -2.709869e+01 3.260220e+01
      vertex   -2.603508e+01 -2.717390e+01 3.258727e+01
      vertex   -2.600278e+01 -2.716557e+01 3.252294e+01
    endloop
  endfacet
  facet normal 8.951156e-01 -5.678127e-02 4.422036e-01
    outer loop
      vertex   -2.600278e+01 -2.716557e+01 3.252294e+01
      vertex   -2.603508e+01 -2.717390e+01 3.258727e+01
      vertex   -2.600464e+01 -2.724883e+01 3.251602e+01
    endloop
  endfacet
  facet normal 8.953590e-01 -5.674606e-02 4.417151e-01
    outer loop
      vertex   -2.600278e+01 -2.716557e+01 3.252294e+01
      vertex   -2.600464e+01 -2.724883e+01 3.251602e+01
      vertex   -2.597250e+01 -2.724724e+01 3.245109e+01
    endloop
  endfacet
  facet normal 8.957077e-01 2.561833e-02 4.439047e-01
    outer loop
      vertex   -2.597250e+01 -2.724724e+01 3.245109e+01
      vertex   -2.600464e+01 -2.724883e+01 3.251602e+01
      vertex   -2.597148e+01 -2.734863e+01 3.245487e+01
    endloop
  endfacet
  facet normal 8.822388e-01 -2.559502e-01 3.951508e-01
    outer loop
      vertex   -2.618728e+01 -2.709157e+01 3.294563e+01
      vertex   -2.619171e+01 -2.713403e+01 3.292803e+01
      vertex   -2.612483e+01 -2.708936e+01 3.280764e+01
    endloop
  endfacet
  facet normal 8.860598e-01 -2.016112e-01 4.174337e-01
    outer loop
      vertex   -2.612483e+01 -2.708936e+01 3.280764e+01
      vertex   -2.619171e+01 -2.713403e+01 3.292803e+01
      vertex   -2.612922e+01 -2.714336e+01 3.279087e+01
    endloop
  endfacet
  facet normal 8.877701e-01 -2.007469e-01 4.142040e-01
    outer loop
      vertex   -2.612483e+01 -2.708936e+01 3.280764e+01
      vertex   -2.612922e+01 -2.714336e+01 3.279087e+01
      vertex   -2.609651e+01 -2.712847e+01 3.272798e+01
    endloop
  endfacet
  facet normal 8.919161e-01 -1.299730e-01 4.331196e-01
    outer loop
      vertex   -2.609651e+01 -2.712847e+01 3.272798e+01
      vertex   -2.612922e+01 -2.714336e+01 3.279087e+01
      vertex   -2.609969e+01 -2.719054e+01 3.271591e+01
    endloop
  endfacet
  facet normal 8.927101e-01 -1.297104e-01 4.315598e-01
    outer loop
      vertex   -2.609651e+01 -2.712847e+01 3.272798e+01
      vertex   -2.609969e+01 -2.719054e+01 3.271591e+01
      vertex   -2.606739e+01 -2.718222e+01 3.265159e+01
    endloop
  endfacet
  facet normal 8.951146e-01 -5.565838e-02 4.423484e-01
    outer loop
      vertex   -2.606739e+01 -2.718222e+01 3.265159e+01
      vertex   -2.609969e+01 -2.719054e+01 3.271591e+01
      vertex   -2.606890e+01 -2.725201e+01 3.264587e+01
    endloop
  endfacet
  facet normal 8.954050e-01 -5.561697e-02 4.417655e-01
    outer loop
      vertex   -2.606739e+01 -2.718222e+01 3.265159e+01
      vertex   -2.606890e+01 -2.725201e+01 3.264587e+01
      vertex   -2.603677e+01 -2.725042e+01 3.258094e+01
    endloop
  endfacet
  facet normal 8.957207e-01 2.521901e-02 4.439014e-01
    outer loop
      vertex   -2.603677e+01 -2.725042e+01 3.258094e+01
      vertex   -2.606890e+01 -2.725201e+01 3.264587e+01
      vertex   -2.603592e+01 -2.733663e+01 3.258412e+01
    endloop
  endfacet
  facet normal 8.955963e-01 2.522700e-02 4.441519e-01
    outer loop
      vertex   -2.603677e+01 -2.725042e+01 3.258094e+01
      vertex   -2.603592e+01 -2.733663e+01 3.258412e+01
      vertex   -2.600370e+01 -2.734263e+01 3.251949e+01
    endloop
  endfacet
  facet normal 8.934035e-01 1.124341e-01 4.349584e-01
    outer loop
      vertex   -2.600370e+01 -2.734263e+01 3.251949e+01
      vertex   -2.603592e+01 -2.733663e+01 3.258412e+01
      vertex   -2.599955e+01 -2.743509e+01 3.253488e+01
    endloop
  endfacet
  facet normal 8.928575e-01 1.125893e-01 4.360379e-01
    outer loop
      vertex   -2.600370e+01 -2.734263e+01 3.251949e+01
      vertex   -2.599955e+01 -2.743509e+01 3.253488e+01
      vertex   -2.596695e+01 -2.744853e+01 3.247160e+01
    endloop
  endfacet
  facet normal 8.875440e-01 2.012031e-01 4.144672e-01
    outer loop
      vertex   -2.596695e+01 -2.744853e+01 3.247160e+01
      vertex   -2.599955e+01 -2.743509e+01 3.253488e+01
      vertex   -2.595893e+01 -2.754507e+01 3.250129e+01
    endloop
  endfacet
  facet normal 8.897634e-01 -1.835424e-01 4.178916e-01
    outer loop
      vertex   -2.619171e+01 -2.713403e+01 3.292803e+01
      vertex   -2.619487e+01 -2.717830e+01 3.291531e+01
      vertex   -2.612922e+01 -2.714336e+01 3.279087e+01
    endloop
  endfacet
  facet normal 8.915625e-01 -1.279032e-01 4.344618e-01
    outer loop
      vertex   -2.612922e+01 -2.714336e+01 3.279087e+01
      vertex   -2.619487e+01 -2.717830e+01 3.291531e+01
      vertex   -2.613199e+01 -2.719886e+01 3.278023e+01
    endloop
  endfacet
  facet normal 8.928562e-01 -1.274812e-01 4.319216e-01
    outer loop
      vertex   -2.612922e+01 -2.714336e+01 3.279087e+01
      vertex   -2.613199e+01 -2.719886e+01 3.278023e+01
      vertex   -2.609969e+01 -2.719054e+01 3.271591e+01
    endloop
  endfacet
  facet normal 8.951133e-01 -5.491686e-02 4.424436e-01
    outer loop
      vertex   -2.609969e+01 -2.719054e+01 3.271591e+01
      vertex   -2.613199e+01 -2.719886e+01 3.278023e+01
      vertex   -2.610104e+01 -2.725360e+01 3.271080e+01
    endloop
  endfacet
  facet normal 8.954347e-01 -5.487147e-02 4.417984e-01
    outer loop
      vertex   -2.609969e+01 -2.719054e+01 3.271591e+01
      vertex   -2.610104e+01 -2.725360e+01 3.271080e+01
      vertex   -2.606890e+01 -2.725201e+01 3.264587e+01
    endloop
  endfacet
  facet normal 8.957290e-01 2.496150e-02 4.438992e-01
    outer loop
      vertex   -2.606890e+01 -2.725201e+01 3.264587e+01
      vertex   -2.610104e+01 -2.725360e+01 3.271080e+01
      vertex   -2.606813e+01 -2.733062e+01 3.264874e+01
    endloop
  endfacet
  facet normal 8.955926e-01 2.497020e-02 4.441739e-01
    outer loop
      vertex   -2.606890e+01 -2.725201e+01 3.264587e+01
      vertex   -2.606813e+01 -2.733062e+01 3.264874e+01
      vertex   -2.603592e+01 -2.733663e+01 3.258412e+01
    endloop
  endfacet
  facet normal 8.934688e-01 1.114205e-01 4.350851e-01
    outer loop
      vertex   -2.603592e+01 -2.733663e+01 3.258412e+01
      vertex   -2.606813e+01 -2.733062e+01 3.264874e+01
      vertex   -2.603215e+01 -2.742164e+01 3.259816e+01
    endloop
  endfacet
  facet normal 8.928749e-01 1.115882e-01 4.362596e-01
    outer loop
      vertex   -2.603592e+01 -2.733663e+01 3.258412e+01
      vertex   -2.603215e+01 -2.742164e+01 3.259816e+01
      vertex   -2.599955e+01 -2.743509e+01 3.253488e+01
    endloop
  endfacet
  facet normal 8.877089e-01 1.995850e-01 4.148961e-01
    outer loop
      vertex   -2.599955e+01 -2.743509e+01 3.253488e+01
      vertex   -2.603215e+01 -2.742164e+01 3.259816e+01
      vertex   -2.599221e+01 -2.752451e+01 3.256218e+01
    endloop
  endfacet
  facet normal 8.866371e-01 2.001168e-01 4.169268e-01
    outer loop
      vertex   -2.599955e+01 -2.743509e+01 3.253488e+01
      vertex   -2.599221e+01 -2.752451e+01 3.256218e+01
      vertex   -2.595893e+01 -2.754507e+01 3.250129e+01
    endloop
  endfacet
  facet normal 8.781188e-01 2.866870e-01 3.830377e-01
    outer loop
      vertex   -2.595893e+01 -2.754507e+01 3.250129e+01
      vertex   -2.599221e+01 -2.752451e+01 3.256218e+01
      vertex   -2.598166e+01 -2.760919e+01 3.260138e+01
    endloop
  endfacet
  facet normal 8.945800e-01 -1.100438e-01 4.331478e-01
    outer loop
      vertex   -2.619487e+01 -2.717830e+01 3.291531e+01
      vertex   -2.619673e+01 -2.722334e+01 3.290771e+01
      vertex   -2.613199e+01 -2.719886e+01 3.278023e+01
    endloop
  endfacet
  facet normal 8.944740e-01 -5.408641e-02 4.438365e-01
    outer loop
      vertex   -2.613199e+01 -2.719886e+01 3.278023e+01
      vertex   -2.619673e+01 -2.722334e+01 3.290771e+01
      vertex   -2.613317e+01 -2.725519e+01 3.277573e+01
    endloop
  endfacet
  facet normal 8.954708e-01 -5.394762e-02 4.418389e-01
    outer loop
      vertex   -2.613199e+01 -2.719886e+01 3.278023e+01
      vertex   -2.613317e+01 -2.725519e+01 3.277573e+01
      vertex   -2.610104e+01 -2.725360e+01 3.271080e+01
    endloop
  endfacet
  facet normal 8.957390e-01 2.464893e-02 4.438965e-01
    outer loop
      vertex   -2.610104e+01 -2.725360e+01 3.271080e+01
      vertex   -2.613317e+01 -2.725519e+01 3.277573e+01
      vertex   -2.610035e+01 -2.732462e+01 3.271337e+01
    endloop
  endfacet
  facet normal 8.955880e-01 2.465847e-02 4.442005e-01
    outer loop
      vertex   -2.610104e+01 -2.725360e+01 3.271080e+01
      vertex   -2.610035e+01 -2.732462e+01 3.271337e+01
      vertex   -2.606813e+01 -2.733062e+01 3.264874e+01
    endloop
  endfacet
  facet normal 8.935454e-01 1.102116e-01 4.352356e-01
    outer loop
      vertex   -2.606813e+01 -2.733062e+01 3.264874e+01
      vertex   -2.610035e+01 -2.732462e+01 3.271337e+01
      vertex   -2.606475e+01 -2.740819e+01 3.266144e+01
    endloop
  endfacet
  facet normal 8.928944e-01 1.103940e-01 4.365235e-01
    outer loop
      vertex   -2.606813e+01 -2.733062e+01 3.264874e+01
      vertex   -2.606475e+01 -2.740819e+01 3.266144e+01
      vertex   -2.603215e+01 -2.742164e+01 3.259816e+01
    endloop
  endfacet
  facet normal 8.878994e-01 1.976838e-01 4.153983e-01
    outer loop
      vertex   -2.603215e+01 -2.742164e+01 3.259816e+01
      vertex   -2.606475e+01 -2.740819e+01 3.266144e+01
      vertex   -2.602548e+01 -2.750394e+01 3.262307e+01
    endloop
  endfacet
  facet normal 8.867342e-01 1.982580e-01 4.176076e-01
    outer loop
      vertex   -2.603215e+01 -2.742164e+01 3.259816e+01
      vertex   -2.602548e+01 -2.750394e+01 3.262307e+01
      vertex   -2.599221e+01 -2.752451e+01 3.256218e+01
    endloop
  endfacet
  facet normal 8.781188e-01 2.866870e-01 3.830377e-01
    outer loop
      vertex   -2.599221e+01 -2.752451e+01 3.256218e+01
      vertex   -2.602548e+01 -2.750394e+01 3.262307e+01
      vertex   -2.598166e+01 -2.760919e+01 3.260138e+01
    endloop
  endfacet
  facet normal 8.969434e-01 -3.605121e-02 4.406732e-01
    outer loop
      vertex   -2.619673e+01 -2.722334e+01 3.290771e+01
      vertex   -2.619734e+01 -2.726897e+01 3.290521e+01
      vertex   -2.613317e+01 -2.725519e+01 3.277573e+01
    endloop
  endfacet
  facet normal 8.947062e-01 2.432659e-02 4.459921e-01
    outer loop
      vertex   -2.613317e+01 -2.725519e+01 3.277573e+01
      vertex   -2.619734e+01 -2.726897e+01 3.290521e+01
      vertex   -2.613257e+01 -2.731862e+01 3.277799e+01
    endloop
  endfacet
  facet normal 8.955822e-01 2.427207e-02 4.442335e-01
    outer loop
      vertex   -2.613317e+01 -2.725519e+01 3.277573e+01
      vertex   -2.613257e+01 -2.731862e+01 3.277799e+01
      vertex   -2.610035e+01 -2.732462e+01 3.271337e+01
    endloop
  endfacet
  facet normal 8.936366e-01 1.087449e-01 4.354173e-01
    outer loop
      vertex   -2.610035e+01 -2.732462e+01 3.271337e+01
      vertex   -2.613257e+01 -2.731862e+01 3.277799e+01
      vertex   -2.609735e+01 -2.739474e+01 3.272472e+01
    endloop
  endfacet
  facet normal 8.929163e-01 1.089449e-01 4.368427e-01
    outer loop
      vertex   -2.610035e+01 -2.732462e+01 3.271337e+01
      vertex   -2.609735e+01 -2.739474e+01 3.272472e+01
      vertex   -2.606475e+01 -2.740819e+01 3.266144e+01
    endloop
  endfacet
  facet normal 8.881218e-01 1.954183e-01 4.159943e-01
    outer loop
      vertex   -2.606475e+01 -2.740819e+01 3.266144e+01
      vertex   -2.609735e+01 -2.739474e+01 3.272472e+01
      vertex   -2.605876e+01 -2.748338e+01 3.268396e+01
    endloop
  endfacet
  facet normal 8.868455e-01 1.960421e-01 4.184167e-01
    outer loop
      vertex   -2.606475e+01 -2.740819e+01 3.266144e+01
      vertex   -2.605876e+01 -2.748338e+01 3.268396e+01
      vertex   -2.602548e+01 -2.750394e+01 3.262307e+01
    endloop
  endfacet
  facet normal 8.790181e-01 2.803179e-01 3.856799e-01
    outer loop
      vertex   -2.602548e+01 -2.750394e+01 3.262307e+01
      vertex   -2.605876e+01 -2.748338e+01 3.268396e+01
      vertex   -2.605015e+01 -2.755488e+01 3.271630e+01
    endloop
  endfacet
  facet normal 8.766055e-01 2.851051e-01 3.876570e-01
    outer loop
      vertex   -2.602548e+01 -2.750394e+01 3.262307e+01
      vertex   -2.605015e+01 -2.755488e+01 3.271630e+01
      vertex   -2.598166e+01 -2.760919e+01 3.260138e+01
    endloop
  endfacet
  facet normal 8.964594e-01 3.818268e-02 4.414778e-01
    outer loop
      vertex   -2.619734e+01 -2.726897e+01 3.290521e+01
      vertex   -2.619669e+01 -2.731460e+01 3.290785e+01
      vertex   -2.613257e+01 -2.731862e+01 3.277799e+01
    endloop
  endfacet
  facet normal 8.927906e-01 1.071905e-01 4.375331e-01
    outer loop
      vertex   -2.613257e+01 -2.731862e+01 3.277799e+01
      vertex   -2.619669e+01 -2.731460e+01 3.290785e+01
      vertex   -2.612995e+01 -2.738129e+01 3.278800e+01
    endloop
  endfacet
  facet normal 8.929406e-01 1.071495e-01 4.372368e-01
    outer loop
      vertex   -2.613257e+01 -2.731862e+01 3.277799e+01
      vertex   -2.612995e+01 -2.738129e+01 3.278800e+01
      vertex   -2.609735e+01 -2.739474e+01 3.272472e+01
    endloop
  endfacet
  facet normal 8.883847e-01 1.926726e-01 4.167133e-01
    outer loop
      vertex   -2.609735e+01 -2.739474e+01 3.272472e+01
      vertex   -2.612995e+01 -2.738129e+01 3.278800e+01
      vertex   -2.609203e+01 -2.746282e+01 3.274485e+01
    endloop
  endfacet
  facet normal 8.869737e-01 1.933551e-01 4.193942e-01
    outer loop
      vertex   -2.609735e+01 -2.739474e+01 3.272472e+01
      vertex   -2.609203e+01 -2.746282e+01 3.274485e+01
      vertex   -2.605876e+01 -2.748338e+01 3.268396e+01
    endloop
  endfacet
  facet normal 8.790181e-01 2.803179e-01 3.856799e-01
    outer loop
      vertex   -2.605876e+01 -2.748338e+01 3.268396e+01
      vertex   -2.609203e+01 -2.746282e+01 3.274485e+01
      vertex   -2.605015e+01 -2.755488e+01 3.271630e+01
    endloop
  endfacet
  facet normal 8.934032e-01 1.124259e-01 4.349611e-01
    outer loop
      vertex   -2.619669e+01 -2.731460e+01 3.290785e+01
      vertex   -2.619479e+01 -2.735961e+01 3.291557e+01
      vertex   -2.612995e+01 -2.738129e+01 3.278800e+01
    endloop
  endfacet
  facet normal 8.879319e-01 1.896436e-01 4.190611e-01
    outer loop
      vertex   -2.612995e+01 -2.738129e+01 3.278800e+01
      vertex   -2.619479e+01 -2.735961e+01 3.291557e+01
      vertex   -2.612530e+01 -2.744226e+01 3.280574e+01
    endloop
  endfacet
  facet normal 8.871222e-01 1.900293e-01 4.205984e-01
    outer loop
      vertex   -2.612995e+01 -2.738129e+01 3.278800e+01
      vertex   -2.612530e+01 -2.744226e+01 3.280574e+01
      vertex   -2.609203e+01 -2.746282e+01 3.274485e+01
    endloop
  endfacet
  facet normal 8.802605e-01 2.709494e-01 3.895225e-01
    outer loop
      vertex   -2.609203e+01 -2.746282e+01 3.274485e+01
      vertex   -2.612530e+01 -2.744226e+01 3.280574e+01
      vertex   -2.611863e+01 -2.750056e+01 3.283123e+01
    endloop
  endfacet
  facet normal 8.772551e-01 2.776969e-01 3.915455e-01
    outer loop
      vertex   -2.609203e+01 -2.746282e+01 3.274485e+01
      vertex   -2.611863e+01 -2.750056e+01 3.283123e+01
      vertex   -2.605015e+01 -2.755488e+01 3.271630e+01
    endloop
  endfacet
  facet normal 8.875856e-01 1.865232e-01 4.211899e-01
    outer loop
      vertex   -2.619479e+01 -2.735961e+01 3.291557e+01
      vertex   -2.619159e+01 -2.740385e+01 3.292842e+01
      vertex   -2.612530e+01 -2.744226e+01 3.280574e+01
    endloop
  endfacet
  facet normal 8.797578e-01 2.712855e-01 3.904233e-01
    outer loop
      vertex   -2.612530e+01 -2.744226e+01 3.280574e+01
      vertex   -2.619159e+01 -2.740385e+01 3.292842e+01
      vertex   -2.611863e+01 -2.750056e+01 3.283123e+01
    endloop
  endfacet
  facet normal 8.785442e-01 2.601225e-01 4.006199e-01
    outer loop
      vertex   -2.619159e+01 -2.740385e+01 3.292842e+01
      vertex   -2.618712e+01 -2.744625e+01 3.294615e+01
      vertex   -2.611863e+01 -2.750056e+01 3.283123e+01
    endloop
  endfacet
  facet normal 8.933472e-01 1.132963e-01 4.348502e-01
    outer loop
      vertex   -2.596695e+01 -2.744853e+01 3.247160e+01
      vertex   -2.597148e+01 -2.734863e+01 3.245487e+01
      vertex   -2.600370e+01 -2.734263e+01 3.251949e+01
    endloop
  endfacet
  facet normal 8.955994e-01 2.544222e-02 4.441334e-01
    outer loop
      vertex   -2.600370e+01 -2.734263e+01 3.251949e+01
      vertex   -2.597148e+01 -2.734863e+01 3.245487e+01
      vertex   -2.600464e+01 -2.724883e+01 3.251602e+01
    endloop
  endfacet
  facet normal 8.957137e-01 2.543483e-02 4.439032e-01
    outer loop
      vertex   -2.600370e+01 -2.734263e+01 3.251949e+01
      vertex   -2.600464e+01 -2.724883e+01 3.251602e+01
      vertex   -2.603677e+01 -2.725042e+01 3.258094e+01
    endloop
  endfacet
  facet normal 8.953801e-01 -5.623121e-02 4.417381e-01
    outer loop
      vertex   -2.603677e+01 -2.725042e+01 3.258094e+01
      vertex   -2.600464e+01 -2.724883e+01 3.251602e+01
      vertex   -2.603508e+01 -2.717390e+01 3.258727e+01
    endloop
  endfacet
  facet normal 8.951152e-01 -5.626927e-02 4.422697e-01
    outer loop
      vertex   -2.603677e+01 -2.725042e+01 3.258094e+01
      vertex   -2.603508e+01 -2.717390e+01 3.258727e+01
      vertex   -2.606739e+01 -2.718222e+01 3.265159e+01
    endloop
  endfacet
  facet normal 8.925887e-01 -1.315107e-01 4.312659e-01
    outer loop
      vertex   -2.606739e+01 -2.718222e+01 3.265159e+01
      vertex   -2.603508e+01 -2.717390e+01 3.258727e+01
      vertex   -2.606380e+01 -2.711358e+01 3.266509e+01
    endloop
  endfacet
  facet normal 8.918710e-01 -1.317505e-01 4.326753e-01
    outer loop
      vertex   -2.606739e+01 -2.718222e+01 3.265159e+01
      vertex   -2.606380e+01 -2.711358e+01 3.266509e+01
      vertex   -2.609651e+01 -2.712847e+01 3.272798e+01
    endloop
  endfacet
  facet normal 8.874218e-01 -2.044186e-01 4.131533e-01
    outer loop
      vertex   -2.609651e+01 -2.712847e+01 3.272798e+01
      vertex   -2.606380e+01 -2.711358e+01 3.266509e+01
      vertex   -2.609148e+01 -2.706819e+01 3.274701e+01
    endloop
  endfacet
  facet normal 8.860505e-01 -2.051212e-01 4.157401e-01
    outer loop
      vertex   -2.609651e+01 -2.712847e+01 3.272798e+01
      vertex   -2.609148e+01 -2.706819e+01 3.274701e+01
      vertex   -2.612483e+01 -2.708936e+01 3.280764e+01
    endloop
  endfacet
  facet normal 8.731729e-01 3.153768e-01 3.716270e-01
    outer loop
      vertex   -2.618712e+01 -2.744625e+01 3.294615e+01
      vertex   -2.618399e+01 -2.746889e+01 3.295802e+01
      vertex   -2.604401e+01 -2.756975e+01 3.271470e+01
    endloop
  endfacet
  facet normal 8.706696e-01 3.312430e-01 3.636104e-01
    outer loop
      vertex   -2.604401e+01 -2.756975e+01 3.271470e+01
      vertex   -2.618399e+01 -2.746889e+01 3.295802e+01
      vertex   -2.611544e+01 -2.752311e+01 3.284326e+01
    endloop
  endfacet
  facet normal 8.706696e-01 3.312430e-01 3.636104e-01
    outer loop
      vertex   -2.604401e+01 -2.756975e+01 3.271470e+01
      vertex   -2.611544e+01 -2.752311e+01 3.284326e+01
      vertex   -2.604689e+01 -2.757732e+01 3.272850e+01
    endloop
  endfacet
  facet normal 8.706696e-01 3.312430e-01 3.636104e-01
    outer loop
      vertex   -2.604689e+01 -2.757732e+01 3.272850e+01
      vertex   -2.597833e+01 -2.763154e+01 3.261373e+01
      vertex   -2.604401e+01 -2.756975e+01 3.271470e+01
    endloop
  endfacet
  facet normal 8.705182e-01 3.327690e-01 3.625780e-01
    outer loop
      vertex   -2.604401e+01 -2.756975e+01 3.271470e+01
      vertex   -2.597833e+01 -2.763154e+01 3.261373e+01
      vertex   -2.591063e+01 -2.768020e+01 3.249584e+01
    endloop
  endfacet
  facet normal 8.700947e-01 3.358132e-01 3.607836e-01
    outer loop
      vertex   -2.604401e+01 -2.756975e+01 3.271470e+01
      vertex   -2.591063e+01 -2.768020e+01 3.249584e+01
      vertex   -2.591148e+01 -2.767464e+01 3.249271e+01
    endloop
  endfacet
  facet normal 8.699216e-01 3.362411e-01 3.608024e-01
    outer loop
      vertex   -2.597833e+01 -2.763154e+01 3.261373e+01
      vertex   -2.590978e+01 -2.768576e+01 3.249897e+01
      vertex   -2.591063e+01 -2.768020e+01 3.249584e+01
    endloop
  endfacet
  facet normal 8.701452e-01 3.354811e-01 3.609707e-01
    outer loop
      vertex   -2.591148e+01 -2.767464e+01 3.249271e+01
      vertex   -2.591232e+01 -2.766907e+01 3.248958e+01
      vertex   -2.604401e+01 -2.756975e+01 3.271470e+01
    endloop
  endfacet
  facet normal 8.717497e-01 3.252458e-01 3.664254e-01
    outer loop
      vertex   -2.604401e+01 -2.756975e+01 3.271470e+01
      vertex   -2.591232e+01 -2.766907e+01 3.248958e+01
      vertex   -2.598166e+01 -2.760919e+01 3.260138e+01
    endloop
  endfacet
  facet normal 8.726158e-01 3.204721e-01 3.685637e-01
    outer loop
      vertex   -2.604401e+01 -2.756975e+01 3.271470e+01
      vertex   -2.598166e+01 -2.760919e+01 3.260138e+01
      vertex   -2.605015e+01 -2.755488e+01 3.271630e+01
    endloop
  endfacet
  facet normal 8.705632e-01 3.348576e-01 3.605414e-01
    outer loop
      vertex   -2.591232e+01 -2.766907e+01 3.248958e+01
      vertex   -2.591317e+01 -2.766351e+01 3.248646e+01
      vertex   -2.598166e+01 -2.760919e+01 3.260138e+01
    endloop
  endfacet
  facet normal 8.726158e-01 3.204721e-01 3.685637e-01
    outer loop
      vertex   -2.605015e+01 -2.755488e+01 3.271630e+01
      vertex   -2.611863e+01 -2.750056e+01 3.283123e+01
      vertex   -2.604401e+01 -2.756975e+01 3.271470e+01
    endloop
  endfacet
  facet normal 8.726158e-01 3.204721e-01 3.685637e-01
    outer loop
      vertex   -2.604401e+01 -2.756975e+01 3.271470e+01
      vertex   -2.611863e+01 -2.750056e+01 3.283123e+01
      vertex   -2.618712e+01 -2.744625e+01 3.294615e+01
    endloop
  endfacet
  facet normal 8.698964e-01 3.364062e-01 3.607093e-01
    outer loop
      vertex   -2.590978e+01 -2.768576e+01 3.249897e+01
      vertex   -2.597833e+01 -2.763154e+01 3.261373e+01
      vertex   -2.551295e+01 -3.028035e+01 3.396175e+01
    endloop
  endfacet
  facet normal 8.698964e-01 3.364062e-01 3.607093e-01
    outer loop
      vertex   -2.551295e+01 -3.028035e+01 3.396175e+01
      vertex   -2.597833e+01 -2.763154e+01 3.261373e+01
      vertex   -2.604689e+01 -2.757732e+01 3.272850e+01
    endloop
  endfacet
  facet normal 8.698964e-01 3.364062e-01 3.607093e-01
    outer loop
      vertex   -2.551295e+01 -3.028035e+01 3.396175e+01
      vertex   -2.604689e+01 -2.757732e+01 3.272850e+01
      vertex   -2.611544e+01 -2.752311e+01 3.284326e+01
    endloop
  endfacet
  facet normal 8.698964e-01 3.364062e-01 3.607093e-01
    outer loop
      vertex   -2.611544e+01 -2.752311e+01 3.284326e+01
      vertex   -2.618399e+01 -2.746889e+01 3.295802e+01
      vertex   -2.551295e+01 -3.028035e+01 3.396175e+01
    endloop
  endfacet
  facet normal 8.698964e-01 3.364062e-01 3.607093e-01
    outer loop
      vertex   -2.551295e+01 -3.028035e+01 3.396175e+01
      vertex   -2.618399e+01 -2.746889e+01 3.295802e+01
      vertex   -2.565006e+01 -3.017192e+01 3.419128e+01
    endloop
  endfacet
  facet normal 8.698964e-01 3.364062e-01 3.607093e-01
    outer loop
      vertex   -2.565006e+01 -3.017192e+01 3.419128e+01
      vertex   -2.618399e+01 -2.746889e+01 3.295802e+01
      vertex   -2.571861e+01 -3.011770e+01 3.430604e+01
    endloop
  endfacet
  facet normal 8.698964e-01 3.364062e-01 3.607093e-01
    outer loop
      vertex   -2.571861e+01 -3.011770e+01 3.430604e+01
      vertex   -2.618399e+01 -2.746889e+01 3.295802e+01
      vertex   -2.578717e+01 -3.006349e+01 3.442080e+01
    endloop
  endfacet
  facet normal 8.690013e-01 3.351076e-01 3.640599e-01
    outer loop
      vertex   -2.578386e+01 -3.008572e+01 3.443338e+01
      vertex   -2.571414e+01 -3.014638e+01 3.432280e+01
      vertex   -2.578717e+01 -3.006349e+01 3.442080e+01
    endloop
  endfacet
  facet normal 8.687296e-01 3.439686e-01 3.563629e-01
    outer loop
      vertex   -2.578717e+01 -3.006349e+01 3.442080e+01
      vertex   -2.571414e+01 -3.014638e+01 3.432280e+01
      vertex   -2.564272e+01 -3.019338e+01 3.419404e+01
    endloop
  endfacet
  facet normal 8.688221e-01 3.432408e-01 3.568388e-01
    outer loop
      vertex   -2.578717e+01 -3.006349e+01 3.442080e+01
      vertex   -2.564272e+01 -3.019338e+01 3.419404e+01
      vertex   -2.571861e+01 -3.011770e+01 3.430604e+01
    endloop
  endfacet
  facet normal 8.688221e-01 3.432408e-01 3.568388e-01
    outer loop
      vertex   -2.571861e+01 -3.011770e+01 3.430604e+01
      vertex   -2.564272e+01 -3.019338e+01 3.419404e+01
      vertex   -2.565006e+01 -3.017192e+01 3.419128e+01
    endloop
  endfacet
  facet normal 8.688221e-01 3.432408e-01 3.568388e-01
    outer loop
      vertex   -2.565006e+01 -3.017192e+01 3.419128e+01
      vertex   -2.564272e+01 -3.019338e+01 3.419404e+01
      vertex   -2.551295e+01 -3.028035e+01 3.396175e+01
    endloop
  endfacet
  facet normal 8.659474e-01 3.572858e-01 3.499742e-01
    outer loop
      vertex   -2.551295e+01 -3.028035e+01 3.396175e+01
      vertex   -2.564272e+01 -3.019338e+01 3.419404e+01
      vertex   -2.550499e+01 -3.032836e+01 3.399107e+01
    endloop
  endfacet
  facet normal 8.659418e-01 3.573357e-01 3.499371e-01
    outer loop
      vertex   -2.550499e+01 -3.032836e+01 3.399107e+01
      vertex   -2.564272e+01 -3.019338e+01 3.419404e+01
      vertex   -2.564443e+01 -3.020704e+01 3.421222e+01
    endloop
  endfacet
  facet normal 8.659418e-01 3.573357e-01 3.499371e-01
    outer loop
      vertex   -2.564443e+01 -3.020704e+01 3.421222e+01
      vertex   -2.564272e+01 -3.019338e+01 3.419404e+01
      vertex   -2.571414e+01 -3.014638e+01 3.432280e+01
    endloop
  endfacet
  facet normal 8.621031e-01 3.802474e-01 3.349480e-01
    outer loop
      vertex   -2.564443e+01 -3.020704e+01 3.421222e+01
      vertex   -2.563489e+01 -3.023846e+01 3.422335e+01
      vertex   -2.550499e+01 -3.032836e+01 3.399107e+01
    endloop
  endfacet
  facet normal 8.532643e-01 4.141574e-01 3.168811e-01
    outer loop
      vertex   -2.550499e+01 -3.032836e+01 3.399107e+01
      vertex   -2.563489e+01 -3.023846e+01 3.422335e+01
      vertex   -2.562956e+01 -3.026474e+01 3.424333e+01
    endloop
  endfacet
  facet normal 8.532678e-01 4.141468e-01 3.168855e-01
    outer loop
      vertex   -2.550499e+01 -3.032836e+01 3.399107e+01
      vertex   -2.562956e+01 -3.026474e+01 3.424333e+01
      vertex   -2.548955e+01 -3.040375e+01 3.404802e+01
    endloop
  endfacet
  facet normal 8.475401e-01 4.430440e-01 2.922119e-01
    outer loop
      vertex   -2.548955e+01 -3.040375e+01 3.404802e+01
      vertex   -2.562956e+01 -3.026474e+01 3.424333e+01
      vertex   -2.562383e+01 -3.028983e+01 3.426477e+01
    endloop
  endfacet
  facet normal 8.383438e-01 4.732030e-01 2.706631e-01
    outer loop
      vertex   -2.548955e+01 -3.040375e+01 3.404802e+01
      vertex   -2.562383e+01 -3.028983e+01 3.426477e+01
      vertex   -2.561774e+01 -3.031368e+01 3.428758e+01
    endloop
  endfacet
  facet normal 8.376289e-01 4.739260e-01 2.716099e-01
    outer loop
      vertex   -2.561774e+01 -3.031368e+01 3.428758e+01
      vertex   -2.562383e+01 -3.028983e+01 3.426477e+01
      vertex   -2.577043e+01 -3.015657e+01 3.448437e+01
    endloop
  endfacet
  facet normal 8.266727e-01 5.124800e-01 2.323283e-01
    outer loop
      vertex   -2.561774e+01 -3.031368e+01 3.428758e+01
      vertex   -2.577043e+01 -3.015657e+01 3.448437e+01
      vertex   -2.560452e+01 -3.035741e+01 3.433700e+01
    endloop
  endfacet
  facet normal 8.299248e-01 4.901416e-01 2.664322e-01
    outer loop
      vertex   -2.560452e+01 -3.035741e+01 3.433700e+01
      vertex   -2.577043e+01 -3.015657e+01 3.448437e+01
      vertex   -2.576205e+01 -3.018804e+01 3.451612e+01
    endloop
  endfacet
  facet normal 8.078152e-01 5.614074e-01 1.796004e-01
    outer loop
      vertex   -2.560452e+01 -3.035741e+01 3.433700e+01
      vertex   -2.576205e+01 -3.018804e+01 3.451612e+01
      vertex   -2.559007e+01 -3.039545e+01 3.439093e+01
    endloop
  endfacet
  facet normal 8.116205e-01 5.431567e-01 2.150651e-01
    outer loop
      vertex   -2.559007e+01 -3.039545e+01 3.439093e+01
      vertex   -2.576205e+01 -3.018804e+01 3.451612e+01
      vertex   -2.575288e+01 -3.021559e+01 3.455112e+01
    endloop
  endfacet
  facet normal 7.863306e-01 6.063534e-01 1.184054e-01
    outer loop
      vertex   -2.559007e+01 -3.039545e+01 3.439093e+01
      vertex   -2.575288e+01 -3.021559e+01 3.455112e+01
      vertex   -2.557267e+01 -3.043066e+01 3.445573e+01
    endloop
  endfacet
  facet normal 7.902652e-01 5.919784e-01 1.582482e-01
    outer loop
      vertex   -2.557267e+01 -3.043066e+01 3.445573e+01
      vertex   -2.575288e+01 -3.021559e+01 3.455112e+01
      vertex   -2.574275e+01 -3.023954e+01 3.459012e+01
    endloop
  endfacet
  facet normal 7.624680e-01 6.452989e-01 4.724405e-02
    outer loop
      vertex   -2.557267e+01 -3.043066e+01 3.445573e+01
      vertex   -2.574275e+01 -3.023954e+01 3.459012e+01
      vertex   -2.555419e+01 -3.045753e+01 3.452443e+01
    endloop
  endfacet
  facet normal 7.668073e-01 6.349514e-01 9.403879e-02
    outer loop
      vertex   -2.555419e+01 -3.045753e+01 3.452443e+01
      vertex   -2.574275e+01 -3.023954e+01 3.459012e+01
      vertex   -2.573198e+01 -3.025868e+01 3.463153e+01
    endloop
  endfacet
  facet normal 7.369340e-01 6.752795e-01 -3.042645e-02
    outer loop
      vertex   -2.555419e+01 -3.045753e+01 3.452443e+01
      vertex   -2.573198e+01 -3.025868e+01 3.463153e+01
      vertex   -2.553485e+01 -3.047540e+01 3.459613e+01
    endloop
  endfacet
  facet normal 7.413898e-01 6.707001e-01 2.241801e-02
    outer loop
      vertex   -2.553485e+01 -3.047540e+01 3.459613e+01
      vertex   -2.573198e+01 -3.025868e+01 3.463153e+01
      vertex   -2.572027e+01 -3.027312e+01 3.467610e+01
    endloop
  endfacet
  facet normal 7.154483e-01 6.924745e-01 -9.280559e-02
    outer loop
      vertex   -2.553485e+01 -3.047540e+01 3.459613e+01
      vertex   -2.572027e+01 -3.027312e+01 3.467610e+01
      vertex   -2.561453e+01 -3.037959e+01 3.469677e+01
    endloop
  endfacet
  facet normal 7.138468e-01 6.980819e-01 -5.571766e-02
    outer loop
      vertex   -2.561453e+01 -3.037959e+01 3.469677e+01
      vertex   -2.572027e+01 -3.027312e+01 3.467610e+01
      vertex   -2.570801e+01 -3.028199e+01 3.472196e+01
    endloop
  endfacet
  facet normal 8.621031e-01 3.802474e-01 3.349480e-01
    outer loop
      vertex   -2.564443e+01 -3.020704e+01 3.421222e+01
      vertex   -2.571414e+01 -3.014638e+01 3.432280e+01
      vertex   -2.563489e+01 -3.023846e+01 3.422335e+01
    endloop
  endfacet
  facet normal 8.625360e-01 3.724298e-01 3.425313e-01
    outer loop
      vertex   -2.563489e+01 -3.023846e+01 3.422335e+01
      vertex   -2.571414e+01 -3.014638e+01 3.432280e+01
      vertex   -2.577770e+01 -3.012260e+01 3.445699e+01
    endloop
  endfacet
  facet normal 8.535418e-01 4.139005e-01 3.164692e-01
    outer loop
      vertex   -2.563489e+01 -3.023846e+01 3.422335e+01
      vertex   -2.577770e+01 -3.012260e+01 3.445699e+01
      vertex   -2.562956e+01 -3.026474e+01 3.424333e+01
    endloop
  endfacet
  facet normal 8.472834e-01 4.432955e-01 2.925748e-01
    outer loop
      vertex   -2.562956e+01 -3.026474e+01 3.424333e+01
      vertex   -2.577770e+01 -3.012260e+01 3.445699e+01
      vertex   -2.562383e+01 -3.028983e+01 3.426477e+01
    endloop
  endfacet
  facet normal 8.647025e-01 3.652082e-01 3.448371e-01
    outer loop
      vertex   -2.571414e+01 -3.014638e+01 3.432280e+01
      vertex   -2.578386e+01 -3.008572e+01 3.443338e+01
      vertex   -2.577770e+01 -3.012260e+01 3.445699e+01
    endloop
  endfacet
  facet normal 8.495871e-01 4.290011e-01 3.068547e-01
    outer loop
      vertex   -2.577770e+01 -3.012260e+01 3.445699e+01
      vertex   -2.577043e+01 -3.015657e+01 3.448437e+01
      vertex   -2.562383e+01 -3.028983e+01 3.426477e+01
    endloop
  endfacet
  facet normal 7.030611e-01 7.022647e-01 -1.119345e-01
    outer loop
      vertex   -2.561453e+01 -3.037959e+01 3.469677e+01
      vertex   -2.552105e+01 -3.047719e+01 3.467157e+01
      vertex   -2.553485e+01 -3.047540e+01 3.459613e+01
    endloop
  endfacet
  facet normal 7.030611e-01 7.022647e-01 -1.119345e-01
    outer loop
      vertex   -2.553485e+01 -3.047540e+01 3.459613e+01
      vertex   -2.552105e+01 -3.047719e+01 3.467157e+01
      vertex   -2.542757e+01 -3.057479e+01 3.464637e+01
    endloop
  endfacet
  facet normal 7.060106e-01 6.960802e-01 -1.304660e-01
    outer loop
      vertex   -2.553485e+01 -3.047540e+01 3.459613e+01
      vertex   -2.542757e+01 -3.057479e+01 3.464637e+01
      vertex   -2.535911e+01 -3.066624e+01 3.452895e+01
    endloop
  endfacet
  facet normal 6.963214e-01 7.035554e-01 -1.419378e-01
    outer loop
      vertex   -2.535911e+01 -3.066624e+01 3.452895e+01
      vertex   -2.542757e+01 -3.057479e+01 3.464637e+01
      vertex   -2.533410e+01 -3.067239e+01 3.462118e+01
    endloop
  endfacet
  facet normal 7.235791e-01 6.875941e-01 -6.039595e-02
    outer loop
      vertex   -2.535911e+01 -3.066624e+01 3.452895e+01
      vertex   -2.538373e+01 -3.064831e+01 3.443816e+01
      vertex   -2.553485e+01 -3.047540e+01 3.459613e+01
    endloop
  endfacet
  facet normal 7.382951e-01 6.737570e-01 -3.117301e-02
    outer loop
      vertex   -2.553485e+01 -3.047540e+01 3.459613e+01
      vertex   -2.538373e+01 -3.064831e+01 3.443816e+01
      vertex   -2.555419e+01 -3.045753e+01 3.452443e+01
    endloop
  endfacet
  facet normal 7.490980e-01 6.622765e-01 1.555866e-02
    outer loop
      vertex   -2.538373e+01 -3.064831e+01 3.443816e+01
      vertex   -2.540763e+01 -3.061920e+01 3.435003e+01
      vertex   -2.555419e+01 -3.045753e+01 3.452443e+01
    endloop
  endfacet
  facet normal 7.642779e-01 6.432476e-01 4.595487e-02
    outer loop
      vertex   -2.555419e+01 -3.045753e+01 3.452443e+01
      vertex   -2.540763e+01 -3.061920e+01 3.435003e+01
      vertex   -2.557267e+01 -3.043066e+01 3.445573e+01
    endloop
  endfacet
  facet normal 7.730528e-01 6.284867e-01 8.598746e-02
    outer loop
      vertex   -2.540763e+01 -3.061920e+01 3.435003e+01
      vertex   -2.543048e+01 -3.057958e+01 3.426580e+01
      vertex   -2.557267e+01 -3.043066e+01 3.445573e+01
    endloop
  endfacet
  facet normal 7.883658e-01 6.040542e-01 1.166096e-01
    outer loop
      vertex   -2.557267e+01 -3.043066e+01 3.445573e+01
      vertex   -2.543048e+01 -3.057958e+01 3.426580e+01
      vertex   -2.559007e+01 -3.039545e+01 3.439093e+01
    endloop
  endfacet
  facet normal 7.955220e-01 5.867598e-01 1.511873e-01
    outer loop
      vertex   -2.543048e+01 -3.057958e+01 3.426580e+01
      vertex   -2.545196e+01 -3.053005e+01 3.418661e+01
      vertex   -2.559007e+01 -3.039545e+01 3.439093e+01
    endloop
  endfacet
  facet normal 8.092008e-01 5.598731e-01 1.781467e-01
    outer loop
      vertex   -2.559007e+01 -3.039545e+01 3.439093e+01
      vertex   -2.545196e+01 -3.053005e+01 3.418661e+01
      vertex   -2.560452e+01 -3.035741e+01 3.433700e+01
    endloop
  endfacet
  facet normal 8.164722e-01 5.372593e-01 2.114842e-01
    outer loop
      vertex   -2.545196e+01 -3.053005e+01 3.418661e+01
      vertex   -2.547176e+01 -3.047122e+01 3.411360e+01
      vertex   -2.560452e+01 -3.035741e+01 3.433700e+01
    endloop
  endfacet
  facet normal 8.275912e-01 5.115000e-01 2.312154e-01
    outer loop
      vertex   -2.560452e+01 -3.035741e+01 3.433700e+01
      vertex   -2.547176e+01 -3.047122e+01 3.411360e+01
      vertex   -2.561774e+01 -3.031368e+01 3.428758e+01
    endloop
  endfacet
  facet normal 8.358237e-01 4.797872e-01 2.668390e-01
    outer loop
      vertex   -2.547176e+01 -3.047122e+01 3.411360e+01
      vertex   -2.548955e+01 -3.040375e+01 3.404802e+01
      vertex   -2.561774e+01 -3.031368e+01 3.428758e+01
    endloop
  endfacet
  facet normal 6.953165e-01 7.043128e-01 -1.431028e-01
    outer loop
      vertex   -2.570801e+01 -3.028199e+01 3.472196e+01
      vertex   -2.569454e+01 -3.028519e+01 3.477167e+01
      vertex   -2.550817e+01 -3.048481e+01 3.469473e+01
    endloop
  endfacet
  facet normal 6.850313e-01 7.071130e-01 -1.752807e-01
    outer loop
      vertex   -2.550817e+01 -3.048481e+01 3.469473e+01
      vertex   -2.569454e+01 -3.028519e+01 3.477167e+01
      vertex   -2.560106e+01 -3.038199e+01 3.474647e+01
    endloop
  endfacet
  facet normal 6.850313e-01 7.071130e-01 -1.752807e-01
    outer loop
      vertex   -2.550817e+01 -3.048481e+01 3.469473e+01
      vertex   -2.560106e+01 -3.038199e+01 3.474647e+01
      vertex   -2.550758e+01 -3.047880e+01 3.472127e+01
    endloop
  endfacet
  facet normal 6.850313e-01 7.071130e-01 -1.752807e-01
    outer loop
      vertex   -2.550758e+01 -3.047880e+01 3.472127e+01
      vertex   -2.541410e+01 -3.057561e+01 3.469607e+01
      vertex   -2.550817e+01 -3.048481e+01 3.469473e+01
    endloop
  endfacet
  facet normal 6.846235e-01 7.066390e-01 -1.787511e-01
    outer loop
      vertex   -2.550817e+01 -3.048481e+01 3.469473e+01
      vertex   -2.541410e+01 -3.057561e+01 3.469607e+01
      vertex   -2.532399e+01 -3.067243e+01 3.465845e+01
    endloop
  endfacet
  facet normal 6.831170e-01 7.064194e-01 -1.852641e-01
    outer loop
      vertex   -2.550817e+01 -3.048481e+01 3.469473e+01
      vertex   -2.532399e+01 -3.067243e+01 3.465845e+01
      vertex   -2.532736e+01 -3.067243e+01 3.464602e+01
    endloop
  endfacet
  facet normal 6.822335e-01 7.071408e-01 -1.857667e-01
    outer loop
      vertex   -2.541410e+01 -3.057561e+01 3.469607e+01
      vertex   -2.532062e+01 -3.067242e+01 3.467087e+01
      vertex   -2.532399e+01 -3.067243e+01 3.465845e+01
    endloop
  endfacet
  facet normal 6.833058e-01 7.064199e-01 -1.845647e-01
    outer loop
      vertex   -2.532736e+01 -3.067243e+01 3.464602e+01
      vertex   -2.533073e+01 -3.067242e+01 3.463360e+01
      vertex   -2.550817e+01 -3.048481e+01 3.469473e+01
    endloop
  endfacet
  facet normal 6.896239e-01 7.054955e-01 -1.633862e-01
    outer loop
      vertex   -2.550817e+01 -3.048481e+01 3.469473e+01
      vertex   -2.533073e+01 -3.067242e+01 3.463360e+01
      vertex   -2.542757e+01 -3.057479e+01 3.464637e+01
    endloop
  endfacet
  facet normal 6.933848e-01 7.038903e-01 -1.541300e-01
    outer loop
      vertex   -2.550817e+01 -3.048481e+01 3.469473e+01
      vertex   -2.542757e+01 -3.057479e+01 3.464637e+01
      vertex   -2.552105e+01 -3.047719e+01 3.467157e+01
    endloop
  endfacet
  facet normal 6.855861e-01 7.042428e-01 -1.844280e-01
    outer loop
      vertex   -2.533073e+01 -3.067242e+01 3.463360e+01
      vertex   -2.533410e+01 -3.067239e+01 3.462118e+01
      vertex   -2.542757e+01 -3.057479e+01 3.464637e+01
    endloop
  endfacet
  facet normal 6.933848e-01 7.038903e-01 -1.541300e-01
    outer loop
      vertex   -2.552105e+01 -3.047719e+01 3.467157e+01
      vertex   -2.561453e+01 -3.037959e+01 3.469677e+01
      vertex   -2.550817e+01 -3.048481e+01 3.469473e+01
    endloop
  endfacet
  facet normal 6.933848e-01 7.038903e-01 -1.541300e-01
    outer loop
      vertex   -2.550817e+01 -3.048481e+01 3.469473e+01
      vertex   -2.561453e+01 -3.037959e+01 3.469677e+01
      vertex   -2.570801e+01 -3.028199e+01 3.472196e+01
    endloop
  endfacet
  facet normal 6.821406e-01 7.071403e-01 -1.861096e-01
    outer loop
      vertex   -2.532062e+01 -3.067242e+01 3.467087e+01
      vertex   -2.541410e+01 -3.057561e+01 3.469607e+01
      vertex   -2.453597e+01 -3.066785e+01 3.756416e+01
    endloop
  endfacet
  facet normal 6.821406e-01 7.071403e-01 -1.861096e-01
    outer loop
      vertex   -2.453597e+01 -3.066785e+01 3.756416e+01
      vertex   -2.541410e+01 -3.057561e+01 3.469607e+01
      vertex   -2.472294e+01 -3.047423e+01 3.761456e+01
    endloop
  endfacet
  facet normal 6.821406e-01 7.071403e-01 -1.861096e-01
    outer loop
      vertex   -2.472294e+01 -3.047423e+01 3.761456e+01
      vertex   -2.541410e+01 -3.057561e+01 3.469607e+01
      vertex   -2.550758e+01 -3.047880e+01 3.472127e+01
    endloop
  endfacet
  facet normal 6.821406e-01 7.071403e-01 -1.861096e-01
    outer loop
      vertex   -2.472294e+01 -3.047423e+01 3.761456e+01
      vertex   -2.550758e+01 -3.047880e+01 3.472127e+01
      vertex   -2.560106e+01 -3.038199e+01 3.474647e+01
    endloop
  endfacet
  facet normal 6.821406e-01 7.071403e-01 -1.861096e-01
    outer loop
      vertex   -2.472294e+01 -3.047423e+01 3.761456e+01
      vertex   -2.560106e+01 -3.038199e+01 3.474647e+01
      vertex   -2.481642e+01 -3.037742e+01 3.763976e+01
    endloop
  endfacet
  facet normal 6.821406e-01 7.071403e-01 -1.861096e-01
    outer loop
      vertex   -2.481642e+01 -3.037742e+01 3.763976e+01
      vertex   -2.560106e+01 -3.038199e+01 3.474647e+01
      vertex   -2.569454e+01 -3.028519e+01 3.477167e+01
    endloop
  endfacet
  facet normal 6.821406e-01 7.071403e-01 -1.861096e-01
    outer loop
      vertex   -2.481642e+01 -3.037742e+01 3.763976e+01
      vertex   -2.569454e+01 -3.028519e+01 3.477167e+01
      vertex   -2.490990e+01 -3.028062e+01 3.766496e+01
    endloop
  endfacet
  facet normal 6.807381e-01 7.085407e-01 -1.859187e-01
    outer loop
      vertex   -2.490990e+01 -3.028062e+01 3.766496e+01
      vertex   -2.489641e+01 -3.028054e+01 3.771465e+01
      vertex   -2.470677e+01 -3.047975e+01 3.764981e+01
    endloop
  endfacet
  facet normal 6.670041e-01 7.092377e-01 -2.282268e-01
    outer loop
      vertex   -2.470677e+01 -3.047975e+01 3.764981e+01
      vertex   -2.489641e+01 -3.028054e+01 3.771465e+01
      vertex   -2.479977e+01 -3.037578e+01 3.770109e+01
    endloop
  endfacet
  facet normal 6.670041e-01 7.092377e-01 -2.282268e-01
    outer loop
      vertex   -2.470677e+01 -3.047975e+01 3.764981e+01
      vertex   -2.479977e+01 -3.037578e+01 3.770109e+01
      vertex   -2.470314e+01 -3.047102e+01 3.768754e+01
    endloop
  endfacet
  facet normal 6.601226e-01 7.062028e-01 -2.559605e-01
    outer loop
      vertex   -2.450987e+01 -3.066151e+01 3.766043e+01
      vertex   -2.451855e+01 -3.066499e+01 3.762843e+01
      vertex   -2.470314e+01 -3.047102e+01 3.768754e+01
    endloop
  endfacet
  facet normal 6.697100e-01 7.067823e-01 -2.279197e-01
    outer loop
      vertex   -2.470314e+01 -3.047102e+01 3.768754e+01
      vertex   -2.451855e+01 -3.066499e+01 3.762843e+01
      vertex   -2.470677e+01 -3.047975e+01 3.764981e+01
    endloop
  endfacet
  facet normal 6.696580e-01 7.067564e-01 -2.281527e-01
    outer loop
      vertex   -2.451855e+01 -3.066499e+01 3.762843e+01
      vertex   -2.452725e+01 -3.066711e+01 3.759633e+01
      vertex   -2.470677e+01 -3.047975e+01 3.764981e+01
    endloop
  endfacet
  facet normal 6.782037e-01 7.070221e-01 -2.003984e-01
    outer loop
      vertex   -2.470677e+01 -3.047975e+01 3.764981e+01
      vertex   -2.452725e+01 -3.066711e+01 3.759633e+01
      vertex   -2.472294e+01 -3.047423e+01 3.761456e+01
    endloop
  endfacet
  facet normal 6.781879e-01 7.070401e-01 -2.003883e-01
    outer loop
      vertex   -2.470677e+01 -3.047975e+01 3.764981e+01
      vertex   -2.472294e+01 -3.047423e+01 3.761456e+01
      vertex   -2.481642e+01 -3.037742e+01 3.763976e+01
    endloop
  endfacet
  facet normal 6.782431e-01 7.070425e-01 -2.001929e-01
    outer loop
      vertex   -2.452725e+01 -3.066711e+01 3.759633e+01
      vertex   -2.453597e+01 -3.066785e+01 3.756416e+01
      vertex   -2.472294e+01 -3.047423e+01 3.761456e+01
    endloop
  endfacet
  facet normal 6.781879e-01 7.070401e-01 -2.003883e-01
    outer loop
      vertex   -2.481642e+01 -3.037742e+01 3.763976e+01
      vertex   -2.490990e+01 -3.028062e+01 3.766496e+01
      vertex   -2.470677e+01 -3.047975e+01 3.764981e+01
    endloop
  endfacet
  facet normal 6.584616e-01 7.054218e-01 -2.623136e-01
    outer loop
      vertex   -2.470314e+01 -3.047102e+01 3.768754e+01
      vertex   -2.468829e+01 -3.047360e+01 3.771787e+01
      vertex   -2.450987e+01 -3.066151e+01 3.766043e+01
    endloop
  endfacet
  facet normal 6.440789e-01 7.034490e-01 -3.005359e-01
    outer loop
      vertex   -2.450987e+01 -3.066151e+01 3.766043e+01
      vertex   -2.468829e+01 -3.047360e+01 3.771787e+01
      vertex   -2.467985e+01 -3.046808e+01 3.774890e+01
    endloop
  endfacet
  facet normal 6.351695e-01 7.037407e-01 -3.182902e-01
    outer loop
      vertex   -2.450987e+01 -3.066151e+01 3.766043e+01
      vertex   -2.467985e+01 -3.046808e+01 3.774890e+01
      vertex   -2.448183e+01 -3.064005e+01 3.776382e+01
    endloop
  endfacet
  facet normal 6.314872e-01 6.977813e-01 -3.381201e-01
    outer loop
      vertex   -2.448183e+01 -3.064005e+01 3.776382e+01
      vertex   -2.467985e+01 -3.046808e+01 3.774890e+01
      vertex   -2.467146e+01 -3.046076e+01 3.777967e+01
    endloop
  endfacet
  facet normal 6.202040e-01 6.890927e-01 -3.748309e-01
    outer loop
      vertex   -2.448183e+01 -3.064005e+01 3.776382e+01
      vertex   -2.467146e+01 -3.046076e+01 3.777967e+01
      vertex   -2.466317e+01 -3.045168e+01 3.781007e+01
    endloop
  endfacet
  facet normal 6.164358e-01 6.924756e-01 -3.748125e-01
    outer loop
      vertex   -2.466317e+01 -3.045168e+01 3.781007e+01
      vertex   -2.467146e+01 -3.046076e+01 3.777967e+01
      vertex   -2.486984e+01 -3.026842e+01 3.780876e+01
    endloop
  endfacet
  facet normal 6.010704e-01 6.747664e-01 -4.282577e-01
    outer loop
      vertex   -2.466317e+01 -3.045168e+01 3.781007e+01
      vertex   -2.486984e+01 -3.026842e+01 3.780876e+01
      vertex   -2.464695e+01 -3.042845e+01 3.786945e+01
    endloop
  endfacet
  facet normal 6.039756e-01 6.898532e-01 -3.991442e-01
    outer loop
      vertex   -2.464695e+01 -3.042845e+01 3.786945e+01
      vertex   -2.486984e+01 -3.026842e+01 3.780876e+01
      vertex   -2.485692e+01 -3.025353e+01 3.785404e+01
    endloop
  endfacet
  facet normal 5.767045e-01 6.485129e-01 -4.968329e-01
    outer loop
      vertex   -2.464695e+01 -3.042845e+01 3.786945e+01
      vertex   -2.485692e+01 -3.025353e+01 3.785404e+01
      vertex   -2.463137e+01 -3.039871e+01 3.792634e+01
    endloop
  endfacet
  facet normal 5.787443e-01 6.617819e-01 -4.765499e-01
    outer loop
      vertex   -2.463137e+01 -3.039871e+01 3.792634e+01
      vertex   -2.485692e+01 -3.025353e+01 3.785404e+01
      vertex   -2.484477e+01 -3.023301e+01 3.789729e+01
    endloop
  endfacet
  facet normal 5.520673e-01 6.116250e-01 -5.666891e-01
    outer loop
      vertex   -2.463137e+01 -3.039871e+01 3.792634e+01
      vertex   -2.484477e+01 -3.023301e+01 3.789729e+01
      vertex   -2.461473e+01 -3.035753e+01 3.798700e+01
    endloop
  endfacet
  facet normal 5.531603e-01 6.254792e-01 -5.502630e-01
    outer loop
      vertex   -2.461473e+01 -3.035753e+01 3.798700e+01
      vertex   -2.484477e+01 -3.023301e+01 3.789729e+01
      vertex   -2.483360e+01 -3.020718e+01 3.793788e+01
    endloop
  endfacet
  facet normal 5.285546e-01 5.614015e-01 -6.367561e-01
    outer loop
      vertex   -2.461473e+01 -3.035753e+01 3.798700e+01
      vertex   -2.483360e+01 -3.020718e+01 3.793788e+01
      vertex   -2.459946e+01 -3.030890e+01 3.804255e+01
    endloop
  endfacet
  facet normal 5.289200e-01 5.785770e-01 -6.208802e-01
    outer loop
      vertex   -2.459946e+01 -3.030890e+01 3.804255e+01
      vertex   -2.483360e+01 -3.020718e+01 3.793788e+01
      vertex   -2.482350e+01 -3.017640e+01 3.797517e+01
    endloop
  endfacet
  facet normal 5.069234e-01 5.000804e-01 -7.021028e-01
    outer loop
      vertex   -2.459946e+01 -3.030890e+01 3.804255e+01
      vertex   -2.482350e+01 -3.017640e+01 3.797517e+01
      vertex   -2.458586e+01 -3.025333e+01 3.809195e+01
    endloop
  endfacet
  facet normal 5.063621e-01 5.205644e-01 -6.874665e-01
    outer loop
      vertex   -2.458586e+01 -3.025333e+01 3.809195e+01
      vertex   -2.482350e+01 -3.017640e+01 3.797517e+01
      vertex   -2.481447e+01 -3.014113e+01 3.800852e+01
    endloop
  endfacet
  facet normal 4.894846e-01 4.356937e-01 -7.553647e-01
    outer loop
      vertex   -2.458586e+01 -3.025333e+01 3.809195e+01
      vertex   -2.481447e+01 -3.014113e+01 3.800852e+01
      vertex   -2.469406e+01 -3.014516e+01 3.808423e+01
    endloop
  endfacet
  facet normal 4.857978e-01 4.510820e-01 -7.486825e-01
    outer loop
      vertex   -2.469406e+01 -3.014516e+01 3.808423e+01
      vertex   -2.481447e+01 -3.014113e+01 3.800852e+01
      vertex   -2.480646e+01 -3.010186e+01 3.803738e+01
    endloop
  endfacet
  facet normal 6.584616e-01 7.054218e-01 -2.623136e-01
    outer loop
      vertex   -2.470314e+01 -3.047102e+01 3.768754e+01
      vertex   -2.479977e+01 -3.037578e+01 3.770109e+01
      vertex   -2.468829e+01 -3.047360e+01 3.771787e+01
    endloop
  endfacet
  facet normal 6.602039e-01 7.107467e-01 -2.428373e-01
    outer loop
      vertex   -2.468829e+01 -3.047360e+01 3.771787e+01
      vertex   -2.479977e+01 -3.037578e+01 3.770109e+01
      vertex   -2.488318e+01 -3.027746e+01 3.776209e+01
    endloop
  endfacet
  facet normal 6.419063e-01 7.055263e-01 -3.003147e-01
    outer loop
      vertex   -2.468829e+01 -3.047360e+01 3.771787e+01
      vertex   -2.488318e+01 -3.027746e+01 3.776209e+01
      vertex   -2.467985e+01 -3.046808e+01 3.774890e+01
    endloop
  endfacet
  facet normal 6.318636e-01 6.974311e-01 -3.381393e-01
    outer loop
      vertex   -2.467985e+01 -3.046808e+01 3.774890e+01
      vertex   -2.488318e+01 -3.027746e+01 3.776209e+01
      vertex   -2.467146e+01 -3.046076e+01 3.777967e+01
    endloop
  endfacet
  facet normal 6.661803e-01 7.088930e-01 -2.316777e-01
    outer loop
      vertex   -2.479977e+01 -3.037578e+01 3.770109e+01
      vertex   -2.489641e+01 -3.028054e+01 3.771465e+01
      vertex   -2.488318e+01 -3.027746e+01 3.776209e+01
    endloop
  endfacet
  facet normal 6.354938e-01 7.035484e-01 -3.180681e-01
    outer loop
      vertex   -2.488318e+01 -3.027746e+01 3.776209e+01
      vertex   -2.486984e+01 -3.026842e+01 3.780876e+01
      vertex   -2.467146e+01 -3.046076e+01 3.777967e+01
    endloop
  endfacet
  facet normal 4.833102e-01 4.289628e-01 -7.631528e-01
    outer loop
      vertex   -2.469406e+01 -3.014516e+01 3.808423e+01
      vertex   -2.458165e+01 -3.018845e+01 3.813109e+01
      vertex   -2.458586e+01 -3.025333e+01 3.809195e+01
    endloop
  endfacet
  facet normal 4.833102e-01 4.289628e-01 -7.631528e-01
    outer loop
      vertex   -2.458586e+01 -3.025333e+01 3.809195e+01
      vertex   -2.458165e+01 -3.018845e+01 3.813109e+01
      vertex   -2.446924e+01 -3.023174e+01 3.817794e+01
    endloop
  endfacet
  facet normal 4.890897e-01 4.146162e-01 -7.673882e-01
    outer loop
      vertex   -2.458586e+01 -3.025333e+01 3.809195e+01
      vertex   -2.446924e+01 -3.023174e+01 3.817794e+01
      vertex   -2.436707e+01 -3.033539e+01 3.818706e+01
    endloop
  endfacet
  facet normal 4.802754e-01 4.049915e-01 -7.780215e-01
    outer loop
      vertex   -2.436707e+01 -3.033539e+01 3.818706e+01
      vertex   -2.446924e+01 -3.023174e+01 3.817794e+01
      vertex   -2.435684e+01 -3.027504e+01 3.822479e+01
    endloop
  endfacet
  facet normal 4.934912e-01 4.608672e-01 -7.376096e-01
    outer loop
      vertex   -2.436707e+01 -3.033539e+01 3.818706e+01
      vertex   -2.437873e+01 -3.039176e+01 3.814404e+01
      vertex   -2.458586e+01 -3.025333e+01 3.809195e+01
    endloop
  endfacet
  facet normal 5.095779e-01 4.986353e-01 -7.012084e-01
    outer loop
      vertex   -2.458586e+01 -3.025333e+01 3.809195e+01
      vertex   -2.437873e+01 -3.039176e+01 3.814404e+01
      vertex   -2.459946e+01 -3.030890e+01 3.804255e+01
    endloop
  endfacet
  facet normal 5.099339e-01 5.097507e-01 -6.929081e-01
    outer loop
      vertex   -2.437873e+01 -3.039176e+01 3.814404e+01
      vertex   -2.439170e+01 -3.044382e+01 3.809619e+01
      vertex   -2.459946e+01 -3.030890e+01 3.804255e+01
    endloop
  endfacet
  facet normal 5.288400e-01 5.612220e-01 -6.366774e-01
    outer loop
      vertex   -2.459946e+01 -3.030890e+01 3.804255e+01
      vertex   -2.439170e+01 -3.044382e+01 3.809619e+01
      vertex   -2.461473e+01 -3.035753e+01 3.798700e+01
    endloop
  endfacet
  facet normal 5.291004e-01 5.516689e-01 -6.447590e-01
    outer loop
      vertex   -2.439170e+01 -3.044382e+01 3.809619e+01
      vertex   -2.440586e+01 -3.049126e+01 3.804399e+01
      vertex   -2.461473e+01 -3.035753e+01 3.798700e+01
    endloop
  endfacet
  facet normal 5.449407e-01 6.028110e-01 -5.828023e-01
    outer loop
      vertex   -2.461473e+01 -3.035753e+01 3.798700e+01
      vertex   -2.440586e+01 -3.049126e+01 3.804399e+01
      vertex   -2.442937e+01 -3.055382e+01 3.795730e+01
    endloop
  endfacet
  facet normal 5.548505e-01 6.096426e-01 -5.661067e-01
    outer loop
      vertex   -2.461473e+01 -3.035753e+01 3.798700e+01
      vertex   -2.442937e+01 -3.055382e+01 3.795730e+01
      vertex   -2.463137e+01 -3.039871e+01 3.792634e+01
    endloop
  endfacet
  facet normal 5.750859e-01 6.497808e-01 -4.970524e-01
    outer loop
      vertex   -2.463137e+01 -3.039871e+01 3.792634e+01
      vertex   -2.442937e+01 -3.055382e+01 3.795730e+01
      vertex   -2.464695e+01 -3.042845e+01 3.786945e+01
    endloop
  endfacet
  facet normal 5.750035e-01 6.474120e-01 -5.002286e-01
    outer loop
      vertex   -2.442937e+01 -3.055382e+01 3.795730e+01
      vertex   -2.445485e+01 -3.060380e+01 3.786331e+01
      vertex   -2.464695e+01 -3.042845e+01 3.786945e+01
    endloop
  endfacet
  facet normal 6.017459e-01 6.741900e-01 -4.282168e-01
    outer loop
      vertex   -2.464695e+01 -3.042845e+01 3.786945e+01
      vertex   -2.445485e+01 -3.060380e+01 3.786331e+01
      vertex   -2.466317e+01 -3.045168e+01 3.781007e+01
    endloop
  endfacet
  facet normal 6.036442e-01 6.823552e-01 -4.123166e-01
    outer loop
      vertex   -2.445485e+01 -3.060380e+01 3.786331e+01
      vertex   -2.448183e+01 -3.064005e+01 3.776382e+01
      vertex   -2.466317e+01 -3.045168e+01 3.781007e+01
    endloop
  endfacet
  facet normal 4.782665e-01 3.920988e-01 -7.858242e-01
    outer loop
      vertex   -2.480646e+01 -3.010186e+01 3.803738e+01
      vertex   -2.480281e+01 -3.008001e+01 3.805051e+01
      vertex   -2.457241e+01 -3.018034e+01 3.814067e+01
    endloop
  endfacet
  facet normal 4.755867e-01 3.785544e-01 -7.940490e-01
    outer loop
      vertex   -2.457241e+01 -3.018034e+01 3.814067e+01
      vertex   -2.480281e+01 -3.008001e+01 3.805051e+01
      vertex   -2.469047e+01 -3.012320e+01 3.809720e+01
    endloop
  endfacet
  facet normal 4.755867e-01 3.785544e-01 -7.940490e-01
    outer loop
      vertex   -2.457241e+01 -3.018034e+01 3.814067e+01
      vertex   -2.469047e+01 -3.012320e+01 3.809720e+01
      vertex   -2.457813e+01 -3.016639e+01 3.814389e+01
    endloop
  endfacet
  facet normal 4.755867e-01 3.785544e-01 -7.940490e-01
    outer loop
      vertex   -2.457813e+01 -3.016639e+01 3.814389e+01
      vertex   -2.446579e+01 -3.020958e+01 3.819059e+01
      vertex   -2.457241e+01 -3.018034e+01 3.814067e+01
    endloop
  endfacet
  facet normal 4.755270e-01 3.770737e-01 -7.947890e-01
    outer loop
      vertex   -2.457241e+01 -3.018034e+01 3.814067e+01
      vertex   -2.446579e+01 -3.020958e+01 3.819059e+01
      vertex   -2.435430e+01 -3.025834e+01 3.823416e+01
    endloop
  endfacet
  facet normal 4.751836e-01 3.742945e-01 -7.963066e-01
    outer loop
      vertex   -2.457241e+01 -3.018034e+01 3.814067e+01
      vertex   -2.435430e+01 -3.025834e+01 3.823416e+01
      vertex   -2.435514e+01 -3.026391e+01 3.823104e+01
    endloop
  endfacet
  facet normal 4.749142e-01 3.740843e-01 -7.965661e-01
    outer loop
      vertex   -2.446579e+01 -3.020958e+01 3.819059e+01
      vertex   -2.435345e+01 -3.025278e+01 3.823728e+01
      vertex   -2.435430e+01 -3.025834e+01 3.823416e+01
    endloop
  endfacet
  facet normal 4.752287e-01 3.745920e-01 -7.961398e-01
    outer loop
      vertex   -2.435514e+01 -3.026391e+01 3.823104e+01
      vertex   -2.435599e+01 -3.026947e+01 3.822792e+01
      vertex   -2.457241e+01 -3.018034e+01 3.814067e+01
    endloop
  endfacet
  facet normal 4.768087e-01 3.835406e-01 -7.909172e-01
    outer loop
      vertex   -2.457241e+01 -3.018034e+01 3.814067e+01
      vertex   -2.435599e+01 -3.026947e+01 3.822792e+01
      vertex   -2.446924e+01 -3.023174e+01 3.817794e+01
    endloop
  endfacet
  facet normal 4.778368e-01 3.874324e-01 -7.883959e-01
    outer loop
      vertex   -2.457241e+01 -3.018034e+01 3.814067e+01
      vertex   -2.446924e+01 -3.023174e+01 3.817794e+01
      vertex   -2.458165e+01 -3.018845e+01 3.813109e+01
    endloop
  endfacet
  facet normal 4.759474e-01 3.746302e-01 -7.956923e-01
    outer loop
      vertex   -2.435599e+01 -3.026947e+01 3.822792e+01
      vertex   -2.435684e+01 -3.027504e+01 3.822479e+01
      vertex   -2.446924e+01 -3.023174e+01 3.817794e+01
    endloop
  endfacet
  facet normal 4.778368e-01 3.874324e-01 -7.883959e-01
    outer loop
      vertex   -2.458165e+01 -3.018845e+01 3.813109e+01
      vertex   -2.469406e+01 -3.014516e+01 3.808423e+01
      vertex   -2.457241e+01 -3.018034e+01 3.814067e+01
    endloop
  endfacet
  facet normal 4.778368e-01 3.874324e-01 -7.883959e-01
    outer loop
      vertex   -2.457241e+01 -3.018034e+01 3.814067e+01
      vertex   -2.469406e+01 -3.014516e+01 3.808423e+01
      vertex   -2.480646e+01 -3.010186e+01 3.803738e+01
    endloop
  endfacet
  facet normal 4.748917e-01 3.739362e-01 -7.966490e-01
    outer loop
      vertex   -2.446579e+01 -3.020958e+01 3.819059e+01
      vertex   -2.429596e+01 -2.752399e+01 3.955241e+01
      vertex   -2.435345e+01 -3.025278e+01 3.823728e+01
    endloop
  endfacet
  facet normal 4.748917e-01 3.739362e-01 -7.966490e-01
    outer loop
      vertex   -2.435345e+01 -3.025278e+01 3.823728e+01
      vertex   -2.429596e+01 -2.752399e+01 3.955241e+01
      vertex   -2.418362e+01 -2.756719e+01 3.959910e+01
    endloop
  endfacet
  facet normal 4.748917e-01 3.739362e-01 -7.966490e-01
    outer loop
      vertex   -2.435345e+01 -3.025278e+01 3.823728e+01
      vertex   -2.418362e+01 -2.756719e+01 3.959910e+01
      vertex   -2.395894e+01 -2.765357e+01 3.969249e+01
    endloop
  endfacet
  facet normal 4.748917e-01 3.739362e-01 -7.966490e-01
    outer loop
      vertex   -2.429596e+01 -2.752399e+01 3.955241e+01
      vertex   -2.446579e+01 -3.020958e+01 3.819059e+01
      vertex   -2.440830e+01 -2.748080e+01 3.950572e+01
    endloop
  endfacet
  facet normal 4.748917e-01 3.739362e-01 -7.966490e-01
    outer loop
      vertex   -2.440830e+01 -2.748080e+01 3.950572e+01
      vertex   -2.446579e+01 -3.020958e+01 3.819059e+01
      vertex   -2.457813e+01 -3.016639e+01 3.814389e+01
    endloop
  endfacet
  facet normal 4.748917e-01 3.739362e-01 -7.966490e-01
    outer loop
      vertex   -2.440830e+01 -2.748080e+01 3.950572e+01
      vertex   -2.457813e+01 -3.016639e+01 3.814389e+01
      vertex   -2.469047e+01 -3.012320e+01 3.809720e+01
    endloop
  endfacet
  facet normal 4.748917e-01 3.739362e-01 -7.966490e-01
    outer loop
      vertex   -2.469047e+01 -3.012320e+01 3.809720e+01
      vertex   -2.480281e+01 -3.008001e+01 3.805051e+01
      vertex   -2.440830e+01 -2.748080e+01 3.950572e+01
    endloop
  endfacet
  facet normal 4.742813e-01 3.719633e-01 -7.979352e-01
    outer loop
      vertex   -2.440830e+01 -2.748080e+01 3.950572e+01
      vertex   -2.440484e+01 -2.745853e+01 3.951815e+01
      vertex   -2.417383e+01 -2.755436e+01 3.961078e+01
    endloop
  endfacet
  facet normal 4.710762e-01 3.549804e-01 -8.075123e-01
    outer loop
      vertex   -2.417383e+01 -2.755436e+01 3.961078e+01
      vertex   -2.440484e+01 -2.745853e+01 3.951815e+01
      vertex   -2.429194e+01 -2.749725e+01 3.956699e+01
    endloop
  endfacet
  facet normal 4.710762e-01 3.549805e-01 -8.075123e-01
    outer loop
      vertex   -2.417383e+01 -2.755436e+01 3.961078e+01
      vertex   -2.429194e+01 -2.749725e+01 3.956699e+01
      vertex   -2.417904e+01 -2.753597e+01 3.961583e+01
    endloop
  endfacet
  facet normal 4.710762e-01 3.549805e-01 -8.075123e-01
    outer loop
      vertex   -2.417904e+01 -2.753597e+01 3.961583e+01
      vertex   -2.395324e+01 -2.761342e+01 3.971351e+01
      vertex   -2.417383e+01 -2.755436e+01 3.961078e+01
    endloop
  endfacet
  facet normal 4.711153e-01 3.557736e-01 -8.071403e-01
    outer loop
      vertex   -2.417383e+01 -2.755436e+01 3.961078e+01
      vertex   -2.395324e+01 -2.761342e+01 3.971351e+01
      vertex   -2.395894e+01 -2.765357e+01 3.969249e+01
    endloop
  endfacet
  facet normal 4.739095e-01 3.675400e-01 -8.002026e-01
    outer loop
      vertex   -2.417383e+01 -2.755436e+01 3.961078e+01
      vertex   -2.395894e+01 -2.765357e+01 3.969249e+01
      vertex   -2.418362e+01 -2.756719e+01 3.959910e+01
    endloop
  endfacet
  facet normal 4.739095e-01 3.675400e-01 -8.002026e-01
    outer loop
      vertex   -2.418362e+01 -2.756719e+01 3.959910e+01
      vertex   -2.429596e+01 -2.752399e+01 3.955241e+01
      vertex   -2.417383e+01 -2.755436e+01 3.961078e+01
    endloop
  endfacet
  facet normal 4.739095e-01 3.675400e-01 -8.002026e-01
    outer loop
      vertex   -2.417383e+01 -2.755436e+01 3.961078e+01
      vertex   -2.429596e+01 -2.752399e+01 3.955241e+01
      vertex   -2.440830e+01 -2.748080e+01 3.950572e+01
    endloop
  endfacet
  facet normal 4.676604e-01 3.285313e-01 -8.205857e-01
    outer loop
      vertex   -2.417904e+01 -2.753597e+01 3.961583e+01
      vertex   -2.416764e+01 -2.750871e+01 3.963324e+01
      vertex   -2.395324e+01 -2.761342e+01 3.971351e+01
    endloop
  endfacet
  facet normal 4.566328e-01 2.903430e-01 -8.409444e-01
    outer loop
      vertex   -2.395324e+01 -2.761342e+01 3.971351e+01
      vertex   -2.416764e+01 -2.750871e+01 3.963324e+01
      vertex   -2.416420e+01 -2.747806e+01 3.964569e+01
    endloop
  endfacet
  facet normal 4.554169e-01 2.876557e-01 -8.425257e-01
    outer loop
      vertex   -2.395324e+01 -2.761342e+01 3.971351e+01
      vertex   -2.416420e+01 -2.747806e+01 3.964569e+01
      vertex   -2.394195e+01 -2.750933e+01 3.975515e+01
    endloop
  endfacet
  facet normal 4.558781e-01 2.491140e-01 -8.544691e-01
    outer loop
      vertex   -2.394195e+01 -2.750933e+01 3.975515e+01
      vertex   -2.416420e+01 -2.747806e+01 3.964569e+01
      vertex   -2.416123e+01 -2.744671e+01 3.965642e+01
    endloop
  endfacet
  facet normal 4.505379e-01 2.092546e-01 -8.678872e-01
    outer loop
      vertex   -2.394195e+01 -2.750933e+01 3.975515e+01
      vertex   -2.416123e+01 -2.744671e+01 3.965642e+01
      vertex   -2.415875e+01 -2.741475e+01 3.966541e+01
    endloop
  endfacet
  facet normal 4.510636e-01 2.091443e-01 -8.676407e-01
    outer loop
      vertex   -2.415875e+01 -2.741475e+01 3.966541e+01
      vertex   -2.416123e+01 -2.744671e+01 3.965642e+01
      vertex   -2.439301e+01 -2.736205e+01 3.955633e+01
    endloop
  endfacet
  facet normal 4.447845e-01 1.491778e-01 -8.831267e-01
    outer loop
      vertex   -2.415875e+01 -2.741475e+01 3.966541e+01
      vertex   -2.439301e+01 -2.736205e+01 3.955633e+01
      vertex   -2.415521e+01 -2.734943e+01 3.967823e+01
    endloop
  endfacet
  facet normal 4.460933e-01 1.370736e-01 -8.844272e-01
    outer loop
      vertex   -2.415521e+01 -2.734943e+01 3.967823e+01
      vertex   -2.439301e+01 -2.736205e+01 3.955633e+01
      vertex   -2.438972e+01 -2.731070e+01 3.956595e+01
    endloop
  endfacet
  facet normal 4.400470e-01 6.886222e-02 -8.953305e-01
    outer loop
      vertex   -2.415521e+01 -2.734943e+01 3.967823e+01
      vertex   -2.438972e+01 -2.731070e+01 3.956595e+01
      vertex   -2.415357e+01 -2.728297e+01 3.968414e+01
    endloop
  endfacet
  facet normal 4.429410e-01 4.467047e-02 -8.954372e-01
    outer loop
      vertex   -2.415357e+01 -2.728297e+01 3.968414e+01
      vertex   -2.438972e+01 -2.731070e+01 3.956595e+01
      vertex   -2.438861e+01 -2.725845e+01 3.956910e+01
    endloop
  endfacet
  facet normal 4.379512e-01 -1.893663e-02 -8.987993e-01
    outer loop
      vertex   -2.415357e+01 -2.728297e+01 3.968414e+01
      vertex   -2.438861e+01 -2.725845e+01 3.956910e+01
      vertex   -2.415411e+01 -2.720384e+01 3.968222e+01
    endloop
  endfacet
  facet normal 4.428154e-01 -4.689622e-02 -8.953855e-01
    outer loop
      vertex   -2.415411e+01 -2.720384e+01 3.968222e+01
      vertex   -2.438861e+01 -2.725845e+01 3.956910e+01
      vertex   -2.438977e+01 -2.720621e+01 3.956579e+01
    endloop
  endfacet
  facet normal 4.409448e-01 -1.142950e-01 -8.902271e-01
    outer loop
      vertex   -2.415411e+01 -2.720384e+01 3.968222e+01
      vertex   -2.438977e+01 -2.720621e+01 3.956579e+01
      vertex   -2.415733e+01 -2.712570e+01 3.967059e+01
    endloop
  endfacet
  facet normal 4.466706e-01 -1.391841e-01 -8.838060e-01
    outer loop
      vertex   -2.415733e+01 -2.712570e+01 3.967059e+01
      vertex   -2.438977e+01 -2.720621e+01 3.956579e+01
      vertex   -2.439310e+01 -2.715489e+01 3.955603e+01
    endloop
  endfacet
  facet normal 4.482012e-01 -2.097134e-01 -8.689856e-01
    outer loop
      vertex   -2.415733e+01 -2.712570e+01 3.967059e+01
      vertex   -2.439310e+01 -2.715489e+01 3.955603e+01
      vertex   -2.416323e+01 -2.704996e+01 3.964927e+01
    endloop
  endfacet
  facet normal 4.546757e-01 -2.319480e-01 -8.599245e-01
    outer loop
      vertex   -2.416323e+01 -2.704996e+01 3.964927e+01
      vertex   -2.439310e+01 -2.715489e+01 3.955603e+01
      vertex   -2.439833e+01 -2.710538e+01 3.953990e+01
    endloop
  endfacet
  facet normal 4.592240e-01 -2.939946e-01 -8.382604e-01
    outer loop
      vertex   -2.416323e+01 -2.704996e+01 3.964927e+01
      vertex   -2.439833e+01 -2.710538e+01 3.953990e+01
      vertex   -2.395355e+01 -2.690267e+01 3.971248e+01
    endloop
  endfacet
  facet normal 4.672381e-01 -3.253409e-01 -8.220960e-01
    outer loop
      vertex   -2.395355e+01 -2.690267e+01 3.971248e+01
      vertex   -2.439833e+01 -2.710538e+01 3.953990e+01
      vertex   -2.417929e+01 -2.698060e+01 3.961502e+01
    endloop
  endfacet
  facet normal 4.672381e-01 -3.253409e-01 -8.220960e-01
    outer loop
      vertex   -2.417929e+01 -2.698060e+01 3.961502e+01
      vertex   -2.439833e+01 -2.710538e+01 3.953990e+01
      vertex   -2.429215e+01 -2.701957e+01 3.956630e+01
    endloop
  endfacet
  facet normal 4.672381e-01 -3.253409e-01 -8.220960e-01
    outer loop
      vertex   -2.429215e+01 -2.701957e+01 3.956630e+01
      vertex   -2.439833e+01 -2.710538e+01 3.953990e+01
      vertex   -2.440502e+01 -2.705853e+01 3.951757e+01
    endloop
  endfacet
  facet normal 4.676604e-01 3.285313e-01 -8.205857e-01
    outer loop
      vertex   -2.417904e+01 -2.753597e+01 3.961583e+01
      vertex   -2.429194e+01 -2.749725e+01 3.956699e+01
      vertex   -2.416764e+01 -2.750871e+01 3.963324e+01
    endloop
  endfacet
  facet normal 4.676604e-01 3.285313e-01 -8.205857e-01
    outer loop
      vertex   -2.416764e+01 -2.750871e+01 3.963324e+01
      vertex   -2.429194e+01 -2.749725e+01 3.956699e+01
      vertex   -2.440484e+01 -2.745853e+01 3.951815e+01
    endloop
  endfacet
  facet normal 4.675796e-01 3.231398e-01 -8.227697e-01
    outer loop
      vertex   -2.416764e+01 -2.750871e+01 3.963324e+01
      vertex   -2.440484e+01 -2.745853e+01 3.951815e+01
      vertex   -2.439820e+01 -2.741161e+01 3.954035e+01
    endloop
  endfacet
  facet normal 4.553320e-01 2.296255e-01 -8.602005e-01
    outer loop
      vertex   -2.439301e+01 -2.736205e+01 3.955633e+01
      vertex   -2.416123e+01 -2.744671e+01 3.965642e+01
      vertex   -2.439820e+01 -2.741161e+01 3.954035e+01
    endloop
  endfacet
  facet normal 4.555081e-01 2.492071e-01 -8.546392e-01
    outer loop
      vertex   -2.439820e+01 -2.741161e+01 3.954035e+01
      vertex   -2.416123e+01 -2.744671e+01 3.965642e+01
      vertex   -2.416420e+01 -2.747806e+01 3.964569e+01
    endloop
  endfacet
  facet normal 4.600553e-01 2.893408e-01 -8.394230e-01
    outer loop
      vertex   -2.439820e+01 -2.741161e+01 3.954035e+01
      vertex   -2.416420e+01 -2.747806e+01 3.964569e+01
      vertex   -2.416764e+01 -2.750871e+01 3.963324e+01
    endloop
  endfacet
  facet normal 4.654798e-01 -3.062857e-01 -8.303720e-01
    outer loop
      vertex   -2.395355e+01 -2.690267e+01 3.971248e+01
      vertex   -2.394588e+01 -2.696769e+01 3.974076e+01
      vertex   -2.416323e+01 -2.704996e+01 3.964927e+01
    endloop
  endfacet
  facet normal 4.529067e-01 -2.423580e-01 -8.579849e-01
    outer loop
      vertex   -2.416323e+01 -2.704996e+01 3.964927e+01
      vertex   -2.394588e+01 -2.696769e+01 3.974076e+01
      vertex   -2.393985e+01 -2.703514e+01 3.976300e+01
    endloop
  endfacet
  facet normal 4.546984e-01 -2.083482e-01 -8.659332e-01
    outer loop
      vertex   -2.416323e+01 -2.704996e+01 3.964927e+01
      vertex   -2.393985e+01 -2.703514e+01 3.976300e+01
      vertex   -2.415733e+01 -2.712570e+01 3.967059e+01
    endloop
  endfacet
  facet normal 4.463273e-01 -1.766930e-01 -8.772523e-01
    outer loop
      vertex   -2.415733e+01 -2.712570e+01 3.967059e+01
      vertex   -2.393985e+01 -2.703514e+01 3.976300e+01
      vertex   -2.393545e+01 -2.710445e+01 3.977920e+01
    endloop
  endfacet
  facet normal 4.455592e-01 -1.137726e-01 -8.879937e-01
    outer loop
      vertex   -2.415733e+01 -2.712570e+01 3.967059e+01
      vertex   -2.393545e+01 -2.710445e+01 3.977920e+01
      vertex   -2.415411e+01 -2.720384e+01 3.968222e+01
    endloop
  endfacet
  facet normal 4.444972e-01 -1.105161e-01 -8.889367e-01
    outer loop
      vertex   -2.415411e+01 -2.720384e+01 3.968222e+01
      vertex   -2.393545e+01 -2.710445e+01 3.977920e+01
      vertex   -2.393269e+01 -2.717503e+01 3.978935e+01
    endloop
  endfacet
  facet normal 4.381130e-01 -2.570710e-02 -8.985522e-01
    outer loop
      vertex   -2.415411e+01 -2.720384e+01 3.968222e+01
      vertex   -2.393269e+01 -2.717503e+01 3.978935e+01
      vertex   -2.393168e+01 -2.728780e+01 3.979307e+01
    endloop
  endfacet
  facet normal 4.382615e-01 7.888945e-02 -8.953789e-01
    outer loop
      vertex   -2.393476e+01 -2.740001e+01 3.978167e+01
      vertex   -2.415521e+01 -2.734943e+01 3.967823e+01
      vertex   -2.393168e+01 -2.728780e+01 3.979307e+01
    endloop
  endfacet
  facet normal 4.408220e-01 6.880961e-02 -8.949532e-01
    outer loop
      vertex   -2.393168e+01 -2.728780e+01 3.979307e+01
      vertex   -2.415521e+01 -2.734943e+01 3.967823e+01
      vertex   -2.415357e+01 -2.728297e+01 3.968414e+01
    endloop
  endfacet
  facet normal 4.402487e-01 -1.889370e-02 -8.976771e-01
    outer loop
      vertex   -2.393168e+01 -2.728780e+01 3.979307e+01
      vertex   -2.415357e+01 -2.728297e+01 3.968414e+01
      vertex   -2.415411e+01 -2.720384e+01 3.968222e+01
    endloop
  endfacet
  facet normal 4.478455e-01 1.487231e-01 -8.816552e-01
    outer loop
      vertex   -2.415521e+01 -2.734943e+01 3.967823e+01
      vertex   -2.393476e+01 -2.740001e+01 3.978167e+01
      vertex   -2.415875e+01 -2.741475e+01 3.966541e+01
    endloop
  endfacet
  facet normal 4.433065e-01 1.837060e-01 -8.773434e-01
    outer loop
      vertex   -2.415875e+01 -2.741475e+01 3.966541e+01
      vertex   -2.393476e+01 -2.740001e+01 3.978167e+01
      vertex   -2.394195e+01 -2.750933e+01 3.975515e+01
    endloop
  endfacet
  facet normal 4.749063e-01 -3.737525e-01 -7.967264e-01
    outer loop
      vertex   -2.440849e+01 -2.703630e+01 3.950507e+01
      vertex   -2.429619e+01 -2.699287e+01 3.955163e+01
      vertex   -2.440502e+01 -2.705853e+01 3.951757e+01
    endloop
  endfacet
  facet normal 4.743007e-01 -3.721800e-01 -7.978226e-01
    outer loop
      vertex   -2.440502e+01 -2.705853e+01 3.951757e+01
      vertex   -2.429619e+01 -2.699287e+01 3.955163e+01
      vertex   -2.417410e+01 -2.696222e+01 3.960992e+01
    endloop
  endfacet
  facet normal 4.713937e-01 -3.569152e-01 -8.064735e-01
    outer loop
      vertex   -2.440502e+01 -2.705853e+01 3.951757e+01
      vertex   -2.417410e+01 -2.696222e+01 3.960992e+01
      vertex   -2.429215e+01 -2.701957e+01 3.956630e+01
    endloop
  endfacet
  facet normal 4.713937e-01 -3.569153e-01 -8.064735e-01
    outer loop
      vertex   -2.429215e+01 -2.701957e+01 3.956630e+01
      vertex   -2.417410e+01 -2.696222e+01 3.960992e+01
      vertex   -2.417929e+01 -2.698060e+01 3.961502e+01
    endloop
  endfacet
  facet normal 4.713937e-01 -3.569153e-01 -8.064735e-01
    outer loop
      vertex   -2.417929e+01 -2.698060e+01 3.961502e+01
      vertex   -2.417410e+01 -2.696222e+01 3.960992e+01
      vertex   -2.395355e+01 -2.690267e+01 3.971248e+01
    endloop
  endfacet
  facet normal 4.714335e-01 -3.577063e-01 -8.060997e-01
    outer loop
      vertex   -2.395355e+01 -2.690267e+01 3.971248e+01
      vertex   -2.417410e+01 -2.696222e+01 3.960992e+01
      vertex   -2.395929e+01 -2.686258e+01 3.969133e+01
    endloop
  endfacet
  facet normal 4.742383e-01 -3.694508e-01 -7.991271e-01
    outer loop
      vertex   -2.395929e+01 -2.686258e+01 3.969133e+01
      vertex   -2.417410e+01 -2.696222e+01 3.960992e+01
      vertex   -2.418389e+01 -2.694944e+01 3.959820e+01
    endloop
  endfacet
  facet normal 4.742383e-01 -3.694508e-01 -7.991271e-01
    outer loop
      vertex   -2.418389e+01 -2.694944e+01 3.959820e+01
      vertex   -2.417410e+01 -2.696222e+01 3.960992e+01
      vertex   -2.429619e+01 -2.699287e+01 3.955163e+01
    endloop
  endfacet
  facet normal 4.752260e-01 -3.758349e-01 -7.955554e-01
    outer loop
      vertex   -2.395929e+01 -2.686258e+01 3.969133e+01
      vertex   -2.418389e+01 -2.694944e+01 3.959820e+01
      vertex   -2.429616e+01 -2.466004e+01 3.844958e+01
    endloop
  endfacet
  facet normal 4.752260e-01 -3.758349e-01 -7.955554e-01
    outer loop
      vertex   -2.429616e+01 -2.466004e+01 3.844958e+01
      vertex   -2.418389e+01 -2.694944e+01 3.959820e+01
      vertex   -2.429619e+01 -2.699287e+01 3.955163e+01
    endloop
  endfacet
  facet normal 4.752260e-01 -3.758349e-01 -7.955554e-01
    outer loop
      vertex   -2.429616e+01 -2.466004e+01 3.844958e+01
      vertex   -2.429619e+01 -2.699287e+01 3.955163e+01
      vertex   -2.440849e+01 -2.703630e+01 3.950507e+01
    endloop
  endfacet
  facet normal 4.752260e-01 -3.758349e-01 -7.955554e-01
    outer loop
      vertex   -2.440849e+01 -2.703630e+01 3.950507e+01
      vertex   -2.475461e+01 -2.477326e+01 3.822921e+01
      vertex   -2.429616e+01 -2.466004e+01 3.844958e+01
    endloop
  endfacet
  facet normal 4.752260e-01 -3.758349e-01 -7.955554e-01
    outer loop
      vertex   -2.429616e+01 -2.466004e+01 3.844958e+01
      vertex   -2.475461e+01 -2.477326e+01 3.822921e+01
      vertex   -2.434201e+01 -2.462711e+01 3.840663e+01
    endloop
  endfacet
  facet normal 6.821406e-01 7.071403e-01 -1.861096e-01
    outer loop
      vertex   -2.473401e+01 -2.426853e+01 3.833228e+01
      vertex   -2.382742e+01 -2.425508e+01 4.170629e+01
      vertex   -2.462922e+01 -2.436241e+01 3.835967e+01
    endloop
  endfacet
  facet normal 6.821406e-01 7.071403e-01 -1.861096e-01
    outer loop
      vertex   -2.462922e+01 -2.436241e+01 3.835967e+01
      vertex   -2.382742e+01 -2.425508e+01 4.170629e+01
      vertex   -2.344119e+01 -2.465506e+01 4.160218e+01
    endloop
  endfacet
  facet normal 6.821406e-01 7.071403e-01 -1.861096e-01
    outer loop
      vertex   -2.462922e+01 -2.436241e+01 3.835967e+01
      vertex   -2.344119e+01 -2.465506e+01 4.160218e+01
      vertex   -2.434201e+01 -2.462711e+01 3.840663e+01
    endloop
  endfacet
  facet normal 6.821406e-01 7.071403e-01 -1.861096e-01
    outer loop
      vertex   -2.434201e+01 -2.462711e+01 3.840663e+01
      vertex   -2.344119e+01 -2.465506e+01 4.160218e+01
      vertex   -2.429616e+01 -2.466004e+01 3.844958e+01
    endloop
  endfacet
  facet normal 6.821406e-01 7.071403e-01 -1.861096e-01
    outer loop
      vertex   -2.473401e+01 -2.426853e+01 3.833228e+01
      vertex   -2.474338e+01 -2.426041e+01 3.832880e+01
      vertex   -2.382742e+01 -2.425508e+01 4.170629e+01
    endloop
  endfacet
  facet normal 6.757407e-01 -7.738455e-04 -7.371390e-01
    outer loop
      vertex   -2.293586e+01 -2.465370e+01 4.237659e+01
      vertex   -2.293265e+01 -3.185369e+01 4.238709e+01
      vertex   -2.307274e+01 -2.825395e+01 4.225488e+01
    endloop
  endfacet
  facet normal 6.757407e-01 -7.738455e-04 -7.371390e-01
    outer loop
      vertex   -2.307274e+01 -2.825395e+01 4.225488e+01
      vertex   -2.293265e+01 -3.185369e+01 4.238709e+01
      vertex   -2.307114e+01 -3.185394e+01 4.226013e+01
    endloop
  endfacet
  facet normal 7.625870e-01 -6.034839e-04 -6.468853e-01
    outer loop
      vertex   -2.307274e+01 -2.825395e+01 4.225488e+01
      vertex   -2.307114e+01 -3.185394e+01 4.226013e+01
      vertex   -2.319428e+01 -2.825421e+01 4.211161e+01
    endloop
  endfacet
  facet normal 7.625870e-01 -6.034839e-04 -6.468853e-01
    outer loop
      vertex   -2.319428e+01 -2.825421e+01 4.211161e+01
      vertex   -2.307114e+01 -3.185394e+01 4.226013e+01
      vertex   -2.319267e+01 -3.185420e+01 4.211686e+01
    endloop
  endfacet
  facet normal 8.374699e-01 -4.236548e-04 -5.464833e-01
    outer loop
      vertex   -2.319428e+01 -2.825421e+01 4.211161e+01
      vertex   -2.319267e+01 -3.185420e+01 4.211686e+01
      vertex   -2.329695e+01 -2.825448e+01 4.195427e+01
    endloop
  endfacet
  facet normal 8.374699e-01 -4.236548e-04 -5.464833e-01
    outer loop
      vertex   -2.329695e+01 -2.825448e+01 4.195427e+01
      vertex   -2.319267e+01 -3.185420e+01 4.211686e+01
      vertex   -2.329535e+01 -3.185448e+01 4.195952e+01
    endloop
  endfacet
  facet normal 8.992145e-01 -2.371793e-04 -4.375080e-01
    outer loop
      vertex   -2.329695e+01 -2.825448e+01 4.195427e+01
      vertex   -2.329535e+01 -3.185448e+01 4.195952e+01
      vertex   -2.337915e+01 -2.825477e+01 4.178532e+01
    endloop
  endfacet
  facet normal 8.992145e-01 -2.371793e-04 -4.375080e-01
    outer loop
      vertex   -2.337915e+01 -2.825477e+01 4.178532e+01
      vertex   -2.329535e+01 -3.185448e+01 4.195952e+01
      vertex   -2.337754e+01 -3.185476e+01 4.179057e+01
    endloop
  endfacet
  facet normal 9.468522e-01 -4.698302e-05 -3.216691e-01
    outer loop
      vertex   -2.337915e+01 -2.825477e+01 4.178532e+01
      vertex   -2.337754e+01 -3.185476e+01 4.179057e+01
      vertex   -2.343798e+01 -3.185505e+01 4.161268e+01
    endloop
  endfacet
  facet normal 9.468522e-01 -4.698302e-05 -3.216691e-01
    outer loop
      vertex   -2.343798e+01 -3.185505e+01 4.161268e+01
      vertex   -2.344119e+01 -2.465506e+01 4.160218e+01
      vertex   -2.337915e+01 -2.825477e+01 4.178532e+01
    endloop
  endfacet
  facet normal 9.468522e-01 -4.698302e-05 -3.216691e-01
    outer loop
      vertex   -2.337915e+01 -2.825477e+01 4.178532e+01
      vertex   -2.344119e+01 -2.465506e+01 4.160218e+01
      vertex   -2.338076e+01 -2.465477e+01 4.178007e+01
    endloop
  endfacet
  facet normal 8.992145e-01 -2.371793e-04 -4.375080e-01
    outer loop
      vertex   -2.337915e+01 -2.825477e+01 4.178532e+01
      vertex   -2.338076e+01 -2.465477e+01 4.178007e+01
      vertex   -2.329695e+01 -2.825448e+01 4.195427e+01
    endloop
  endfacet
  facet normal 8.992145e-01 -2.371793e-04 -4.375080e-01
    outer loop
      vertex   -2.329695e+01 -2.825448e+01 4.195427e+01
      vertex   -2.338076e+01 -2.465477e+01 4.178007e+01
      vertex   -2.329856e+01 -2.465449e+01 4.194902e+01
    endloop
  endfacet
  facet normal 8.374699e-01 -4.236548e-04 -5.464833e-01
    outer loop
      vertex   -2.329695e+01 -2.825448e+01 4.195427e+01
      vertex   -2.329856e+01 -2.465449e+01 4.194902e+01
      vertex   -2.319428e+01 -2.825421e+01 4.211161e+01
    endloop
  endfacet
  facet normal 8.374699e-01 -4.236548e-04 -5.464833e-01
    outer loop
      vertex   -2.319428e+01 -2.825421e+01 4.211161e+01
      vertex   -2.329856e+01 -2.465449e+01 4.194902e+01
      vertex   -2.319589e+01 -2.465421e+01 4.210636e+01
    endloop
  endfacet
  facet normal 7.625870e-01 -6.034839e-04 -6.468853e-01
    outer loop
      vertex   -2.319428e+01 -2.825421e+01 4.211161e+01
      vertex   -2.319589e+01 -2.465421e+01 4.210636e+01
      vertex   -2.307274e+01 -2.825395e+01 4.225488e+01
    endloop
  endfacet
  facet normal 7.625870e-01 -6.034839e-04 -6.468853e-01
    outer loop
      vertex   -2.307274e+01 -2.825395e+01 4.225488e+01
      vertex   -2.319589e+01 -2.465421e+01 4.210636e+01
      vertex   -2.307435e+01 -2.465395e+01 4.224963e+01
    endloop
  endfacet
  facet normal 6.757407e-01 -7.738455e-04 -7.371390e-01
    outer loop
      vertex   -2.307274e+01 -2.825395e+01 4.225488e+01
      vertex   -2.307435e+01 -2.465395e+01 4.224963e+01
      vertex   -2.293586e+01 -2.465370e+01 4.237659e+01
    endloop
  endfacet
  facet normal 6.827712e-01 -7.070716e-01 -1.840469e-01
    outer loop
      vertex   -2.848386e+01 -3.188444e+01 2.300654e+01
      vertex   -2.343798e+01 -3.185505e+01 4.161268e+01
      vertex   -2.884805e+01 -3.228433e+01 2.319181e+01
    endloop
  endfacet
  facet normal 6.827712e-01 -7.070716e-01 -1.840469e-01
    outer loop
      vertex   -2.884805e+01 -3.228433e+01 2.319181e+01
      vertex   -2.343798e+01 -3.185505e+01 4.161268e+01
      vertex   -2.382386e+01 -3.225507e+01 4.171796e+01
    endloop
  endfacet
  facet normal -8.292283e-01 5.538874e-01 7.476129e-02
    outer loop
      vertex   -4.053732e+01 -2.180115e+01 1.867668e+01
      vertex   -4.052612e+01 -2.179045e+01 1.872159e+01
      vertex   -4.017684e+01 -2.124460e+01 1.855166e+01
    endloop
  endfacet
  facet normal -8.292283e-01 5.538874e-01 7.476129e-02
    outer loop
      vertex   -4.017684e+01 -2.124460e+01 1.855166e+01
      vertex   -4.052612e+01 -2.179045e+01 1.872159e+01
      vertex   -3.628817e+01 -1.673027e+01 2.823797e+01
    endloop
  endfacet
  facet normal -8.292283e-01 5.538874e-01 7.476129e-02
    outer loop
      vertex   -4.017684e+01 -2.124460e+01 1.855166e+01
      vertex   -3.628817e+01 -1.673027e+01 2.823797e+01
      vertex   -3.607149e+01 -1.634275e+01 2.777027e+01
    endloop
  endfacet
  facet normal -9.702966e-01 -7.979022e-05 2.419182e-01
    outer loop
      vertex   -4.617623e+01 -3.193163e+01 -3.943474e+00
      vertex   -4.052162e+01 -3.189603e+01 1.873633e+01
      vertex   -4.617852e+01 -2.679475e+01 -3.950966e+00
    endloop
  endfacet
  facet normal -9.702966e-01 -7.979022e-05 2.419182e-01
    outer loop
      vertex   -4.617852e+01 -2.679475e+01 -3.950966e+00
      vertex   -4.052162e+01 -3.189603e+01 1.873633e+01
      vertex   -4.410115e+01 -2.378840e+01 4.382047e+00
    endloop
  endfacet
  facet normal -9.702966e-01 -7.979022e-05 2.419182e-01
    outer loop
      vertex   -4.617852e+01 -2.679475e+01 -3.950966e+00
      vertex   -4.410115e+01 -2.378840e+01 4.382047e+00
      vertex   -4.617166e+01 -2.675459e+01 -3.923432e+00
    endloop
  endfacet
  facet normal -9.702966e-01 -7.979022e-05 2.419182e-01
    outer loop
      vertex   -4.052612e+01 -2.179045e+01 1.872159e+01
      vertex   -4.149757e+01 -2.350900e+01 1.482472e+01
      vertex   -4.052162e+01 -3.189603e+01 1.873633e+01
    endloop
  endfacet
  facet normal -9.702966e-01 -7.979022e-05 2.419182e-01
    outer loop
      vertex   -4.052162e+01 -3.189603e+01 1.873633e+01
      vertex   -4.149757e+01 -2.350900e+01 1.482472e+01
      vertex   -4.168197e+01 -2.377317e+01 1.408500e+01
    endloop
  endfacet
  facet normal -9.702966e-01 -7.979022e-05 2.419182e-01
    outer loop
      vertex   -4.052162e+01 -3.189603e+01 1.873633e+01
      vertex   -4.168197e+01 -2.377317e+01 1.408500e+01
      vertex   -4.410115e+01 -2.378840e+01 4.382047e+00
    endloop
  endfacet
  facet normal -9.702966e-01 -7.979021e-05 2.419182e-01
    outer loop
      vertex   -4.052612e+01 -2.179045e+01 1.872159e+01
      vertex   -4.053732e+01 -2.180115e+01 1.867668e+01
      vertex   -4.149757e+01 -2.350900e+01 1.482472e+01
    endloop
  endfacet
  facet normal -6.456600e-01 -7.069745e-01 2.886350e-01
    outer loop
      vertex   -2.567368e+01 -3.184077e+01 5.208567e+01
      vertex   -4.052162e+01 -3.189603e+01 1.873633e+01
      vertex   -2.534381e+01 -3.224098e+01 5.184333e+01
    endloop
  endfacet
  facet normal -6.456600e-01 -7.069745e-01 2.886350e-01
    outer loop
      vertex   -2.534381e+01 -3.224098e+01 5.184333e+01
      vertex   -4.052162e+01 -3.189603e+01 1.873633e+01
      vertex   -4.014179e+01 -3.229605e+01 1.860619e+01
    endloop
  endfacet
  facet normal -6.591233e-01 8.029804e-04 7.520344e-01
    outer loop
      vertex   -2.567368e+01 -3.184077e+01 5.208567e+01
      vertex   -2.276188e+01 -3.183575e+01 5.463772e+01
      vertex   -2.567689e+01 -2.464078e+01 5.207517e+01
    endloop
  endfacet
  facet normal -6.591233e-01 8.029804e-04 7.520344e-01
    outer loop
      vertex   -2.567689e+01 -2.464078e+01 5.207517e+01
      vertex   -2.276188e+01 -3.183575e+01 5.463772e+01
      vertex   -2.276509e+01 -2.463576e+01 5.462722e+01
    endloop
  endfacet
  facet normal -6.462906e-01 7.072374e-01 2.865723e-01
    outer loop
      vertex   -3.072268e+01 -2.465956e+01 4.074204e+01
      vertex   -2.567689e+01 -2.464078e+01 5.207517e+01
      vertex   -3.066951e+01 -2.465267e+01 4.084495e+01
    endloop
  endfacet
  facet normal -6.462906e-01 7.072374e-01 2.865723e-01
    outer loop
      vertex   -3.066951e+01 -2.465267e+01 4.084495e+01
      vertex   -2.567689e+01 -2.464078e+01 5.207517e+01
      vertex   -3.060480e+01 -2.463246e+01 4.094101e+01
    endloop
  endfacet
  facet normal -6.462906e-01 7.072374e-01 2.865723e-01
    outer loop
      vertex   -3.060480e+01 -2.463246e+01 4.094101e+01
      vertex   -2.567689e+01 -2.464078e+01 5.207517e+01
      vertex   -3.052942e+01 -2.459920e+01 4.102892e+01
    endloop
  endfacet
  facet normal -6.462906e-01 7.072374e-01 2.865723e-01
    outer loop
      vertex   -3.052942e+01 -2.459920e+01 4.102892e+01
      vertex   -2.567689e+01 -2.464078e+01 5.207517e+01
      vertex   -3.044438e+01 -2.455333e+01 4.110749e+01
    endloop
  endfacet
  facet normal -6.462906e-01 7.072374e-01 2.865723e-01
    outer loop
      vertex   -3.044438e+01 -2.455333e+01 4.110749e+01
      vertex   -2.567689e+01 -2.464078e+01 5.207517e+01
      vertex   -3.035082e+01 -2.449546e+01 4.117569e+01
    endloop
  endfacet
  facet normal -6.462906e-01 7.072374e-01 2.865723e-01
    outer loop
      vertex   -3.035082e+01 -2.449546e+01 4.117569e+01
      vertex   -2.567689e+01 -2.464078e+01 5.207517e+01
      vertex   -3.025000e+01 -2.442638e+01 4.123259e+01
    endloop
  endfacet
  facet normal -6.462906e-01 7.072374e-01 2.865723e-01
    outer loop
      vertex   -3.025000e+01 -2.442638e+01 4.123259e+01
      vertex   -2.567689e+01 -2.464078e+01 5.207517e+01
      vertex   -2.534738e+01 -2.424099e+01 5.183166e+01
    endloop
  endfacet
  facet normal -6.462906e-01 7.072374e-01 2.865723e-01
    outer loop
      vertex   -3.025000e+01 -2.442638e+01 4.123259e+01
      vertex   -2.534738e+01 -2.424099e+01 5.183166e+01
      vertex   -3.014326e+01 -2.434701e+01 4.127743e+01
    endloop
  endfacet
  facet normal -6.462906e-01 7.072374e-01 2.865723e-01
    outer loop
      vertex   -3.014326e+01 -2.434701e+01 4.127743e+01
      vertex   -2.534738e+01 -2.424099e+01 5.183166e+01
      vertex   -3.003205e+01 -2.425842e+01 4.130960e+01
    endloop
  endfacet
  facet normal 9.607685e-01 2.386071e-05 -2.773516e-01
    outer loop
      vertex   -2.887269e+01 -2.425984e+01 3.998437e+01
      vertex   -2.887606e+01 -1.670985e+01 3.997336e+01
      vertex   -2.883007e+01 -2.425960e+01 4.013201e+01
    endloop
  endfacet
  facet normal 9.641514e-01 2.965995e-04 -2.653527e-01
    outer loop
      vertex   -2.883007e+01 -2.425960e+01 4.013201e+01
      vertex   -2.887606e+01 -1.670985e+01 3.997336e+01
      vertex   -2.882942e+01 -2.200959e+01 4.013689e+01
    endloop
  endfacet
  facet normal 9.919179e-01 -1.179514e-05 -1.268816e-01
    outer loop
      vertex   -2.883007e+01 -2.425960e+01 4.013201e+01
      vertex   -2.882942e+01 -2.200959e+01 4.013689e+01
      vertex   -2.881058e+01 -2.425937e+01 4.028442e+01
    endloop
  endfacet
  facet normal 9.934250e-01 8.139912e-04 -1.144818e-01
    outer loop
      vertex   -2.881058e+01 -2.425937e+01 4.028442e+01
      vertex   -2.882942e+01 -2.200959e+01 4.013689e+01
      vertex   -2.881088e+01 -2.200935e+01 4.029778e+01
    endloop
  endfacet
  facet normal 9.996466e-01 -2.277046e-05 2.658428e-02
    outer loop
      vertex   -2.881058e+01 -2.425937e+01 4.028442e+01
      vertex   -2.881088e+01 -2.200935e+01 4.029778e+01
      vertex   -2.881466e+01 -2.425915e+01 4.043803e+01
    endloop
  endfacet
  facet normal 9.988757e-01 1.275389e-03 4.738836e-02
    outer loop
      vertex   -2.881466e+01 -2.425915e+01 4.043803e+01
      vertex   -2.881088e+01 -2.200935e+01 4.029778e+01
      vertex   -2.881855e+01 -2.200912e+01 4.045956e+01
    endloop
  endfacet
  facet normal 9.837721e-01 -1.441517e-05 1.794224e-01
    outer loop
      vertex   -2.881466e+01 -2.425915e+01 4.043803e+01
      vertex   -2.881855e+01 -2.200912e+01 4.045956e+01
      vertex   -2.884223e+01 -2.425894e+01 4.058920e+01
    endloop
  endfacet
  facet normal 9.781241e-01 1.692514e-03 2.080154e-01
    outer loop
      vertex   -2.884223e+01 -2.425894e+01 4.058920e+01
      vertex   -2.881855e+01 -2.200912e+01 4.045956e+01
      vertex   -2.885225e+01 -2.200890e+01 4.061798e+01
    endloop
  endfacet
  facet normal 9.446694e-01 8.188758e-06 3.280240e-01
    outer loop
      vertex   -2.884223e+01 -2.425894e+01 4.058920e+01
      vertex   -2.885225e+01 -2.200890e+01 4.061798e+01
      vertex   -2.889263e+01 -2.425875e+01 4.073435e+01
    endloop
  endfacet
  facet normal 9.317145e-01 2.059447e-03 3.631858e-01
    outer loop
      vertex   -2.889263e+01 -2.425875e+01 4.073435e+01
      vertex   -2.885225e+01 -2.200890e+01 4.061798e+01
      vertex   -2.891107e+01 -2.200871e+01 4.076889e+01
    endloop
  endfacet
  facet normal 8.832616e-01 4.034769e-05 4.688805e-01
    outer loop
      vertex   -2.889263e+01 -2.425875e+01 4.073435e+01
      vertex   -2.891107e+01 -2.200871e+01 4.076889e+01
      vertex   -2.896468e+01 -2.425859e+01 4.087008e+01
    endloop
  endfacet
  facet normal 8.608643e-01 2.370785e-03 5.088291e-01
    outer loop
      vertex   -2.896468e+01 -2.425859e+01 4.087008e+01
      vertex   -2.891107e+01 -2.200871e+01 4.076889e+01
      vertex   -2.899348e+01 -2.200854e+01 4.090831e+01
    endloop
  endfacet
  facet normal 8.009988e-01 7.786741e-05 5.986659e-01
    outer loop
      vertex   -2.896468e+01 -2.425859e+01 4.087008e+01
      vertex   -2.899348e+01 -2.200854e+01 4.090831e+01
      vertex   -2.905667e+01 -2.425845e+01 4.099316e+01
    endloop
  endfacet
  facet normal 7.674321e-01 2.621775e-03 6.411248e-01
    outer loop
      vertex   -2.905667e+01 -2.425845e+01 4.099316e+01
      vertex   -2.899348e+01 -2.200854e+01 4.090831e+01
      vertex   -2.909732e+01 -2.200841e+01 4.103261e+01
    endloop
  endfacet
  facet normal 6.998233e-01 1.171524e-04 7.143160e-01
    outer loop
      vertex   -2.905667e+01 -2.425845e+01 4.099316e+01
      vertex   -2.909732e+01 -2.200841e+01 4.103261e+01
      vertex   -2.916644e+01 -2.425834e+01 4.110069e+01
    endloop
  endfacet
  facet normal 6.538689e-01 2.808442e-03 7.566027e-01
    outer loop
      vertex   -2.916644e+01 -2.425834e+01 4.110069e+01
      vertex   -2.909732e+01 -2.200841e+01 4.103261e+01
      vertex   -2.921986e+01 -2.200831e+01 4.113851e+01
    endloop
  endfacet
  facet normal 5.821240e-01 1.552908e-04 8.131000e-01
    outer loop
      vertex   -2.916644e+01 -2.425834e+01 4.110069e+01
      vertex   -2.921986e+01 -2.200831e+01 4.113851e+01
      vertex   -2.929138e+01 -2.425827e+01 4.119014e+01
    endloop
  endfacet
  facet normal 5.231535e-01 2.927689e-03 8.522335e-01
    outer loop
      vertex   -2.929138e+01 -2.425827e+01 4.119014e+01
      vertex   -2.921986e+01 -2.200831e+01 4.113851e+01
      vertex   -2.935789e+01 -2.200824e+01 4.122324e+01
    endloop
  endfacet
  facet normal 4.506799e-01 1.901236e-04 8.926856e-01
    outer loop
      vertex   -2.929138e+01 -2.425827e+01 4.119014e+01
      vertex   -2.935789e+01 -2.200824e+01 4.122324e+01
      vertex   -2.942855e+01 -2.425823e+01 4.125939e+01
    endloop
  endfacet
  facet normal 3.787148e-01 2.977386e-03 9.255086e-01
    outer loop
      vertex   -2.942855e+01 -2.425823e+01 4.125939e+01
      vertex   -2.935789e+01 -2.200824e+01 4.122324e+01
      vertex   -2.950779e+01 -2.200822e+01 4.128458e+01
    endloop
  endfacet
  facet normal 3.085946e-01 2.202954e-04 9.511936e-01
    outer loop
      vertex   -2.942855e+01 -2.425823e+01 4.125939e+01
      vertex   -2.950779e+01 -2.200822e+01 4.128458e+01
      vertex   -2.957471e+01 -2.425822e+01 4.130681e+01
    endloop
  endfacet
  facet normal 2.243418e-01 2.956417e-03 9.745060e-01
    outer loop
      vertex   -2.957471e+01 -2.425822e+01 4.130681e+01
      vertex   -2.950779e+01 -2.200822e+01 4.128458e+01
      vertex   -2.966562e+01 -2.200824e+01 4.132092e+01
    endloop
  endfacet
  facet normal 1.592230e-01 2.452865e-04 9.872426e-01
    outer loop
      vertex   -2.957471e+01 -2.425822e+01 4.130681e+01
      vertex   -2.966562e+01 -2.200824e+01 4.132092e+01
      vertex   -2.972641e+01 -2.425825e+01 4.133128e+01
    endloop
  endfacet
  facet normal 6.408383e-02 2.864714e-03 9.979404e-01
    outer loop
      vertex   -2.972641e+01 -2.425825e+01 4.133128e+01
      vertex   -2.966562e+01 -2.200824e+01 4.132092e+01
      vertex   -2.982725e+01 -2.200830e+01 4.133130e+01
    endloop
  endfacet
  facet normal 6.091872e-03 2.654255e-04 9.999814e-01
    outer loop
      vertex   -2.972641e+01 -2.425825e+01 4.133128e+01
      vertex   -2.982725e+01 -2.200830e+01 4.133130e+01
      vertex   -2.988006e+01 -2.425832e+01 4.133221e+01
    endloop
  endfacet
  facet normal -9.785517e-02 2.703260e-03 9.951970e-01
    outer loop
      vertex   -2.988006e+01 -2.425832e+01 4.133221e+01
      vertex   -2.982725e+01 -2.200830e+01 4.133130e+01
      vertex   -2.998844e+01 -2.200839e+01 4.131545e+01
    endloop
  endfacet
  facet normal -1.471831e-01 2.818808e-04 9.891092e-01
    outer loop
      vertex   -2.988006e+01 -2.425832e+01 4.133221e+01
      vertex   -2.998844e+01 -2.200839e+01 4.131545e+01
      vertex   -3.003205e+01 -2.425842e+01 4.130960e+01
    endloop
  endfacet
  facet normal -2.569982e-01 2.469460e-03 9.664087e-01
    outer loop
      vertex   -3.003205e+01 -2.425842e+01 4.130960e+01
      vertex   -2.998844e+01 -2.200839e+01 4.131545e+01
      vertex   -3.014450e+01 -2.200852e+01 4.127394e+01
    endloop
  endfacet
  facet normal -2.788402e-01 1.281549e-03 9.603367e-01
    outer loop
      vertex   -3.003205e+01 -2.425842e+01 4.130960e+01
      vertex   -3.014450e+01 -2.200852e+01 4.127394e+01
      vertex   -3.014326e+01 -2.434701e+01 4.127743e+01
    endloop
  endfacet
  facet normal -3.880276e-01 1.166071e-03 9.216470e-01
    outer loop
      vertex   -3.014326e+01 -2.434701e+01 4.127743e+01
      vertex   -3.014450e+01 -2.200852e+01 4.127394e+01
      vertex   -3.025000e+01 -2.442638e+01 4.123259e+01
    endloop
  endfacet
  facet normal -4.096357e-01 2.269655e-03 9.122464e-01
    outer loop
      vertex   -3.025000e+01 -2.442638e+01 4.123259e+01
      vertex   -3.014450e+01 -2.200852e+01 4.127394e+01
      vertex   -3.029269e+01 -2.200868e+01 4.120741e+01
    endloop
  endfacet
  facet normal -4.916745e-01 3.892597e-04 8.707790e-01
    outer loop
      vertex   -3.025000e+01 -2.442638e+01 4.123259e+01
      vertex   -3.029269e+01 -2.200868e+01 4.120741e+01
      vertex   -3.035082e+01 -2.449546e+01 4.117569e+01
    endloop
  endfacet
  facet normal -5.517254e-01 2.261934e-03 8.340228e-01
    outer loop
      vertex   -3.035082e+01 -2.449546e+01 4.117569e+01
      vertex   -3.029269e+01 -2.200868e+01 4.120741e+01
      vertex   -3.042777e+01 -2.200888e+01 4.111805e+01
    endloop
  endfacet
  facet normal -5.892328e-01 4.972177e-04 8.079631e-01
    outer loop
      vertex   -3.035082e+01 -2.449546e+01 4.117569e+01
      vertex   -3.042777e+01 -2.200888e+01 4.111805e+01
      vertex   -3.044438e+01 -2.455333e+01 4.110749e+01
    endloop
  endfacet
  facet normal -6.790557e-01 1.390201e-03 7.340854e-01
    outer loop
      vertex   -3.044438e+01 -2.455333e+01 4.110749e+01
      vertex   -3.042777e+01 -2.200888e+01 4.111805e+01
      vertex   -3.052942e+01 -2.459920e+01 4.102892e+01
    endloop
  endfacet
  facet normal -6.791262e-01 1.395215e-03 7.340202e-01
    outer loop
      vertex   -3.052942e+01 -2.459920e+01 4.102892e+01
      vertex   -3.042777e+01 -2.200888e+01 4.111805e+01
      vertex   -3.054665e+01 -2.200909e+01 4.100805e+01
    endloop
  endfacet
  facet normal -7.591602e-01 1.934800e-04 6.509038e-01
    outer loop
      vertex   -3.052942e+01 -2.459920e+01 4.102892e+01
      vertex   -3.054665e+01 -2.200909e+01 4.100805e+01
      vertex   -3.060480e+01 -2.463246e+01 4.094101e+01
    endloop
  endfacet
  facet normal -7.887121e-01 1.772294e-03 6.147601e-01
    outer loop
      vertex   -3.060480e+01 -2.463246e+01 4.094101e+01
      vertex   -3.054665e+01 -2.200909e+01 4.100805e+01
      vertex   -3.064622e+01 -2.200932e+01 4.088031e+01
    endloop
  endfacet
  facet normal -8.293521e-01 -1.658838e-04 5.587264e-01
    outer loop
      vertex   -3.060480e+01 -2.463246e+01 4.094101e+01
      vertex   -3.064622e+01 -2.200932e+01 4.088031e+01
      vertex   -3.066951e+01 -2.465267e+01 4.084495e+01
    endloop
  endfacet
  facet normal -8.884913e-01 1.690721e-03 4.588904e-01
    outer loop
      vertex   -3.066951e+01 -2.465267e+01 4.084495e+01
      vertex   -3.064622e+01 -2.200932e+01 4.088031e+01
      vertex   -3.072268e+01 -2.465956e+01 4.074204e+01
    endloop
  endfacet
  facet normal -8.776089e-01 3.078807e-04 4.793772e-01
    outer loop
      vertex   -3.072268e+01 -2.465956e+01 4.074204e+01
      vertex   -3.064622e+01 -2.200932e+01 4.088031e+01
      vertex   -3.064740e+01 -1.935932e+01 4.087645e+01
    endloop
  endfacet
  facet normal -8.776089e-01 3.078807e-04 4.793772e-01
    outer loop
      vertex   -3.072268e+01 -2.465956e+01 4.074204e+01
      vertex   -3.064740e+01 -1.935932e+01 4.087645e+01
      vertex   -3.072622e+01 -1.670957e+01 4.073044e+01
    endloop
  endfacet
  facet normal -8.776089e-01 3.078807e-04 4.793772e-01
    outer loop
      vertex   -3.072622e+01 -1.670957e+01 4.073044e+01
      vertex   -3.064740e+01 -1.935932e+01 4.087645e+01
      vertex   -3.064858e+01 -1.670933e+01 4.087258e+01
    endloop
  endfacet
  facet normal -7.887122e-01 5.449826e-04 6.147624e-01
    outer loop
      vertex   -3.064858e+01 -1.670933e+01 4.087258e+01
      vertex   -3.064740e+01 -1.935932e+01 4.087645e+01
      vertex   -3.054901e+01 -1.670909e+01 4.100032e+01
    endloop
  endfacet
  facet normal -7.887122e-01 5.449826e-04 6.147624e-01
    outer loop
      vertex   -3.054901e+01 -1.670909e+01 4.100032e+01
      vertex   -3.064740e+01 -1.935932e+01 4.087645e+01
      vertex   -3.054783e+01 -1.935909e+01 4.100419e+01
    endloop
  endfacet
  facet normal -6.791261e-01 7.677886e-04 7.340212e-01
    outer loop
      vertex   -3.054901e+01 -1.670909e+01 4.100032e+01
      vertex   -3.054783e+01 -1.935909e+01 4.100419e+01
      vertex   -3.043013e+01 -1.670888e+01 4.111032e+01
    endloop
  endfacet
  facet normal -6.791261e-01 7.677886e-04 7.340212e-01
    outer loop
      vertex   -3.043013e+01 -1.670888e+01 4.111032e+01
      vertex   -3.054783e+01 -1.935909e+01 4.100419e+01
      vertex   -3.042895e+01 -1.935888e+01 4.111418e+01
    endloop
  endfacet
  facet normal -5.517253e-01 9.704542e-04 8.340253e-01
    outer loop
      vertex   -3.043013e+01 -1.670888e+01 4.111032e+01
      vertex   -3.042895e+01 -1.935888e+01 4.111418e+01
      vertex   -3.029505e+01 -1.670869e+01 4.119968e+01
    endloop
  endfacet
  facet normal -5.517253e-01 9.704542e-04 8.340253e-01
    outer loop
      vertex   -3.029505e+01 -1.670869e+01 4.119968e+01
      vertex   -3.042895e+01 -1.935888e+01 4.111418e+01
      vertex   -3.029387e+01 -1.935869e+01 4.120354e+01
    endloop
  endfacet
  facet normal -4.098517e-01 1.147663e-03 9.121515e-01
    outer loop
      vertex   -3.029505e+01 -1.670869e+01 4.119968e+01
      vertex   -3.029387e+01 -1.935869e+01 4.120354e+01
      vertex   -3.014731e+01 -1.670853e+01 4.126606e+01
    endloop
  endfacet
  facet normal -4.097436e-01 1.140537e-03 9.122000e-01
    outer loop
      vertex   -3.014731e+01 -1.670853e+01 4.126606e+01
      vertex   -3.029387e+01 -1.935869e+01 4.120354e+01
      vertex   -3.014591e+01 -1.935853e+01 4.127000e+01
    endloop
  endfacet
  facet normal -2.572270e-01 1.302001e-03 9.663501e-01
    outer loop
      vertex   -3.014731e+01 -1.670853e+01 4.126606e+01
      vertex   -3.014591e+01 -1.935853e+01 4.127000e+01
      vertex   -2.999080e+01 -1.670840e+01 4.130772e+01
    endloop
  endfacet
  facet normal -2.571124e-01 1.294862e-03 9.663806e-01
    outer loop
      vertex   -2.999080e+01 -1.670840e+01 4.130772e+01
      vertex   -3.014591e+01 -1.935853e+01 4.127000e+01
      vertex   -2.998962e+01 -1.935839e+01 4.131158e+01
    endloop
  endfacet
  facet normal -9.785467e-02 1.407906e-03 9.951997e-01
    outer loop
      vertex   -2.999080e+01 -1.670840e+01 4.130772e+01
      vertex   -2.998962e+01 -1.935839e+01 4.131158e+01
      vertex   -2.982962e+01 -1.670830e+01 4.132357e+01
    endloop
  endfacet
  facet normal -9.785467e-02 1.407906e-03 9.951997e-01
    outer loop
      vertex   -2.982962e+01 -1.670830e+01 4.132357e+01
      vertex   -2.998962e+01 -1.935839e+01 4.131158e+01
      vertex   -2.982843e+01 -1.935830e+01 4.132743e+01
    endloop
  endfacet
  facet normal 6.408451e-02 1.484113e-03 9.979434e-01
    outer loop
      vertex   -2.982962e+01 -1.670830e+01 4.132357e+01
      vertex   -2.982843e+01 -1.935830e+01 4.132743e+01
      vertex   -2.966799e+01 -1.670825e+01 4.131319e+01
    endloop
  endfacet
  facet normal 6.408451e-02 1.484113e-03 9.979434e-01
    outer loop
      vertex   -2.966799e+01 -1.670825e+01 4.131319e+01
      vertex   -2.982843e+01 -1.935830e+01 4.132743e+01
      vertex   -2.966681e+01 -1.935824e+01 4.131705e+01
    endloop
  endfacet
  facet normal 2.243426e-01 1.521389e-03 9.745091e-01
    outer loop
      vertex   -2.966799e+01 -1.670825e+01 4.131319e+01
      vertex   -2.966681e+01 -1.935824e+01 4.131705e+01
      vertex   -2.951015e+01 -1.670823e+01 4.127685e+01
    endloop
  endfacet
  facet normal 2.243426e-01 1.521389e-03 9.745091e-01
    outer loop
      vertex   -2.951015e+01 -1.670823e+01 4.127685e+01
      vertex   -2.966681e+01 -1.935824e+01 4.131705e+01
      vertex   -2.950897e+01 -1.935823e+01 4.128072e+01
    endloop
  endfacet
  facet normal 3.787159e-01 1.518757e-03 9.255117e-01
    outer loop
      vertex   -2.951015e+01 -1.670823e+01 4.127685e+01
      vertex   -2.950897e+01 -1.935823e+01 4.128072e+01
      vertex   -2.936025e+01 -1.670825e+01 4.121551e+01
    endloop
  endfacet
  facet normal 3.787159e-01 1.518757e-03 9.255117e-01
    outer loop
      vertex   -2.936025e+01 -1.670825e+01 4.121551e+01
      vertex   -2.950897e+01 -1.935823e+01 4.128072e+01
      vertex   -2.935907e+01 -1.935825e+01 4.121938e+01
    endloop
  endfacet
  facet normal 5.231547e-01 1.476285e-03 8.522365e-01
    outer loop
      vertex   -2.936025e+01 -1.670825e+01 4.121551e+01
      vertex   -2.935907e+01 -1.935825e+01 4.121938e+01
      vertex   -2.922222e+01 -1.670831e+01 4.113078e+01
    endloop
  endfacet
  facet normal 5.231547e-01 1.476285e-03 8.522365e-01
    outer loop
      vertex   -2.922222e+01 -1.670831e+01 4.113078e+01
      vertex   -2.935907e+01 -1.935825e+01 4.121938e+01
      vertex   -2.922104e+01 -1.935831e+01 4.113465e+01
    endloop
  endfacet
  facet normal 6.538702e-01 1.395087e-03 7.566055e-01
    outer loop
      vertex   -2.922222e+01 -1.670831e+01 4.113078e+01
      vertex   -2.922104e+01 -1.935831e+01 4.113465e+01
      vertex   -2.909968e+01 -1.670841e+01 4.102488e+01
    endloop
  endfacet
  facet normal 6.538702e-01 1.395087e-03 7.566055e-01
    outer loop
      vertex   -2.909968e+01 -1.670841e+01 4.102488e+01
      vertex   -2.922104e+01 -1.935831e+01 4.113465e+01
      vertex   -2.909850e+01 -1.935841e+01 4.102874e+01
    endloop
  endfacet
  facet normal 7.674334e-01 1.277293e-03 6.411274e-01
    outer loop
      vertex   -2.909968e+01 -1.670841e+01 4.102488e+01
      vertex   -2.909850e+01 -1.935841e+01 4.102874e+01
      vertex   -2.899584e+01 -1.670855e+01 4.090058e+01
    endloop
  endfacet
  facet normal 7.674334e-01 1.277293e-03 6.411274e-01
    outer loop
      vertex   -2.899584e+01 -1.670855e+01 4.090058e+01
      vertex   -2.909850e+01 -1.935841e+01 4.102874e+01
      vertex   -2.899466e+01 -1.935854e+01 4.090445e+01
    endloop
  endfacet
  facet normal 8.608655e-01 1.125994e-03 5.088313e-01
    outer loop
      vertex   -2.899584e+01 -1.670855e+01 4.090058e+01
      vertex   -2.899466e+01 -1.935854e+01 4.090445e+01
      vertex   -2.891343e+01 -1.670871e+01 4.076116e+01
    endloop
  endfacet
  facet normal 8.608655e-01 1.125994e-03 5.088313e-01
    outer loop
      vertex   -2.891343e+01 -1.670871e+01 4.076116e+01
      vertex   -2.899466e+01 -1.935854e+01 4.090445e+01
      vertex   -2.891225e+01 -1.935871e+01 4.076502e+01
    endloop
  endfacet
  facet normal 9.317155e-01 9.451578e-04 3.631876e-01
    outer loop
      vertex   -2.891343e+01 -1.670871e+01 4.076116e+01
      vertex   -2.891225e+01 -1.935871e+01 4.076502e+01
      vertex   -2.885461e+01 -1.670891e+01 4.061025e+01
    endloop
  endfacet
  facet normal 9.317155e-01 9.451578e-04 3.631876e-01
    outer loop
      vertex   -2.885461e+01 -1.670891e+01 4.061025e+01
      vertex   -2.891225e+01 -1.935871e+01 4.076502e+01
      vertex   -2.885343e+01 -1.935891e+01 4.061412e+01
    endloop
  endfacet
  facet normal 9.781250e-01 7.395284e-04 2.080169e-01
    outer loop
      vertex   -2.885461e+01 -1.670891e+01 4.061025e+01
      vertex   -2.885343e+01 -1.935891e+01 4.061412e+01
      vertex   -2.882092e+01 -1.670912e+01 4.045183e+01
    endloop
  endfacet
  facet normal 9.781250e-01 7.395284e-04 2.080169e-01
    outer loop
      vertex   -2.882092e+01 -1.670912e+01 4.045183e+01
      vertex   -2.885343e+01 -1.935891e+01 4.061412e+01
      vertex   -2.881974e+01 -1.935912e+01 4.045570e+01
    endloop
  endfacet
  facet normal 9.988764e-01 5.144998e-04 4.738948e-02
    outer loop
      vertex   -2.882092e+01 -1.670912e+01 4.045183e+01
      vertex   -2.881974e+01 -1.935912e+01 4.045570e+01
      vertex   -2.881324e+01 -1.670936e+01 4.029005e+01
    endloop
  endfacet
  facet normal 9.988764e-01 5.144998e-04 4.738948e-02
    outer loop
      vertex   -2.881324e+01 -1.670936e+01 4.029005e+01
      vertex   -2.881974e+01 -1.935912e+01 4.045570e+01
      vertex   -2.881206e+01 -1.935935e+01 4.029392e+01
    endloop
  endfacet
  facet normal 9.934254e-01 2.759749e-04 -1.144810e-01
    outer loop
      vertex   -2.881324e+01 -1.670936e+01 4.029005e+01
      vertex   -2.881206e+01 -1.935935e+01 4.029392e+01
      vertex   -2.883178e+01 -1.670960e+01 4.012916e+01
    endloop
  endfacet
  facet normal 9.934254e-01 2.759749e-04 -1.144810e-01
    outer loop
      vertex   -2.883178e+01 -1.670960e+01 4.012916e+01
      vertex   -2.881206e+01 -1.935935e+01 4.029392e+01
      vertex   -2.883060e+01 -1.935960e+01 4.013302e+01
    endloop
  endfacet
  facet normal 9.619151e-01 3.021069e-05 -2.733485e-01
    outer loop
      vertex   -2.883178e+01 -1.670960e+01 4.012916e+01
      vertex   -2.883060e+01 -1.935960e+01 4.013302e+01
      vertex   -2.887606e+01 -1.670985e+01 3.997336e+01
    endloop
  endfacet
  facet normal 9.619151e-01 3.021069e-05 -2.733485e-01
    outer loop
      vertex   -2.887606e+01 -1.670985e+01 3.997336e+01
      vertex   -2.883060e+01 -1.935960e+01 4.013302e+01
      vertex   -2.882942e+01 -2.200959e+01 4.013689e+01
    endloop
  endfacet
  facet normal 9.934254e-01 2.759749e-04 -1.144810e-01
    outer loop
      vertex   -2.881088e+01 -2.200935e+01 4.029778e+01
      vertex   -2.882942e+01 -2.200959e+01 4.013689e+01
      vertex   -2.883060e+01 -1.935960e+01 4.013302e+01
    endloop
  endfacet
  facet normal 9.934254e-01 2.759749e-04 -1.144810e-01
    outer loop
      vertex   -2.881088e+01 -2.200935e+01 4.029778e+01
      vertex   -2.883060e+01 -1.935960e+01 4.013302e+01
      vertex   -2.881206e+01 -1.935935e+01 4.029392e+01
    endloop
  endfacet
  facet normal 9.988764e-01 5.144998e-04 4.738948e-02
    outer loop
      vertex   -2.881855e+01 -2.200912e+01 4.045956e+01
      vertex   -2.881088e+01 -2.200935e+01 4.029778e+01
      vertex   -2.881206e+01 -1.935935e+01 4.029392e+01
    endloop
  endfacet
  facet normal 9.988764e-01 5.144998e-04 4.738948e-02
    outer loop
      vertex   -2.881855e+01 -2.200912e+01 4.045956e+01
      vertex   -2.881206e+01 -1.935935e+01 4.029392e+01
      vertex   -2.881974e+01 -1.935912e+01 4.045570e+01
    endloop
  endfacet
  facet normal 9.781250e-01 7.395284e-04 2.080169e-01
    outer loop
      vertex   -2.885225e+01 -2.200890e+01 4.061798e+01
      vertex   -2.881855e+01 -2.200912e+01 4.045956e+01
      vertex   -2.881974e+01 -1.935912e+01 4.045570e+01
    endloop
  endfacet
  facet normal 9.781250e-01 7.395284e-04 2.080169e-01
    outer loop
      vertex   -2.885225e+01 -2.200890e+01 4.061798e+01
      vertex   -2.881974e+01 -1.935912e+01 4.045570e+01
      vertex   -2.885343e+01 -1.935891e+01 4.061412e+01
    endloop
  endfacet
  facet normal 9.317155e-01 9.451578e-04 3.631876e-01
    outer loop
      vertex   -2.891107e+01 -2.200871e+01 4.076889e+01
      vertex   -2.885225e+01 -2.200890e+01 4.061798e+01
      vertex   -2.885343e+01 -1.935891e+01 4.061412e+01
    endloop
  endfacet
  facet normal 9.317155e-01 9.451578e-04 3.631876e-01
    outer loop
      vertex   -2.891107e+01 -2.200871e+01 4.076889e+01
      vertex   -2.885343e+01 -1.935891e+01 4.061412e+01
      vertex   -2.891225e+01 -1.935871e+01 4.076502e+01
    endloop
  endfacet
  facet normal 8.608655e-01 1.125994e-03 5.088313e-01
    outer loop
      vertex   -2.899348e+01 -2.200854e+01 4.090831e+01
      vertex   -2.891107e+01 -2.200871e+01 4.076889e+01
      vertex   -2.891225e+01 -1.935871e+01 4.076502e+01
    endloop
  endfacet
  facet normal 8.608655e-01 1.125994e-03 5.088313e-01
    outer loop
      vertex   -2.899348e+01 -2.200854e+01 4.090831e+01
      vertex   -2.891225e+01 -1.935871e+01 4.076502e+01
      vertex   -2.899466e+01 -1.935854e+01 4.090445e+01
    endloop
  endfacet
  facet normal 7.674334e-01 1.277293e-03 6.411274e-01
    outer loop
      vertex   -2.909732e+01 -2.200841e+01 4.103261e+01
      vertex   -2.899348e+01 -2.200854e+01 4.090831e+01
      vertex   -2.899466e+01 -1.935854e+01 4.090445e+01
    endloop
  endfacet
  facet normal 7.674334e-01 1.277293e-03 6.411274e-01
    outer loop
      vertex   -2.909732e+01 -2.200841e+01 4.103261e+01
      vertex   -2.899466e+01 -1.935854e+01 4.090445e+01
      vertex   -2.909850e+01 -1.935841e+01 4.102874e+01
    endloop
  endfacet
  facet normal 6.538702e-01 1.395087e-03 7.566055e-01
    outer loop
      vertex   -2.921986e+01 -2.200831e+01 4.113851e+01
      vertex   -2.909732e+01 -2.200841e+01 4.103261e+01
      vertex   -2.909850e+01 -1.935841e+01 4.102874e+01
    endloop
  endfacet
  facet normal 6.538702e-01 1.395087e-03 7.566055e-01
    outer loop
      vertex   -2.921986e+01 -2.200831e+01 4.113851e+01
      vertex   -2.909850e+01 -1.935841e+01 4.102874e+01
      vertex   -2.922104e+01 -1.935831e+01 4.113465e+01
    endloop
  endfacet
  facet normal 5.231547e-01 1.476285e-03 8.522365e-01
    outer loop
      vertex   -2.935789e+01 -2.200824e+01 4.122324e+01
      vertex   -2.921986e+01 -2.200831e+01 4.113851e+01
      vertex   -2.922104e+01 -1.935831e+01 4.113465e+01
    endloop
  endfacet
  facet normal 5.231547e-01 1.476285e-03 8.522365e-01
    outer loop
      vertex   -2.935789e+01 -2.200824e+01 4.122324e+01
      vertex   -2.922104e+01 -1.935831e+01 4.113465e+01
      vertex   -2.935907e+01 -1.935825e+01 4.121938e+01
    endloop
  endfacet
  facet normal 3.787159e-01 1.518757e-03 9.255117e-01
    outer loop
      vertex   -2.950779e+01 -2.200822e+01 4.128458e+01
      vertex   -2.935789e+01 -2.200824e+01 4.122324e+01
      vertex   -2.935907e+01 -1.935825e+01 4.121938e+01
    endloop
  endfacet
  facet normal 3.787159e-01 1.518757e-03 9.255117e-01
    outer loop
      vertex   -2.950779e+01 -2.200822e+01 4.128458e+01
      vertex   -2.935907e+01 -1.935825e+01 4.121938e+01
      vertex   -2.950897e+01 -1.935823e+01 4.128072e+01
    endloop
  endfacet
  facet normal 2.243426e-01 1.521389e-03 9.745091e-01
    outer loop
      vertex   -2.966562e+01 -2.200824e+01 4.132092e+01
      vertex   -2.950779e+01 -2.200822e+01 4.128458e+01
      vertex   -2.950897e+01 -1.935823e+01 4.128072e+01
    endloop
  endfacet
  facet normal 2.243426e-01 1.521389e-03 9.745091e-01
    outer loop
      vertex   -2.966562e+01 -2.200824e+01 4.132092e+01
      vertex   -2.950897e+01 -1.935823e+01 4.128072e+01
      vertex   -2.966681e+01 -1.935824e+01 4.131705e+01
    endloop
  endfacet
  facet normal 6.408451e-02 1.484113e-03 9.979434e-01
    outer loop
      vertex   -2.982725e+01 -2.200830e+01 4.133130e+01
      vertex   -2.966562e+01 -2.200824e+01 4.132092e+01
      vertex   -2.966681e+01 -1.935824e+01 4.131705e+01
    endloop
  endfacet
  facet normal 6.408451e-02 1.484113e-03 9.979434e-01
    outer loop
      vertex   -2.982725e+01 -2.200830e+01 4.133130e+01
      vertex   -2.966681e+01 -1.935824e+01 4.131705e+01
      vertex   -2.982843e+01 -1.935830e+01 4.132743e+01
    endloop
  endfacet
  facet normal -9.785467e-02 1.407906e-03 9.951997e-01
    outer loop
      vertex   -2.998844e+01 -2.200839e+01 4.131545e+01
      vertex   -2.982725e+01 -2.200830e+01 4.133130e+01
      vertex   -2.982843e+01 -1.935830e+01 4.132743e+01
    endloop
  endfacet
  facet normal -9.785467e-02 1.407906e-03 9.951997e-01
    outer loop
      vertex   -2.998844e+01 -2.200839e+01 4.131545e+01
      vertex   -2.982843e+01 -1.935830e+01 4.132743e+01
      vertex   -2.998962e+01 -1.935839e+01 4.131158e+01
    endloop
  endfacet
  facet normal -2.569978e-01 1.294957e-03 9.664111e-01
    outer loop
      vertex   -3.014450e+01 -2.200852e+01 4.127394e+01
      vertex   -2.998844e+01 -2.200839e+01 4.131545e+01
      vertex   -2.998962e+01 -1.935839e+01 4.131158e+01
    endloop
  endfacet
  facet normal -2.571124e-01 1.302086e-03 9.663806e-01
    outer loop
      vertex   -3.014450e+01 -2.200852e+01 4.127394e+01
      vertex   -2.998962e+01 -1.935839e+01 4.131158e+01
      vertex   -3.014591e+01 -1.935853e+01 4.127000e+01
    endloop
  endfacet
  facet normal -4.096354e-01 1.140646e-03 9.122486e-01
    outer loop
      vertex   -3.029269e+01 -2.200868e+01 4.120741e+01
      vertex   -3.014450e+01 -2.200852e+01 4.127394e+01
      vertex   -3.014591e+01 -1.935853e+01 4.127000e+01
    endloop
  endfacet
  facet normal -4.097436e-01 1.147782e-03 9.122000e-01
    outer loop
      vertex   -3.029269e+01 -2.200868e+01 4.120741e+01
      vertex   -3.014591e+01 -1.935853e+01 4.127000e+01
      vertex   -3.029387e+01 -1.935869e+01 4.120354e+01
    endloop
  endfacet
  facet normal -5.517253e-01 9.704542e-04 8.340253e-01
    outer loop
      vertex   -3.042777e+01 -2.200888e+01 4.111805e+01
      vertex   -3.029269e+01 -2.200868e+01 4.120741e+01
      vertex   -3.029387e+01 -1.935869e+01 4.120354e+01
    endloop
  endfacet
  facet normal -5.517253e-01 9.704542e-04 8.340253e-01
    outer loop
      vertex   -3.042777e+01 -2.200888e+01 4.111805e+01
      vertex   -3.029387e+01 -1.935869e+01 4.120354e+01
      vertex   -3.042895e+01 -1.935888e+01 4.111418e+01
    endloop
  endfacet
  facet normal -6.791261e-01 7.677886e-04 7.340212e-01
    outer loop
      vertex   -3.054665e+01 -2.200909e+01 4.100805e+01
      vertex   -3.042777e+01 -2.200888e+01 4.111805e+01
      vertex   -3.042895e+01 -1.935888e+01 4.111418e+01
    endloop
  endfacet
  facet normal -6.791261e-01 7.677886e-04 7.340212e-01
    outer loop
      vertex   -3.054665e+01 -2.200909e+01 4.100805e+01
      vertex   -3.042895e+01 -1.935888e+01 4.111418e+01
      vertex   -3.054783e+01 -1.935909e+01 4.100419e+01
    endloop
  endfacet
  facet normal -7.887122e-01 5.449826e-04 6.147624e-01
    outer loop
      vertex   -3.064622e+01 -2.200932e+01 4.088031e+01
      vertex   -3.054665e+01 -2.200909e+01 4.100805e+01
      vertex   -3.054783e+01 -1.935909e+01 4.100419e+01
    endloop
  endfacet
  facet normal -7.887122e-01 5.449826e-04 6.147624e-01
    outer loop
      vertex   -3.064622e+01 -2.200932e+01 4.088031e+01
      vertex   -3.054783e+01 -1.935909e+01 4.100419e+01
      vertex   -3.064740e+01 -1.935932e+01 4.087645e+01
    endloop
  endfacet
  facet normal -6.462906e-01 7.072374e-01 2.865723e-01
    outer loop
      vertex   -3.072622e+01 -1.670957e+01 4.073044e+01
      vertex   -3.036098e+01 -1.630964e+01 4.056717e+01
      vertex   -3.628817e+01 -1.673027e+01 2.823797e+01
    endloop
  endfacet
  facet normal -6.462906e-01 7.072374e-01 2.865723e-01
    outer loop
      vertex   -3.628817e+01 -1.673027e+01 2.823797e+01
      vertex   -3.036098e+01 -1.630964e+01 4.056717e+01
      vertex   -3.607149e+01 -1.634275e+01 2.777027e+01
    endloop
  endfacet
  facet normal -6.462906e-01 7.072374e-01 2.865723e-01
    outer loop
      vertex   -3.607149e+01 -1.634275e+01 2.777027e+01
      vertex   -3.036098e+01 -1.630964e+01 4.056717e+01
      vertex   -3.605341e+01 -1.633083e+01 2.778165e+01
    endloop
  endfacet
  facet normal -4.458809e-04 9.999988e-01 -1.458537e-03
    outer loop
      vertex   -3.036098e+01 -1.630964e+01 4.056717e+01
      vertex   -3.060632e+01 -1.631575e+01 3.645183e+01
      vertex   -3.605341e+01 -1.633083e+01 2.778165e+01
    endloop
  endfacet
  facet normal -4.458809e-04 9.999988e-01 -1.458537e-03
    outer loop
      vertex   -3.605341e+01 -1.633083e+01 2.778165e+01
      vertex   -3.060632e+01 -1.631575e+01 3.645183e+01
      vertex   -3.064453e+01 -1.631608e+01 3.623785e+01
    endloop
  endfacet
  facet normal -4.458809e-04 9.999988e-01 -1.458537e-03
    outer loop
      vertex   -3.605341e+01 -1.633083e+01 2.778165e+01
      vertex   -3.064453e+01 -1.631608e+01 3.623785e+01
      vertex   -3.065666e+01 -1.631641e+01 3.602083e+01
    endloop
  endfacet
  facet normal -4.458809e-04 9.999988e-01 -1.458537e-03
    outer loop
      vertex   -3.031141e+01 -1.630949e+01 4.065695e+01
      vertex   -3.024727e+01 -1.630934e+01 4.073699e+01
      vertex   -3.036098e+01 -1.630964e+01 4.056717e+01
    endloop
  endfacet
  facet normal -4.458809e-04 9.999988e-01 -1.458537e-03
    outer loop
      vertex   -3.036098e+01 -1.630964e+01 4.056717e+01
      vertex   -3.024727e+01 -1.630934e+01 4.073699e+01
      vertex   -3.017044e+01 -1.630921e+01 4.080493e+01
    endloop
  endfacet
  facet normal -4.458809e-04 9.999988e-01 -1.458537e-03
    outer loop
      vertex   -3.036098e+01 -1.630964e+01 4.056717e+01
      vertex   -3.017044e+01 -1.630921e+01 4.080493e+01
      vertex   -3.008316e+01 -1.630909e+01 4.085879e+01
    endloop
  endfacet
  facet normal -4.458809e-04 9.999988e-01 -1.458537e-03
    outer loop
      vertex   -3.008316e+01 -1.630909e+01 4.085879e+01
      vertex   -2.998798e+01 -1.630900e+01 4.089700e+01
      vertex   -3.036098e+01 -1.630964e+01 4.056717e+01
    endloop
  endfacet
  facet normal -4.458809e-04 9.999988e-01 -1.458537e-03
    outer loop
      vertex   -3.036098e+01 -1.630964e+01 4.056717e+01
      vertex   -2.998798e+01 -1.630900e+01 4.089700e+01
      vertex   -2.988768e+01 -1.630892e+01 4.091844e+01
    endloop
  endfacet
  facet normal -4.458809e-04 9.999988e-01 -1.458537e-03
    outer loop
      vertex   -3.036098e+01 -1.630964e+01 4.056717e+01
      vertex   -2.988768e+01 -1.630892e+01 4.091844e+01
      vertex   -2.978520e+01 -1.630887e+01 4.092249e+01
    endloop
  endfacet
  facet normal -4.458809e-04 9.999988e-01 -1.458537e-03
    outer loop
      vertex   -2.968352e+01 -1.630884e+01 4.090902e+01
      vertex   -2.925088e+01 -1.630981e+01 4.011292e+01
      vertex   -2.978520e+01 -1.630887e+01 4.092249e+01
    endloop
  endfacet
  facet normal -4.458809e-04 9.999988e-01 -1.458537e-03
    outer loop
      vertex   -2.978520e+01 -1.630887e+01 4.092249e+01
      vertex   -2.925088e+01 -1.630981e+01 4.011292e+01
      vertex   -3.054260e+01 -1.631542e+01 3.665964e+01
    endloop
  endfacet
  facet normal -4.458809e-04 9.999988e-01 -1.458537e-03
    outer loop
      vertex   -2.978520e+01 -1.630887e+01 4.092249e+01
      vertex   -3.054260e+01 -1.631542e+01 3.665964e+01
      vertex   -3.036098e+01 -1.630964e+01 4.056717e+01
    endloop
  endfacet
  facet normal -4.458809e-04 9.999988e-01 -1.458537e-03
    outer loop
      vertex   -3.036098e+01 -1.630964e+01 4.056717e+01
      vertex   -3.054260e+01 -1.631542e+01 3.665964e+01
      vertex   -3.060632e+01 -1.631575e+01 3.645183e+01
    endloop
  endfacet
  facet normal -4.458809e-04 9.999988e-01 -1.458537e-03
    outer loop
      vertex   -2.968352e+01 -1.630884e+01 4.090902e+01
      vertex   -2.958562e+01 -1.630884e+01 4.087843e+01
      vertex   -2.925088e+01 -1.630981e+01 4.011292e+01
    endloop
  endfacet
  facet normal -4.458809e-04 9.999988e-01 -1.458537e-03
    outer loop
      vertex   -2.925088e+01 -1.630981e+01 4.011292e+01
      vertex   -2.958562e+01 -1.630884e+01 4.087843e+01
      vertex   -2.949437e+01 -1.630887e+01 4.083162e+01
    endloop
  endfacet
  facet normal -4.458809e-04 9.999988e-01 -1.458537e-03
    outer loop
      vertex   -2.925088e+01 -1.630981e+01 4.011292e+01
      vertex   -2.949437e+01 -1.630887e+01 4.083162e+01
      vertex   -2.941242e+01 -1.630892e+01 4.076995e+01
    endloop
  endfacet
  facet normal -4.458809e-04 9.999988e-01 -1.458537e-03
    outer loop
      vertex   -2.941242e+01 -1.630892e+01 4.076995e+01
      vertex   -2.934217e+01 -1.630900e+01 4.069522e+01
      vertex   -2.925088e+01 -1.630981e+01 4.011292e+01
    endloop
  endfacet
  facet normal -4.458809e-04 9.999988e-01 -1.458537e-03
    outer loop
      vertex   -2.925088e+01 -1.630981e+01 4.011292e+01
      vertex   -2.934217e+01 -1.630900e+01 4.069522e+01
      vertex   -2.928567e+01 -1.630910e+01 4.060962e+01
    endloop
  endfacet
  facet normal -4.458809e-04 9.999988e-01 -1.458537e-03
    outer loop
      vertex   -2.925088e+01 -1.630981e+01 4.011292e+01
      vertex   -2.928567e+01 -1.630910e+01 4.060962e+01
      vertex   -2.924458e+01 -1.630922e+01 4.051565e+01
    endloop
  endfacet
  facet normal -4.458809e-04 9.999988e-01 -1.458537e-03
    outer loop
      vertex   -2.924458e+01 -1.630922e+01 4.051565e+01
      vertex   -2.922009e+01 -1.630935e+01 4.041605e+01
      vertex   -2.925088e+01 -1.630981e+01 4.011292e+01
    endloop
  endfacet
  facet normal -4.458809e-04 9.999988e-01 -1.458537e-03
    outer loop
      vertex   -2.925088e+01 -1.630981e+01 4.011292e+01
      vertex   -2.922009e+01 -1.630935e+01 4.041605e+01
      vertex   -2.921293e+01 -1.630950e+01 4.031374e+01
    endloop
  endfacet
  facet normal -4.458809e-04 9.999988e-01 -1.458537e-03
    outer loop
      vertex   -2.925088e+01 -1.630981e+01 4.011292e+01
      vertex   -2.921293e+01 -1.630950e+01 4.031374e+01
      vertex   -2.922329e+01 -1.630965e+01 4.021170e+01
    endloop
  endfacet
  facet normal -4.458809e-04 9.999988e-01 -1.458537e-03
    outer loop
      vertex   -3.605341e+01 -1.633083e+01 2.778165e+01
      vertex   -3.065666e+01 -1.631641e+01 3.602083e+01
      vertex   -3.176357e+01 -1.632475e+01 3.063475e+01
    endloop
  endfacet
  facet normal -4.458809e-04 9.999988e-01 -1.458537e-03
    outer loop
      vertex   -3.176357e+01 -1.632475e+01 3.063475e+01
      vertex   -3.065666e+01 -1.631641e+01 3.602083e+01
      vertex   -3.064255e+01 -1.631672e+01 3.580393e+01
    endloop
  endfacet
  facet normal -4.458809e-04 9.999988e-01 -1.458537e-03
    outer loop
      vertex   -3.176357e+01 -1.632475e+01 3.063475e+01
      vertex   -3.064255e+01 -1.631672e+01 3.580393e+01
      vertex   -3.167985e+01 -1.632450e+01 3.078410e+01
    endloop
  endfacet
  facet normal -4.458809e-04 9.999988e-01 -1.458537e-03
    outer loop
      vertex   -3.167985e+01 -1.632450e+01 3.078410e+01
      vertex   -3.064255e+01 -1.631672e+01 3.580393e+01
      vertex   -3.060240e+01 -1.631701e+01 3.559031e+01
    endloop
  endfacet
  facet normal -4.458809e-04 9.999988e-01 -1.458537e-03
    outer loop
      vertex   -3.167985e+01 -1.632450e+01 3.078410e+01
      vertex   -3.060240e+01 -1.631701e+01 3.559031e+01
      vertex   -3.157573e+01 -1.632425e+01 3.092002e+01
    endloop
  endfacet
  facet normal -4.458809e-04 9.999988e-01 -1.458537e-03
    outer loop
      vertex   -3.157573e+01 -1.632425e+01 3.092002e+01
      vertex   -3.060240e+01 -1.631701e+01 3.559031e+01
      vertex   -3.053679e+01 -1.631728e+01 3.538308e+01
    endloop
  endfacet
  facet normal -4.458809e-04 9.999988e-01 -1.458537e-03
    outer loop
      vertex   -3.157573e+01 -1.632425e+01 3.092002e+01
      vertex   -3.053679e+01 -1.631728e+01 3.538308e+01
      vertex   -3.145333e+01 -1.632403e+01 3.103974e+01
    endloop
  endfacet
  facet normal -4.458809e-04 9.999988e-01 -1.458537e-03
    outer loop
      vertex   -3.145333e+01 -1.632403e+01 3.103974e+01
      vertex   -3.053679e+01 -1.631728e+01 3.538308e+01
      vertex   -3.044668e+01 -1.631753e+01 3.518528e+01
    endloop
  endfacet
  facet normal -4.458809e-04 9.999988e-01 -1.458537e-03
    outer loop
      vertex   -3.145333e+01 -1.632403e+01 3.103974e+01
      vertex   -3.044668e+01 -1.631753e+01 3.518528e+01
      vertex   -3.131513e+01 -1.632382e+01 3.114081e+01
    endloop
  endfacet
  facet normal -4.458809e-04 9.999988e-01 -1.458537e-03
    outer loop
      vertex   -3.131513e+01 -1.632382e+01 3.114081e+01
      vertex   -3.044668e+01 -1.631753e+01 3.518528e+01
      vertex   -3.033339e+01 -1.631775e+01 3.499978e+01
    endloop
  endfacet
  facet normal -4.458809e-04 9.999988e-01 -1.458537e-03
    outer loop
      vertex   -3.131513e+01 -1.632382e+01 3.114081e+01
      vertex   -3.033339e+01 -1.631775e+01 3.499978e+01
      vertex   -3.116396e+01 -1.632363e+01 3.122119e+01
    endloop
  endfacet
  facet normal -4.458809e-04 9.999988e-01 -1.458537e-03
    outer loop
      vertex   -3.116396e+01 -1.632363e+01 3.122119e+01
      vertex   -3.033339e+01 -1.631775e+01 3.499978e+01
      vertex   -3.019856e+01 -1.631794e+01 3.482928e+01
    endloop
  endfacet
  facet normal -4.458809e-04 9.999988e-01 -1.458537e-03
    outer loop
      vertex   -3.116396e+01 -1.632363e+01 3.122119e+01
      vertex   -3.019856e+01 -1.631794e+01 3.482928e+01
      vertex   -3.100289e+01 -1.632348e+01 3.127924e+01
    endloop
  endfacet
  facet normal -4.458809e-04 9.999988e-01 -1.458537e-03
    outer loop
      vertex   -3.100289e+01 -1.632348e+01 3.127924e+01
      vertex   -3.019856e+01 -1.631794e+01 3.482928e+01
      vertex   -3.004416e+01 -1.631809e+01 3.467629e+01
    endloop
  endfacet
  facet normal -4.458809e-04 9.999988e-01 -1.458537e-03
    outer loop
      vertex   -3.100289e+01 -1.632348e+01 3.127924e+01
      vertex   -3.004416e+01 -1.631809e+01 3.467629e+01
      vertex   -3.083519e+01 -1.632335e+01 3.131378e+01
    endloop
  endfacet
  facet normal -4.458809e-04 9.999988e-01 -1.458537e-03
    outer loop
      vertex   -3.083519e+01 -1.632335e+01 3.131378e+01
      vertex   -3.004416e+01 -1.631809e+01 3.467629e+01
      vertex   -3.066429e+01 -1.632326e+01 3.132409e+01
    endloop
  endfacet
  facet normal -4.458809e-04 9.999988e-01 -1.458537e-03
    outer loop
      vertex   -3.066429e+01 -1.632326e+01 3.132409e+01
      vertex   -3.004416e+01 -1.631809e+01 3.467629e+01
      vertex   -2.987245e+01 -1.631821e+01 3.454301e+01
    endloop
  endfacet
  facet normal -4.458809e-04 9.999988e-01 -1.458537e-03
    outer loop
      vertex   -3.066429e+01 -1.632326e+01 3.132409e+01
      vertex   -2.987245e+01 -1.631821e+01 3.454301e+01
      vertex   -3.049366e+01 -1.632320e+01 3.130998e+01
    endloop
  endfacet
  facet normal -4.458809e-04 9.999988e-01 -1.458537e-03
    outer loop
      vertex   -3.049366e+01 -1.632320e+01 3.130998e+01
      vertex   -2.987245e+01 -1.631821e+01 3.454301e+01
      vertex   -2.968593e+01 -1.631829e+01 3.443141e+01
    endloop
  endfacet
  facet normal -4.458809e-04 9.999988e-01 -1.458537e-03
    outer loop
      vertex   -3.049366e+01 -1.632320e+01 3.130998e+01
      vertex   -2.968593e+01 -1.631829e+01 3.443141e+01
      vertex   -3.032677e+01 -1.632318e+01 3.127173e+01
    endloop
  endfacet
  facet normal -4.458809e-04 9.999988e-01 -1.458537e-03
    outer loop
      vertex   -3.032677e+01 -1.632318e+01 3.127173e+01
      vertex   -2.968593e+01 -1.631829e+01 3.443141e+01
      vertex   -2.948731e+01 -1.631833e+01 3.434311e+01
    endloop
  endfacet
  facet normal -4.458809e-04 9.999988e-01 -1.458537e-03
    outer loop
      vertex   -3.032677e+01 -1.632318e+01 3.127173e+01
      vertex   -2.948731e+01 -1.631833e+01 3.434311e+01
      vertex   -3.016702e+01 -1.632320e+01 3.121012e+01
    endloop
  endfacet
  facet normal -4.458809e-04 9.999988e-01 -1.458537e-03
    outer loop
      vertex   -3.016702e+01 -1.632320e+01 3.121012e+01
      vertex   -2.948731e+01 -1.631833e+01 3.434311e+01
      vertex   -3.001767e+01 -1.632326e+01 3.112641e+01
    endloop
  endfacet
  facet normal -4.458809e-04 9.999988e-01 -1.458537e-03
    outer loop
      vertex   -3.001767e+01 -1.632326e+01 3.112641e+01
      vertex   -2.948731e+01 -1.631833e+01 3.434311e+01
      vertex   -2.988176e+01 -1.632335e+01 3.102229e+01
    endloop
  endfacet
  facet normal -4.458809e-04 9.999988e-01 -1.458537e-03
    outer loop
      vertex   -2.988176e+01 -1.632335e+01 3.102229e+01
      vertex   -2.948731e+01 -1.631833e+01 3.434311e+01
      vertex   -2.976204e+01 -1.632348e+01 3.089988e+01
    endloop
  endfacet
  facet normal -4.458809e-04 9.999988e-01 -1.458537e-03
    outer loop
      vertex   -2.976204e+01 -1.632348e+01 3.089988e+01
      vertex   -2.948731e+01 -1.631833e+01 3.434311e+01
      vertex   -2.966097e+01 -1.632363e+01 3.076169e+01
    endloop
  endfacet
  facet normal -4.458809e-04 9.999988e-01 -1.458537e-03
    outer loop
      vertex   -2.966097e+01 -1.632363e+01 3.076169e+01
      vertex   -2.948731e+01 -1.631833e+01 3.434311e+01
      vertex   -2.958059e+01 -1.632382e+01 3.061052e+01
    endloop
  endfacet
  facet normal -4.458809e-04 9.999988e-01 -1.458537e-03
    outer loop
      vertex   -2.958059e+01 -1.632382e+01 3.061052e+01
      vertex   -2.948731e+01 -1.631833e+01 3.434311e+01
      vertex   -2.634042e+01 -1.631864e+01 3.316600e+01
    endloop
  endfacet
  facet normal -4.458809e-04 9.999988e-01 -1.458537e-03
    outer loop
      vertex   -2.958059e+01 -1.632382e+01 3.061052e+01
      vertex   -2.634042e+01 -1.631864e+01 3.316600e+01
      vertex   -2.952254e+01 -1.632403e+01 3.044944e+01
    endloop
  endfacet
  facet normal -4.458809e-04 9.999988e-01 -1.458537e-03
    outer loop
      vertex   -2.952254e+01 -1.632403e+01 3.044944e+01
      vertex   -2.634042e+01 -1.631864e+01 3.316600e+01
      vertex   -2.948800e+01 -1.632425e+01 3.028175e+01
    endloop
  endfacet
  facet normal -4.458809e-04 9.999988e-01 -1.458537e-03
    outer loop
      vertex   -2.948800e+01 -1.632425e+01 3.028175e+01
      vertex   -2.634042e+01 -1.631864e+01 3.316600e+01
      vertex   -2.947768e+01 -1.632450e+01 3.011084e+01
    endloop
  endfacet
  facet normal -4.458809e-04 9.999988e-01 -1.458537e-03
    outer loop
      vertex   -2.947768e+01 -1.632450e+01 3.011084e+01
      vertex   -2.634042e+01 -1.631864e+01 3.316600e+01
      vertex   -2.949179e+01 -1.632475e+01 2.994021e+01
    endloop
  endfacet
  facet normal -4.458809e-04 9.999988e-01 -1.458537e-03
    outer loop
      vertex   -2.949179e+01 -1.632475e+01 2.994021e+01
      vertex   -2.634042e+01 -1.631864e+01 3.316600e+01
      vertex   -2.621186e+01 -1.631895e+01 3.291541e+01
    endloop
  endfacet
  facet normal -4.458809e-04 9.999988e-01 -1.458537e-03
    outer loop
      vertex   -2.949179e+01 -1.632475e+01 2.994021e+01
      vertex   -2.621186e+01 -1.631895e+01 3.291541e+01
      vertex   -2.953004e+01 -1.632502e+01 2.977333e+01
    endloop
  endfacet
  facet normal -4.458809e-04 9.999988e-01 -1.458537e-03
    outer loop
      vertex   -2.953004e+01 -1.632502e+01 2.977333e+01
      vertex   -2.621186e+01 -1.631895e+01 3.291541e+01
      vertex   -2.885516e+01 -1.633435e+01 2.316855e+01
    endloop
  endfacet
  facet normal -4.458809e-04 9.999988e-01 -1.458537e-03
    outer loop
      vertex   -2.953004e+01 -1.632502e+01 2.977333e+01
      vertex   -2.885516e+01 -1.633435e+01 2.316855e+01
      vertex   -3.034867e+01 -1.632929e+01 2.709567e+01
    endloop
  endfacet
  facet normal -4.458809e-04 9.999988e-01 -1.458537e-03
    outer loop
      vertex   -3.034867e+01 -1.632929e+01 2.709567e+01
      vertex   -2.885516e+01 -1.633435e+01 2.316855e+01
      vertex   -3.040410e+01 -1.632952e+01 2.694929e+01
    endloop
  endfacet
  facet normal -4.458809e-04 9.999988e-01 -1.458537e-03
    outer loop
      vertex   -3.040410e+01 -1.632952e+01 2.694929e+01
      vertex   -2.885516e+01 -1.633435e+01 2.316855e+01
      vertex   -2.920964e+01 -1.633515e+01 2.272428e+01
    endloop
  endfacet
  facet normal -4.458809e-04 9.999988e-01 -1.458537e-03
    outer loop
      vertex   -3.040410e+01 -1.632952e+01 2.694929e+01
      vertex   -2.920964e+01 -1.633515e+01 2.272428e+01
      vertex   -3.047811e+01 -1.632976e+01 2.681136e+01
    endloop
  endfacet
  facet normal -4.458809e-04 9.999988e-01 -1.458537e-03
    outer loop
      vertex   -3.047811e+01 -1.632976e+01 2.681136e+01
      vertex   -2.920964e+01 -1.633515e+01 2.272428e+01
      vertex   -3.056945e+01 -1.632998e+01 2.668424e+01
    endloop
  endfacet
  facet normal -4.458809e-04 9.999988e-01 -1.458537e-03
    outer loop
      vertex   -3.056945e+01 -1.632998e+01 2.668424e+01
      vertex   -2.920964e+01 -1.633515e+01 2.272428e+01
      vertex   -3.147181e+01 -1.633792e+01 2.152145e+01
    endloop
  endfacet
  facet normal -4.458809e-04 9.999988e-01 -1.458537e-03
    outer loop
      vertex   -3.056945e+01 -1.632998e+01 2.668424e+01
      vertex   -3.147181e+01 -1.633792e+01 2.152145e+01
      vertex   -3.067655e+01 -1.633020e+01 2.657009e+01
    endloop
  endfacet
  facet normal -4.458809e-04 9.999988e-01 -1.458537e-03
    outer loop
      vertex   -3.067655e+01 -1.633020e+01 2.657009e+01
      vertex   -3.147181e+01 -1.633792e+01 2.152145e+01
      vertex   -3.079761e+01 -1.633040e+01 2.647086e+01
    endloop
  endfacet
  facet normal -4.458809e-04 9.999988e-01 -1.458537e-03
    outer loop
      vertex   -3.079761e+01 -1.633040e+01 2.647086e+01
      vertex   -3.147181e+01 -1.633792e+01 2.152145e+01
      vertex   -3.093054e+01 -1.633058e+01 2.638822e+01
    endloop
  endfacet
  facet normal -4.458809e-04 9.999988e-01 -1.458537e-03
    outer loop
      vertex   -3.093054e+01 -1.633058e+01 2.638822e+01
      vertex   -3.147181e+01 -1.633792e+01 2.152145e+01
      vertex   -3.107311e+01 -1.633073e+01 2.632359e+01
    endloop
  endfacet
  facet normal -4.458809e-04 9.999988e-01 -1.458537e-03
    outer loop
      vertex   -3.107311e+01 -1.633073e+01 2.632359e+01
      vertex   -3.147181e+01 -1.633792e+01 2.152145e+01
      vertex   -3.122287e+01 -1.633087e+01 2.627807e+01
    endloop
  endfacet
  facet normal -4.458809e-04 9.999988e-01 -1.458537e-03
    outer loop
      vertex   -3.122287e+01 -1.633087e+01 2.627807e+01
      vertex   -3.147181e+01 -1.633792e+01 2.152145e+01
      vertex   -3.141646e+01 -1.633098e+01 2.626259e+01
    endloop
  endfacet
  facet normal -4.458809e-04 9.999988e-01 -1.458537e-03
    outer loop
      vertex   -3.141646e+01 -1.633098e+01 2.626259e+01
      vertex   -3.147181e+01 -1.633792e+01 2.152145e+01
      vertex   -3.161043e+01 -1.633105e+01 2.627225e+01
    endloop
  endfacet
  facet normal -4.458809e-04 9.999988e-01 -1.458537e-03
    outer loop
      vertex   -3.161043e+01 -1.633105e+01 2.627225e+01
      vertex   -3.147181e+01 -1.633792e+01 2.152145e+01
      vertex   -3.180153e+01 -1.633108e+01 2.630690e+01
    endloop
  endfacet
  facet normal -4.458809e-04 9.999988e-01 -1.458537e-03
    outer loop
      vertex   -3.180153e+01 -1.633108e+01 2.630690e+01
      vertex   -3.147181e+01 -1.633792e+01 2.152145e+01
      vertex   -3.198654e+01 -1.633108e+01 2.636594e+01
    endloop
  endfacet
  facet normal -4.458809e-04 9.999988e-01 -1.458537e-03
    outer loop
      vertex   -3.198654e+01 -1.633108e+01 2.636594e+01
      vertex   -3.147181e+01 -1.633792e+01 2.152145e+01
      vertex   -3.216238e+01 -1.633104e+01 2.644839e+01
    endloop
  endfacet
  facet normal -4.458809e-04 9.999988e-01 -1.458537e-03
    outer loop
      vertex   -3.216238e+01 -1.633104e+01 2.644839e+01
      vertex   -3.147181e+01 -1.633792e+01 2.152145e+01
      vertex   -3.229703e+01 -1.633095e+01 2.655280e+01
    endloop
  endfacet
  facet normal -4.458809e-04 9.999988e-01 -1.458537e-03
    outer loop
      vertex   -3.229703e+01 -1.633095e+01 2.655280e+01
      vertex   -3.147181e+01 -1.633792e+01 2.152145e+01
      vertex   -3.241554e+01 -1.633082e+01 2.667523e+01
    endloop
  endfacet
  facet normal -4.458809e-04 9.999988e-01 -1.458537e-03
    outer loop
      vertex   -3.241554e+01 -1.633082e+01 2.667523e+01
      vertex   -3.147181e+01 -1.633792e+01 2.152145e+01
      vertex   -3.251551e+01 -1.633066e+01 2.681320e+01
    endloop
  endfacet
  facet normal -4.458809e-04 9.999988e-01 -1.458537e-03
    outer loop
      vertex   -3.251551e+01 -1.633066e+01 2.681320e+01
      vertex   -3.147181e+01 -1.633792e+01 2.152145e+01
      vertex   -3.605341e+01 -1.633083e+01 2.778165e+01
    endloop
  endfacet
  facet normal -4.458809e-04 9.999988e-01 -1.458537e-03
    outer loop
      vertex   -3.251551e+01 -1.633066e+01 2.681320e+01
      vertex   -3.605341e+01 -1.633083e+01 2.778165e+01
      vertex   -3.259493e+01 -1.633048e+01 2.696395e+01
    endloop
  endfacet
  facet normal -4.458809e-04 9.999988e-01 -1.458537e-03
    outer loop
      vertex   -3.259493e+01 -1.633048e+01 2.696395e+01
      vertex   -3.605341e+01 -1.633083e+01 2.778165e+01
      vertex   -3.265221e+01 -1.633027e+01 2.712443e+01
    endloop
  endfacet
  facet normal -4.458809e-04 9.999988e-01 -1.458537e-03
    outer loop
      vertex   -3.265221e+01 -1.633027e+01 2.712443e+01
      vertex   -3.605341e+01 -1.633083e+01 2.778165e+01
      vertex   -3.268617e+01 -1.633004e+01 2.729139e+01
    endloop
  endfacet
  facet normal -4.458809e-04 9.999988e-01 -1.458537e-03
    outer loop
      vertex   -3.268617e+01 -1.633004e+01 2.729139e+01
      vertex   -3.605341e+01 -1.633083e+01 2.778165e+01
      vertex   -3.269615e+01 -1.632980e+01 2.746149e+01
    endloop
  endfacet
  facet normal -4.458809e-04 9.999988e-01 -1.458537e-03
    outer loop
      vertex   -3.269615e+01 -1.632980e+01 2.746149e+01
      vertex   -3.605341e+01 -1.633083e+01 2.778165e+01
      vertex   -3.268193e+01 -1.632954e+01 2.763129e+01
    endloop
  endfacet
  facet normal -4.458809e-04 9.999988e-01 -1.458537e-03
    outer loop
      vertex   -3.268193e+01 -1.632954e+01 2.763129e+01
      vertex   -3.605341e+01 -1.633083e+01 2.778165e+01
      vertex   -3.264381e+01 -1.632929e+01 2.779736e+01
    endloop
  endfacet
  facet normal -4.458809e-04 9.999988e-01 -1.458537e-03
    outer loop
      vertex   -3.264381e+01 -1.632929e+01 2.779736e+01
      vertex   -3.605341e+01 -1.633083e+01 2.778165e+01
      vertex   -3.182518e+01 -1.632502e+01 3.047501e+01
    endloop
  endfacet
  facet normal -4.458809e-04 9.999988e-01 -1.458537e-03
    outer loop
      vertex   -3.182518e+01 -1.632502e+01 3.047501e+01
      vertex   -3.605341e+01 -1.633083e+01 2.778165e+01
      vertex   -3.176357e+01 -1.632475e+01 3.063475e+01
    endloop
  endfacet
  facet normal 6.765257e-01 -7.071060e-01 -2.057040e-01
    outer loop
      vertex   -3.219827e+01 -3.227500e+01 3.061451e+01
      vertex   -3.301690e+01 -3.227927e+01 2.793686e+01
      vertex   -3.181824e+01 -3.187742e+01 3.049769e+01
    endloop
  endfacet
  facet normal 6.765257e-01 -7.071060e-01 -2.057040e-01
    outer loop
      vertex   -3.181824e+01 -3.187742e+01 3.049769e+01
      vertex   -3.301690e+01 -3.227927e+01 2.793686e+01
      vertex   -3.263687e+01 -3.188169e+01 2.782004e+01
    endloop
  endfacet
  facet normal 4.212636e-01 -7.048664e-01 5.707017e-01
    outer loop
      vertex   -3.236164e+01 -3.228161e+01 2.613150e+01
      vertex   -3.215544e+01 -3.188344e+01 2.647107e+01
      vertex   -3.251220e+01 -3.228151e+01 2.624276e+01
    endloop
  endfacet
  facet normal 4.325064e-01 -7.078938e-01 5.584126e-01
    outer loop
      vertex   -3.251220e+01 -3.228151e+01 2.624276e+01
      vertex   -3.215544e+01 -3.188344e+01 2.647107e+01
      vertex   -3.229010e+01 -3.188335e+01 2.657548e+01
    endloop
  endfacet
  facet normal 4.856588e-01 -7.039673e-01 5.182332e-01
    outer loop
      vertex   -3.251220e+01 -3.228151e+01 2.624276e+01
      vertex   -3.229010e+01 -3.188335e+01 2.657548e+01
      vertex   -3.264871e+01 -3.228139e+01 2.637086e+01
    endloop
  endfacet
  facet normal 5.065109e-01 -7.087643e-01 4.910191e-01
    outer loop
      vertex   -3.264871e+01 -3.228139e+01 2.637086e+01
      vertex   -3.229010e+01 -3.188335e+01 2.657548e+01
      vertex   -3.240860e+01 -3.188323e+01 2.669791e+01
    endloop
  endfacet
  facet normal 5.430451e-01 -7.037459e-01 4.580872e-01
    outer loop
      vertex   -3.264871e+01 -3.228139e+01 2.637086e+01
      vertex   -3.240860e+01 -3.188323e+01 2.669791e+01
      vertex   -3.276930e+01 -3.228123e+01 2.651406e+01
    endloop
  endfacet
  facet normal 5.708586e-01 -7.087829e-01 4.144241e-01
    outer loop
      vertex   -3.276930e+01 -3.228123e+01 2.651406e+01
      vertex   -3.240860e+01 -3.188323e+01 2.669791e+01
      vertex   -3.250858e+01 -3.188307e+01 2.683589e+01
    endloop
  endfacet
  facet normal 5.924690e-01 -7.042037e-01 3.912514e-01
    outer loop
      vertex   -3.276930e+01 -3.228123e+01 2.651406e+01
      vertex   -3.250858e+01 -3.188307e+01 2.683589e+01
      vertex   -3.287231e+01 -3.228105e+01 2.667038e+01
    endloop
  endfacet
  facet normal 6.244882e-01 -7.079474e-01 3.298864e-01
    outer loop
      vertex   -3.287231e+01 -3.228105e+01 2.667038e+01
      vertex   -3.250858e+01 -3.188307e+01 2.683589e+01
      vertex   -3.258800e+01 -3.188288e+01 2.698663e+01
    endloop
  endfacet
  facet normal 6.331230e-01 -7.053360e-01 3.188361e-01
    outer loop
      vertex   -3.287231e+01 -3.228105e+01 2.667038e+01
      vertex   -3.258800e+01 -3.188288e+01 2.698663e+01
      vertex   -3.295633e+01 -3.228084e+01 2.683767e+01
    endloop
  endfacet
  facet normal 6.651258e-01 -7.063179e-01 2.423276e-01
    outer loop
      vertex   -3.295633e+01 -3.228084e+01 2.683767e+01
      vertex   -3.258800e+01 -3.188288e+01 2.698663e+01
      vertex   -3.302020e+01 -3.228062e+01 2.701364e+01
    endloop
  endfacet
  facet normal 6.656427e-01 -7.071410e-01 2.384775e-01
    outer loop
      vertex   -3.302020e+01 -3.228062e+01 2.701364e+01
      vertex   -3.258800e+01 -3.188288e+01 2.698663e+01
      vertex   -3.264527e+01 -3.188268e+01 2.714711e+01
    endloop
  endfacet
  facet normal 6.901641e-01 -7.050050e-01 1.632222e-01
    outer loop
      vertex   -3.302020e+01 -3.228062e+01 2.701364e+01
      vertex   -3.264527e+01 -3.188268e+01 2.714711e+01
      vertex   -3.306305e+01 -3.228037e+01 2.719588e+01
    endloop
  endfacet
  facet normal 6.911568e-01 -7.087037e-01 1.415671e-01
    outer loop
      vertex   -3.306305e+01 -3.228037e+01 2.719588e+01
      vertex   -3.264527e+01 -3.188268e+01 2.714711e+01
      vertex   -3.267924e+01 -3.188245e+01 2.731408e+01
    endloop
  endfacet
  facet normal 7.051512e-01 -7.043583e-01 8.149399e-02
    outer loop
      vertex   -3.306305e+01 -3.228037e+01 2.719588e+01
      vertex   -3.267924e+01 -3.188245e+01 2.731408e+01
      vertex   -3.308429e+01 -3.228011e+01 2.738188e+01
    endloop
  endfacet
  facet normal 7.035363e-01 -7.094009e-01 4.227283e-02
    outer loop
      vertex   -3.308429e+01 -3.228011e+01 2.738188e+01
      vertex   -3.267924e+01 -3.188245e+01 2.731408e+01
      vertex   -3.268921e+01 -3.188220e+01 2.748418e+01
    endloop
  endfacet
  facet normal 7.098188e-01 -7.043827e-01 -1.511383e-03
    outer loop
      vertex   -3.308429e+01 -3.228011e+01 2.738188e+01
      vertex   -3.268921e+01 -3.188220e+01 2.748418e+01
      vertex   -3.308362e+01 -3.227983e+01 2.756909e+01
    endloop
  endfacet
  facet normal 7.026000e-01 -7.092362e-01 -5.776833e-02
    outer loop
      vertex   -3.308362e+01 -3.227983e+01 2.756909e+01
      vertex   -3.268921e+01 -3.188220e+01 2.748418e+01
      vertex   -3.267499e+01 -3.188195e+01 2.765397e+01
    endloop
  endfacet
  facet normal 7.040873e-01 -7.050772e-01 -8.442315e-02
    outer loop
      vertex   -3.308362e+01 -3.227983e+01 2.756909e+01
      vertex   -3.267499e+01 -3.188195e+01 2.765397e+01
      vertex   -3.306105e+01 -3.227955e+01 2.775493e+01
    endloop
  endfacet
  facet normal 6.883507e-01 -7.082038e-01 -1.569096e-01
    outer loop
      vertex   -3.306105e+01 -3.227955e+01 2.775493e+01
      vertex   -3.267499e+01 -3.188195e+01 2.765397e+01
      vertex   -3.263687e+01 -3.188169e+01 2.782004e+01
    endloop
  endfacet
  facet normal 6.880671e-01 -7.064346e-01 -1.658732e-01
    outer loop
      vertex   -3.306105e+01 -3.227955e+01 2.775493e+01
      vertex   -3.263687e+01 -3.188169e+01 2.782004e+01
      vertex   -3.301690e+01 -3.227927e+01 2.793686e+01
    endloop
  endfacet
  facet normal -6.893694e-02 -7.049622e-01 7.058867e-01
    outer loop
      vertex   -3.114193e+01 -3.228139e+01 2.591039e+01
      vertex   -3.121594e+01 -3.188327e+01 2.630075e+01
      vertex   -3.135127e+01 -3.228151e+01 2.588982e+01
    endloop
  endfacet
  facet normal -5.591293e-02 -7.077236e-01 7.042735e-01
    outer loop
      vertex   -3.135127e+01 -3.228151e+01 2.588982e+01
      vertex   -3.121594e+01 -3.188327e+01 2.630075e+01
      vertex   -3.140953e+01 -3.188338e+01 2.628527e+01
    endloop
  endfacet
  facet normal 9.515522e-03 -7.039866e-01 7.101495e-01
    outer loop
      vertex   -3.135127e+01 -3.228151e+01 2.588982e+01
      vertex   -3.140953e+01 -3.188338e+01 2.628527e+01
      vertex   -3.156161e+01 -3.228160e+01 2.589255e+01
    endloop
  endfacet
  facet normal 3.537440e-02 -7.085551e-01 7.047683e-01
    outer loop
      vertex   -3.156161e+01 -3.228160e+01 2.589255e+01
      vertex   -3.140953e+01 -3.188338e+01 2.628527e+01
      vertex   -3.160350e+01 -3.188345e+01 2.629494e+01
    endloop
  endfacet
  facet normal 8.800361e-02 -7.034901e-01 7.052355e-01
    outer loop
      vertex   -3.156161e+01 -3.228160e+01 2.589255e+01
      vertex   -3.160350e+01 -3.188345e+01 2.629494e+01
      vertex   -3.177035e+01 -3.228166e+01 2.591854e+01
    endloop
  endfacet
  facet normal 1.259516e-01 -7.088206e-01 6.940530e-01
    outer loop
      vertex   -3.177035e+01 -3.228166e+01 2.591854e+01
      vertex   -3.160350e+01 -3.188345e+01 2.629494e+01
      vertex   -3.179459e+01 -3.188349e+01 2.632958e+01
    endloop
  endfacet
  facet normal 1.654083e-01 -7.034760e-01 6.912030e-01
    outer loop
      vertex   -3.177035e+01 -3.228166e+01 2.591854e+01
      vertex   -3.179459e+01 -3.188349e+01 2.632958e+01
      vertex   -3.197493e+01 -3.228167e+01 2.596748e+01
    endloop
  endfacet
  facet normal 2.145260e-01 -7.085226e-01 6.722904e-01
    outer loop
      vertex   -3.197493e+01 -3.228167e+01 2.596748e+01
      vertex   -3.179459e+01 -3.188349e+01 2.632958e+01
      vertex   -3.197961e+01 -3.188349e+01 2.638862e+01
    endloop
  endfacet
  facet normal 2.406267e-01 -7.039446e-01 6.682520e-01
    outer loop
      vertex   -3.197493e+01 -3.228167e+01 2.596748e+01
      vertex   -3.197961e+01 -3.188349e+01 2.638862e+01
      vertex   -3.217283e+01 -3.228166e+01 2.603876e+01
    endloop
  endfacet
  facet normal 2.998300e-01 -7.076590e-01 6.397818e-01
    outer loop
      vertex   -3.217283e+01 -3.228166e+01 2.603876e+01
      vertex   -3.197961e+01 -3.188349e+01 2.638862e+01
      vertex   -3.215544e+01 -3.188344e+01 2.647107e+01
    endloop
  endfacet
  facet normal 3.125905e-01 -7.048929e-01 6.367206e-01
    outer loop
      vertex   -3.217283e+01 -3.228166e+01 2.603876e+01
      vertex   -3.215544e+01 -3.188344e+01 2.647107e+01
      vertex   -3.236164e+01 -3.228161e+01 2.613150e+01
    endloop
  endfacet
  facet normal -1.938607e-01 -7.049784e-01 6.822195e-01
    outer loop
      vertex   -3.114193e+01 -3.228139e+01 2.591039e+01
      vertex   -3.096193e+01 -3.228123e+01 2.596170e+01
      vertex   -3.121594e+01 -3.188327e+01 2.630075e+01
    endloop
  endfacet
  facet normal -2.050203e-01 -7.072758e-01 6.765557e-01
    outer loop
      vertex   -3.121594e+01 -3.188327e+01 2.630075e+01
      vertex   -3.096193e+01 -3.228123e+01 2.596170e+01
      vertex   -3.106617e+01 -3.188314e+01 2.634627e+01
    endloop
  endfacet
  facet normal -2.724233e-01 -7.044637e-01 6.553751e-01
    outer loop
      vertex   -3.106617e+01 -3.188314e+01 2.634627e+01
      vertex   -3.096193e+01 -3.228123e+01 2.596170e+01
      vertex   -3.078917e+01 -3.228105e+01 2.603370e+01
    endloop
  endfacet
  facet normal -2.909324e-01 -7.080117e-01 6.434888e-01
    outer loop
      vertex   -3.106617e+01 -3.188314e+01 2.634627e+01
      vertex   -3.078917e+01 -3.228105e+01 2.603370e+01
      vertex   -3.092361e+01 -3.188298e+01 2.641090e+01
    endloop
  endfacet
  facet normal -3.472761e-01 -7.041501e-01 6.193319e-01
    outer loop
      vertex   -3.092361e+01 -3.188298e+01 2.641090e+01
      vertex   -3.078917e+01 -3.228105e+01 2.603370e+01
      vertex   -3.062602e+01 -3.228084e+01 2.612542e+01
    endloop
  endfacet
  facet normal -3.718671e-01 -7.085099e-01 5.997737e-01
    outer loop
      vertex   -3.092361e+01 -3.188298e+01 2.641090e+01
      vertex   -3.062602e+01 -3.228084e+01 2.612542e+01
      vertex   -3.079067e+01 -3.188280e+01 2.649354e+01
    endloop
  endfacet
  facet normal -4.173275e-01 -7.040373e-01 5.746036e-01
    outer loop
      vertex   -3.079067e+01 -3.188280e+01 2.649354e+01
      vertex   -3.062602e+01 -3.228084e+01 2.612542e+01
      vertex   -3.047471e+01 -3.228061e+01 2.623560e+01
    endloop
  endfacet
  facet normal -4.465399e-01 -7.087701e-01 5.461200e-01
    outer loop
      vertex   -3.079067e+01 -3.188280e+01 2.649354e+01
      vertex   -3.047471e+01 -3.228061e+01 2.623560e+01
      vertex   -3.066962e+01 -3.188260e+01 2.659278e+01
    endloop
  endfacet
  facet normal -4.815568e-01 -7.041245e-01 5.218349e-01
    outer loop
      vertex   -3.066962e+01 -3.188260e+01 2.659278e+01
      vertex   -3.047471e+01 -3.228061e+01 2.623560e+01
      vertex   -3.033733e+01 -3.228037e+01 2.636271e+01
    endloop
  endfacet
  facet normal -5.137624e-01 -7.087910e-01 4.833876e-01
    outer loop
      vertex   -3.066962e+01 -3.188260e+01 2.659278e+01
      vertex   -3.033733e+01 -3.228037e+01 2.636271e+01
      vertex   -3.056252e+01 -3.188239e+01 2.670693e+01
    endloop
  endfacet
  facet normal -5.390309e-01 -7.044103e-01 4.617920e-01
    outer loop
      vertex   -3.056252e+01 -3.188239e+01 2.670693e+01
      vertex   -3.033733e+01 -3.228037e+01 2.636271e+01
      vertex   -3.021575e+01 -3.228011e+01 2.650501e+01
    endloop
  endfacet
  facet normal -5.724599e-01 -7.085701e-01 4.125750e-01
    outer loop
      vertex   -3.056252e+01 -3.188239e+01 2.670693e+01
      vertex   -3.021575e+01 -3.228011e+01 2.650501e+01
      vertex   -3.047118e+01 -3.188216e+01 2.683404e+01
    endloop
  endfacet
  facet normal -5.889185e-01 -7.048924e-01 3.953501e-01
    outer loop
      vertex   -3.047118e+01 -3.188216e+01 2.683404e+01
      vertex   -3.021575e+01 -3.228011e+01 2.650501e+01
      vertex   -3.011166e+01 -3.227983e+01 2.666056e+01
    endloop
  endfacet
  facet normal -6.216866e-01 -7.081045e-01 3.348039e-01
    outer loop
      vertex   -3.047118e+01 -3.188216e+01 2.683404e+01
      vertex   -3.011166e+01 -3.227983e+01 2.666056e+01
      vertex   -3.039717e+01 -3.188193e+01 2.697197e+01
    endloop
  endfacet
  facet normal -6.305029e-01 -7.055684e-01 3.234801e-01
    outer loop
      vertex   -3.039717e+01 -3.188193e+01 2.697197e+01
      vertex   -3.011166e+01 -3.227983e+01 2.666056e+01
      vertex   -3.002647e+01 -3.227955e+01 2.682722e+01
    endloop
  endfacet
  facet normal -6.606400e-01 -7.073902e-01 2.513042e-01
    outer loop
      vertex   -3.039717e+01 -3.188193e+01 2.697197e+01
      vertex   -3.002647e+01 -3.227955e+01 2.682722e+01
      vertex   -3.034174e+01 -3.188169e+01 2.711836e+01
    endloop
  endfacet
  facet normal -6.631934e-01 -7.064348e-01 2.472335e-01
    outer loop
      vertex   -3.034174e+01 -3.188169e+01 2.711836e+01
      vertex   -3.002647e+01 -3.227955e+01 2.682722e+01
      vertex   -2.996136e+01 -3.227927e+01 2.700270e+01
    endloop
  endfacet
  facet normal -6.758951e-01 -7.071059e-01 2.077667e-01
    outer loop
      vertex   -2.996136e+01 -3.227927e+01 2.700270e+01
      vertex   -2.914273e+01 -3.227500e+01 2.968035e+01
      vertex   -3.034174e+01 -3.188169e+01 2.711836e+01
    endloop
  endfacet
  facet normal -6.758951e-01 -7.071059e-01 2.077667e-01
    outer loop
      vertex   -3.034174e+01 -3.188169e+01 2.711836e+01
      vertex   -2.914273e+01 -3.227500e+01 2.968035e+01
      vertex   -2.952311e+01 -3.187742e+01 2.979601e+01
    endloop
  endfacet
  facet normal -6.882211e-01 -7.064750e-01 1.650600e-01
    outer loop
      vertex   -2.914273e+01 -3.227500e+01 2.968035e+01
      vertex   -2.909623e+01 -3.227469e+01 2.987551e+01
      vertex   -2.952311e+01 -3.187742e+01 2.979601e+01
    endloop
  endfacet
  facet normal -6.883086e-01 -7.078098e-01 1.588605e-01
    outer loop
      vertex   -2.952311e+01 -3.187742e+01 2.979601e+01
      vertex   -2.909623e+01 -3.227469e+01 2.987551e+01
      vertex   -2.948486e+01 -3.187716e+01 2.996290e+01
    endloop
  endfacet
  facet normal -7.043382e-01 -7.056130e-01 7.757603e-02
    outer loop
      vertex   -2.948486e+01 -3.187716e+01 2.996290e+01
      vertex   -2.909623e+01 -3.227469e+01 2.987551e+01
      vertex   -2.907457e+01 -3.227439e+01 3.007497e+01
    endloop
  endfacet
  facet normal -7.026537e-01 -7.090680e-01 5.916281e-02
    outer loop
      vertex   -2.948486e+01 -3.187716e+01 2.996290e+01
      vertex   -2.907457e+01 -3.227439e+01 3.007497e+01
      vertex   -2.947075e+01 -3.187690e+01 3.013353e+01
    endloop
  endfacet
  facet normal -7.090565e-01 -7.050602e-01 -1.135676e-02
    outer loop
      vertex   -2.947075e+01 -3.187690e+01 3.013353e+01
      vertex   -2.907457e+01 -3.227439e+01 3.007497e+01
      vertex   -2.907807e+01 -3.227410e+01 3.027556e+01
    endloop
  endfacet
  facet normal -7.030789e-01 -7.099040e-01 -4.142902e-02
    outer loop
      vertex   -2.947075e+01 -3.187690e+01 3.013353e+01
      vertex   -2.907807e+01 -3.227410e+01 3.027556e+01
      vertex   -2.948107e+01 -3.187666e+01 3.030443e+01
    endloop
  endfacet
  facet normal -7.022739e-01 -7.048172e-01 -1.002196e-01
    outer loop
      vertex   -2.948107e+01 -3.187666e+01 3.030443e+01
      vertex   -2.907807e+01 -3.227410e+01 3.027556e+01
      vertex   -2.910668e+01 -3.227382e+01 3.047413e+01
    endloop
  endfacet
  facet normal -6.896045e-01 -7.103184e-01 -1.410440e-01
    outer loop
      vertex   -2.948107e+01 -3.187666e+01 3.030443e+01
      vertex   -2.910668e+01 -3.227382e+01 3.047413e+01
      vertex   -2.951560e+01 -3.187643e+01 3.047213e+01
    endloop
  endfacet
  facet normal -6.840947e-01 -7.048836e-01 -1.874928e-01
    outer loop
      vertex   -2.951560e+01 -3.187643e+01 3.047213e+01
      vertex   -2.910668e+01 -3.227382e+01 3.047413e+01
      vertex   -2.915996e+01 -3.227356e+01 3.066756e+01
    endloop
  endfacet
  facet normal -6.624924e-01 -7.103099e-01 -2.378309e-01
    outer loop
      vertex   -2.951560e+01 -3.187643e+01 3.047213e+01
      vertex   -2.915996e+01 -3.227356e+01 3.066756e+01
      vertex   -2.957365e+01 -3.187622e+01 3.063320e+01
    endloop
  endfacet
  facet normal -6.548280e-01 -7.052574e-01 -2.716843e-01
    outer loop
      vertex   -2.957365e+01 -3.187622e+01 3.063320e+01
      vertex   -2.915996e+01 -3.227356e+01 3.066756e+01
      vertex   -2.923706e+01 -3.227333e+01 3.085278e+01
    endloop
  endfacet
  facet normal -6.222414e-01 -7.098756e-01 -3.299881e-01
    outer loop
      vertex   -2.957365e+01 -3.187622e+01 3.063320e+01
      vertex   -2.923706e+01 -3.227333e+01 3.085278e+01
      vertex   -2.965403e+01 -3.187604e+01 3.078437e+01
    endloop
  endfacet
  facet normal -6.149818e-01 -7.059357e-01 -3.513577e-01
    outer loop
      vertex   -2.965403e+01 -3.187604e+01 3.078437e+01
      vertex   -2.923706e+01 -3.227333e+01 3.085278e+01
      vertex   -2.933677e+01 -3.227312e+01 3.102687e+01
    endloop
  endfacet
  facet normal -5.695794e-01 -7.090105e-01 -4.157926e-01
    outer loop
      vertex   -2.965403e+01 -3.187604e+01 3.078437e+01
      vertex   -2.933677e+01 -3.227312e+01 3.102687e+01
      vertex   -2.975511e+01 -3.187588e+01 3.092257e+01
    endloop
  endfacet
  facet normal -5.652535e-01 -7.069143e-01 -4.251595e-01
    outer loop
      vertex   -2.975511e+01 -3.187588e+01 3.092257e+01
      vertex   -2.933677e+01 -3.227312e+01 3.102687e+01
      vertex   -2.945751e+01 -3.227294e+01 3.118710e+01
    endloop
  endfacet
  facet normal -5.068284e-01 -7.077537e-01 -4.921480e-01
    outer loop
      vertex   -2.975511e+01 -3.187588e+01 3.092257e+01
      vertex   -2.945751e+01 -3.227294e+01 3.118710e+01
      vertex   -2.959738e+01 -3.227279e+01 3.133093e+01
    endloop
  endfacet
  facet normal -5.050873e-01 -7.082167e-01 -4.932706e-01
    outer loop
      vertex   -2.975511e+01 -3.187588e+01 3.092257e+01
      vertex   -2.959738e+01 -3.227279e+01 3.133093e+01
      vertex   -2.987482e+01 -3.187576e+01 3.104497e+01
    endloop
  endfacet
  facet normal -4.417028e-01 -7.067129e-01 -5.526803e-01
    outer loop
      vertex   -2.987482e+01 -3.187576e+01 3.104497e+01
      vertex   -2.959738e+01 -3.227279e+01 3.133093e+01
      vertex   -2.975417e+01 -3.227268e+01 3.145609e+01
    endloop
  endfacet
  facet normal -4.288359e-01 -7.095256e-01 -5.591719e-01
    outer loop
      vertex   -2.987482e+01 -3.187576e+01 3.104497e+01
      vertex   -2.975417e+01 -3.227268e+01 3.145609e+01
      vertex   -3.001074e+01 -3.187566e+01 3.114909e+01
    endloop
  endfacet
  facet normal -3.692284e-01 -7.059669e-01 -6.043849e-01
    outer loop
      vertex   -3.001074e+01 -3.187566e+01 3.114909e+01
      vertex   -2.975417e+01 -3.227268e+01 3.145609e+01
      vertex   -2.992542e+01 -3.227260e+01 3.156062e+01
    endloop
  endfacet
  facet normal -3.443349e-01 -7.103953e-01 -6.138175e-01
    outer loop
      vertex   -3.001074e+01 -3.187566e+01 3.114909e+01
      vertex   -2.992542e+01 -3.227260e+01 3.156062e+01
      vertex   -3.016009e+01 -3.187561e+01 3.123281e+01
    endloop
  endfacet
  facet normal -2.906295e-01 -7.055183e-01 -6.463578e-01
    outer loop
      vertex   -3.016009e+01 -3.187561e+01 3.123281e+01
      vertex   -2.992542e+01 -3.227260e+01 3.156062e+01
      vertex   -3.010841e+01 -3.227256e+01 3.164286e+01
    endloop
  endfacet
  facet normal -2.531744e-01 -7.108293e-01 -6.562197e-01
    outer loop
      vertex   -3.016009e+01 -3.187561e+01 3.123281e+01
      vertex   -3.010841e+01 -3.227256e+01 3.164286e+01
      vertex   -3.031983e+01 -3.187559e+01 3.129442e+01
    endloop
  endfacet
  facet normal -2.072424e-01 -7.053686e-01 -6.778685e-01
    outer loop
      vertex   -3.031983e+01 -3.187559e+01 3.129442e+01
      vertex   -3.010841e+01 -3.227256e+01 3.164286e+01
      vertex   -3.030027e+01 -3.227256e+01 3.170152e+01
    endloop
  endfacet
  facet normal -1.570570e-01 -7.108294e-01 -6.856054e-01
    outer loop
      vertex   -3.031983e+01 -3.187559e+01 3.129442e+01
      vertex   -3.030027e+01 -3.227256e+01 3.170152e+01
      vertex   -3.048672e+01 -3.187561e+01 3.133267e+01
    endloop
  endfacet
  facet normal -1.204906e-01 -7.055183e-01 -6.983738e-01
    outer loop
      vertex   -3.048672e+01 -3.187561e+01 3.133267e+01
      vertex   -3.030027e+01 -3.227256e+01 3.170152e+01
      vertex   -3.049797e+01 -3.227260e+01 3.173566e+01
    endloop
  endfacet
  facet normal -5.777037e-02 -7.103953e-01 -7.014279e-01
    outer loop
      vertex   -3.048672e+01 -3.187561e+01 3.133267e+01
      vertex   -3.049797e+01 -3.227260e+01 3.173566e+01
      vertex   -3.065735e+01 -3.187566e+01 3.134678e+01
    endloop
  endfacet
  facet normal -3.185807e-02 -7.059669e-01 -7.075279e-01
    outer loop
      vertex   -3.065735e+01 -3.187566e+01 3.134678e+01
      vertex   -3.049797e+01 -3.227260e+01 3.173566e+01
      vertex   -3.069839e+01 -3.227268e+01 3.174476e+01
    endloop
  endfacet
  facet normal 4.284157e-02 -7.095256e-01 -7.033761e-01
    outer loop
      vertex   -3.065735e+01 -3.187566e+01 3.134678e+01
      vertex   -3.069839e+01 -3.227268e+01 3.174476e+01
      vertex   -3.082826e+01 -3.187576e+01 3.133646e+01
    endloop
  endfacet
  facet normal 5.713871e-02 -7.067129e-01 -7.051893e-01
    outer loop
      vertex   -3.082826e+01 -3.187576e+01 3.133646e+01
      vertex   -3.069839e+01 -3.227268e+01 3.174476e+01
      vertex   -3.089837e+01 -3.227279e+01 3.172867e+01
    endloop
  endfacet
  facet normal 1.429082e-01 -7.082167e-01 -6.913800e-01
    outer loop
      vertex   -3.082826e+01 -3.187576e+01 3.133646e+01
      vertex   -3.089837e+01 -3.227279e+01 3.172867e+01
      vertex   -3.099595e+01 -3.187588e+01 3.130192e+01
    endloop
  endfacet
  facet normal 1.449795e-01 -7.077537e-01 -6.914229e-01
    outer loop
      vertex   -3.099595e+01 -3.187588e+01 3.130192e+01
      vertex   -3.089837e+01 -3.227279e+01 3.172867e+01
      vertex   -3.109475e+01 -3.227294e+01 3.168765e+01
    endloop
  endfacet
  facet normal 2.308754e-01 -7.069144e-01 -6.685571e-01
    outer loop
      vertex   -3.099595e+01 -3.187588e+01 3.130192e+01
      vertex   -3.109475e+01 -3.227294e+01 3.168765e+01
      vertex   -3.128445e+01 -3.227312e+01 3.162233e+01
    endloop
  endfacet
  facet normal 2.396996e-01 -7.090105e-01 -6.632105e-01
    outer loop
      vertex   -3.099595e+01 -3.187588e+01 3.130192e+01
      vertex   -3.128445e+01 -3.227312e+01 3.162233e+01
      vertex   -3.115702e+01 -3.187604e+01 3.124388e+01
    endloop
  endfacet
  facet normal 3.133712e-01 -7.059357e-01 -6.351797e-01
    outer loop
      vertex   -3.115702e+01 -3.187604e+01 3.124388e+01
      vertex   -3.128445e+01 -3.227312e+01 3.162233e+01
      vertex   -3.146446e+01 -3.227333e+01 3.153375e+01
    endloop
  endfacet
  facet normal 3.313393e-01 -7.098757e-01 -6.215230e-01
    outer loop
      vertex   -3.115702e+01 -3.187604e+01 3.124388e+01
      vertex   -3.146446e+01 -3.227333e+01 3.153375e+01
      vertex   -3.130820e+01 -3.187622e+01 3.116350e+01
    endloop
  endfacet
  facet normal 3.909576e-01 -7.052574e-01 -5.914085e-01
    outer loop
      vertex   -3.130820e+01 -3.187622e+01 3.116350e+01
      vertex   -3.146446e+01 -3.227333e+01 3.153375e+01
      vertex   -3.163195e+01 -3.227356e+01 3.142331e+01
    endloop
  endfacet
  facet normal 4.162421e-01 -7.103100e-01 -5.676286e-01
    outer loop
      vertex   -3.130820e+01 -3.187622e+01 3.116350e+01
      vertex   -3.163195e+01 -3.227356e+01 3.142331e+01
      vertex   -3.144639e+01 -3.187643e+01 3.106242e+01
    endloop
  endfacet
  facet normal 4.622997e-01 -7.048836e-01 -5.379759e-01
    outer loop
      vertex   -3.144639e+01 -3.187643e+01 3.106242e+01
      vertex   -3.163195e+01 -3.227356e+01 3.142331e+01
      vertex   -3.178428e+01 -3.227382e+01 3.129275e+01
    endloop
  endfacet
  facet normal 4.928411e-01 -7.103184e-01 -5.025489e-01
    outer loop
      vertex   -3.144639e+01 -3.187643e+01 3.106242e+01
      vertex   -3.178428e+01 -3.227382e+01 3.129275e+01
      vertex   -3.156879e+01 -3.187666e+01 3.094270e+01
    endloop
  endfacet
  facet normal 5.261730e-01 -7.048173e-01 -4.757883e-01
    outer loop
      vertex   -3.156879e+01 -3.187666e+01 3.094270e+01
      vertex   -3.178428e+01 -3.227382e+01 3.129275e+01
      vertex   -3.191904e+01 -3.227410e+01 3.114412e+01
    endloop
  endfacet
  facet normal 5.597153e-01 -7.099040e-01 -4.274986e-01
    outer loop
      vertex   -3.156879e+01 -3.187666e+01 3.094270e+01
      vertex   -3.191904e+01 -3.227410e+01 3.114412e+01
      vertex   -3.167292e+01 -3.187690e+01 3.080679e+01
    endloop
  endfacet
  facet normal 5.814870e-01 -7.050602e-01 -4.059100e-01
    outer loop
      vertex   -3.167292e+01 -3.187690e+01 3.080679e+01
      vertex   -3.191904e+01 -3.227410e+01 3.114412e+01
      vertex   -3.203412e+01 -3.227439e+01 3.097978e+01
    endloop
  endfacet
  facet normal 6.156124e-01 -7.090681e-01 -3.438660e-01
    outer loop
      vertex   -3.167292e+01 -3.187690e+01 3.080679e+01
      vertex   -3.203412e+01 -3.227439e+01 3.097978e+01
      vertex   -3.175663e+01 -3.187716e+01 3.065744e+01
    endloop
  endfacet
  facet normal 6.273053e-01 -7.056130e-01 -3.295426e-01
    outer loop
      vertex   -3.175663e+01 -3.187716e+01 3.065744e+01
      vertex   -3.203412e+01 -3.227439e+01 3.097978e+01
      vertex   -3.212768e+01 -3.227469e+01 3.080231e+01
    endloop
  endfacet
  facet normal 6.594693e-01 -7.078098e-01 -2.531908e-01
    outer loop
      vertex   -3.175663e+01 -3.187716e+01 3.065744e+01
      vertex   -3.212768e+01 -3.227469e+01 3.080231e+01
      vertex   -3.181824e+01 -3.187742e+01 3.049769e+01
    endloop
  endfacet
  facet normal 6.628634e-01 -7.064751e-01 -2.480023e-01
    outer loop
      vertex   -3.181824e+01 -3.187742e+01 3.049769e+01
      vertex   -3.212768e+01 -3.227469e+01 3.080231e+01
      vertex   -3.219827e+01 -3.227500e+01 3.061451e+01
    endloop
  endfacet
  facet normal 3.322844e-01 -7.078686e-01 -6.233050e-01
    outer loop
      vertex   -3.700955e+01 -3.229467e+01 1.859644e+01
      vertex   -3.666469e+01 -3.189491e+01 1.832629e+01
      vertex   -2.920253e+01 -3.228514e+01 2.274754e+01
    endloop
  endfacet
  facet normal 3.322844e-01 -7.078686e-01 -6.233050e-01
    outer loop
      vertex   -2.920253e+01 -3.228514e+01 2.274754e+01
      vertex   -3.666469e+01 -3.189491e+01 1.832629e+01
      vertex   -2.894174e+01 -3.188548e+01 2.243269e+01
    endloop
  endfacet
  facet normal 5.201767e-02 5.960465e-01 -8.012632e-01
    outer loop
      vertex   -3.147278e+01 -1.633889e+01 2.151984e+01
      vertex   -3.114197e+01 -1.673817e+01 2.124429e+01
      vertex   -3.699175e+01 -1.979643e+01 1.858954e+01
    endloop
  endfacet
  facet normal 5.201767e-02 5.960465e-01 -8.012632e-01
    outer loop
      vertex   -3.699175e+01 -1.979643e+01 1.858954e+01
      vertex   -3.114197e+01 -1.673817e+01 2.124429e+01
      vertex   -3.666375e+01 -2.016864e+01 1.833395e+01
    endloop
  endfacet
  facet normal 5.201767e-02 5.960465e-01 -8.012632e-01
    outer loop
      vertex   -3.666375e+01 -2.016864e+01 1.833395e+01
      vertex   -3.114197e+01 -1.673817e+01 2.124429e+01
      vertex   -3.666991e+01 -2.020134e+01 1.830923e+01
    endloop
  endfacet
  facet normal 3.316538e-01 7.063434e-01 -6.253677e-01
    outer loop
      vertex   -3.147181e+01 -1.633792e+01 2.152145e+01
      vertex   -2.920964e+01 -1.633515e+01 2.272428e+01
      vertex   -3.147278e+01 -1.633889e+01 2.151984e+01
    endloop
  endfacet
  facet normal 3.316538e-01 7.063434e-01 -6.253677e-01
    outer loop
      vertex   -3.147278e+01 -1.633889e+01 2.151984e+01
      vertex   -2.920964e+01 -1.633515e+01 2.272428e+01
      vertex   -3.114197e+01 -1.673817e+01 2.124429e+01
    endloop
  endfacet
  facet normal 3.316538e-01 7.063434e-01 -6.253677e-01
    outer loop
      vertex   -3.114197e+01 -1.673817e+01 2.124429e+01
      vertex   -2.920964e+01 -1.633515e+01 2.272428e+01
      vertex   -2.894849e+01 -1.673550e+01 2.241059e+01
    endloop
  endfacet
  facet normal 6.288278e-01 7.078572e-01 3.217354e-01
    outer loop
      vertex   -2.621186e+01 -1.631895e+01 3.291541e+01
      vertex   -2.634042e+01 -1.631864e+01 3.316600e+01
      vertex   -2.578509e+01 -1.671870e+01 3.296077e+01
    endloop
  endfacet
  facet normal 6.288278e-01 7.078572e-01 3.217354e-01
    outer loop
      vertex   -2.578509e+01 -1.671870e+01 3.296077e+01
      vertex   -2.634042e+01 -1.631864e+01 3.316600e+01
      vertex   -2.605504e+01 -1.671805e+01 3.348697e+01
    endloop
  endfacet
  facet normal 3.503474e-01 1.522308e-03 9.366186e-01
    outer loop
      vertex   -2.934699e+01 -1.671772e+01 3.471834e+01
      vertex   -2.934362e+01 -2.426771e+01 3.472935e+01
      vertex   -2.605504e+01 -1.671805e+01 3.348697e+01
    endloop
  endfacet
  facet normal 3.503474e-01 1.522308e-03 9.366186e-01
    outer loop
      vertex   -2.605504e+01 -1.671805e+01 3.348697e+01
      vertex   -2.934362e+01 -2.426771e+01 3.472935e+01
      vertex   -2.605168e+01 -2.426804e+01 3.349798e+01
    endloop
  endfacet
  facet normal 4.108552e-01 1.512941e-03 9.116994e-01
    outer loop
      vertex   -2.934362e+01 -2.426771e+01 3.472935e+01
      vertex   -2.934699e+01 -1.671772e+01 3.471834e+01
      vertex   -2.951227e+01 -2.049268e+01 3.479908e+01
    endloop
  endfacet
  facet normal 4.108552e-01 1.512941e-03 9.116994e-01
    outer loop
      vertex   -2.951227e+01 -2.049268e+01 3.479908e+01
      vertex   -2.934699e+01 -1.671772e+01 3.471834e+01
      vertex   -2.951395e+01 -1.671769e+01 3.479358e+01
    endloop
  endfacet
  facet normal 5.263410e-01 1.474841e-03 8.502723e-01
    outer loop
      vertex   -2.951227e+01 -2.049268e+01 3.479908e+01
      vertex   -2.951395e+01 -1.671769e+01 3.479358e+01
      vertex   -2.966798e+01 -2.049261e+01 3.489547e+01
    endloop
  endfacet
  facet normal 5.263410e-01 1.474841e-03 8.502723e-01
    outer loop
      vertex   -2.966798e+01 -2.049261e+01 3.489547e+01
      vertex   -2.951395e+01 -1.671769e+01 3.479358e+01
      vertex   -2.966966e+01 -1.671762e+01 3.488996e+01
    endloop
  endfacet
  facet normal 6.328211e-01 1.411505e-03 7.742968e-01
    outer loop
      vertex   -2.966798e+01 -2.049261e+01 3.489547e+01
      vertex   -2.966966e+01 -1.671762e+01 3.488996e+01
      vertex   -2.980977e+01 -2.049250e+01 3.501136e+01
    endloop
  endfacet
  facet normal 6.328211e-01 1.411505e-03 7.742968e-01
    outer loop
      vertex   -2.980977e+01 -2.049250e+01 3.501136e+01
      vertex   -2.966966e+01 -1.671762e+01 3.488996e+01
      vertex   -2.981146e+01 -1.671751e+01 3.500585e+01
    endloop
  endfacet
  facet normal 7.284734e-01 1.324018e-03 6.850729e-01
    outer loop
      vertex   -2.980977e+01 -2.049250e+01 3.501136e+01
      vertex   -2.981146e+01 -1.671751e+01 3.500585e+01
      vertex   -2.993523e+01 -2.049237e+01 3.514476e+01
    endloop
  endfacet
  facet normal 7.284734e-01 1.324018e-03 6.850729e-01
    outer loop
      vertex   -2.993523e+01 -2.049237e+01 3.514476e+01
      vertex   -2.981146e+01 -1.671751e+01 3.500585e+01
      vertex   -2.993691e+01 -1.671737e+01 3.513926e+01
    endloop
  endfacet
  facet normal 8.116613e-01 1.213877e-03 5.841271e-01
    outer loop
      vertex   -2.993523e+01 -2.049237e+01 3.514476e+01
      vertex   -2.993691e+01 -1.671737e+01 3.513926e+01
      vertex   -3.004220e+01 -2.049220e+01 3.529340e+01
    endloop
  endfacet
  facet normal 8.116613e-01 1.213877e-03 5.841271e-01
    outer loop
      vertex   -3.004220e+01 -2.049220e+01 3.529340e+01
      vertex   -2.993691e+01 -1.671737e+01 3.513926e+01
      vertex   -3.004388e+01 -1.671720e+01 3.528789e+01
    endloop
  endfacet
  facet normal 8.809614e-01 1.082966e-03 4.731869e-01
    outer loop
      vertex   -3.004220e+01 -2.049220e+01 3.529340e+01
      vertex   -3.004388e+01 -1.671720e+01 3.528789e+01
      vertex   -3.012885e+01 -2.049200e+01 3.545473e+01
    endloop
  endfacet
  facet normal 8.809614e-01 1.082966e-03 4.731869e-01
    outer loop
      vertex   -3.012885e+01 -2.049200e+01 3.545473e+01
      vertex   -3.004388e+01 -1.671720e+01 3.528789e+01
      vertex   -3.013054e+01 -1.671700e+01 3.544922e+01
    endloop
  endfacet
  facet normal 9.351881e-01 9.335248e-04 3.541502e-01
    outer loop
      vertex   -3.012885e+01 -2.049200e+01 3.545473e+01
      vertex   -3.013054e+01 -1.671700e+01 3.544922e+01
      vertex   -3.019371e+01 -2.049178e+01 3.562599e+01
    endloop
  endfacet
  facet normal 9.351881e-01 9.335248e-04 3.541502e-01
    outer loop
      vertex   -3.019371e+01 -2.049178e+01 3.562599e+01
      vertex   -3.013054e+01 -1.671700e+01 3.544922e+01
      vertex   -3.019539e+01 -1.671678e+01 3.562048e+01
    endloop
  endfacet
  facet normal 9.734134e-01 7.681110e-04 2.290539e-01
    outer loop
      vertex   -3.019371e+01 -2.049178e+01 3.562599e+01
      vertex   -3.019539e+01 -1.671678e+01 3.562048e+01
      vertex   -3.023566e+01 -2.049154e+01 3.580425e+01
    endloop
  endfacet
  facet normal 9.734134e-01 7.681110e-04 2.290539e-01
    outer loop
      vertex   -3.023566e+01 -2.049154e+01 3.580425e+01
      vertex   -3.019539e+01 -1.671678e+01 3.562048e+01
      vertex   -3.023734e+01 -1.671654e+01 3.579874e+01
    endloop
  endfacet
  facet normal 9.949834e-01 5.895546e-04 1.000385e-01
    outer loop
      vertex   -3.023566e+01 -2.049154e+01 3.580425e+01
      vertex   -3.023734e+01 -1.671654e+01 3.579874e+01
      vertex   -3.025398e+01 -2.049128e+01 3.598646e+01
    endloop
  endfacet
  facet normal 9.949834e-01 5.895546e-04 1.000385e-01
    outer loop
      vertex   -3.025398e+01 -2.049128e+01 3.598646e+01
      vertex   -3.023734e+01 -1.671654e+01 3.579874e+01
      vertex   -3.025566e+01 -1.671629e+01 3.598095e+01
    endloop
  endfacet
  facet normal 9.995289e-01 4.009108e-04 -3.068860e-02
    outer loop
      vertex   -3.025398e+01 -2.049128e+01 3.598646e+01
      vertex   -3.025566e+01 -1.671629e+01 3.598095e+01
      vertex   -3.024836e+01 -2.049101e+01 3.616950e+01
    endloop
  endfacet
  facet normal 9.995289e-01 4.009108e-04 -3.068860e-02
    outer loop
      vertex   -3.024836e+01 -2.049101e+01 3.616950e+01
      vertex   -3.025566e+01 -1.671629e+01 3.598095e+01
      vertex   -3.025004e+01 -1.671602e+01 3.616400e+01
    endloop
  endfacet
  facet normal 9.869722e-01 2.054074e-04 -1.608906e-01
    outer loop
      vertex   -3.024836e+01 -2.049101e+01 3.616950e+01
      vertex   -3.025004e+01 -1.671602e+01 3.616400e+01
      vertex   -3.021889e+01 -2.049073e+01 3.635024e+01
    endloop
  endfacet
  facet normal 9.869722e-01 2.054074e-04 -1.608906e-01
    outer loop
      vertex   -3.021889e+01 -2.049073e+01 3.635024e+01
      vertex   -3.025004e+01 -1.671602e+01 3.616400e+01
      vertex   -3.022058e+01 -1.671574e+01 3.634474e+01
    endloop
  endfacet
  facet normal 9.575282e-01 6.389286e-06 -2.883398e-01
    outer loop
      vertex   -3.021889e+01 -2.049073e+01 3.635024e+01
      vertex   -3.022058e+01 -1.671574e+01 3.634474e+01
      vertex   -3.016777e+01 -1.671546e+01 3.652009e+01
    endloop
  endfacet
  facet normal 9.575282e-01 6.389286e-06 -2.883398e-01
    outer loop
      vertex   -3.016777e+01 -1.671546e+01 3.652009e+01
      vertex   -3.016441e+01 -2.426545e+01 3.653110e+01
      vertex   -3.021889e+01 -2.049073e+01 3.635024e+01
    endloop
  endfacet
  facet normal 9.575282e-01 6.389286e-06 -2.883398e-01
    outer loop
      vertex   -3.021889e+01 -2.049073e+01 3.635024e+01
      vertex   -3.016441e+01 -2.426545e+01 3.653110e+01
      vertex   -3.021721e+01 -2.426573e+01 3.635575e+01
    endloop
  endfacet
  facet normal 9.869722e-01 2.054074e-04 -1.608906e-01
    outer loop
      vertex   -3.021889e+01 -2.049073e+01 3.635024e+01
      vertex   -3.021721e+01 -2.426573e+01 3.635575e+01
      vertex   -3.024836e+01 -2.049101e+01 3.616950e+01
    endloop
  endfacet
  facet normal 9.869722e-01 2.054074e-04 -1.608906e-01
    outer loop
      vertex   -3.024836e+01 -2.049101e+01 3.616950e+01
      vertex   -3.021721e+01 -2.426573e+01 3.635575e+01
      vertex   -3.024667e+01 -2.426601e+01 3.617501e+01
    endloop
  endfacet
  facet normal 9.995289e-01 4.009108e-04 -3.068860e-02
    outer loop
      vertex   -3.024836e+01 -2.049101e+01 3.616950e+01
      vertex   -3.024667e+01 -2.426601e+01 3.617501e+01
      vertex   -3.025398e+01 -2.049128e+01 3.598646e+01
    endloop
  endfacet
  facet normal 9.995289e-01 4.009108e-04 -3.068860e-02
    outer loop
      vertex   -3.025398e+01 -2.049128e+01 3.598646e+01
      vertex   -3.024667e+01 -2.426601e+01 3.617501e+01
      vertex   -3.025229e+01 -2.426628e+01 3.599196e+01
    endloop
  endfacet
  facet normal 9.949834e-01 5.895546e-04 1.000385e-01
    outer loop
      vertex   -3.025398e+01 -2.049128e+01 3.598646e+01
      vertex   -3.025229e+01 -2.426628e+01 3.599196e+01
      vertex   -3.023566e+01 -2.049154e+01 3.580425e+01
    endloop
  endfacet
  facet normal 9.949834e-01 5.895546e-04 1.000385e-01
    outer loop
      vertex   -3.023566e+01 -2.049154e+01 3.580425e+01
      vertex   -3.025229e+01 -2.426628e+01 3.599196e+01
      vertex   -3.023397e+01 -2.426653e+01 3.580975e+01
    endloop
  endfacet
  facet normal 9.734134e-01 7.681110e-04 2.290539e-01
    outer loop
      vertex   -3.023566e+01 -2.049154e+01 3.580425e+01
      vertex   -3.023397e+01 -2.426653e+01 3.580975e+01
      vertex   -3.019371e+01 -2.049178e+01 3.562599e+01
    endloop
  endfacet
  facet normal 9.734134e-01 7.681110e-04 2.290539e-01
    outer loop
      vertex   -3.019371e+01 -2.049178e+01 3.562599e+01
      vertex   -3.023397e+01 -2.426653e+01 3.580975e+01
      vertex   -3.019203e+01 -2.426678e+01 3.563149e+01
    endloop
  endfacet
  facet normal 9.351881e-01 9.335248e-04 3.541502e-01
    outer loop
      vertex   -3.019371e+01 -2.049178e+01 3.562599e+01
      vertex   -3.019203e+01 -2.426678e+01 3.563149e+01
      vertex   -3.012885e+01 -2.049200e+01 3.545473e+01
    endloop
  endfacet
  facet normal 9.351881e-01 9.335248e-04 3.541502e-01
    outer loop
      vertex   -3.012885e+01 -2.049200e+01 3.545473e+01
      vertex   -3.019203e+01 -2.426678e+01 3.563149e+01
      vertex   -3.012717e+01 -2.426700e+01 3.546024e+01
    endloop
  endfacet
  facet normal 8.809614e-01 1.082966e-03 4.731869e-01
    outer loop
      vertex   -3.012885e+01 -2.049200e+01 3.545473e+01
      vertex   -3.012717e+01 -2.426700e+01 3.546024e+01
      vertex   -3.004220e+01 -2.049220e+01 3.529340e+01
    endloop
  endfacet
  facet normal 8.809614e-01 1.082966e-03 4.731869e-01
    outer loop
      vertex   -3.004220e+01 -2.049220e+01 3.529340e+01
      vertex   -3.012717e+01 -2.426700e+01 3.546024e+01
      vertex   -3.004052e+01 -2.426719e+01 3.529891e+01
    endloop
  endfacet
  facet normal 8.116613e-01 1.213877e-03 5.841271e-01
    outer loop
      vertex   -3.004220e+01 -2.049220e+01 3.529340e+01
      vertex   -3.004052e+01 -2.426719e+01 3.529891e+01
      vertex   -2.993523e+01 -2.049237e+01 3.514476e+01
    endloop
  endfacet
  facet normal 8.116613e-01 1.213877e-03 5.841271e-01
    outer loop
      vertex   -2.993523e+01 -2.049237e+01 3.514476e+01
      vertex   -3.004052e+01 -2.426719e+01 3.529891e+01
      vertex   -2.993355e+01 -2.426736e+01 3.515027e+01
    endloop
  endfacet
  facet normal 7.284734e-01 1.324018e-03 6.850729e-01
    outer loop
      vertex   -2.993523e+01 -2.049237e+01 3.514476e+01
      vertex   -2.993355e+01 -2.426736e+01 3.515027e+01
      vertex   -2.980977e+01 -2.049250e+01 3.501136e+01
    endloop
  endfacet
  facet normal 7.284734e-01 1.324018e-03 6.850729e-01
    outer loop
      vertex   -2.980977e+01 -2.049250e+01 3.501136e+01
      vertex   -2.993355e+01 -2.426736e+01 3.515027e+01
      vertex   -2.980809e+01 -2.426750e+01 3.501686e+01
    endloop
  endfacet
  facet normal 6.328211e-01 1.411505e-03 7.742968e-01
    outer loop
      vertex   -2.980977e+01 -2.049250e+01 3.501136e+01
      vertex   -2.980809e+01 -2.426750e+01 3.501686e+01
      vertex   -2.966798e+01 -2.049261e+01 3.489547e+01
    endloop
  endfacet
  facet normal 6.328211e-01 1.411505e-03 7.742968e-01
    outer loop
      vertex   -2.966798e+01 -2.049261e+01 3.489547e+01
      vertex   -2.980809e+01 -2.426750e+01 3.501686e+01
      vertex   -2.966629e+01 -2.426761e+01 3.490098e+01
    endloop
  endfacet
  facet normal 5.263410e-01 1.474841e-03 8.502723e-01
    outer loop
      vertex   -2.966798e+01 -2.049261e+01 3.489547e+01
      vertex   -2.966629e+01 -2.426761e+01 3.490098e+01
      vertex   -2.951227e+01 -2.049268e+01 3.479908e+01
    endloop
  endfacet
  facet normal 5.263410e-01 1.474841e-03 8.502723e-01
    outer loop
      vertex   -2.951227e+01 -2.049268e+01 3.479908e+01
      vertex   -2.966629e+01 -2.426761e+01 3.490098e+01
      vertex   -2.951058e+01 -2.426768e+01 3.480459e+01
    endloop
  endfacet
  facet normal 4.108552e-01 1.512941e-03 9.116994e-01
    outer loop
      vertex   -2.951227e+01 -2.049268e+01 3.479908e+01
      vertex   -2.951058e+01 -2.426768e+01 3.480459e+01
      vertex   -2.934362e+01 -2.426771e+01 3.472935e+01
    endloop
  endfacet
  facet normal 9.366197e-01 -9.337433e-05 -3.503477e-01
    outer loop
      vertex   -2.887606e+01 -1.670985e+01 3.997336e+01
      vertex   -2.887269e+01 -2.425984e+01 3.998437e+01
      vertex   -3.016777e+01 -1.671546e+01 3.652009e+01
    endloop
  endfacet
  facet normal 9.366197e-01 -9.337433e-05 -3.503477e-01
    outer loop
      vertex   -3.016777e+01 -1.671546e+01 3.652009e+01
      vertex   -2.887269e+01 -2.425984e+01 3.998437e+01
      vertex   -3.016441e+01 -2.426545e+01 3.653110e+01
    endloop
  endfacet
  facet normal 6.913426e-01 7.067141e-01 -1.503350e-01
    outer loop
      vertex   -2.210058e+01 -2.424502e+01 4.807385e+01
      vertex   -2.171434e+01 -2.464500e+01 4.796974e+01
      vertex   -2.214243e+01 -2.424532e+01 4.787996e+01
    endloop
  endfacet
  facet normal 6.912781e-01 7.083420e-01 -1.427804e-01
    outer loop
      vertex   -2.214243e+01 -2.424532e+01 4.787996e+01
      vertex   -2.171434e+01 -2.464500e+01 4.796974e+01
      vertex   -2.175207e+01 -2.464529e+01 4.778569e+01
    endloop
  endfacet
  facet normal 7.042913e-01 7.056642e-01 -7.753598e-02
    outer loop
      vertex   -2.214243e+01 -2.424532e+01 4.787996e+01
      vertex   -2.175207e+01 -2.464529e+01 4.778569e+01
      vertex   -2.216384e+01 -2.424562e+01 4.768277e+01
    endloop
  endfacet
  facet normal 7.024788e-01 7.095660e-01 -5.513269e-02
    outer loop
      vertex   -2.216384e+01 -2.424562e+01 4.768277e+01
      vertex   -2.175207e+01 -2.464529e+01 4.778569e+01
      vertex   -2.176649e+01 -2.464556e+01 4.759836e+01
    endloop
  endfacet
  facet normal 7.090082e-01 7.051908e-01 -3.661644e-03
    outer loop
      vertex   -2.216384e+01 -2.424562e+01 4.768277e+01
      vertex   -2.176649e+01 -2.464556e+01 4.759836e+01
      vertex   -2.216458e+01 -2.424591e+01 4.748441e+01
    endloop
  endfacet
  facet normal 7.033638e-01 7.100577e-01 3.312698e-02
    outer loop
      vertex   -2.216458e+01 -2.424591e+01 4.748441e+01
      vertex   -2.176649e+01 -2.464556e+01 4.759836e+01
      vertex   -2.175737e+01 -2.464583e+01 4.741071e+01
    endloop
  endfacet
  facet normal 7.054173e-01 7.052971e-01 7.030316e-02
    outer loop
      vertex   -2.216458e+01 -2.424591e+01 4.748441e+01
      vertex   -2.175737e+01 -2.464583e+01 4.741071e+01
      vertex   -2.214463e+01 -2.424619e+01 4.728706e+01
    endloop
  endfacet
  facet normal 6.939334e-01 7.098189e-01 1.208869e-01
    outer loop
      vertex   -2.214463e+01 -2.424619e+01 4.728706e+01
      vertex   -2.175737e+01 -2.464583e+01 4.741071e+01
      vertex   -2.172488e+01 -2.464609e+01 4.722566e+01
    endloop
  endfacet
  facet normal 6.935666e-01 7.059816e-01 1.433715e-01
    outer loop
      vertex   -2.214463e+01 -2.424619e+01 4.728706e+01
      vertex   -2.172488e+01 -2.464609e+01 4.722566e+01
      vertex   -2.210422e+01 -2.424645e+01 4.709287e+01
    endloop
  endfacet
  facet normal 6.742948e-01 7.088446e-01 2.070406e-01
    outer loop
      vertex   -2.210422e+01 -2.424645e+01 4.709287e+01
      vertex   -2.172488e+01 -2.464609e+01 4.722566e+01
      vertex   -2.166950e+01 -2.464633e+01 4.704613e+01
    endloop
  endfacet
  facet normal 6.736270e-01 7.072384e-01 2.145706e-01
    outer loop
      vertex   -2.210422e+01 -2.424645e+01 4.709287e+01
      vertex   -2.166950e+01 -2.464633e+01 4.704613e+01
      vertex   -2.204378e+01 -2.424670e+01 4.690395e+01
    endloop
  endfacet
  facet normal 6.705546e-01 7.074610e-01 2.232835e-01
    outer loop
      vertex   -2.166950e+01 -2.464633e+01 4.704613e+01
      vertex   -2.156706e+01 -2.464673e+01 4.673976e+01
      vertex   -2.204378e+01 -2.424670e+01 4.690395e+01
    endloop
  endfacet
  facet normal 6.704656e-01 7.081660e-01 2.213071e-01
    outer loop
      vertex   -2.204378e+01 -2.424670e+01 4.690395e+01
      vertex   -2.156706e+01 -2.464673e+01 4.673976e+01
      vertex   -2.194588e+01 -2.424709e+01 4.660859e+01
    endloop
  endfacet
  facet normal 6.866614e-01 7.067608e-01 1.702507e-01
    outer loop
      vertex   -2.194588e+01 -2.424709e+01 4.660859e+01
      vertex   -2.156706e+01 -2.464673e+01 4.673976e+01
      vertex   -2.148891e+01 -2.464715e+01 4.642631e+01
    endloop
  endfacet
  facet normal 6.860538e-01 7.087341e-01 1.643968e-01
    outer loop
      vertex   -2.194588e+01 -2.424709e+01 4.660859e+01
      vertex   -2.148891e+01 -2.464715e+01 4.642631e+01
      vertex   -2.187297e+01 -2.424750e+01 4.630610e+01
    endloop
  endfacet
  facet normal 6.984905e-01 7.061457e-01 1.160571e-01
    outer loop
      vertex   -2.187297e+01 -2.424750e+01 4.630610e+01
      vertex   -2.148891e+01 -2.464715e+01 4.642631e+01
      vertex   -2.143553e+01 -2.464759e+01 4.610771e+01
    endloop
  endfacet
  facet normal 6.969261e-01 7.091981e-01 1.064522e-01
    outer loop
      vertex   -2.187297e+01 -2.424750e+01 4.630610e+01
      vertex   -2.143553e+01 -2.464759e+01 4.610771e+01
      vertex   -2.182557e+01 -2.424792e+01 4.599858e+01
    endloop
  endfacet
  facet normal 7.059585e-01 7.056167e-01 6.105412e-02
    outer loop
      vertex   -2.182557e+01 -2.424792e+01 4.599858e+01
      vertex   -2.143553e+01 -2.464759e+01 4.610771e+01
      vertex   -2.140724e+01 -2.464805e+01 4.578591e+01
    endloop
  endfacet
  facet normal 7.030190e-01 7.095592e-01 4.785466e-02
    outer loop
      vertex   -2.182557e+01 -2.424792e+01 4.599858e+01
      vertex   -2.140724e+01 -2.464805e+01 4.578591e+01
      vertex   -2.180399e+01 -2.424837e+01 4.568817e+01
    endloop
  endfacet
  facet normal 7.090113e-01 7.051749e-01 5.599267e-03
    outer loop
      vertex   -2.180399e+01 -2.424837e+01 4.568817e+01
      vertex   -2.140724e+01 -2.464805e+01 4.578591e+01
      vertex   -2.140422e+01 -2.464852e+01 4.546288e+01
    endloop
  endfacet
  facet normal 7.042984e-01 7.098186e-01 -1.101093e-02
    outer loop
      vertex   -2.180399e+01 -2.424837e+01 4.568817e+01
      vertex   -2.140422e+01 -2.464852e+01 4.546288e+01
      vertex   -2.180839e+01 -2.424882e+01 4.537705e+01
    endloop
  endfacet
  facet normal 7.076245e-01 7.048212e-01 -4.994653e-02
    outer loop
      vertex   -2.180839e+01 -2.424882e+01 4.537705e+01
      vertex   -2.140422e+01 -2.464852e+01 4.546288e+01
      vertex   -2.142649e+01 -2.464900e+01 4.514060e+01
    endloop
  endfacet
  facet normal 7.007610e-01 7.099773e-01 -6.975854e-02
    outer loop
      vertex   -2.180839e+01 -2.424882e+01 4.537705e+01
      vertex   -2.142649e+01 -2.464900e+01 4.514060e+01
      vertex   -2.183875e+01 -2.424929e+01 4.506738e+01
    endloop
  endfacet
  facet normal 7.018039e-01 7.045564e-01 -1.052214e-01
    outer loop
      vertex   -2.183875e+01 -2.424929e+01 4.506738e+01
      vertex   -2.142649e+01 -2.464900e+01 4.514060e+01
      vertex   -2.147391e+01 -2.464949e+01 4.482106e+01
    endloop
  endfacet
  facet normal 6.924334e-01 7.100360e-01 -1.280032e-01
    outer loop
      vertex   -2.183875e+01 -2.424929e+01 4.506738e+01
      vertex   -2.147391e+01 -2.464949e+01 4.482106e+01
      vertex   -2.189484e+01 -2.424976e+01 4.476132e+01
    endloop
  endfacet
  facet normal 6.915852e-01 7.043813e-01 -1.598652e-01
    outer loop
      vertex   -2.189484e+01 -2.424976e+01 4.476132e+01
      vertex   -2.147391e+01 -2.464949e+01 4.482106e+01
      vertex   -2.154619e+01 -2.464998e+01 4.450620e+01
    endloop
  endfacet
  facet normal 6.793722e-01 7.099956e-01 -1.853634e-01
    outer loop
      vertex   -2.189484e+01 -2.424976e+01 4.476132e+01
      vertex   -2.154619e+01 -2.464998e+01 4.450620e+01
      vertex   -2.197629e+01 -2.425023e+01 4.446101e+01
    endloop
  endfacet
  facet normal 6.770339e-01 7.042965e-01 -2.135217e-01
    outer loop
      vertex   -2.197629e+01 -2.425023e+01 4.446101e+01
      vertex   -2.154619e+01 -2.464998e+01 4.450620e+01
      vertex   -2.164289e+01 -2.465047e+01 4.419797e+01
    endloop
  endfacet
  facet normal 6.616637e-01 7.098568e-01 -2.414630e-01
    outer loop
      vertex   -2.197629e+01 -2.425023e+01 4.446101e+01
      vertex   -2.164289e+01 -2.465047e+01 4.419797e+01
      vertex   -2.208251e+01 -2.425071e+01 4.416855e+01
    endloop
  endfacet
  facet normal 6.582447e-01 7.043027e-01 -2.658414e-01
    outer loop
      vertex   -2.208251e+01 -2.425071e+01 4.416855e+01
      vertex   -2.164289e+01 -2.465047e+01 4.419797e+01
      vertex   -2.176341e+01 -2.465096e+01 4.389825e+01
    endloop
  endfacet
  facet normal 6.394235e-01 7.096200e-01 -2.959342e-01
    outer loop
      vertex   -2.208251e+01 -2.425071e+01 4.416855e+01
      vertex   -2.176341e+01 -2.465096e+01 4.389825e+01
      vertex   -2.221277e+01 -2.425118e+01 4.388597e+01
    endloop
  endfacet
  facet normal 6.353410e-01 7.044002e-01 -3.164840e-01
    outer loop
      vertex   -2.221277e+01 -2.425118e+01 4.388597e+01
      vertex   -2.176341e+01 -2.465096e+01 4.389825e+01
      vertex   -2.190702e+01 -2.465145e+01 4.360888e+01
    endloop
  endfacet
  facet normal 6.127953e-01 7.092857e-01 -3.484190e-01
    outer loop
      vertex   -2.221277e+01 -2.425118e+01 4.388597e+01
      vertex   -2.190702e+01 -2.465145e+01 4.360888e+01
      vertex   -2.236615e+01 -2.425164e+01 4.361525e+01
    endloop
  endfacet
  facet normal 6.084741e-01 7.045894e-01 -3.651206e-01
    outer loop
      vertex   -2.236615e+01 -2.425164e+01 4.361525e+01
      vertex   -2.190702e+01 -2.465145e+01 4.360888e+01
      vertex   -2.207283e+01 -2.465192e+01 4.333164e+01
    endloop
  endfacet
  facet normal 5.819507e-01 7.088541e-01 -3.985716e-01
    outer loop
      vertex   -2.236615e+01 -2.425164e+01 4.361525e+01
      vertex   -2.207283e+01 -2.465192e+01 4.333164e+01
      vertex   -2.254160e+01 -2.425209e+01 4.335828e+01
    endloop
  endfacet
  facet normal 5.778218e-01 7.048705e-01 -4.114360e-01
    outer loop
      vertex   -2.254160e+01 -2.425209e+01 4.335828e+01
      vertex   -2.207283e+01 -2.465192e+01 4.333164e+01
      vertex   -2.225982e+01 -2.465239e+01 4.306822e+01
    endloop
  endfacet
  facet normal 5.470877e-01 7.083254e-01 -4.460607e-01
    outer loop
      vertex   -2.254160e+01 -2.425209e+01 4.335828e+01
      vertex   -2.225982e+01 -2.465239e+01 4.306822e+01
      vertex   -2.273788e+01 -2.425253e+01 4.311684e+01
    endloop
  endfacet
  facet normal 5.435875e-01 7.052435e-01 -4.551309e-01
    outer loop
      vertex   -2.273788e+01 -2.425253e+01 4.311684e+01
      vertex   -2.225982e+01 -2.465239e+01 4.306822e+01
      vertex   -2.246686e+01 -2.465285e+01 4.282024e+01
    endloop
  endfacet
  facet normal 5.084301e-01 7.076996e-01 -4.905713e-01
    outer loop
      vertex   -2.273788e+01 -2.425253e+01 4.311684e+01
      vertex   -2.246686e+01 -2.465285e+01 4.282024e+01
      vertex   -2.295363e+01 -2.425296e+01 4.289263e+01
    endloop
  endfacet
  facet normal 5.059984e-01 7.057086e-01 -4.959243e-01
    outer loop
      vertex   -2.295363e+01 -2.425296e+01 4.289263e+01
      vertex   -2.246686e+01 -2.465285e+01 4.282024e+01
      vertex   -2.269267e+01 -2.465328e+01 4.258922e+01
    endloop
  endfacet
  facet normal 4.662253e-01 7.069765e-01 -5.318065e-01
    outer loop
      vertex   -2.295363e+01 -2.425296e+01 4.289263e+01
      vertex   -2.269267e+01 -2.465328e+01 4.258922e+01
      vertex   -2.318734e+01 -2.425336e+01 4.268721e+01
    endloop
  endfacet
  facet normal 4.653043e-01 7.062656e-01 -5.335550e-01
    outer loop
      vertex   -2.318734e+01 -2.425336e+01 4.268721e+01
      vertex   -2.269267e+01 -2.465328e+01 4.258922e+01
      vertex   -2.293586e+01 -2.465370e+01 4.237659e+01
    endloop
  endfacet
  facet normal 4.723578e-01 7.060662e-01 -5.275875e-01
    outer loop
      vertex   -2.318734e+01 -2.425336e+01 4.268721e+01
      vertex   -2.293586e+01 -2.465370e+01 4.237659e+01
      vertex   -2.333494e+01 -2.425362e+01 4.255471e+01
    endloop
  endfacet
  facet normal 4.767372e-01 7.076940e-01 -5.214314e-01
    outer loop
      vertex   -2.333494e+01 -2.425362e+01 4.255471e+01
      vertex   -2.293586e+01 -2.465370e+01 4.237659e+01
      vertex   -2.307435e+01 -2.465395e+01 4.224963e+01
    endloop
  endfacet
  facet normal 5.255383e-01 7.050030e-01 -4.762145e-01
    outer loop
      vertex   -2.333494e+01 -2.425362e+01 4.255471e+01
      vertex   -2.307435e+01 -2.465395e+01 4.224963e+01
      vertex   -2.346793e+01 -2.425389e+01 4.240754e+01
    endloop
  endfacet
  facet normal 5.372117e-01 7.089061e-01 -4.570074e-01
    outer loop
      vertex   -2.346793e+01 -2.425389e+01 4.240754e+01
      vertex   -2.307435e+01 -2.465395e+01 4.224963e+01
      vertex   -2.319589e+01 -2.465421e+01 4.210636e+01
    endloop
  endfacet
  facet normal 5.726821e-01 7.045240e-01 -4.191433e-01
    outer loop
      vertex   -2.346793e+01 -2.425389e+01 4.240754e+01
      vertex   -2.319589e+01 -2.465421e+01 4.210636e+01
      vertex   -2.358485e+01 -2.425418e+01 4.224731e+01
    endloop
  endfacet
  facet normal 5.896887e-01 7.093957e-01 -3.860376e-01
    outer loop
      vertex   -2.358485e+01 -2.425418e+01 4.224731e+01
      vertex   -2.319589e+01 -2.465421e+01 4.210636e+01
      vertex   -2.329856e+01 -2.465449e+01 4.194902e+01
    endloop
  endfacet
  facet normal 6.131503e-01 7.046325e-01 -3.571271e-01
    outer loop
      vertex   -2.358485e+01 -2.425418e+01 4.224731e+01
      vertex   -2.329856e+01 -2.465449e+01 4.194902e+01
      vertex   -2.368443e+01 -2.425447e+01 4.207576e+01
    endloop
  endfacet
  facet normal 6.335168e-01 7.091643e-01 -3.094227e-01
    outer loop
      vertex   -2.368443e+01 -2.425447e+01 4.207576e+01
      vertex   -2.329856e+01 -2.465449e+01 4.194902e+01
      vertex   -2.338076e+01 -2.465477e+01 4.178007e+01
    endloop
  endfacet
  facet normal 6.464029e-01 7.053270e-01 -2.909934e-01
    outer loop
      vertex   -2.368443e+01 -2.425447e+01 4.207576e+01
      vertex   -2.338076e+01 -2.465477e+01 4.178007e+01
      vertex   -2.376558e+01 -2.425477e+01 4.189476e+01
    endloop
  endfacet
  facet normal 6.681340e-01 7.082072e-01 -2.281219e-01
    outer loop
      vertex   -2.376558e+01 -2.425477e+01 4.189476e+01
      vertex   -2.338076e+01 -2.465477e+01 4.178007e+01
      vertex   -2.344119e+01 -2.465506e+01 4.160218e+01
    endloop
  endfacet
  facet normal 6.720077e-01 7.066015e-01 -2.216302e-01
    outer loop
      vertex   -2.376558e+01 -2.425477e+01 4.189476e+01
      vertex   -2.344119e+01 -2.465506e+01 4.160218e+01
      vertex   -2.382742e+01 -2.425508e+01 4.170629e+01
    endloop
  endfacet
  facet normal 4.847833e-01 -3.508143e-02 -8.739304e-01
    outer loop
      vertex   -2.507727e+01 -2.444166e+01 3.815498e+01
      vertex   -2.497683e+01 -2.426070e+01 3.820343e+01
      vertex   -2.495696e+01 -2.431238e+01 3.821653e+01
    endloop
  endfacet
  facet normal 5.056310e-01 -2.414791e-02 -8.624119e-01
    outer loop
      vertex   -2.495696e+01 -2.431238e+01 3.821653e+01
      vertex   -2.497683e+01 -2.426070e+01 3.820343e+01
      vertex   -2.492795e+01 -2.426064e+01 3.823209e+01
    endloop
  endfacet
  facet normal 4.897946e-01 -1.246285e-02 -8.717488e-01
    outer loop
      vertex   -2.495696e+01 -2.431238e+01 3.821653e+01
      vertex   -2.492795e+01 -2.426064e+01 3.823209e+01
      vertex   -2.487903e+01 -2.426057e+01 3.825957e+01
    endloop
  endfacet
  facet normal 4.723555e-01 2.157706e-02 -8.811440e-01
    outer loop
      vertex   -2.495696e+01 -2.431238e+01 3.821653e+01
      vertex   -2.487903e+01 -2.426057e+01 3.825957e+01
      vertex   -2.492537e+01 -2.434320e+01 3.823271e+01
    endloop
  endfacet
  facet normal 4.679426e-01 2.478943e-02 -8.834111e-01
    outer loop
      vertex   -2.492537e+01 -2.434320e+01 3.823271e+01
      vertex   -2.487903e+01 -2.426057e+01 3.825957e+01
      vertex   -2.481159e+01 -2.426049e+01 3.829530e+01
    endloop
  endfacet
  facet normal 4.444308e-01 6.474803e-02 -8.934702e-01
    outer loop
      vertex   -2.492537e+01 -2.434320e+01 3.823271e+01
      vertex   -2.481159e+01 -2.426049e+01 3.829530e+01
      vertex   -2.488411e+01 -2.438259e+01 3.825038e+01
    endloop
  endfacet
  facet normal 4.397762e-01 6.826291e-02 -8.955094e-01
    outer loop
      vertex   -2.488411e+01 -2.438259e+01 3.825038e+01
      vertex   -2.481159e+01 -2.426049e+01 3.829530e+01
      vertex   -2.474338e+01 -2.426041e+01 3.832880e+01
    endloop
  endfacet
  facet normal 4.123469e-01 1.058557e-01 -9.048561e-01
    outer loop
      vertex   -2.488411e+01 -2.438259e+01 3.825038e+01
      vertex   -2.474338e+01 -2.426041e+01 3.832880e+01
      vertex   -2.484535e+01 -2.442580e+01 3.826298e+01
    endloop
  endfacet
  facet normal 4.212161e-01 9.906526e-02 -9.015337e-01
    outer loop
      vertex   -2.484535e+01 -2.442580e+01 3.826298e+01
      vertex   -2.474338e+01 -2.426041e+01 3.832880e+01
      vertex   -2.473401e+01 -2.426853e+01 3.833228e+01
    endloop
  endfacet
  facet normal 4.128159e-01 1.063559e-01 -9.045836e-01
    outer loop
      vertex   -2.484535e+01 -2.442580e+01 3.826298e+01
      vertex   -2.495669e+01 -2.458307e+01 3.819368e+01
      vertex   -2.488411e+01 -2.438259e+01 3.825038e+01
    endloop
  endfacet
  facet normal 3.782698e-01 1.225297e-01 -9.175502e-01
    outer loop
      vertex   -2.488411e+01 -2.438259e+01 3.825038e+01
      vertex   -2.495669e+01 -2.458307e+01 3.819368e+01
      vertex   -2.501789e+01 -2.451656e+01 3.817734e+01
    endloop
  endfacet
  facet normal 4.362595e-01 5.406815e-02 -8.981950e-01
    outer loop
      vertex   -2.488411e+01 -2.438259e+01 3.825038e+01
      vertex   -2.501789e+01 -2.451656e+01 3.817734e+01
      vertex   -2.492537e+01 -2.434320e+01 3.823271e+01
    endloop
  endfacet
  facet normal 4.213742e-01 6.406443e-02 -9.046212e-01
    outer loop
      vertex   -2.492537e+01 -2.434320e+01 3.823271e+01
      vertex   -2.501789e+01 -2.451656e+01 3.817734e+01
      vertex   -2.507727e+01 -2.444166e+01 3.815498e+01
    endloop
  endfacet
  facet normal 4.556637e-01 -2.585414e-04 -8.901520e-01
    outer loop
      vertex   -2.492537e+01 -2.434320e+01 3.823271e+01
      vertex   -2.507727e+01 -2.444166e+01 3.815498e+01
      vertex   -2.495696e+01 -2.431238e+01 3.821653e+01
    endloop
  endfacet
  facet normal 7.354740e-01 -3.602615e-01 -5.738377e-01
    outer loop
      vertex   -2.523954e+01 -2.426114e+01 3.797933e+01
      vertex   -2.520580e+01 -2.426106e+01 3.802252e+01
      vertex   -2.522166e+01 -2.427447e+01 3.801062e+01
    endloop
  endfacet
  facet normal 7.183595e-01 -2.867469e-01 -6.338263e-01
    outer loop
      vertex   -2.522166e+01 -2.427447e+01 3.801062e+01
      vertex   -2.520580e+01 -2.426106e+01 3.802252e+01
      vertex   -2.520266e+01 -2.429102e+01 3.803963e+01
    endloop
  endfacet
  facet normal 6.899700e-01 -3.031309e-01 -6.573074e-01
    outer loop
      vertex   -2.520266e+01 -2.429102e+01 3.803963e+01
      vertex   -2.520580e+01 -2.426106e+01 3.802252e+01
      vertex   -2.516800e+01 -2.426099e+01 3.806216e+01
    endloop
  endfacet
  facet normal 6.732810e-01 -2.568163e-01 -6.933528e-01
    outer loop
      vertex   -2.520266e+01 -2.429102e+01 3.803963e+01
      vertex   -2.516800e+01 -2.426099e+01 3.806216e+01
      vertex   -2.518280e+01 -2.431053e+01 3.806614e+01
    endloop
  endfacet
  facet normal 6.324118e-01 -2.478627e-01 -7.339069e-01
    outer loop
      vertex   -2.518280e+01 -2.431053e+01 3.806614e+01
      vertex   -2.516800e+01 -2.426099e+01 3.806216e+01
      vertex   -2.510305e+01 -2.426088e+01 3.811809e+01
    endloop
  endfacet
  facet normal 6.259176e-01 -2.235664e-01 -7.471581e-01
    outer loop
      vertex   -2.518280e+01 -2.431053e+01 3.806614e+01
      vertex   -2.510305e+01 -2.426088e+01 3.811809e+01
      vertex   -2.516232e+01 -2.433273e+01 3.808994e+01
    endloop
  endfacet
  facet normal 5.869831e-01 -1.744290e-01 -7.905855e-01
    outer loop
      vertex   -2.516232e+01 -2.433273e+01 3.808994e+01
      vertex   -2.510305e+01 -2.426088e+01 3.811809e+01
      vertex   -2.514145e+01 -2.435732e+01 3.811086e+01
    endloop
  endfacet
  facet normal 5.698050e-01 -1.665290e-01 -8.047300e-01
    outer loop
      vertex   -2.514145e+01 -2.435732e+01 3.811086e+01
      vertex   -2.510305e+01 -2.426088e+01 3.811809e+01
      vertex   -2.507425e+01 -2.429832e+01 3.814623e+01
    endloop
  endfacet
  facet normal 5.453167e-01 -1.240923e-01 -8.289938e-01
    outer loop
      vertex   -2.514145e+01 -2.435732e+01 3.811086e+01
      vertex   -2.507425e+01 -2.429832e+01 3.814623e+01
      vertex   -2.512030e+01 -2.438392e+01 3.812876e+01
    endloop
  endfacet
  facet normal 4.872002e-01 -8.462705e-02 -8.691802e-01
    outer loop
      vertex   -2.512030e+01 -2.438392e+01 3.812876e+01
      vertex   -2.507425e+01 -2.429832e+01 3.814623e+01
      vertex   -2.509890e+01 -2.441216e+01 3.814350e+01
    endloop
  endfacet
  facet normal 3.980062e-01 -6.421386e-02 -9.151326e-01
    outer loop
      vertex   -2.509890e+01 -2.441216e+01 3.814350e+01
      vertex   -2.507425e+01 -2.429832e+01 3.814623e+01
      vertex   -2.507727e+01 -2.444166e+01 3.815498e+01
    endloop
  endfacet
  facet normal 5.019874e-01 -6.319644e-02 -8.625630e-01
    outer loop
      vertex   -2.507727e+01 -2.444166e+01 3.815498e+01
      vertex   -2.507425e+01 -2.429832e+01 3.814623e+01
      vertex   -2.504127e+01 -2.426079e+01 3.816268e+01
    endloop
  endfacet
  facet normal 5.332403e-01 -7.024888e-02 -8.430420e-01
    outer loop
      vertex   -2.507727e+01 -2.444166e+01 3.815498e+01
      vertex   -2.504127e+01 -2.426079e+01 3.816268e+01
      vertex   -2.497683e+01 -2.426070e+01 3.820343e+01
    endloop
  endfacet
  facet normal 5.780633e-01 -1.571589e-01 -8.007147e-01
    outer loop
      vertex   -2.510305e+01 -2.426088e+01 3.811809e+01
      vertex   -2.504127e+01 -2.426079e+01 3.816268e+01
      vertex   -2.507425e+01 -2.429832e+01 3.814623e+01
    endloop
  endfacet
  facet normal -1.431365e-01 -9.276021e-01 -3.450600e-01
    outer loop
      vertex   -2.751196e+01 -2.426078e+01 3.892100e+01
      vertex   -2.523954e+01 -2.426114e+01 3.797933e+01
      vertex   -2.632027e+01 -2.428296e+01 3.848628e+01
    endloop
  endfacet
  facet normal -1.327582e-01 -9.369251e-01 -3.233366e-01
    outer loop
      vertex   -2.632027e+01 -2.428296e+01 3.848628e+01
      vertex   -2.523954e+01 -2.426114e+01 3.797933e+01
      vertex   -2.522166e+01 -2.427447e+01 3.801062e+01
    endloop
  endfacet
  facet normal -1.676383e-01 -8.996122e-01 -4.032310e-01
    outer loop
      vertex   -2.632027e+01 -2.428296e+01 3.848628e+01
      vertex   -2.522166e+01 -2.427447e+01 3.801062e+01
      vertex   -2.520266e+01 -2.429102e+01 3.803963e+01
    endloop
  endfacet
  facet normal -1.930087e-01 -8.627316e-01 -4.673775e-01
    outer loop
      vertex   -2.632027e+01 -2.428296e+01 3.848628e+01
      vertex   -2.520266e+01 -2.429102e+01 3.803963e+01
      vertex   -2.630083e+01 -2.431272e+01 3.853320e+01
    endloop
  endfacet
  facet normal -1.988598e-01 -8.544155e-01 -4.800301e-01
    outer loop
      vertex   -2.630083e+01 -2.431272e+01 3.853320e+01
      vertex   -2.520266e+01 -2.429102e+01 3.803963e+01
      vertex   -2.518280e+01 -2.431053e+01 3.806614e+01
    endloop
  endfacet
  facet normal -2.287746e-01 -8.022635e-01 -5.513941e-01
    outer loop
      vertex   -2.630083e+01 -2.431272e+01 3.853320e+01
      vertex   -2.518280e+01 -2.431053e+01 3.806614e+01
      vertex   -2.516232e+01 -2.433273e+01 3.808994e+01
    endloop
  endfacet
  facet normal -2.392513e-01 -7.791776e-01 -5.793454e-01
    outer loop
      vertex   -2.630083e+01 -2.431272e+01 3.853320e+01
      vertex   -2.516232e+01 -2.433273e+01 3.808994e+01
      vertex   -2.628327e+01 -2.434962e+01 3.857557e+01
    endloop
  endfacet
  facet normal -2.564208e-01 -7.434080e-01 -6.177321e-01
    outer loop
      vertex   -2.628327e+01 -2.434962e+01 3.857557e+01
      vertex   -2.516232e+01 -2.433273e+01 3.808994e+01
      vertex   -2.514145e+01 -2.435732e+01 3.811086e+01
    endloop
  endfacet
  facet normal -2.807513e-01 -6.787495e-01 -6.785851e-01
    outer loop
      vertex   -2.628327e+01 -2.434962e+01 3.857557e+01
      vertex   -2.514145e+01 -2.435732e+01 3.811086e+01
      vertex   -2.626799e+01 -2.439285e+01 3.861249e+01
    endloop
  endfacet
  facet normal -2.805751e-01 -6.791867e-01 -6.782205e-01
    outer loop
      vertex   -2.626799e+01 -2.439285e+01 3.861249e+01
      vertex   -2.514145e+01 -2.435732e+01 3.811086e+01
      vertex   -2.512030e+01 -2.438392e+01 3.812876e+01
    endloop
  endfacet
  facet normal -3.032969e-01 -6.114135e-01 -7.308793e-01
    outer loop
      vertex   -2.626799e+01 -2.439285e+01 3.861249e+01
      vertex   -2.512030e+01 -2.438392e+01 3.812876e+01
      vertex   -2.509890e+01 -2.441216e+01 3.814350e+01
    endloop
  endfacet
  facet normal -3.224806e-01 -5.391878e-01 -7.779992e-01
    outer loop
      vertex   -2.507727e+01 -2.444166e+01 3.815498e+01
      vertex   -2.743331e+01 -2.444129e+01 3.913130e+01
      vertex   -2.509890e+01 -2.441216e+01 3.814350e+01
    endloop
  endfacet
  facet normal -3.130451e-01 -5.739084e-01 -7.567245e-01
    outer loop
      vertex   -2.509890e+01 -2.441216e+01 3.814350e+01
      vertex   -2.743331e+01 -2.444129e+01 3.913130e+01
      vertex   -2.626799e+01 -2.439285e+01 3.861249e+01
    endloop
  endfacet
  facet normal -3.163002e-01 -5.636220e-01 -7.630756e-01
    outer loop
      vertex   -2.743331e+01 -2.444129e+01 3.913130e+01
      vertex   -2.744494e+01 -2.439266e+01 3.910020e+01
      vertex   -2.626799e+01 -2.439285e+01 3.861249e+01
    endloop
  endfacet
  facet normal -2.812252e-01 -6.787495e-01 -6.783889e-01
    outer loop
      vertex   -2.626799e+01 -2.439285e+01 3.861249e+01
      vertex   -2.744494e+01 -2.439266e+01 3.910020e+01
      vertex   -2.745894e+01 -2.434943e+01 3.906276e+01
    endloop
  endfacet
  facet normal -2.812252e-01 -6.787495e-01 -6.783889e-01
    outer loop
      vertex   -2.626799e+01 -2.439285e+01 3.861249e+01
      vertex   -2.745894e+01 -2.434943e+01 3.906276e+01
      vertex   -2.628327e+01 -2.434962e+01 3.857557e+01
    endloop
  endfacet
  facet normal -2.400597e-01 -7.791778e-01 -5.790106e-01
    outer loop
      vertex   -2.628327e+01 -2.434962e+01 3.857557e+01
      vertex   -2.745894e+01 -2.434943e+01 3.906276e+01
      vertex   -2.747502e+01 -2.431254e+01 3.901977e+01
    endloop
  endfacet
  facet normal -2.400597e-01 -7.791778e-01 -5.790106e-01
    outer loop
      vertex   -2.628327e+01 -2.434962e+01 3.857557e+01
      vertex   -2.747502e+01 -2.431254e+01 3.901977e+01
      vertex   -2.630083e+01 -2.431272e+01 3.853320e+01
    endloop
  endfacet
  facet normal -1.936955e-01 -8.627318e-01 -4.670931e-01
    outer loop
      vertex   -2.630083e+01 -2.431272e+01 3.853320e+01
      vertex   -2.747502e+01 -2.431254e+01 3.901977e+01
      vertex   -2.749282e+01 -2.428277e+01 3.897217e+01
    endloop
  endfacet
  facet normal -1.936955e-01 -8.627318e-01 -4.670931e-01
    outer loop
      vertex   -2.630083e+01 -2.431272e+01 3.853320e+01
      vertex   -2.749282e+01 -2.428277e+01 3.897217e+01
      vertex   -2.632027e+01 -2.428296e+01 3.848628e+01
    endloop
  endfacet
  facet normal -1.431365e-01 -9.276021e-01 -3.450600e-01
    outer loop
      vertex   -2.632027e+01 -2.428296e+01 3.848628e+01
      vertex   -2.749282e+01 -2.428277e+01 3.897217e+01
      vertex   -2.751196e+01 -2.426078e+01 3.892100e+01
    endloop
  endfacet
  facet normal 9.366194e-01 -9.337560e-05 -3.503485e-01
    outer loop
      vertex   -2.751196e+01 -2.426078e+01 3.892100e+01
      vertex   -2.743331e+01 -2.444129e+01 3.913130e+01
      vertex   -2.865792e+01 -2.426576e+01 3.585739e+01
    endloop
  endfacet
  facet normal 9.366194e-01 -9.337560e-05 -3.503485e-01
    outer loop
      vertex   -2.865792e+01 -2.426576e+01 3.585739e+01
      vertex   -2.743331e+01 -2.444129e+01 3.913130e+01
      vertex   -2.873640e+01 -2.444695e+01 3.564762e+01
    endloop
  endfacet
  facet normal 9.366194e-01 -9.337560e-05 -3.503485e-01
    outer loop
      vertex   -2.865792e+01 -2.426576e+01 3.585739e+01
      vertex   -2.873640e+01 -2.444695e+01 3.564762e+01
      vertex   -2.872482e+01 -2.439822e+01 3.567857e+01
    endloop
  endfacet
  facet normal 9.366194e-01 -9.337560e-05 -3.503485e-01
    outer loop
      vertex   -2.749282e+01 -2.428277e+01 3.897217e+01
      vertex   -2.747502e+01 -2.431254e+01 3.901977e+01
      vertex   -2.751196e+01 -2.426078e+01 3.892100e+01
    endloop
  endfacet
  facet normal 9.366194e-01 -9.337560e-05 -3.503485e-01
    outer loop
      vertex   -2.751196e+01 -2.426078e+01 3.892100e+01
      vertex   -2.747502e+01 -2.431254e+01 3.901977e+01
      vertex   -2.745894e+01 -2.434943e+01 3.906276e+01
    endloop
  endfacet
  facet normal 9.366194e-01 -9.337560e-05 -3.503485e-01
    outer loop
      vertex   -2.751196e+01 -2.426078e+01 3.892100e+01
      vertex   -2.745894e+01 -2.434943e+01 3.906276e+01
      vertex   -2.744494e+01 -2.439266e+01 3.910020e+01
    endloop
  endfacet
  facet normal 9.366194e-01 -9.337560e-05 -3.503485e-01
    outer loop
      vertex   -2.744494e+01 -2.439266e+01 3.910020e+01
      vertex   -2.743331e+01 -2.444129e+01 3.913130e+01
      vertex   -2.751196e+01 -2.426078e+01 3.892100e+01
    endloop
  endfacet
  facet normal 9.366194e-01 -9.337560e-05 -3.503485e-01
    outer loop
      vertex   -2.743331e+01 -2.444129e+01 3.913130e+01
      vertex   -2.690203e+01 -2.705813e+01 4.055231e+01
      vertex   -2.873640e+01 -2.444695e+01 3.564762e+01
    endloop
  endfacet
  facet normal 9.366194e-01 -9.337560e-05 -3.503485e-01
    outer loop
      vertex   -2.873640e+01 -2.444695e+01 3.564762e+01
      vertex   -2.690203e+01 -2.705813e+01 4.055231e+01
      vertex   -2.926535e+01 -2.706840e+01 3.423425e+01
    endloop
  endfacet
  facet normal 9.366194e-01 -9.337560e-05 -3.503485e-01
    outer loop
      vertex   -2.926535e+01 -2.706840e+01 3.423425e+01
      vertex   -2.690203e+01 -2.705813e+01 4.055231e+01
      vertex   -2.690186e+01 -2.745813e+01 4.055289e+01
    endloop
  endfacet
  facet normal 9.366194e-01 -9.337560e-05 -3.503485e-01
    outer loop
      vertex   -2.926535e+01 -2.706840e+01 3.423425e+01
      vertex   -2.690186e+01 -2.745813e+01 4.055289e+01
      vertex   -2.926517e+01 -2.746840e+01 3.423483e+01
    endloop
  endfacet
  facet normal 9.366194e-01 -9.337560e-05 -3.503485e-01
    outer loop
      vertex   -2.926517e+01 -2.746840e+01 3.423483e+01
      vertex   -2.690186e+01 -2.745813e+01 4.055289e+01
      vertex   -2.743080e+01 -3.007959e+01 3.913952e+01
    endloop
  endfacet
  facet normal 9.366194e-01 -9.337560e-05 -3.503485e-01
    outer loop
      vertex   -2.926517e+01 -2.746840e+01 3.423483e+01
      vertex   -2.743080e+01 -3.007959e+01 3.913952e+01
      vertex   -2.873389e+01 -3.008525e+01 3.565584e+01
    endloop
  endfacet
  facet normal 9.366194e-01 -9.337560e-05 -3.503485e-01
    outer loop
      vertex   -2.873389e+01 -3.008525e+01 3.565584e+01
      vertex   -2.743080e+01 -3.007959e+01 3.913952e+01
      vertex   -2.861236e+01 -3.028472e+01 3.598078e+01
    endloop
  endfacet
  facet normal 9.366194e-01 -9.337560e-05 -3.503485e-01
    outer loop
      vertex   -2.873389e+01 -3.008525e+01 3.565584e+01
      vertex   -2.861236e+01 -3.028472e+01 3.598078e+01
      vertex   -2.871985e+01 -3.014231e+01 3.569340e+01
    endloop
  endfacet
  facet normal 9.366194e-01 -9.337560e-05 -3.503485e-01
    outer loop
      vertex   -2.871985e+01 -3.014231e+01 3.569340e+01
      vertex   -2.861236e+01 -3.028472e+01 3.598078e+01
      vertex   -2.870254e+01 -3.019153e+01 3.573968e+01
    endloop
  endfacet
  facet normal 9.366194e-01 -9.337560e-05 -3.503485e-01
    outer loop
      vertex   -2.870254e+01 -3.019153e+01 3.573968e+01
      vertex   -2.861236e+01 -3.028472e+01 3.598078e+01
      vertex   -2.868250e+01 -3.023144e+01 3.579327e+01
    endloop
  endfacet
  facet normal 9.366194e-01 -9.337560e-05 -3.503485e-01
    outer loop
      vertex   -2.868250e+01 -3.023144e+01 3.579327e+01
      vertex   -2.861236e+01 -3.028472e+01 3.598078e+01
      vertex   -2.866033e+01 -3.026081e+01 3.585253e+01
    endloop
  endfacet
  facet normal 9.366194e-01 -9.337560e-05 -3.503485e-01
    outer loop
      vertex   -2.866033e+01 -3.026081e+01 3.585253e+01
      vertex   -2.861236e+01 -3.028472e+01 3.598078e+01
      vertex   -2.863672e+01 -3.027875e+01 3.591568e+01
    endloop
  endfacet
  facet normal 9.366194e-01 -9.337560e-05 -3.503485e-01
    outer loop
      vertex   -2.689168e+01 -2.712128e+01 4.058002e+01
      vertex   -2.688532e+01 -2.718860e+01 4.059703e+01
      vertex   -2.690203e+01 -2.705813e+01 4.055231e+01
    endloop
  endfacet
  facet normal 9.366194e-01 -9.337560e-05 -3.503485e-01
    outer loop
      vertex   -2.690203e+01 -2.705813e+01 4.055231e+01
      vertex   -2.688532e+01 -2.718860e+01 4.059703e+01
      vertex   -2.688316e+01 -2.725805e+01 4.060282e+01
    endloop
  endfacet
  facet normal 9.366194e-01 -9.337560e-05 -3.503485e-01
    outer loop
      vertex   -2.690203e+01 -2.705813e+01 4.055231e+01
      vertex   -2.688316e+01 -2.725805e+01 4.060282e+01
      vertex   -2.688526e+01 -2.732752e+01 4.059723e+01
    endloop
  endfacet
  facet normal 9.366194e-01 -9.337560e-05 -3.503485e-01
    outer loop
      vertex   -2.688526e+01 -2.732752e+01 4.059723e+01
      vertex   -2.689155e+01 -2.739490e+01 4.058041e+01
      vertex   -2.690203e+01 -2.705813e+01 4.055231e+01
    endloop
  endfacet
  facet normal 9.366194e-01 -9.337560e-05 -3.503485e-01
    outer loop
      vertex   -2.690203e+01 -2.705813e+01 4.055231e+01
      vertex   -2.689155e+01 -2.739490e+01 4.058041e+01
      vertex   -2.690186e+01 -2.745813e+01 4.055289e+01
    endloop
  endfacet
  facet normal 9.366194e-01 -9.337560e-05 -3.503485e-01
    outer loop
      vertex   -2.861236e+01 -3.028472e+01 3.598078e+01
      vertex   -2.743080e+01 -3.007959e+01 3.913952e+01
      vertex   -2.755215e+01 -3.028012e+01 3.881516e+01
    endloop
  endfacet
  facet normal 9.366194e-01 -9.337560e-05 -3.503485e-01
    outer loop
      vertex   -2.755215e+01 -3.028012e+01 3.881516e+01
      vertex   -2.743080e+01 -3.007959e+01 3.913952e+01
      vertex   -2.744479e+01 -3.013677e+01 3.910212e+01
    endloop
  endfacet
  facet normal 9.366194e-01 -9.337560e-05 -3.503485e-01
    outer loop
      vertex   -2.755215e+01 -3.028012e+01 3.881516e+01
      vertex   -2.744479e+01 -3.013677e+01 3.910212e+01
      vertex   -2.746205e+01 -3.018614e+01 3.905599e+01
    endloop
  endfacet
  facet normal 9.366194e-01 -9.337560e-05 -3.503485e-01
    outer loop
      vertex   -2.746205e+01 -3.018614e+01 3.905599e+01
      vertex   -2.748206e+01 -3.022622e+01 3.900252e+01
      vertex   -2.755215e+01 -3.028012e+01 3.881516e+01
    endloop
  endfacet
  facet normal 9.366194e-01 -9.337560e-05 -3.503485e-01
    outer loop
      vertex   -2.755215e+01 -3.028012e+01 3.881516e+01
      vertex   -2.748206e+01 -3.022622e+01 3.900252e+01
      vertex   -2.750420e+01 -3.025579e+01 3.894334e+01
    endloop
  endfacet
  facet normal 9.366194e-01 -9.337559e-05 -3.503485e-01
    outer loop
      vertex   -2.755215e+01 -3.028012e+01 3.881516e+01
      vertex   -2.750420e+01 -3.025579e+01 3.894334e+01
      vertex   -2.752780e+01 -3.027393e+01 3.888025e+01
    endloop
  endfacet
  facet normal 9.366194e-01 -9.337560e-05 -3.503485e-01
    outer loop
      vertex   -2.927553e+01 -2.740526e+01 3.420712e+01
      vertex   -2.928188e+01 -2.733793e+01 3.419011e+01
      vertex   -2.926517e+01 -2.746840e+01 3.423483e+01
    endloop
  endfacet
  facet normal 9.366194e-01 -9.337560e-05 -3.503485e-01
    outer loop
      vertex   -2.926517e+01 -2.746840e+01 3.423483e+01
      vertex   -2.928188e+01 -2.733793e+01 3.419011e+01
      vertex   -2.928404e+01 -2.726848e+01 3.418431e+01
    endloop
  endfacet
  facet normal 9.366194e-01 -9.337560e-05 -3.503485e-01
    outer loop
      vertex   -2.926517e+01 -2.746840e+01 3.423483e+01
      vertex   -2.928404e+01 -2.726848e+01 3.418431e+01
      vertex   -2.928194e+01 -2.719902e+01 3.418991e+01
    endloop
  endfacet
  facet normal 9.366194e-01 -9.337560e-05 -3.503485e-01
    outer loop
      vertex   -2.928194e+01 -2.719902e+01 3.418991e+01
      vertex   -2.927565e+01 -2.713164e+01 3.420672e+01
      vertex   -2.926517e+01 -2.746840e+01 3.423483e+01
    endloop
  endfacet
  facet normal 9.366194e-01 -9.337560e-05 -3.503485e-01
    outer loop
      vertex   -2.926517e+01 -2.746840e+01 3.423483e+01
      vertex   -2.927565e+01 -2.713164e+01 3.420672e+01
      vertex   -2.926535e+01 -2.706840e+01 3.423425e+01
    endloop
  endfacet
  facet normal 9.366194e-01 -9.337560e-05 -3.503485e-01
    outer loop
      vertex   -2.872482e+01 -2.439822e+01 3.567857e+01
      vertex   -2.871086e+01 -2.435487e+01 3.571589e+01
      vertex   -2.865792e+01 -2.426576e+01 3.585739e+01
    endloop
  endfacet
  facet normal 9.366194e-01 -9.337560e-05 -3.503485e-01
    outer loop
      vertex   -2.865792e+01 -2.426576e+01 3.585739e+01
      vertex   -2.871086e+01 -2.435487e+01 3.571589e+01
      vertex   -2.869481e+01 -2.431784e+01 3.575877e+01
    endloop
  endfacet
  facet normal 9.366194e-01 -9.337560e-05 -3.503485e-01
    outer loop
      vertex   -2.865792e+01 -2.426576e+01 3.585739e+01
      vertex   -2.869481e+01 -2.431784e+01 3.575877e+01
      vertex   -2.867704e+01 -2.428792e+01 3.580628e+01
    endloop
  endfacet
  facet normal 1.341129e-01 -9.365038e-01 3.239975e-01
    outer loop
      vertex   -2.582377e+01 -2.426621e+01 3.468294e+01
      vertex   -2.865792e+01 -2.426576e+01 3.585739e+01
      vertex   -2.581103e+01 -2.427912e+01 3.464035e+01
    endloop
  endfacet
  facet normal 1.518827e-01 -9.183896e-01 3.653657e-01
    outer loop
      vertex   -2.581103e+01 -2.427912e+01 3.464035e+01
      vertex   -2.865792e+01 -2.426576e+01 3.585739e+01
      vertex   -2.670723e+01 -2.428823e+01 3.499001e+01
    endloop
  endfacet
  facet normal 1.660245e-01 -9.004264e-01 4.020799e-01
    outer loop
      vertex   -2.581103e+01 -2.427912e+01 3.464035e+01
      vertex   -2.670723e+01 -2.428823e+01 3.499001e+01
      vertex   -2.580046e+01 -2.429515e+01 3.460009e+01
    endloop
  endfacet
  facet normal 1.952252e-01 -8.611923e-01 4.692920e-01
    outer loop
      vertex   -2.580046e+01 -2.429515e+01 3.460009e+01
      vertex   -2.670723e+01 -2.428823e+01 3.499001e+01
      vertex   -2.672664e+01 -2.431815e+01 3.494318e+01
    endloop
  endfacet
  facet normal 1.979410e-01 -8.563527e-01 4.769480e-01
    outer loop
      vertex   -2.580046e+01 -2.429515e+01 3.460009e+01
      vertex   -2.672664e+01 -2.431815e+01 3.494318e+01
      vertex   -2.579216e+01 -2.431415e+01 3.456252e+01
    endloop
  endfacet
  facet normal 2.265138e-01 -8.054786e-01 5.476274e-01
    outer loop
      vertex   -2.579216e+01 -2.431415e+01 3.456252e+01
      vertex   -2.672664e+01 -2.431815e+01 3.494318e+01
      vertex   -2.578618e+01 -2.433598e+01 3.452796e+01
    endloop
  endfacet
  facet normal 2.417282e-01 -7.772708e-01 5.808766e-01
    outer loop
      vertex   -2.578618e+01 -2.433598e+01 3.452796e+01
      vertex   -2.672664e+01 -2.431815e+01 3.494318e+01
      vertex   -2.674416e+01 -2.435519e+01 3.490091e+01
    endloop
  endfacet
  facet normal 2.539223e-01 -7.475697e-01 6.137287e-01
    outer loop
      vertex   -2.578618e+01 -2.433598e+01 3.452796e+01
      vertex   -2.674416e+01 -2.435519e+01 3.490091e+01
      vertex   -2.578258e+01 -2.436043e+01 3.449668e+01
    endloop
  endfacet
  facet normal 2.798258e-01 -6.831767e-01 6.745125e-01
    outer loop
      vertex   -2.578258e+01 -2.436043e+01 3.449668e+01
      vertex   -2.674416e+01 -2.435519e+01 3.490091e+01
      vertex   -2.578140e+01 -2.438731e+01 3.446896e+01
    endloop
  endfacet
  facet normal 2.825415e-01 -6.765166e-01 6.800703e-01
    outer loop
      vertex   -2.578140e+01 -2.438731e+01 3.446896e+01
      vertex   -2.674416e+01 -2.435519e+01 3.490091e+01
      vertex   -2.675941e+01 -2.439853e+01 3.486412e+01
    endloop
  endfacet
  facet normal 3.019293e-01 -6.133165e-01 7.298503e-01
    outer loop
      vertex   -2.578140e+01 -2.438731e+01 3.446896e+01
      vertex   -2.675941e+01 -2.439853e+01 3.486412e+01
      vertex   -2.578263e+01 -2.441639e+01 3.444504e+01
    endloop
  endfacet
  facet normal 3.240683e-01 -5.378899e-01 7.782379e-01
    outer loop
      vertex   -2.578263e+01 -2.441639e+01 3.444504e+01
      vertex   -2.675941e+01 -2.439853e+01 3.486412e+01
      vertex   -2.578628e+01 -2.444742e+01 3.442511e+01
    endloop
  endfacet
  facet normal 3.168017e-01 -5.611114e-01 7.647161e-01
    outer loop
      vertex   -2.578628e+01 -2.444742e+01 3.442511e+01
      vertex   -2.675941e+01 -2.439853e+01 3.486412e+01
      vertex   -2.873640e+01 -2.444695e+01 3.564762e+01
    endloop
  endfacet
  facet normal 3.168017e-01 -5.611114e-01 7.647161e-01
    outer loop
      vertex   -2.873640e+01 -2.444695e+01 3.564762e+01
      vertex   -2.675941e+01 -2.439853e+01 3.486412e+01
      vertex   -2.774520e+01 -2.439838e+01 3.527262e+01
    endloop
  endfacet
  facet normal 3.168017e-01 -5.611114e-01 7.647161e-01
    outer loop
      vertex   -2.873640e+01 -2.444695e+01 3.564762e+01
      vertex   -2.774520e+01 -2.439838e+01 3.527262e+01
      vertex   -2.872482e+01 -2.439822e+01 3.567857e+01
    endloop
  endfacet
  facet normal 2.818295e-01 -6.765167e-01 6.803656e-01
    outer loop
      vertex   -2.872482e+01 -2.439822e+01 3.567857e+01
      vertex   -2.774520e+01 -2.439838e+01 3.527262e+01
      vertex   -2.772995e+01 -2.435503e+01 3.530941e+01
    endloop
  endfacet
  facet normal 2.818295e-01 -6.765167e-01 6.803656e-01
    outer loop
      vertex   -2.872482e+01 -2.439822e+01 3.567857e+01
      vertex   -2.772995e+01 -2.435503e+01 3.530941e+01
      vertex   -2.871086e+01 -2.435487e+01 3.571589e+01
    endloop
  endfacet
  facet normal 2.407537e-01 -7.772711e-01 5.812808e-01
    outer loop
      vertex   -2.871086e+01 -2.435487e+01 3.571589e+01
      vertex   -2.772995e+01 -2.435503e+01 3.530941e+01
      vertex   -2.771243e+01 -2.431799e+01 3.535168e+01
    endloop
  endfacet
  facet normal 2.407537e-01 -7.772711e-01 5.812808e-01
    outer loop
      vertex   -2.871086e+01 -2.435487e+01 3.571589e+01
      vertex   -2.771243e+01 -2.431799e+01 3.535168e+01
      vertex   -2.869481e+01 -2.431784e+01 3.575877e+01
    endloop
  endfacet
  facet normal 1.944641e-01 -8.611925e-01 4.696075e-01
    outer loop
      vertex   -2.869481e+01 -2.431784e+01 3.575877e+01
      vertex   -2.771243e+01 -2.431799e+01 3.535168e+01
      vertex   -2.769302e+01 -2.428807e+01 3.539851e+01
    endloop
  endfacet
  facet normal 1.944641e-01 -8.611925e-01 4.696075e-01
    outer loop
      vertex   -2.869481e+01 -2.431784e+01 3.575877e+01
      vertex   -2.769302e+01 -2.428807e+01 3.539851e+01
      vertex   -2.867704e+01 -2.428792e+01 3.580628e+01
    endloop
  endfacet
  facet normal 1.439631e-01 -9.264635e-01 3.477642e-01
    outer loop
      vertex   -2.867704e+01 -2.428792e+01 3.580628e+01
      vertex   -2.769302e+01 -2.428807e+01 3.539851e+01
      vertex   -2.865792e+01 -2.426576e+01 3.585739e+01
    endloop
  endfacet
  facet normal 1.439631e-01 -9.264635e-01 3.477642e-01
    outer loop
      vertex   -2.865792e+01 -2.426576e+01 3.585739e+01
      vertex   -2.769302e+01 -2.428807e+01 3.539851e+01
      vertex   -2.670723e+01 -2.428823e+01 3.499001e+01
    endloop
  endfacet
  facet normal 1.944641e-01 -8.611925e-01 4.696075e-01
    outer loop
      vertex   -2.672664e+01 -2.431815e+01 3.494318e+01
      vertex   -2.670723e+01 -2.428823e+01 3.499001e+01
      vertex   -2.769302e+01 -2.428807e+01 3.539851e+01
    endloop
  endfacet
  facet normal 2.407537e-01 -7.772711e-01 5.812808e-01
    outer loop
      vertex   -2.674416e+01 -2.435519e+01 3.490091e+01
      vertex   -2.672664e+01 -2.431815e+01 3.494318e+01
      vertex   -2.771243e+01 -2.431799e+01 3.535168e+01
    endloop
  endfacet
  facet normal 1.944641e-01 -8.611925e-01 4.696075e-01
    outer loop
      vertex   -2.771243e+01 -2.431799e+01 3.535168e+01
      vertex   -2.672664e+01 -2.431815e+01 3.494318e+01
      vertex   -2.769302e+01 -2.428807e+01 3.539851e+01
    endloop
  endfacet
  facet normal 2.818295e-01 -6.765167e-01 6.803656e-01
    outer loop
      vertex   -2.675941e+01 -2.439853e+01 3.486412e+01
      vertex   -2.674416e+01 -2.435519e+01 3.490091e+01
      vertex   -2.772995e+01 -2.435503e+01 3.530941e+01
    endloop
  endfacet
  facet normal 2.407537e-01 -7.772711e-01 5.812808e-01
    outer loop
      vertex   -2.772995e+01 -2.435503e+01 3.530941e+01
      vertex   -2.674416e+01 -2.435519e+01 3.490091e+01
      vertex   -2.771243e+01 -2.431799e+01 3.535168e+01
    endloop
  endfacet
  facet normal 2.818295e-01 -6.765167e-01 6.803656e-01
    outer loop
      vertex   -2.774520e+01 -2.439838e+01 3.527262e+01
      vertex   -2.675941e+01 -2.439853e+01 3.486412e+01
      vertex   -2.772995e+01 -2.435503e+01 3.530941e+01
    endloop
  endfacet
  facet normal 3.317568e-01 -4.986847e-01 8.007815e-01
    outer loop
      vertex   -2.618417e+01 -2.706889e+01 3.295744e+01
      vertex   -2.578628e+01 -2.444742e+01 3.442511e+01
      vertex   -2.926535e+01 -2.706840e+01 3.423425e+01
    endloop
  endfacet
  facet normal 3.317568e-01 -4.986847e-01 8.007815e-01
    outer loop
      vertex   -2.926535e+01 -2.706840e+01 3.423425e+01
      vertex   -2.578628e+01 -2.444742e+01 3.442511e+01
      vertex   -2.873640e+01 -2.444695e+01 3.564762e+01
    endloop
  endfacet
  facet normal 3.377236e-01 -4.705754e-01 8.151697e-01
    outer loop
      vertex   -2.618417e+01 -2.706889e+01 3.295744e+01
      vertex   -2.926535e+01 -2.706840e+01 3.423425e+01
      vertex   -2.618728e+01 -2.709157e+01 3.294563e+01
    endloop
  endfacet
  facet normal 3.505100e-01 -4.048589e-01 8.445306e-01
    outer loop
      vertex   -2.618728e+01 -2.709157e+01 3.294563e+01
      vertex   -2.926535e+01 -2.706840e+01 3.423425e+01
      vertex   -2.721764e+01 -2.713197e+01 3.335391e+01
    endloop
  endfacet
  facet normal 3.524342e-01 -3.895634e-01 8.508998e-01
    outer loop
      vertex   -2.618728e+01 -2.709157e+01 3.294563e+01
      vertex   -2.721764e+01 -2.713197e+01 3.335391e+01
      vertex   -2.619171e+01 -2.713403e+01 3.292803e+01
    endloop
  endfacet
  facet normal 3.674645e-01 -2.809671e-01 8.865818e-01
    outer loop
      vertex   -2.619171e+01 -2.713403e+01 3.292803e+01
      vertex   -2.721764e+01 -2.713197e+01 3.335391e+01
      vertex   -2.619487e+01 -2.717830e+01 3.291531e+01
    endloop
  endfacet
  facet normal 3.709741e-01 -2.573523e-01 8.922713e-01
    outer loop
      vertex   -2.619487e+01 -2.717830e+01 3.291531e+01
      vertex   -2.721764e+01 -2.713197e+01 3.335391e+01
      vertex   -2.722452e+01 -2.719934e+01 3.333733e+01
    endloop
  endfacet
  facet normal 3.767422e-01 -1.691622e-01 9.107412e-01
    outer loop
      vertex   -2.619487e+01 -2.717830e+01 3.291531e+01
      vertex   -2.722452e+01 -2.719934e+01 3.333733e+01
      vertex   -2.619673e+01 -2.722334e+01 3.290771e+01
    endloop
  endfacet
  facet normal 3.825450e-01 -8.564341e-02 9.199590e-01
    outer loop
      vertex   -2.619673e+01 -2.722334e+01 3.290771e+01
      vertex   -2.722452e+01 -2.719934e+01 3.333733e+01
      vertex   -2.722682e+01 -2.726881e+01 3.333182e+01
    endloop
  endfacet
  facet normal 3.822225e-01 -5.561676e-02 9.223951e-01
    outer loop
      vertex   -2.619673e+01 -2.722334e+01 3.290771e+01
      vertex   -2.722682e+01 -2.726881e+01 3.333182e+01
      vertex   -2.619734e+01 -2.726897e+01 3.290521e+01
    endloop
  endfacet
  facet normal 3.821715e-01 5.864805e-02 9.222285e-01
    outer loop
      vertex   -2.619734e+01 -2.726897e+01 3.290521e+01
      vertex   -2.722682e+01 -2.726881e+01 3.333182e+01
      vertex   -2.619669e+01 -2.731460e+01 3.290785e+01
    endloop
  endfacet
  facet normal 3.824673e-01 8.866774e-02 9.197047e-01
    outer loop
      vertex   -2.619669e+01 -2.731460e+01 3.290785e+01
      vertex   -2.722682e+01 -2.726881e+01 3.333182e+01
      vertex   -2.722446e+01 -2.733826e+01 3.333753e+01
    endloop
  endfacet
  facet normal 3.765900e-01 1.721540e-01 9.102434e-01
    outer loop
      vertex   -2.619669e+01 -2.731460e+01 3.290785e+01
      vertex   -2.722446e+01 -2.733826e+01 3.333753e+01
      vertex   -2.619479e+01 -2.735961e+01 3.291557e+01
    endloop
  endfacet
  facet normal 3.707433e-01 2.602848e-01 8.915163e-01
    outer loop
      vertex   -2.619479e+01 -2.735961e+01 3.291557e+01
      vertex   -2.722446e+01 -2.733826e+01 3.333753e+01
      vertex   -2.721752e+01 -2.740558e+01 3.335430e+01
    endloop
  endfacet
  facet normal 3.672126e-01 2.838797e-01 8.857580e-01
    outer loop
      vertex   -2.619479e+01 -2.735961e+01 3.291557e+01
      vertex   -2.721752e+01 -2.740558e+01 3.335430e+01
      vertex   -2.619159e+01 -2.740385e+01 3.292842e+01
    endloop
  endfacet
  facet normal 3.520855e-01 3.923580e-01 8.497594e-01
    outer loop
      vertex   -2.619159e+01 -2.740385e+01 3.292842e+01
      vertex   -2.721752e+01 -2.740558e+01 3.335430e+01
      vertex   -2.618712e+01 -2.744625e+01 3.294615e+01
    endloop
  endfacet
  facet normal 3.405356e-01 4.730529e-01 8.125617e-01
    outer loop
      vertex   -2.618712e+01 -2.744625e+01 3.294615e+01
      vertex   -2.721752e+01 -2.740558e+01 3.335430e+01
      vertex   -2.618399e+01 -2.746889e+01 3.295802e+01
    endloop
  endfacet
  facet normal 3.467664e-01 4.239937e-01 8.366495e-01
    outer loop
      vertex   -2.618399e+01 -2.746889e+01 3.295802e+01
      vertex   -2.721752e+01 -2.740558e+01 3.335430e+01
      vertex   -2.824700e+01 -2.740542e+01 3.378091e+01
    endloop
  endfacet
  facet normal 3.467664e-01 4.239937e-01 8.366495e-01
    outer loop
      vertex   -2.618399e+01 -2.746889e+01 3.295802e+01
      vertex   -2.824700e+01 -2.740542e+01 3.378091e+01
      vertex   -2.926517e+01 -2.746840e+01 3.423483e+01
    endloop
  endfacet
  facet normal 3.467664e-01 4.239937e-01 8.366495e-01
    outer loop
      vertex   -2.926517e+01 -2.746840e+01 3.423483e+01
      vertex   -2.824700e+01 -2.740542e+01 3.378091e+01
      vertex   -2.927553e+01 -2.740526e+01 3.420712e+01
    endloop
  endfacet
  facet normal 3.696626e-01 2.602851e-01 8.919648e-01
    outer loop
      vertex   -2.927553e+01 -2.740526e+01 3.420712e+01
      vertex   -2.824700e+01 -2.740542e+01 3.378091e+01
      vertex   -2.928188e+01 -2.733793e+01 3.419011e+01
    endloop
  endfacet
  facet normal 3.696626e-01 2.602851e-01 8.919648e-01
    outer loop
      vertex   -2.928188e+01 -2.733793e+01 3.419011e+01
      vertex   -2.824700e+01 -2.740542e+01 3.378091e+01
      vertex   -2.825394e+01 -2.733810e+01 3.376414e+01
    endloop
  endfacet
  facet normal 3.813267e-01 8.866799e-02 9.201782e-01
    outer loop
      vertex   -2.928188e+01 -2.733793e+01 3.419011e+01
      vertex   -2.825394e+01 -2.733810e+01 3.376414e+01
      vertex   -2.928404e+01 -2.726848e+01 3.418431e+01
    endloop
  endfacet
  facet normal 3.813267e-01 8.866799e-02 9.201782e-01
    outer loop
      vertex   -2.928404e+01 -2.726848e+01 3.418431e+01
      vertex   -2.825394e+01 -2.733810e+01 3.376414e+01
      vertex   -2.825629e+01 -2.726865e+01 3.375842e+01
    endloop
  endfacet
  facet normal 3.814044e-01 -8.564330e-02 9.204324e-01
    outer loop
      vertex   -2.928404e+01 -2.726848e+01 3.418431e+01
      vertex   -2.825629e+01 -2.726865e+01 3.375842e+01
      vertex   -2.825400e+01 -2.719918e+01 3.376394e+01
    endloop
  endfacet
  facet normal 3.814044e-01 -8.564330e-02 9.204324e-01
    outer loop
      vertex   -2.825400e+01 -2.719918e+01 3.376394e+01
      vertex   -2.825629e+01 -2.726865e+01 3.375842e+01
      vertex   -2.722682e+01 -2.726881e+01 3.333182e+01
    endloop
  endfacet
  facet normal 3.814044e-01 -8.564330e-02 9.204324e-01
    outer loop
      vertex   -2.825400e+01 -2.719918e+01 3.376394e+01
      vertex   -2.722682e+01 -2.726881e+01 3.333182e+01
      vertex   -2.722452e+01 -2.719934e+01 3.333733e+01
    endloop
  endfacet
  facet normal 3.471433e-01 -4.212419e-01 8.378823e-01
    outer loop
      vertex   -2.721764e+01 -2.713197e+01 3.335391e+01
      vertex   -2.926535e+01 -2.706840e+01 3.423425e+01
      vertex   -2.824712e+01 -2.713180e+01 3.378051e+01
    endloop
  endfacet
  facet normal 3.471433e-01 -4.212419e-01 8.378823e-01
    outer loop
      vertex   -2.824712e+01 -2.713180e+01 3.378051e+01
      vertex   -2.926535e+01 -2.706840e+01 3.423425e+01
      vertex   -2.927565e+01 -2.713164e+01 3.420672e+01
    endloop
  endfacet
  facet normal 3.698934e-01 -2.573524e-01 8.927198e-01
    outer loop
      vertex   -2.824712e+01 -2.713180e+01 3.378051e+01
      vertex   -2.927565e+01 -2.713164e+01 3.420672e+01
      vertex   -2.928194e+01 -2.719902e+01 3.418991e+01
    endloop
  endfacet
  facet normal 3.698934e-01 -2.573524e-01 8.927198e-01
    outer loop
      vertex   -2.824712e+01 -2.713180e+01 3.378051e+01
      vertex   -2.928194e+01 -2.719902e+01 3.418991e+01
      vertex   -2.825400e+01 -2.719918e+01 3.376394e+01
    endloop
  endfacet
  facet normal 3.814044e-01 -8.564330e-02 9.204324e-01
    outer loop
      vertex   -2.825400e+01 -2.719918e+01 3.376394e+01
      vertex   -2.928194e+01 -2.719902e+01 3.418991e+01
      vertex   -2.928404e+01 -2.726848e+01 3.418431e+01
    endloop
  endfacet
  facet normal 3.698934e-01 -2.573524e-01 8.927198e-01
    outer loop
      vertex   -2.722452e+01 -2.719934e+01 3.333733e+01
      vertex   -2.721764e+01 -2.713197e+01 3.335391e+01
      vertex   -2.824712e+01 -2.713180e+01 3.378051e+01
    endloop
  endfacet
  facet normal 3.698934e-01 -2.573524e-01 8.927198e-01
    outer loop
      vertex   -2.825400e+01 -2.719918e+01 3.376394e+01
      vertex   -2.722452e+01 -2.719934e+01 3.333733e+01
      vertex   -2.824712e+01 -2.713180e+01 3.378051e+01
    endloop
  endfacet
  facet normal 3.813267e-01 8.866799e-02 9.201782e-01
    outer loop
      vertex   -2.722446e+01 -2.733826e+01 3.333753e+01
      vertex   -2.722682e+01 -2.726881e+01 3.333182e+01
      vertex   -2.825629e+01 -2.726865e+01 3.375842e+01
    endloop
  endfacet
  facet normal 3.813267e-01 8.866799e-02 9.201782e-01
    outer loop
      vertex   -2.722446e+01 -2.733826e+01 3.333753e+01
      vertex   -2.825629e+01 -2.726865e+01 3.375842e+01
      vertex   -2.825394e+01 -2.733810e+01 3.376414e+01
    endloop
  endfacet
  facet normal 3.696626e-01 2.602851e-01 8.919648e-01
    outer loop
      vertex   -2.721752e+01 -2.740558e+01 3.335430e+01
      vertex   -2.722446e+01 -2.733826e+01 3.333753e+01
      vertex   -2.825394e+01 -2.733810e+01 3.376414e+01
    endloop
  endfacet
  facet normal 3.696626e-01 2.602851e-01 8.919648e-01
    outer loop
      vertex   -2.721752e+01 -2.740558e+01 3.335430e+01
      vertex   -2.825394e+01 -2.733810e+01 3.376414e+01
      vertex   -2.824700e+01 -2.740542e+01 3.378091e+01
    endloop
  endfacet
  facet normal 3.313109e-01 5.013142e-01 7.993230e-01
    outer loop
      vertex   -2.618399e+01 -2.746889e+01 3.295802e+01
      vertex   -2.926517e+01 -2.746840e+01 3.423483e+01
      vertex   -2.578717e+01 -3.006349e+01 3.442080e+01
    endloop
  endfacet
  facet normal 3.313109e-01 5.013142e-01 7.993230e-01
    outer loop
      vertex   -2.578717e+01 -3.006349e+01 3.442080e+01
      vertex   -2.926517e+01 -2.746840e+01 3.423483e+01
      vertex   -2.873389e+01 -3.008525e+01 3.565584e+01
    endloop
  endfacet
  facet normal 3.313109e-01 5.013141e-01 7.993230e-01
    outer loop
      vertex   -2.578717e+01 -3.006349e+01 3.442080e+01
      vertex   -2.873389e+01 -3.008525e+01 3.565584e+01
      vertex   -2.578386e+01 -3.008572e+01 3.443338e+01
    endloop
  endfacet
  facet normal 2.557381e-02 9.980339e-01 5.722249e-02
    outer loop
      vertex   -2.569454e+01 -3.028519e+01 3.477167e+01
      vertex   -2.570801e+01 -3.028199e+01 3.472196e+01
      vertex   -2.666482e+01 -3.027907e+01 3.509854e+01
    endloop
  endfacet
  facet normal 7.043453e-02 9.826939e-01 1.713231e-01
    outer loop
      vertex   -2.666482e+01 -3.027907e+01 3.509854e+01
      vertex   -2.570801e+01 -3.028199e+01 3.472196e+01
      vertex   -2.572027e+01 -3.027312e+01 3.467610e+01
    endloop
  endfacet
  facet normal 9.997555e-02 9.663164e-01 2.371444e-01
    outer loop
      vertex   -2.666482e+01 -3.027907e+01 3.509854e+01
      vertex   -2.572027e+01 -3.027312e+01 3.467610e+01
      vertex   -2.669061e+01 -3.026112e+01 3.503630e+01
    endloop
  endfacet
  facet normal 1.151713e-01 9.535036e-01 2.785074e-01
    outer loop
      vertex   -2.669061e+01 -3.026112e+01 3.503630e+01
      vertex   -2.572027e+01 -3.027312e+01 3.467610e+01
      vertex   -2.573198e+01 -3.025868e+01 3.463153e+01
    endloop
  endfacet
  facet normal 1.581687e-01 9.113268e-01 3.800870e-01
    outer loop
      vertex   -2.669061e+01 -3.026112e+01 3.503630e+01
      vertex   -2.573198e+01 -3.025868e+01 3.463153e+01
      vertex   -2.574275e+01 -3.023954e+01 3.459012e+01
    endloop
  endfacet
  facet normal 1.623275e-01 9.069477e-01 3.887102e-01
    outer loop
      vertex   -2.669061e+01 -3.026112e+01 3.503630e+01
      vertex   -2.574275e+01 -3.023954e+01 3.459012e+01
      vertex   -2.671481e+01 -3.023175e+01 3.497788e+01
    endloop
  endfacet
  facet normal 1.965827e-01 8.574259e-01 4.755797e-01
    outer loop
      vertex   -2.671481e+01 -3.023175e+01 3.497788e+01
      vertex   -2.574275e+01 -3.023954e+01 3.459012e+01
      vertex   -2.575288e+01 -3.021559e+01 3.455112e+01
    endloop
  endfacet
  facet normal 2.205296e-01 8.200208e-01 5.281407e-01
    outer loop
      vertex   -2.671481e+01 -3.023175e+01 3.497788e+01
      vertex   -2.575288e+01 -3.021559e+01 3.455112e+01
      vertex   -2.673670e+01 -3.019184e+01 3.492505e+01
    endloop
  endfacet
  facet normal 2.331490e-01 7.928406e-01 5.630679e-01
    outer loop
      vertex   -2.673670e+01 -3.019184e+01 3.492505e+01
      vertex   -2.575288e+01 -3.021559e+01 3.455112e+01
      vertex   -2.576205e+01 -3.018804e+01 3.451612e+01
    endloop
  endfacet
  facet normal 2.665455e-01 7.189024e-01 6.419758e-01
    outer loop
      vertex   -2.673670e+01 -3.019184e+01 3.492505e+01
      vertex   -2.576205e+01 -3.018804e+01 3.451612e+01
      vertex   -2.577043e+01 -3.015657e+01 3.448437e+01
    endloop
  endfacet
  facet normal 2.714093e-01 7.081788e-01 6.517820e-01
    outer loop
      vertex   -2.673670e+01 -3.019184e+01 3.492505e+01
      vertex   -2.577043e+01 -3.015657e+01 3.448437e+01
      vertex   -2.675559e+01 -3.014262e+01 3.487944e+01
    endloop
  endfacet
  facet normal 2.946799e-01 6.369901e-01 7.123254e-01
    outer loop
      vertex   -2.675559e+01 -3.014262e+01 3.487944e+01
      vertex   -2.577043e+01 -3.015657e+01 3.448437e+01
      vertex   -2.577770e+01 -3.012260e+01 3.445699e+01
    endloop
  endfacet
  facet normal 3.088180e-01 5.937797e-01 7.430055e-01
    outer loop
      vertex   -2.675559e+01 -3.014262e+01 3.487944e+01
      vertex   -2.577770e+01 -3.012260e+01 3.445699e+01
      vertex   -2.873389e+01 -3.008525e+01 3.565584e+01
    endloop
  endfacet
  facet normal 3.202355e-01 5.482447e-01 7.725781e-01
    outer loop
      vertex   -2.873389e+01 -3.008525e+01 3.565584e+01
      vertex   -2.577770e+01 -3.012260e+01 3.445699e+01
      vertex   -2.578386e+01 -3.008572e+01 3.443338e+01
    endloop
  endfacet
  facet normal 3.133339e-01 5.748193e-01 7.559131e-01
    outer loop
      vertex   -2.675559e+01 -3.014262e+01 3.487944e+01
      vertex   -2.873389e+01 -3.008525e+01 3.565584e+01
      vertex   -2.774266e+01 -3.014246e+01 3.528847e+01
    endloop
  endfacet
  facet normal 3.133339e-01 5.748193e-01 7.559131e-01
    outer loop
      vertex   -2.774266e+01 -3.014246e+01 3.528847e+01
      vertex   -2.873389e+01 -3.008525e+01 3.565584e+01
      vertex   -2.871985e+01 -3.014231e+01 3.569340e+01
    endloop
  endfacet
  facet normal 2.703810e-01 7.081794e-01 6.522086e-01
    outer loop
      vertex   -2.774266e+01 -3.014246e+01 3.528847e+01
      vertex   -2.871985e+01 -3.014231e+01 3.569340e+01
      vertex   -2.772377e+01 -3.019169e+01 3.533409e+01
    endloop
  endfacet
  facet normal 2.703810e-01 7.081794e-01 6.522086e-01
    outer loop
      vertex   -2.772377e+01 -3.019169e+01 3.533409e+01
      vertex   -2.871985e+01 -3.014231e+01 3.569340e+01
      vertex   -2.870254e+01 -3.019153e+01 3.573968e+01
    endloop
  endfacet
  facet normal 2.192126e-01 8.200219e-01 5.286870e-01
    outer loop
      vertex   -2.772377e+01 -3.019169e+01 3.533409e+01
      vertex   -2.870254e+01 -3.019153e+01 3.573968e+01
      vertex   -2.770188e+01 -3.023159e+01 3.538691e+01
    endloop
  endfacet
  facet normal 2.192126e-01 8.200219e-01 5.286870e-01
    outer loop
      vertex   -2.770188e+01 -3.023159e+01 3.538691e+01
      vertex   -2.870254e+01 -3.019153e+01 3.573968e+01
      vertex   -2.868250e+01 -3.023144e+01 3.579327e+01
    endloop
  endfacet
  facet normal 1.613836e-01 9.069483e-01 3.891016e-01
    outer loop
      vertex   -2.770188e+01 -3.023159e+01 3.538691e+01
      vertex   -2.868250e+01 -3.023144e+01 3.579327e+01
      vertex   -2.767768e+01 -3.026096e+01 3.544533e+01
    endloop
  endfacet
  facet normal 1.613836e-01 9.069483e-01 3.891016e-01
    outer loop
      vertex   -2.767768e+01 -3.026096e+01 3.544533e+01
      vertex   -2.868250e+01 -3.023144e+01 3.579327e+01
      vertex   -2.866033e+01 -3.026081e+01 3.585253e+01
    endloop
  endfacet
  facet normal 9.865102e-02 9.663176e-01 2.376936e-01
    outer loop
      vertex   -2.767768e+01 -3.026096e+01 3.544533e+01
      vertex   -2.866033e+01 -3.026081e+01 3.585253e+01
      vertex   -2.765189e+01 -3.027891e+01 3.550757e+01
    endloop
  endfacet
  facet normal 9.865102e-02 9.663176e-01 2.376936e-01
    outer loop
      vertex   -2.765189e+01 -3.027891e+01 3.550757e+01
      vertex   -2.866033e+01 -3.026081e+01 3.585253e+01
      vertex   -2.863672e+01 -3.027875e+01 3.591568e+01
    endloop
  endfacet
  facet normal 3.292098e-02 9.963259e-01 7.906330e-02
    outer loop
      vertex   -2.765189e+01 -3.027891e+01 3.550757e+01
      vertex   -2.863672e+01 -3.027875e+01 3.591568e+01
      vertex   -2.861236e+01 -3.028472e+01 3.598078e+01
    endloop
  endfacet
  facet normal 3.292098e-02 9.963259e-01 7.906330e-02
    outer loop
      vertex   -2.861236e+01 -3.028472e+01 3.598078e+01
      vertex   -2.569454e+01 -3.028519e+01 3.477167e+01
      vertex   -2.765189e+01 -3.027891e+01 3.550757e+01
    endloop
  endfacet
  facet normal 3.292098e-02 9.963259e-01 7.906330e-02
    outer loop
      vertex   -2.765189e+01 -3.027891e+01 3.550757e+01
      vertex   -2.569454e+01 -3.028519e+01 3.477167e+01
      vertex   -2.666482e+01 -3.027907e+01 3.509854e+01
    endloop
  endfacet
  facet normal 9.865102e-02 9.663176e-01 2.376936e-01
    outer loop
      vertex   -2.765189e+01 -3.027891e+01 3.550757e+01
      vertex   -2.666482e+01 -3.027907e+01 3.509854e+01
      vertex   -2.767768e+01 -3.026096e+01 3.544533e+01
    endloop
  endfacet
  facet normal 9.865102e-02 9.663176e-01 2.376936e-01
    outer loop
      vertex   -2.767768e+01 -3.026096e+01 3.544533e+01
      vertex   -2.666482e+01 -3.027907e+01 3.509854e+01
      vertex   -2.669061e+01 -3.026112e+01 3.503630e+01
    endloop
  endfacet
  facet normal 1.613836e-01 9.069483e-01 3.891016e-01
    outer loop
      vertex   -2.767768e+01 -3.026096e+01 3.544533e+01
      vertex   -2.669061e+01 -3.026112e+01 3.503630e+01
      vertex   -2.770188e+01 -3.023159e+01 3.538691e+01
    endloop
  endfacet
  facet normal 1.613836e-01 9.069483e-01 3.891016e-01
    outer loop
      vertex   -2.770188e+01 -3.023159e+01 3.538691e+01
      vertex   -2.669061e+01 -3.026112e+01 3.503630e+01
      vertex   -2.671481e+01 -3.023175e+01 3.497788e+01
    endloop
  endfacet
  facet normal 2.192126e-01 8.200219e-01 5.286870e-01
    outer loop
      vertex   -2.770188e+01 -3.023159e+01 3.538691e+01
      vertex   -2.671481e+01 -3.023175e+01 3.497788e+01
      vertex   -2.772377e+01 -3.019169e+01 3.533409e+01
    endloop
  endfacet
  facet normal 2.192126e-01 8.200219e-01 5.286870e-01
    outer loop
      vertex   -2.772377e+01 -3.019169e+01 3.533409e+01
      vertex   -2.671481e+01 -3.023175e+01 3.497788e+01
      vertex   -2.673670e+01 -3.019184e+01 3.492505e+01
    endloop
  endfacet
  facet normal 2.703810e-01 7.081794e-01 6.522086e-01
    outer loop
      vertex   -2.772377e+01 -3.019169e+01 3.533409e+01
      vertex   -2.673670e+01 -3.019184e+01 3.492505e+01
      vertex   -2.774266e+01 -3.014246e+01 3.528847e+01
    endloop
  endfacet
  facet normal 2.703810e-01 7.081794e-01 6.522086e-01
    outer loop
      vertex   -2.774266e+01 -3.014246e+01 3.528847e+01
      vertex   -2.673670e+01 -3.019184e+01 3.492505e+01
      vertex   -2.675559e+01 -3.014262e+01 3.487944e+01
    endloop
  endfacet
  facet normal -4.458809e-04 9.999988e-01 -1.458537e-03
    outer loop
      vertex   -2.569454e+01 -3.028519e+01 3.477167e+01
      vertex   -2.861236e+01 -3.028472e+01 3.598078e+01
      vertex   -2.490990e+01 -3.028062e+01 3.766496e+01
    endloop
  endfacet
  facet normal -4.458809e-04 9.999988e-01 -1.458537e-03
    outer loop
      vertex   -2.490990e+01 -3.028062e+01 3.766496e+01
      vertex   -2.861236e+01 -3.028472e+01 3.598078e+01
      vertex   -2.755215e+01 -3.028012e+01 3.881516e+01
    endloop
  endfacet
  facet normal -4.458815e-04 9.999988e-01 -1.458538e-03
    outer loop
      vertex   -2.490990e+01 -3.028062e+01 3.766496e+01
      vertex   -2.755215e+01 -3.028012e+01 3.881516e+01
      vertex   -2.489641e+01 -3.028054e+01 3.771465e+01
    endloop
  endfacet
  facet normal -3.228860e-01 5.264262e-01 -7.865241e-01
    outer loop
      vertex   -2.480281e+01 -3.008001e+01 3.805051e+01
      vertex   -2.480646e+01 -3.010186e+01 3.803738e+01
      vertex   -2.611262e+01 -3.013698e+01 3.855009e+01
    endloop
  endfacet
  facet normal -3.053414e-01 6.035441e-01 -7.365468e-01
    outer loop
      vertex   -2.611262e+01 -3.013698e+01 3.855009e+01
      vertex   -2.480646e+01 -3.010186e+01 3.803738e+01
      vertex   -2.481447e+01 -3.014113e+01 3.800852e+01
    endloop
  endfacet
  facet normal -2.742164e-01 6.969173e-01 -6.626550e-01
    outer loop
      vertex   -2.611262e+01 -3.013698e+01 3.855009e+01
      vertex   -2.481447e+01 -3.014113e+01 3.800852e+01
      vertex   -2.482350e+01 -3.017640e+01 3.797517e+01
    endloop
  endfacet
  facet normal -2.703254e-01 7.060322e-01 -6.545554e-01
    outer loop
      vertex   -2.611262e+01 -3.013698e+01 3.855009e+01
      vertex   -2.482350e+01 -3.017640e+01 3.797517e+01
      vertex   -2.613148e+01 -3.018635e+01 3.850461e+01
    endloop
  endfacet
  facet normal -2.400811e-01 7.795833e-01 -5.784556e-01
    outer loop
      vertex   -2.613148e+01 -3.018635e+01 3.850461e+01
      vertex   -2.482350e+01 -3.017640e+01 3.797517e+01
      vertex   -2.483360e+01 -3.020718e+01 3.793788e+01
    endloop
  endfacet
  facet normal -2.189510e-01 8.182797e-01 -5.314873e-01
    outer loop
      vertex   -2.613148e+01 -3.018635e+01 3.850461e+01
      vertex   -2.483360e+01 -3.020718e+01 3.793788e+01
      vertex   -2.615332e+01 -3.022643e+01 3.845191e+01
    endloop
  endfacet
  facet normal -2.016356e-01 8.504806e-01 -4.858249e-01
    outer loop
      vertex   -2.615332e+01 -3.022643e+01 3.845191e+01
      vertex   -2.483360e+01 -3.020718e+01 3.793788e+01
      vertex   -2.484477e+01 -3.023301e+01 3.789729e+01
    endloop
  endfacet
  facet normal -1.615894e-01 9.056649e-01 -3.919949e-01
    outer loop
      vertex   -2.615332e+01 -3.022643e+01 3.845191e+01
      vertex   -2.484477e+01 -3.023301e+01 3.789729e+01
      vertex   -2.617750e+01 -3.025600e+01 3.839357e+01
    endloop
  endfacet
  facet normal -1.594504e-01 9.085646e-01 -3.861166e-01
    outer loop
      vertex   -2.617750e+01 -3.025600e+01 3.839357e+01
      vertex   -2.484477e+01 -3.023301e+01 3.789729e+01
      vertex   -2.485692e+01 -3.025353e+01 3.785404e+01
    endloop
  endfacet
  facet normal -1.162631e-01 9.528730e-01 -2.802069e-01
    outer loop
      vertex   -2.617750e+01 -3.025600e+01 3.839357e+01
      vertex   -2.485692e+01 -3.025353e+01 3.785404e+01
      vertex   -2.486984e+01 -3.026842e+01 3.780876e+01
    endloop
  endfacet
  facet normal -9.856556e-02 9.655311e-01 -2.409034e-01
    outer loop
      vertex   -2.617750e+01 -3.025600e+01 3.839357e+01
      vertex   -2.486984e+01 -3.026842e+01 3.780876e+01
      vertex   -2.620328e+01 -3.027414e+01 3.833138e+01
    endloop
  endfacet
  facet normal -7.094210e-02 9.828467e-01 -1.702340e-01
    outer loop
      vertex   -2.620328e+01 -3.027414e+01 3.833138e+01
      vertex   -2.486984e+01 -3.026842e+01 3.780876e+01
      vertex   -2.488318e+01 -3.027746e+01 3.776209e+01
    endloop
  endfacet
  facet normal -3.852183e-02 9.947197e-01 -9.512508e-02
    outer loop
      vertex   -2.620328e+01 -3.027414e+01 3.833138e+01
      vertex   -2.488318e+01 -3.027746e+01 3.776209e+01
      vertex   -2.755215e+01 -3.028012e+01 3.881516e+01
    endloop
  endfacet
  facet normal -2.388959e-02 9.980289e-01 -5.803180e-02
    outer loop
      vertex   -2.755215e+01 -3.028012e+01 3.881516e+01
      vertex   -2.488318e+01 -3.027746e+01 3.776209e+01
      vertex   -2.489641e+01 -3.028054e+01 3.771465e+01
    endloop
  endfacet
  facet normal -3.380935e-02 9.960612e-01 -8.196927e-02
    outer loop
      vertex   -2.755215e+01 -3.028012e+01 3.881516e+01
      vertex   -2.752780e+01 -3.027393e+01 3.888025e+01
      vertex   -2.620328e+01 -3.027414e+01 3.833138e+01
    endloop
  endfacet
  facet normal -9.951239e-02 9.655318e-01 -2.405112e-01
    outer loop
      vertex   -2.620328e+01 -3.027414e+01 3.833138e+01
      vertex   -2.752780e+01 -3.027393e+01 3.888025e+01
      vertex   -2.617750e+01 -3.025600e+01 3.839357e+01
    endloop
  endfacet
  facet normal -9.951239e-02 9.655318e-01 -2.405112e-01
    outer loop
      vertex   -2.752780e+01 -3.027393e+01 3.888025e+01
      vertex   -2.750420e+01 -3.025579e+01 3.894334e+01
      vertex   -2.617750e+01 -3.025600e+01 3.839357e+01
    endloop
  endfacet
  facet normal -1.621918e-01 9.056652e-01 -3.917454e-01
    outer loop
      vertex   -2.617750e+01 -3.025600e+01 3.839357e+01
      vertex   -2.750420e+01 -3.025579e+01 3.894334e+01
      vertex   -2.615332e+01 -3.022643e+01 3.845191e+01
    endloop
  endfacet
  facet normal -1.621918e-01 9.056651e-01 -3.917454e-01
    outer loop
      vertex   -2.750420e+01 -3.025579e+01 3.894334e+01
      vertex   -2.748206e+01 -3.022622e+01 3.900252e+01
      vertex   -2.615332e+01 -3.022643e+01 3.845191e+01
    endloop
  endfacet
  facet normal -2.199431e-01 8.182803e-01 -5.310766e-01
    outer loop
      vertex   -2.615332e+01 -3.022643e+01 3.845191e+01
      vertex   -2.748206e+01 -3.022622e+01 3.900252e+01
      vertex   -2.613148e+01 -3.018635e+01 3.850461e+01
    endloop
  endfacet
  facet normal -2.199431e-01 8.182803e-01 -5.310766e-01
    outer loop
      vertex   -2.748206e+01 -3.022622e+01 3.900252e+01
      vertex   -2.746205e+01 -3.018614e+01 3.905599e+01
      vertex   -2.613148e+01 -3.018635e+01 3.850461e+01
    endloop
  endfacet
  facet normal -2.710115e-01 7.060325e-01 -6.542713e-01
    outer loop
      vertex   -2.613148e+01 -3.018635e+01 3.850461e+01
      vertex   -2.746205e+01 -3.018614e+01 3.905599e+01
      vertex   -2.611262e+01 -3.013698e+01 3.855009e+01
    endloop
  endfacet
  facet normal -2.710115e-01 7.060325e-01 -6.542713e-01
    outer loop
      vertex   -2.746205e+01 -3.018614e+01 3.905599e+01
      vertex   -2.744479e+01 -3.013677e+01 3.910212e+01
      vertex   -2.611262e+01 -3.013698e+01 3.855009e+01
    endloop
  endfacet
  facet normal -3.138454e-01 5.723322e-01 -7.575862e-01
    outer loop
      vertex   -2.611262e+01 -3.013698e+01 3.855009e+01
      vertex   -2.744479e+01 -3.013677e+01 3.910212e+01
      vertex   -2.743080e+01 -3.007959e+01 3.913952e+01
    endloop
  endfacet
  facet normal -3.138454e-01 5.723322e-01 -7.575862e-01
    outer loop
      vertex   -2.611262e+01 -3.013698e+01 3.855009e+01
      vertex   -2.743080e+01 -3.007959e+01 3.913952e+01
      vertex   -2.480281e+01 -3.008001e+01 3.805051e+01
    endloop
  endfacet
  facet normal -3.317568e-01 4.986847e-01 -8.007815e-01
    outer loop
      vertex   -2.480281e+01 -3.008001e+01 3.805051e+01
      vertex   -2.743080e+01 -3.007959e+01 3.913952e+01
      vertex   -2.440830e+01 -2.748080e+01 3.950572e+01
    endloop
  endfacet
  facet normal -3.317568e-01 4.986847e-01 -8.007815e-01
    outer loop
      vertex   -2.440830e+01 -2.748080e+01 3.950572e+01
      vertex   -2.743080e+01 -3.007959e+01 3.913952e+01
      vertex   -2.690186e+01 -2.745813e+01 4.055289e+01
    endloop
  endfacet
  facet normal -3.317568e-01 4.986847e-01 -8.007815e-01
    outer loop
      vertex   -2.440830e+01 -2.748080e+01 3.950572e+01
      vertex   -2.690186e+01 -2.745813e+01 4.055289e+01
      vertex   -2.440484e+01 -2.745853e+01 3.951815e+01
    endloop
  endfacet
  facet normal -3.467664e-01 -4.239937e-01 -8.366495e-01
    outer loop
      vertex   -2.690203e+01 -2.705813e+01 4.055231e+01
      vertex   -2.440502e+01 -2.705853e+01 3.951757e+01
      vertex   -2.564308e+01 -2.712148e+01 4.006261e+01
    endloop
  endfacet
  facet normal -3.420838e-01 -4.437432e-01 -8.282938e-01
    outer loop
      vertex   -2.564308e+01 -2.712148e+01 4.006261e+01
      vertex   -2.440502e+01 -2.705853e+01 3.951757e+01
      vertex   -2.439833e+01 -2.710538e+01 3.953990e+01
    endloop
  endfacet
  facet normal -3.628695e-01 -3.229924e-01 -8.740719e-01
    outer loop
      vertex   -2.564308e+01 -2.712148e+01 4.006261e+01
      vertex   -2.439833e+01 -2.710538e+01 3.953990e+01
      vertex   -2.439310e+01 -2.715489e+01 3.955603e+01
    endloop
  endfacet
  facet normal -3.686197e-01 -2.602851e-01 -8.923963e-01
    outer loop
      vertex   -2.564308e+01 -2.712148e+01 4.006261e+01
      vertex   -2.439310e+01 -2.715489e+01 3.955603e+01
      vertex   -2.563614e+01 -2.718880e+01 4.007938e+01
    endloop
  endfacet
  facet normal -3.758941e-01 -1.966693e-01 -9.055522e-01
    outer loop
      vertex   -2.563614e+01 -2.718880e+01 4.007938e+01
      vertex   -2.439310e+01 -2.715489e+01 3.955603e+01
      vertex   -2.438977e+01 -2.720621e+01 3.956579e+01
    endloop
  endfacet
  facet normal -3.805456e-01 -8.866808e-02 -9.205015e-01
    outer loop
      vertex   -2.563614e+01 -2.718880e+01 4.007938e+01
      vertex   -2.438977e+01 -2.720621e+01 3.956579e+01
      vertex   -2.563378e+01 -2.725825e+01 4.008509e+01
    endloop
  endfacet
  facet normal -3.819723e-01 -6.696535e-02 -9.217444e-01
    outer loop
      vertex   -2.563378e+01 -2.725825e+01 4.008509e+01
      vertex   -2.438977e+01 -2.720621e+01 3.956579e+01
      vertex   -2.438861e+01 -2.725845e+01 3.956910e+01
    endloop
  endfacet
  facet normal -3.820307e-01 6.393562e-02 -9.219354e-01
    outer loop
      vertex   -2.563378e+01 -2.725825e+01 4.008509e+01
      vertex   -2.438861e+01 -2.725845e+01 3.956910e+01
      vertex   -2.438972e+01 -2.731070e+01 3.956595e+01
    endloop
  endfacet
  facet normal -3.806233e-01 8.564314e-02 -9.207558e-01
    outer loop
      vertex   -2.563378e+01 -2.725825e+01 4.008509e+01
      vertex   -2.438972e+01 -2.731070e+01 3.956595e+01
      vertex   -2.563608e+01 -2.732772e+01 4.007958e+01
    endloop
  endfacet
  facet normal -3.760682e-01 1.936916e-01 -9.061216e-01
    outer loop
      vertex   -2.563608e+01 -2.732772e+01 4.007958e+01
      vertex   -2.438972e+01 -2.731070e+01 3.956595e+01
      vertex   -2.439301e+01 -2.736205e+01 3.955633e+01
    endloop
  endfacet
  facet normal -3.688505e-01 2.573520e-01 -8.931513e-01
    outer loop
      vertex   -2.563608e+01 -2.732772e+01 4.007958e+01
      vertex   -2.439301e+01 -2.736205e+01 3.955633e+01
      vertex   -2.564296e+01 -2.739510e+01 4.006301e+01
    endloop
  endfacet
  facet normal -3.631562e-01 3.201176e-01 -8.750099e-01
    outer loop
      vertex   -2.564296e+01 -2.739510e+01 4.006301e+01
      vertex   -2.439301e+01 -2.736205e+01 3.955633e+01
      vertex   -2.439820e+01 -2.741161e+01 3.954035e+01
    endloop
  endfacet
  facet normal -3.486042e-01 4.093122e-01 -8.431718e-01
    outer loop
      vertex   -2.564296e+01 -2.739510e+01 4.006301e+01
      vertex   -2.439820e+01 -2.741161e+01 3.954035e+01
      vertex   -2.690186e+01 -2.745813e+01 4.055289e+01
    endloop
  endfacet
  facet normal -3.435311e-01 4.409744e-01 -8.291731e-01
    outer loop
      vertex   -2.690186e+01 -2.745813e+01 4.055289e+01
      vertex   -2.439820e+01 -2.741161e+01 3.954035e+01
      vertex   -2.440484e+01 -2.745853e+01 3.951815e+01
    endloop
  endfacet
  facet normal -3.471433e-01 4.212419e-01 -8.378823e-01
    outer loop
      vertex   -2.690186e+01 -2.745813e+01 4.055289e+01
      vertex   -2.689155e+01 -2.739490e+01 4.058041e+01
      vertex   -2.564296e+01 -2.739510e+01 4.006301e+01
    endloop
  endfacet
  facet normal -3.698934e-01 2.573524e-01 -8.927198e-01
    outer loop
      vertex   -2.564296e+01 -2.739510e+01 4.006301e+01
      vertex   -2.689155e+01 -2.739490e+01 4.058041e+01
      vertex   -2.563608e+01 -2.732772e+01 4.007958e+01
    endloop
  endfacet
  facet normal -3.698934e-01 2.573524e-01 -8.927198e-01
    outer loop
      vertex   -2.689155e+01 -2.739490e+01 4.058041e+01
      vertex   -2.688526e+01 -2.732752e+01 4.059723e+01
      vertex   -2.563608e+01 -2.732772e+01 4.007958e+01
    endloop
  endfacet
  facet normal -3.814044e-01 8.564330e-02 -9.204324e-01
    outer loop
      vertex   -2.563608e+01 -2.732772e+01 4.007958e+01
      vertex   -2.688526e+01 -2.732752e+01 4.059723e+01
      vertex   -2.563378e+01 -2.725825e+01 4.008509e+01
    endloop
  endfacet
  facet normal -3.814044e-01 8.564330e-02 -9.204324e-01
    outer loop
      vertex   -2.688526e+01 -2.732752e+01 4.059723e+01
      vertex   -2.688316e+01 -2.725805e+01 4.060282e+01
      vertex   -2.563378e+01 -2.725825e+01 4.008509e+01
    endloop
  endfacet
  facet normal -3.813267e-01 -8.866799e-02 -9.201782e-01
    outer loop
      vertex   -2.563378e+01 -2.725825e+01 4.008509e+01
      vertex   -2.688316e+01 -2.725805e+01 4.060282e+01
      vertex   -2.688532e+01 -2.718860e+01 4.059703e+01
    endloop
  endfacet
  facet normal -3.813267e-01 -8.866799e-02 -9.201782e-01
    outer loop
      vertex   -2.563378e+01 -2.725825e+01 4.008509e+01
      vertex   -2.688532e+01 -2.718860e+01 4.059703e+01
      vertex   -2.563614e+01 -2.718880e+01 4.007938e+01
    endloop
  endfacet
  facet normal -3.696626e-01 -2.602851e-01 -8.919648e-01
    outer loop
      vertex   -2.563614e+01 -2.718880e+01 4.007938e+01
      vertex   -2.688532e+01 -2.718860e+01 4.059703e+01
      vertex   -2.689168e+01 -2.712128e+01 4.058002e+01
    endloop
  endfacet
  facet normal -3.696626e-01 -2.602851e-01 -8.919648e-01
    outer loop
      vertex   -2.563614e+01 -2.718880e+01 4.007938e+01
      vertex   -2.689168e+01 -2.712128e+01 4.058002e+01
      vertex   -2.564308e+01 -2.712148e+01 4.006261e+01
    endloop
  endfacet
  facet normal -3.467664e-01 -4.239937e-01 -8.366495e-01
    outer loop
      vertex   -2.564308e+01 -2.712148e+01 4.006261e+01
      vertex   -2.689168e+01 -2.712128e+01 4.058002e+01
      vertex   -2.690203e+01 -2.705813e+01 4.055231e+01
    endloop
  endfacet
  facet normal -3.313109e-01 -5.013142e-01 -7.993230e-01
    outer loop
      vertex   -2.440502e+01 -2.705853e+01 3.951757e+01
      vertex   -2.690203e+01 -2.705813e+01 4.055231e+01
      vertex   -2.440849e+01 -2.703630e+01 3.950507e+01
    endloop
  endfacet
  facet normal -3.313109e-01 -5.013142e-01 -7.993230e-01
    outer loop
      vertex   -2.440849e+01 -2.703630e+01 3.950507e+01
      vertex   -2.690203e+01 -2.705813e+01 4.055231e+01
      vertex   -2.487823e+01 -2.465934e+01 3.820900e+01
    endloop
  endfacet
  facet normal -3.313109e-01 -5.013142e-01 -7.993230e-01
    outer loop
      vertex   -2.440849e+01 -2.703630e+01 3.950507e+01
      vertex   -2.487823e+01 -2.465934e+01 3.820900e+01
      vertex   -2.475461e+01 -2.477326e+01 3.822921e+01
    endloop
  endfacet
  facet normal -3.313109e-01 -5.013142e-01 -7.993230e-01
    outer loop
      vertex   -2.690203e+01 -2.705813e+01 4.055231e+01
      vertex   -2.743331e+01 -2.444129e+01 3.913130e+01
      vertex   -2.487823e+01 -2.465934e+01 3.820900e+01
    endloop
  endfacet
  facet normal -3.313109e-01 -5.013142e-01 -7.993230e-01
    outer loop
      vertex   -2.487823e+01 -2.465934e+01 3.820900e+01
      vertex   -2.743331e+01 -2.444129e+01 3.913130e+01
      vertex   -2.495669e+01 -2.458307e+01 3.819368e+01
    endloop
  endfacet
  facet normal -3.313109e-01 -5.013142e-01 -7.993230e-01
    outer loop
      vertex   -2.495669e+01 -2.458307e+01 3.819368e+01
      vertex   -2.743331e+01 -2.444129e+01 3.913130e+01
      vertex   -2.501789e+01 -2.451656e+01 3.817734e+01
    endloop
  endfacet
  facet normal -3.313109e-01 -5.013142e-01 -7.993230e-01
    outer loop
      vertex   -2.501789e+01 -2.451656e+01 3.817734e+01
      vertex   -2.743331e+01 -2.444129e+01 3.913130e+01
      vertex   -2.507727e+01 -2.444166e+01 3.815498e+01
    endloop
  endfacet
  facet normal 3.290843e-01 1.930685e-01 -9.243528e-01
    outer loop
      vertex   -2.487823e+01 -2.465934e+01 3.820900e+01
      vertex   -2.475372e+01 -2.451087e+01 3.828433e+01
      vertex   -2.475461e+01 -2.477326e+01 3.822921e+01
    endloop
  endfacet
  facet normal 3.290843e-01 1.930685e-01 -9.243528e-01
    outer loop
      vertex   -2.475461e+01 -2.477326e+01 3.822921e+01
      vertex   -2.475372e+01 -2.451087e+01 3.828433e+01
      vertex   -2.434201e+01 -2.462711e+01 3.840663e+01
    endloop
  endfacet
  facet normal 3.290843e-01 1.930685e-01 -9.243528e-01
    outer loop
      vertex   -2.434201e+01 -2.462711e+01 3.840663e+01
      vertex   -2.475372e+01 -2.451087e+01 3.828433e+01
      vertex   -2.462922e+01 -2.436241e+01 3.835967e+01
    endloop
  endfacet
  facet normal 3.498563e-01 1.751037e-01 -9.202930e-01
    outer loop
      vertex   -2.487823e+01 -2.465934e+01 3.820900e+01
      vertex   -2.495669e+01 -2.458307e+01 3.819368e+01
      vertex   -2.479855e+01 -2.446267e+01 3.827671e+01
    endloop
  endfacet
  facet normal 3.766530e-01 1.370578e-01 -9.161592e-01
    outer loop
      vertex   -2.479855e+01 -2.446267e+01 3.827671e+01
      vertex   -2.495669e+01 -2.458307e+01 3.819368e+01
      vertex   -2.484535e+01 -2.442580e+01 3.826298e+01
    endloop
  endfacet
  facet normal 3.766530e-01 1.370578e-01 -9.161592e-01
    outer loop
      vertex   -2.479855e+01 -2.446267e+01 3.827671e+01
      vertex   -2.484535e+01 -2.442580e+01 3.826298e+01
      vertex   -2.473401e+01 -2.426853e+01 3.833228e+01
    endloop
  endfacet
  facet normal 3.668362e-01 1.412763e-01 -9.194956e-01
    outer loop
      vertex   -2.473401e+01 -2.426853e+01 3.833228e+01
      vertex   -2.462922e+01 -2.436241e+01 3.835967e+01
      vertex   -2.479855e+01 -2.446267e+01 3.827671e+01
    endloop
  endfacet
  facet normal 3.466963e-01 1.766910e-01 -9.211851e-01
    outer loop
      vertex   -2.479855e+01 -2.446267e+01 3.827671e+01
      vertex   -2.462922e+01 -2.436241e+01 3.835967e+01
      vertex   -2.475372e+01 -2.451087e+01 3.828433e+01
    endloop
  endfacet
  facet normal 3.466963e-01 1.766910e-01 -9.211851e-01
    outer loop
      vertex   -2.479855e+01 -2.446267e+01 3.827671e+01
      vertex   -2.475372e+01 -2.451087e+01 3.828433e+01
      vertex   -2.487823e+01 -2.465934e+01 3.820900e+01
    endloop
  endfacet
  facet normal 4.729880e-01 -7.071807e-01 -5.255262e-01
    outer loop
      vertex   -2.318377e+01 -3.225335e+01 4.269888e+01
      vertex   -2.333138e+01 -3.225361e+01 4.256637e+01
      vertex   -2.293265e+01 -3.185369e+01 4.238709e+01
    endloop
  endfacet
  facet normal 4.773688e-01 -7.087867e-01 -5.193655e-01
    outer loop
      vertex   -2.293265e+01 -3.185369e+01 4.238709e+01
      vertex   -2.333138e+01 -3.225361e+01 4.256637e+01
      vertex   -2.307114e+01 -3.185394e+01 4.226013e+01
    endloop
  endfacet
  facet normal 5.261674e-01 -7.059202e-01 -4.741567e-01
    outer loop
      vertex   -2.307114e+01 -3.185394e+01 4.226013e+01
      vertex   -2.333138e+01 -3.225361e+01 4.256637e+01
      vertex   -2.346437e+01 -3.225388e+01 4.241921e+01
    endloop
  endfacet
  facet normal 5.378442e-01 -7.097569e-01 -4.549382e-01
    outer loop
      vertex   -2.307114e+01 -3.185394e+01 4.226013e+01
      vertex   -2.346437e+01 -3.225388e+01 4.241921e+01
      vertex   -2.319267e+01 -3.185420e+01 4.211686e+01
    endloop
  endfacet
  facet normal 5.733107e-01 -7.052327e-01 -4.170871e-01
    outer loop
      vertex   -2.319267e+01 -3.185420e+01 4.211686e+01
      vertex   -2.346437e+01 -3.225388e+01 4.241921e+01
      vertex   -2.358129e+01 -3.225417e+01 4.225897e+01
    endloop
  endfacet
  facet normal 5.903216e-01 -7.099926e-01 -3.839673e-01
    outer loop
      vertex   -2.319267e+01 -3.185420e+01 4.211686e+01
      vertex   -2.358129e+01 -3.225417e+01 4.225897e+01
      vertex   -2.329535e+01 -3.185448e+01 4.195952e+01
    endloop
  endfacet
  facet normal 6.137789e-01 -7.051242e-01 -3.550709e-01
    outer loop
      vertex   -2.329535e+01 -3.185448e+01 4.195952e+01
      vertex   -2.358129e+01 -3.225417e+01 4.225897e+01
      vertex   -2.368087e+01 -3.225447e+01 4.208743e+01
    endloop
  endfacet
  facet normal 6.341494e-01 -7.094987e-01 -3.073535e-01
    outer loop
      vertex   -2.329535e+01 -3.185448e+01 4.195952e+01
      vertex   -2.368087e+01 -3.225447e+01 4.208743e+01
      vertex   -2.337754e+01 -3.185476e+01 4.179057e+01
    endloop
  endfacet
  facet normal 6.470320e-01 -7.055961e-01 -2.889355e-01
    outer loop
      vertex   -2.337754e+01 -3.185476e+01 4.179057e+01
      vertex   -2.368087e+01 -3.225447e+01 4.208743e+01
      vertex   -2.376202e+01 -3.225477e+01 4.190643e+01
    endloop
  endfacet
  facet normal 6.687655e-01 -7.082735e-01 -2.260559e-01
    outer loop
      vertex   -2.337754e+01 -3.185476e+01 4.179057e+01
      vertex   -2.376202e+01 -3.225477e+01 4.190643e+01
      vertex   -2.343798e+01 -3.185505e+01 4.161268e+01
    endloop
  endfacet
  facet normal 6.726379e-01 -7.066454e-01 -2.195689e-01
    outer loop
      vertex   -2.343798e+01 -3.185505e+01 4.161268e+01
      vertex   -2.376202e+01 -3.225477e+01 4.190643e+01
      vertex   -2.382386e+01 -3.225507e+01 4.171796e+01
    endloop
  endfacet
  facet normal 9.483894e-01 8.853818e-04 3.171069e-01
    outer loop
      vertex   -2.166950e+01 -2.464633e+01 4.704613e+01
      vertex   -2.166629e+01 -3.184632e+01 4.705663e+01
      vertex   -2.156706e+01 -2.464673e+01 4.673976e+01
    endloop
  endfacet
  facet normal 9.483894e-01 8.853818e-04 3.171069e-01
    outer loop
      vertex   -2.156706e+01 -2.464673e+01 4.673976e+01
      vertex   -2.166629e+01 -3.184632e+01 4.705663e+01
      vertex   -2.156385e+01 -3.184672e+01 4.675026e+01
    endloop
  endfacet
  facet normal 9.702960e-01 7.854860e-04 2.419196e-01
    outer loop
      vertex   -2.156706e+01 -2.464673e+01 4.673976e+01
      vertex   -2.156385e+01 -3.184672e+01 4.675026e+01
      vertex   -2.148891e+01 -2.464715e+01 4.642631e+01
    endloop
  endfacet
  facet normal 9.702960e-01 7.854860e-04 2.419196e-01
    outer loop
      vertex   -2.148891e+01 -2.464715e+01 4.642631e+01
      vertex   -2.156385e+01 -3.184672e+01 4.675026e+01
      vertex   -2.148570e+01 -3.184714e+01 4.643681e+01
    endloop
  endfacet
  facet normal 9.862517e-01 6.807728e-04 1.652486e-01
    outer loop
      vertex   -2.148891e+01 -2.464715e+01 4.642631e+01
      vertex   -2.148570e+01 -3.184714e+01 4.643681e+01
      vertex   -2.143553e+01 -2.464759e+01 4.610771e+01
    endloop
  endfacet
  facet normal 9.862517e-01 6.807728e-04 1.652486e-01
    outer loop
      vertex   -2.143553e+01 -2.464759e+01 4.610771e+01
      vertex   -2.148570e+01 -3.184714e+01 4.643681e+01
      vertex   -2.143232e+01 -3.184758e+01 4.611821e+01
    endloop
  endfacet
  facet normal 9.961587e-01 5.718844e-04 8.756419e-02
    outer loop
      vertex   -2.143553e+01 -2.464759e+01 4.610771e+01
      vertex   -2.143232e+01 -3.184758e+01 4.611821e+01
      vertex   -2.140724e+01 -2.464805e+01 4.578591e+01
    endloop
  endfacet
  facet normal 9.961587e-01 5.718844e-04 8.756419e-02
    outer loop
      vertex   -2.140724e+01 -2.464805e+01 4.578591e+01
      vertex   -2.143232e+01 -3.184758e+01 4.611821e+01
      vertex   -2.140403e+01 -3.184804e+01 4.579641e+01
    endloop
  endfacet
  facet normal 9.999563e-01 4.594886e-04 9.342716e-03
    outer loop
      vertex   -2.140724e+01 -2.464805e+01 4.578591e+01
      vertex   -2.140403e+01 -3.184804e+01 4.579641e+01
      vertex   -2.140422e+01 -2.464852e+01 4.546288e+01
    endloop
  endfacet
  facet normal 9.999563e-01 4.594886e-04 9.342716e-03
    outer loop
      vertex   -2.140422e+01 -2.464852e+01 4.546288e+01
      vertex   -2.140403e+01 -3.184804e+01 4.579641e+01
      vertex   -2.140101e+01 -3.184851e+01 4.547338e+01
    endloop
  endfacet
  facet normal 9.976210e-01 3.442748e-04 -6.893606e-02
    outer loop
      vertex   -2.140422e+01 -2.464852e+01 4.546288e+01
      vertex   -2.140101e+01 -3.184851e+01 4.547338e+01
      vertex   -2.142649e+01 -2.464900e+01 4.514060e+01
    endloop
  endfacet
  facet normal 9.976210e-01 3.442748e-04 -6.893606e-02
    outer loop
      vertex   -2.142649e+01 -2.464900e+01 4.514060e+01
      vertex   -2.140101e+01 -3.184851e+01 4.547338e+01
      vertex   -2.142328e+01 -3.184899e+01 4.515110e+01
    endloop
  endfacet
  facet normal 9.891673e-01 2.269495e-04 -1.467920e-01
    outer loop
      vertex   -2.142649e+01 -2.464900e+01 4.514060e+01
      vertex   -2.142328e+01 -3.184899e+01 4.515110e+01
      vertex   -2.147391e+01 -2.464949e+01 4.482106e+01
    endloop
  endfacet
  facet normal 9.891673e-01 2.269495e-04 -1.467920e-01
    outer loop
      vertex   -2.147391e+01 -2.464949e+01 4.482106e+01
      vertex   -2.142328e+01 -3.184899e+01 4.515110e+01
      vertex   -2.147070e+01 -3.184948e+01 4.483156e+01
    endloop
  endfacet
  facet normal 9.746471e-01 1.082323e-04 -2.237478e-01
    outer loop
      vertex   -2.147391e+01 -2.464949e+01 4.482106e+01
      vertex   -2.147070e+01 -3.184948e+01 4.483156e+01
      vertex   -2.154619e+01 -2.464998e+01 4.450620e+01
    endloop
  endfacet
  facet normal 9.746471e-01 1.082323e-04 -2.237478e-01
    outer loop
      vertex   -2.154619e+01 -2.464998e+01 4.450620e+01
      vertex   -2.147070e+01 -3.184948e+01 4.483156e+01
      vertex   -2.154298e+01 -3.184997e+01 4.451670e+01
    endloop
  endfacet
  facet normal 9.541493e-01 -1.114872e-05 -2.993312e-01
    outer loop
      vertex   -2.154619e+01 -2.464998e+01 4.450620e+01
      vertex   -2.154298e+01 -3.184997e+01 4.451670e+01
      vertex   -2.164289e+01 -2.465047e+01 4.419797e+01
    endloop
  endfacet
  facet normal 9.541493e-01 -1.114872e-05 -2.993312e-01
    outer loop
      vertex   -2.164289e+01 -2.465047e+01 4.419797e+01
      vertex   -2.154298e+01 -3.184997e+01 4.451670e+01
      vertex   -2.163968e+01 -3.185046e+01 4.420847e+01
    endloop
  endfacet
  facet normal 9.277996e-01 -1.304613e-04 -3.730789e-01
    outer loop
      vertex   -2.164289e+01 -2.465047e+01 4.419797e+01
      vertex   -2.163968e+01 -3.185046e+01 4.420847e+01
      vertex   -2.176341e+01 -2.465096e+01 4.389825e+01
    endloop
  endfacet
  facet normal 9.277996e-01 -1.304613e-04 -3.730789e-01
    outer loop
      vertex   -2.176341e+01 -2.465096e+01 4.389825e+01
      vertex   -2.163968e+01 -3.185046e+01 4.420847e+01
      vertex   -2.176020e+01 -3.185095e+01 4.390875e+01
    endloop
  endfacet
  facet normal 8.957598e-01 -2.489738e-04 -4.445384e-01
    outer loop
      vertex   -2.176341e+01 -2.465096e+01 4.389825e+01
      vertex   -2.176020e+01 -3.185095e+01 4.390875e+01
      vertex   -2.190702e+01 -2.465145e+01 4.360888e+01
    endloop
  endfacet
  facet normal 8.957598e-01 -2.489738e-04 -4.445384e-01
    outer loop
      vertex   -2.190702e+01 -2.465145e+01 4.360888e+01
      vertex   -2.176020e+01 -3.185095e+01 4.390875e+01
      vertex   -2.190381e+01 -3.185144e+01 4.361938e+01
    endloop
  endfacet
  facet normal 8.582262e-01 -3.659593e-04 -5.132716e-01
    outer loop
      vertex   -2.190702e+01 -2.465145e+01 4.360888e+01
      vertex   -2.190381e+01 -3.185144e+01 4.361938e+01
      vertex   -2.207283e+01 -2.465192e+01 4.333164e+01
    endloop
  endfacet
  facet normal 8.582262e-01 -3.659593e-04 -5.132716e-01
    outer loop
      vertex   -2.207283e+01 -2.465192e+01 4.333164e+01
      vertex   -2.190381e+01 -3.185144e+01 4.361938e+01
      vertex   -2.206962e+01 -3.185192e+01 4.334214e+01
    endloop
  endfacet
  facet normal 8.154291e-01 -4.807004e-04 -5.788568e-01
    outer loop
      vertex   -2.207283e+01 -2.465192e+01 4.333164e+01
      vertex   -2.206962e+01 -3.185192e+01 4.334214e+01
      vertex   -2.225982e+01 -2.465239e+01 4.306822e+01
    endloop
  endfacet
  facet normal 8.154291e-01 -4.807004e-04 -5.788568e-01
    outer loop
      vertex   -2.225982e+01 -2.465239e+01 4.306822e+01
      vertex   -2.206962e+01 -3.185192e+01 4.334214e+01
      vertex   -2.225661e+01 -3.185238e+01 4.307872e+01
    endloop
  endfacet
  facet normal 7.676309e-01 -5.924933e-04 -6.408919e-01
    outer loop
      vertex   -2.225982e+01 -2.465239e+01 4.306822e+01
      vertex   -2.225661e+01 -3.185238e+01 4.307872e+01
      vertex   -2.246686e+01 -2.465285e+01 4.282024e+01
    endloop
  endfacet
  facet normal 7.676309e-01 -5.924933e-04 -6.408919e-01
    outer loop
      vertex   -2.246686e+01 -2.465285e+01 4.282024e+01
      vertex   -2.225661e+01 -3.185238e+01 4.307872e+01
      vertex   -2.246365e+01 -3.185284e+01 4.283074e+01
    endloop
  endfacet
  facet normal 7.151248e-01 -7.006525e-04 -6.989964e-01
    outer loop
      vertex   -2.246686e+01 -2.465285e+01 4.282024e+01
      vertex   -2.246365e+01 -3.185284e+01 4.283074e+01
      vertex   -2.269267e+01 -2.465328e+01 4.258922e+01
    endloop
  endfacet
  facet normal 7.151248e-01 -7.006525e-04 -6.989964e-01
    outer loop
      vertex   -2.269267e+01 -2.465328e+01 4.258922e+01
      vertex   -2.246365e+01 -3.185284e+01 4.283074e+01
      vertex   -2.268945e+01 -3.185328e+01 4.259973e+01
    endloop
  endfacet
  facet normal 6.582328e-01 -8.045145e-04 -7.528140e-01
    outer loop
      vertex   -2.269267e+01 -2.465328e+01 4.258922e+01
      vertex   -2.268945e+01 -3.185328e+01 4.259973e+01
      vertex   -2.293586e+01 -2.465370e+01 4.237659e+01
    endloop
  endfacet
  facet normal 6.582328e-01 -8.045145e-04 -7.528140e-01
    outer loop
      vertex   -2.293586e+01 -2.465370e+01 4.237659e+01
      vertex   -2.268945e+01 -3.185328e+01 4.259973e+01
      vertex   -2.293265e+01 -3.185369e+01 4.238709e+01
    endloop
  endfacet
  facet normal -3.933994e-01 8.727959e-01 -2.889017e-01
    outer loop
      vertex   -3.605341e+01 -1.633083e+01 2.778165e+01
      vertex   -3.147181e+01 -1.633792e+01 2.152145e+01
      vertex   -3.607149e+01 -1.634275e+01 2.777027e+01
    endloop
  endfacet
  facet normal -3.933994e-01 8.727959e-01 -2.889017e-01
    outer loop
      vertex   -3.607149e+01 -1.634275e+01 2.777027e+01
      vertex   -3.147181e+01 -1.633792e+01 2.152145e+01
      vertex   -3.699175e+01 -1.979643e+01 1.858954e+01
    endloop
  endfacet
  facet normal -3.933994e-01 8.727959e-01 -2.889017e-01
    outer loop
      vertex   -3.607149e+01 -1.634275e+01 2.777027e+01
      vertex   -3.699175e+01 -1.979643e+01 1.858954e+01
      vertex   -4.017684e+01 -2.124460e+01 1.855166e+01
    endloop
  endfacet
  facet normal -3.933994e-01 8.727959e-01 -2.889017e-01
    outer loop
      vertex   -4.017684e+01 -2.124460e+01 1.855166e+01
      vertex   -3.699175e+01 -1.979643e+01 1.858954e+01
      vertex   -3.736083e+01 -2.045285e+01 1.710902e+01
    endloop
  endfacet
  facet normal -3.933994e-01 8.727959e-01 -2.889017e-01
    outer loop
      vertex   -4.017684e+01 -2.124460e+01 1.855166e+01
      vertex   -3.736083e+01 -2.045285e+01 1.710902e+01
      vertex   -4.107455e+01 -2.284122e+01 1.495054e+01
    endloop
  endfacet
  facet normal -3.933994e-01 8.727959e-01 -2.889017e-01
    outer loop
      vertex   -3.147181e+01 -1.633792e+01 2.152145e+01
      vertex   -3.147278e+01 -1.633889e+01 2.151984e+01
      vertex   -3.699175e+01 -1.979643e+01 1.858954e+01
    endloop
  endfacet
  facet normal -8.419308e-01 5.388052e-01 -2.900713e-02
    outer loop
      vertex   -4.149757e+01 -2.350900e+01 1.482472e+01
      vertex   -4.053732e+01 -2.180115e+01 1.867668e+01
      vertex   -4.105238e+01 -2.279945e+01 1.508296e+01
    endloop
  endfacet
  facet normal -8.419308e-01 5.388052e-01 -2.900713e-02
    outer loop
      vertex   -4.105238e+01 -2.279945e+01 1.508296e+01
      vertex   -4.053732e+01 -2.180115e+01 1.867668e+01
      vertex   -4.017684e+01 -2.124460e+01 1.855166e+01
    endloop
  endfacet
  facet normal -8.419308e-01 5.388052e-01 -2.900713e-02
    outer loop
      vertex   -4.105238e+01 -2.279945e+01 1.508296e+01
      vertex   -4.017684e+01 -2.124460e+01 1.855166e+01
      vertex   -4.107455e+01 -2.284122e+01 1.495054e+01
    endloop
  endfacet
  facet normal -6.857881e-01 -7.071624e-01 1.720933e-01
    outer loop
      vertex   -4.014179e+01 -3.229605e+01 1.860619e+01
      vertex   -4.052162e+01 -3.189603e+01 1.873633e+01
      vertex   -4.564607e+01 -3.233071e+01 -3.470658e+00
    endloop
  endfacet
  facet normal -6.857881e-01 -7.071624e-01 1.720933e-01
    outer loop
      vertex   -4.564607e+01 -3.233071e+01 -3.470658e+00
      vertex   -4.052162e+01 -3.189603e+01 1.873633e+01
      vertex   -4.617623e+01 -3.193163e+01 -3.943474e+00
    endloop
  endfacet
  facet normal -8.508329e-01 5.248572e-01 2.466259e-02
    outer loop
      vertex   -4.168197e+01 -2.377317e+01 1.408500e+01
      vertex   -4.149757e+01 -2.350900e+01 1.482472e+01
      vertex   -4.128865e+01 -2.313792e+01 1.413522e+01
    endloop
  endfacet
  facet normal -8.508329e-01 5.248572e-01 2.466259e-02
    outer loop
      vertex   -4.128865e+01 -2.313792e+01 1.413522e+01
      vertex   -4.149757e+01 -2.350900e+01 1.482472e+01
      vertex   -4.105238e+01 -2.279945e+01 1.508296e+01
    endloop
  endfacet
  facet normal 3.178695e-01 1.524621e-03 9.481332e-01
    outer loop
      vertex   -2.235410e+01 -2.463578e+01 5.448944e+01
      vertex   -2.276509e+01 -2.463576e+01 5.462722e+01
      vertex   -2.235089e+01 -3.183577e+01 5.449994e+01
    endloop
  endfacet
  facet normal 3.178695e-01 1.524621e-03 9.481332e-01
    outer loop
      vertex   -2.235089e+01 -3.183577e+01 5.449994e+01
      vertex   -2.276509e+01 -2.463576e+01 5.462722e+01
      vertex   -2.276188e+01 -3.183575e+01 5.463772e+01
    endloop
  endfacet
  facet normal -6.218979e-01 7.061600e-01 3.384983e-01
    outer loop
      vertex   -3.072622e+01 -1.670957e+01 4.073044e+01
      vertex   -3.064858e+01 -1.670933e+01 4.087258e+01
      vertex   -3.036098e+01 -1.630964e+01 4.056717e+01
    endloop
  endfacet
  facet normal -6.199136e-01 7.066788e-01 3.410458e-01
    outer loop
      vertex   -3.036098e+01 -1.630964e+01 4.056717e+01
      vertex   -3.064858e+01 -1.670933e+01 4.087258e+01
      vertex   -3.031141e+01 -1.630949e+01 4.065695e+01
    endloop
  endfacet
  facet normal -5.592237e-01 7.059606e-01 4.346131e-01
    outer loop
      vertex   -3.031141e+01 -1.630949e+01 4.065695e+01
      vertex   -3.064858e+01 -1.670933e+01 4.087258e+01
      vertex   -3.054901e+01 -1.670909e+01 4.100032e+01
    endloop
  endfacet
  facet normal -5.521538e-01 7.074292e-01 4.412144e-01
    outer loop
      vertex   -3.031141e+01 -1.630949e+01 4.065695e+01
      vertex   -3.054901e+01 -1.670909e+01 4.100032e+01
      vertex   -3.024727e+01 -1.630934e+01 4.073699e+01
    endloop
  endfacet
  facet normal -4.817865e-01 7.057939e-01 5.193618e-01
    outer loop
      vertex   -3.024727e+01 -1.630934e+01 4.073699e+01
      vertex   -3.054901e+01 -1.670909e+01 4.100032e+01
      vertex   -3.043013e+01 -1.670888e+01 4.111032e+01
    endloop
  endfacet
  facet normal -4.684390e-01 7.080950e-01 5.283620e-01
    outer loop
      vertex   -3.024727e+01 -1.630934e+01 4.073699e+01
      vertex   -3.043013e+01 -1.670888e+01 4.111032e+01
      vertex   -3.017044e+01 -1.630921e+01 4.080493e+01
    endloop
  endfacet
  facet normal -3.916192e-01 7.056560e-01 5.904948e-01
    outer loop
      vertex   -3.017044e+01 -1.630921e+01 4.080493e+01
      vertex   -3.043013e+01 -1.670888e+01 4.111032e+01
      vertex   -3.029505e+01 -1.670869e+01 4.119968e+01
    endloop
  endfacet
  facet normal -3.712112e-01 7.086717e-01 5.999889e-01
    outer loop
      vertex   -3.017044e+01 -1.630921e+01 4.080493e+01
      vertex   -3.029505e+01 -1.670869e+01 4.119968e+01
      vertex   -3.008316e+01 -1.630909e+01 4.085879e+01
    endloop
  endfacet
  facet normal -2.910941e-01 7.055431e-01 6.461216e-01
    outer loop
      vertex   -3.008316e+01 -1.630909e+01 4.085879e+01
      vertex   -3.029505e+01 -1.670869e+01 4.119968e+01
      vertex   -3.014731e+01 -1.670853e+01 4.126606e+01
    endloop
  endfacet
  facet normal -2.632971e-01 7.091556e-01 6.540436e-01
    outer loop
      vertex   -3.008316e+01 -1.630909e+01 4.085879e+01
      vertex   -3.014731e+01 -1.670853e+01 4.126606e+01
      vertex   -2.998798e+01 -1.630900e+01 4.089700e+01
    endloop
  endfacet
  facet normal -1.828604e-01 7.054521e-01 6.847623e-01
    outer loop
      vertex   -2.998798e+01 -1.630900e+01 4.089700e+01
      vertex   -3.014731e+01 -1.670853e+01 4.126606e+01
      vertex   -2.999080e+01 -1.670840e+01 4.130772e+01
    endloop
  endfacet
  facet normal -1.478268e-01 7.095432e-01 6.889817e-01
    outer loop
      vertex   -2.998798e+01 -1.630900e+01 4.089700e+01
      vertex   -2.999080e+01 -1.670840e+01 4.130772e+01
      vertex   -2.988768e+01 -1.630892e+01 4.091844e+01
    endloop
  endfacet
  facet normal -6.977340e-02 7.053803e-01 7.053866e-01
    outer loop
      vertex   -2.988768e+01 -1.630892e+01 4.091844e+01
      vertex   -2.999080e+01 -1.670840e+01 4.130772e+01
      vertex   -2.982962e+01 -1.670830e+01 4.132357e+01
    endloop
  endfacet
  facet normal -2.814429e-02 7.098318e-01 7.038087e-01
    outer loop
      vertex   -2.988768e+01 -1.630892e+01 4.091844e+01
      vertex   -2.982962e+01 -1.670830e+01 4.132357e+01
      vertex   -2.978520e+01 -1.630887e+01 4.092249e+01
    endloop
  endfacet
  facet normal 4.518145e-02 7.053257e-01 7.074420e-01
    outer loop
      vertex   -2.978520e+01 -1.630887e+01 4.092249e+01
      vertex   -2.982962e+01 -1.670830e+01 4.132357e+01
      vertex   -2.966799e+01 -1.670825e+01 4.131319e+01
    endloop
  endfacet
  facet normal 9.228771e-02 7.100196e-01 6.981083e-01
    outer loop
      vertex   -2.978520e+01 -1.630887e+01 4.092249e+01
      vertex   -2.966799e+01 -1.670825e+01 4.131319e+01
      vertex   -2.968352e+01 -1.630884e+01 4.090902e+01
    endloop
  endfacet
  facet normal 1.589680e-01 7.052870e-01 6.908686e-01
    outer loop
      vertex   -2.968352e+01 -1.630884e+01 4.090902e+01
      vertex   -2.966799e+01 -1.670825e+01 4.131319e+01
      vertex   -2.951015e+01 -1.670823e+01 4.127685e+01
    endloop
  endfacet
  facet normal 2.099869e-01 7.101052e-01 6.720537e-01
    outer loop
      vertex   -2.968352e+01 -1.630884e+01 4.090902e+01
      vertex   -2.951015e+01 -1.670823e+01 4.127685e+01
      vertex   -2.958562e+01 -1.630884e+01 4.087843e+01
    endloop
  endfacet
  facet normal 2.685802e-01 7.052633e-01 6.561008e-01
    outer loop
      vertex   -2.958562e+01 -1.630884e+01 4.087843e+01
      vertex   -2.951015e+01 -1.670823e+01 4.127685e+01
      vertex   -2.936025e+01 -1.670825e+01 4.121551e+01
    endloop
  endfacet
  facet normal 3.215504e-01 7.100883e-01 6.264023e-01
    outer loop
      vertex   -2.958562e+01 -1.630884e+01 4.087843e+01
      vertex   -2.936025e+01 -1.670825e+01 4.121551e+01
      vertex   -2.949437e+01 -1.630887e+01 4.083162e+01
    endloop
  endfacet
  facet normal 3.711227e-01 7.052549e-01 6.040558e-01
    outer loop
      vertex   -2.949437e+01 -1.630887e+01 4.083162e+01
      vertex   -2.936025e+01 -1.670825e+01 4.121551e+01
      vertex   -2.922222e+01 -1.670831e+01 4.113078e+01
    endloop
  endfacet
  facet normal 4.237520e-01 7.099695e-01 5.624745e-01
    outer loop
      vertex   -2.949437e+01 -1.630887e+01 4.083162e+01
      vertex   -2.922222e+01 -1.670831e+01 4.113078e+01
      vertex   -2.941242e+01 -1.630892e+01 4.076995e+01
    endloop
  endfacet
  facet normal 4.638876e-01 7.052625e-01 5.361092e-01
    outer loop
      vertex   -2.941242e+01 -1.630892e+01 4.076995e+01
      vertex   -2.922222e+01 -1.670831e+01 4.113078e+01
      vertex   -2.909968e+01 -1.670841e+01 4.102488e+01
    endloop
  endfacet
  facet normal 5.136338e-01 7.097501e-01 4.821153e-01
    outer loop
      vertex   -2.941242e+01 -1.630892e+01 4.076995e+01
      vertex   -2.909968e+01 -1.670841e+01 4.102488e+01
      vertex   -2.934217e+01 -1.630900e+01 4.069522e+01
    endloop
  endfacet
  facet normal 5.444265e-01 7.052876e-01 4.540585e-01
    outer loop
      vertex   -2.934217e+01 -1.630900e+01 4.069522e+01
      vertex   -2.909968e+01 -1.670841e+01 4.102488e+01
      vertex   -2.899584e+01 -1.670855e+01 4.090058e+01
    endloop
  endfacet
  facet normal 5.885912e-01 7.094320e-01 3.876424e-01
    outer loop
      vertex   -2.934217e+01 -1.630900e+01 4.069522e+01
      vertex   -2.899584e+01 -1.670855e+01 4.090058e+01
      vertex   -2.928567e+01 -1.630910e+01 4.060962e+01
    endloop
  endfacet
  facet normal 6.106165e-01 7.053323e-01 3.600748e-01
    outer loop
      vertex   -2.928567e+01 -1.630910e+01 4.060962e+01
      vertex   -2.899584e+01 -1.670855e+01 4.090058e+01
      vertex   -2.891343e+01 -1.670871e+01 4.076116e+01
    endloop
  endfacet
  facet normal 6.464465e-01 7.090182e-01 2.817802e-01
    outer loop
      vertex   -2.928567e+01 -1.630910e+01 4.060962e+01
      vertex   -2.891343e+01 -1.670871e+01 4.076116e+01
      vertex   -2.924458e+01 -1.630922e+01 4.051565e+01
    endloop
  endfacet
  facet normal 6.607155e-01 7.053994e-01 2.566450e-01
    outer loop
      vertex   -2.924458e+01 -1.630922e+01 4.051565e+01
      vertex   -2.891343e+01 -1.670871e+01 4.076116e+01
      vertex   -2.885461e+01 -1.670891e+01 4.061025e+01
    endloop
  endfacet
  facet normal 6.855120e-01 7.085122e-01 1.675820e-01
    outer loop
      vertex   -2.924458e+01 -1.630922e+01 4.051565e+01
      vertex   -2.885461e+01 -1.670891e+01 4.061025e+01
      vertex   -2.922009e+01 -1.630935e+01 4.041605e+01
    endloop
  endfacet
  facet normal 6.934097e-01 7.054922e-01 1.465054e-01
    outer loop
      vertex   -2.922009e+01 -1.630935e+01 4.041605e+01
      vertex   -2.885461e+01 -1.670891e+01 4.061025e+01
      vertex   -2.882092e+01 -1.670912e+01 4.045183e+01
    endloop
  endfacet
  facet normal 7.046383e-01 7.079179e-01 4.834361e-02
    outer loop
      vertex   -2.922009e+01 -1.630935e+01 4.041605e+01
      vertex   -2.882092e+01 -1.670912e+01 4.045183e+01
      vertex   -2.921293e+01 -1.630950e+01 4.031374e+01
    endloop
  endfacet
  facet normal 7.078472e-01 7.056144e-01 3.256853e-02
    outer loop
      vertex   -2.921293e+01 -1.630950e+01 4.031374e+01
      vertex   -2.882092e+01 -1.670912e+01 4.045183e+01
      vertex   -2.881324e+01 -1.670936e+01 4.029005e+01
    endloop
  endfacet
  facet normal 7.032475e-01 7.072397e-01 -7.249073e-02
    outer loop
      vertex   -2.921293e+01 -1.630950e+01 4.031374e+01
      vertex   -2.881324e+01 -1.670936e+01 4.029005e+01
      vertex   -2.922329e+01 -1.630965e+01 4.021170e+01
    endloop
  endfacet
  facet normal 7.036614e-01 7.057700e-01 -8.215438e-02
    outer loop
      vertex   -2.922329e+01 -1.630965e+01 4.021170e+01
      vertex   -2.881324e+01 -1.670936e+01 4.029005e+01
      vertex   -2.883178e+01 -1.670960e+01 4.012916e+01
    endloop
  endfacet
  facet normal 6.813506e-01 7.064823e-01 -1.914262e-01
    outer loop
      vertex   -2.922329e+01 -1.630965e+01 4.021170e+01
      vertex   -2.883178e+01 -1.670960e+01 4.012916e+01
      vertex   -2.925088e+01 -1.630981e+01 4.011292e+01
    endloop
  endfacet
  facet normal 6.809798e-01 7.059633e-01 -1.946339e-01
    outer loop
      vertex   -2.925088e+01 -1.630981e+01 4.011292e+01
      vertex   -2.883178e+01 -1.670960e+01 4.012916e+01
      vertex   -2.887606e+01 -1.670985e+01 3.997336e+01
    endloop
  endfacet
  facet normal 6.619749e-01 7.070399e-01 -2.487646e-01
    outer loop
      vertex   -3.054260e+01 -1.631542e+01 3.665964e+01
      vertex   -2.925088e+01 -1.630981e+01 4.011292e+01
      vertex   -3.016777e+01 -1.671546e+01 3.652009e+01
    endloop
  endfacet
  facet normal 6.619749e-01 7.070399e-01 -2.487646e-01
    outer loop
      vertex   -3.016777e+01 -1.671546e+01 3.652009e+01
      vertex   -2.925088e+01 -1.630981e+01 4.011292e+01
      vertex   -2.887606e+01 -1.670985e+01 3.997336e+01
    endloop
  endfacet
  facet normal 6.763416e-01 7.064591e-01 -2.085128e-01
    outer loop
      vertex   -3.054260e+01 -1.631542e+01 3.665964e+01
      vertex   -3.016777e+01 -1.671546e+01 3.652009e+01
      vertex   -3.060632e+01 -1.631575e+01 3.645183e+01
    endloop
  endfacet
  facet normal 6.765580e-01 7.073207e-01 -2.048580e-01
    outer loop
      vertex   -3.060632e+01 -1.631575e+01 3.645183e+01
      vertex   -3.016777e+01 -1.671546e+01 3.652009e+01
      vertex   -3.022058e+01 -1.671574e+01 3.634474e+01
    endloop
  endfacet
  facet normal 6.970974e-01 7.058968e-01 -1.255586e-01
    outer loop
      vertex   -3.060632e+01 -1.631575e+01 3.645183e+01
      vertex   -3.022058e+01 -1.671574e+01 3.634474e+01
      vertex   -3.064453e+01 -1.631608e+01 3.623785e+01
    endloop
  endfacet
  facet normal 6.965765e-01 7.082653e-01 -1.146363e-01
    outer loop
      vertex   -3.064453e+01 -1.631608e+01 3.623785e+01
      vertex   -3.022058e+01 -1.671574e+01 3.634474e+01
      vertex   -3.025004e+01 -1.671602e+01 3.616400e+01
    endloop
  endfacet
  facet normal 7.075878e-01 7.054571e-01 -4.061772e-02
    outer loop
      vertex   -3.064453e+01 -1.631608e+01 3.623785e+01
      vertex   -3.025004e+01 -1.671602e+01 3.616400e+01
      vertex   -3.065666e+01 -1.631641e+01 3.602083e+01
    endloop
  endfacet
  facet normal 7.047989e-01 7.090445e-01 -2.268295e-02
    outer loop
      vertex   -3.065666e+01 -1.631641e+01 3.602083e+01
      vertex   -3.025004e+01 -1.671602e+01 3.616400e+01
      vertex   -3.025566e+01 -1.671629e+01 3.598095e+01
    endloop
  endfacet
  facet normal 7.076379e-01 7.051390e-01 4.502826e-02
    outer loop
      vertex   -3.065666e+01 -1.631641e+01 3.602083e+01
      vertex   -3.025566e+01 -1.671629e+01 3.598095e+01
      vertex   -3.064255e+01 -1.631672e+01 3.580393e+01
    endloop
  endfacet
  facet normal 7.011119e-01 7.096572e-01 6.948916e-02
    outer loop
      vertex   -3.064255e+01 -1.631672e+01 3.580393e+01
      vertex   -3.025566e+01 -1.671629e+01 3.598095e+01
      vertex   -3.023734e+01 -1.671654e+01 3.579874e+01
    endloop
  endfacet
  facet normal 6.972341e-01 7.049415e-01 1.300852e-01
    outer loop
      vertex   -3.064255e+01 -1.631672e+01 3.580393e+01
      vertex   -3.023734e+01 -1.671654e+01 3.579874e+01
      vertex   -3.060240e+01 -1.631701e+01 3.559031e+01
    endloop
  endfacet
  facet normal 6.855927e-01 7.101023e-01 1.603664e-01
    outer loop
      vertex   -3.060240e+01 -1.631701e+01 3.559031e+01
      vertex   -3.023734e+01 -1.671654e+01 3.579874e+01
      vertex   -3.019539e+01 -1.671678e+01 3.562048e+01
    endloop
  endfacet
  facet normal 6.765244e-01 7.048632e-01 2.132666e-01
    outer loop
      vertex   -3.060240e+01 -1.631701e+01 3.559031e+01
      vertex   -3.019539e+01 -1.671678e+01 3.562048e+01
      vertex   -3.053679e+01 -1.631728e+01 3.538308e+01
    endloop
  endfacet
  facet normal 6.585071e-01 7.103783e-01 2.484574e-01
    outer loop
      vertex   -3.053679e+01 -1.631728e+01 3.538308e+01
      vertex   -3.019539e+01 -1.671678e+01 3.562048e+01
      vertex   -3.013054e+01 -1.671700e+01 3.544922e+01
    endloop
  endfacet
  facet normal 6.458165e-01 7.049027e-01 2.933141e-01
    outer loop
      vertex   -3.053679e+01 -1.631728e+01 3.538308e+01
      vertex   -3.013054e+01 -1.671700e+01 3.544922e+01
      vertex   -3.044668e+01 -1.631753e+01 3.518528e+01
    endloop
  endfacet
  facet normal 6.203054e-01 7.104836e-01 3.323167e-01
    outer loop
      vertex   -3.044668e+01 -1.631753e+01 3.518528e+01
      vertex   -3.013054e+01 -1.671700e+01 3.544922e+01
      vertex   -3.004388e+01 -1.671720e+01 3.528789e+01
    endloop
  endfacet
  facet normal 6.055727e-01 7.050587e-01 3.690175e-01
    outer loop
      vertex   -3.044668e+01 -1.631753e+01 3.518528e+01
      vertex   -3.004388e+01 -1.671720e+01 3.528789e+01
      vertex   -3.033339e+01 -1.631775e+01 3.499978e+01
    endloop
  endfacet
  facet normal 5.716151e-01 7.104164e-01 4.105663e-01
    outer loop
      vertex   -3.033339e+01 -1.631775e+01 3.499978e+01
      vertex   -3.004388e+01 -1.671720e+01 3.528789e+01
      vertex   -2.993691e+01 -1.671737e+01 3.513926e+01
    endloop
  endfacet
  facet normal 5.564028e-01 7.053296e-01 4.392335e-01
    outer loop
      vertex   -3.033339e+01 -1.631775e+01 3.499978e+01
      vertex   -2.993691e+01 -1.671737e+01 3.513926e+01
      vertex   -3.019856e+01 -1.631794e+01 3.482928e+01
    endloop
  endfacet
  facet normal 5.132317e-01 7.101750e-01 4.819177e-01
    outer loop
      vertex   -3.019856e+01 -1.631794e+01 3.482928e+01
      vertex   -2.993691e+01 -1.671737e+01 3.513926e+01
      vertex   -2.981146e+01 -1.671751e+01 3.500585e+01
    endloop
  endfacet
  facet normal 4.990543e-01 7.057139e-01 5.029043e-01
    outer loop
      vertex   -3.019856e+01 -1.631794e+01 3.482928e+01
      vertex   -2.981146e+01 -1.671751e+01 3.500585e+01
      vertex   -3.004416e+01 -1.631809e+01 3.467629e+01
    endloop
  endfacet
  facet normal 4.461058e-01 7.097574e-01 5.451917e-01
    outer loop
      vertex   -3.004416e+01 -1.631809e+01 3.467629e+01
      vertex   -2.981146e+01 -1.671751e+01 3.500585e+01
      vertex   -2.966966e+01 -1.671762e+01 3.488996e+01
    endloop
  endfacet
  facet normal 4.344008e-01 7.062099e-01 5.590738e-01
    outer loop
      vertex   -3.004416e+01 -1.631809e+01 3.467629e+01
      vertex   -2.966966e+01 -1.671762e+01 3.488996e+01
      vertex   -2.987245e+01 -1.631821e+01 3.454301e+01
    endloop
  endfacet
  facet normal 3.713289e-01 7.091616e-01 5.993368e-01
    outer loop
      vertex   -2.987245e+01 -1.631821e+01 3.454301e+01
      vertex   -2.966966e+01 -1.671762e+01 3.488996e+01
      vertex   -2.951395e+01 -1.671769e+01 3.479358e+01
    endloop
  endfacet
  facet normal 3.634275e-01 7.068163e-01 6.069029e-01
    outer loop
      vertex   -2.987245e+01 -1.631821e+01 3.454301e+01
      vertex   -2.951395e+01 -1.671769e+01 3.479358e+01
      vertex   -2.968593e+01 -1.631829e+01 3.443141e+01
    endloop
  endfacet
  facet normal 2.901167e-01 7.083856e-01 6.434455e-01
    outer loop
      vertex   -2.968593e+01 -1.631829e+01 3.443141e+01
      vertex   -2.951395e+01 -1.671769e+01 3.479358e+01
      vertex   -2.934699e+01 -1.671772e+01 3.471834e+01
    endloop
  endfacet
  facet normal 2.872163e-01 7.075315e-01 6.456826e-01
    outer loop
      vertex   -2.968593e+01 -1.631829e+01 3.443141e+01
      vertex   -2.934699e+01 -1.671772e+01 3.471834e+01
      vertex   -2.948731e+01 -1.631833e+01 3.434311e+01
    endloop
  endfacet
  facet normal 2.474177e-01 7.081824e-01 6.612580e-01
    outer loop
      vertex   -2.948731e+01 -1.631833e+01 3.434311e+01
      vertex   -2.934699e+01 -1.671772e+01 3.471834e+01
      vertex   -2.634042e+01 -1.631864e+01 3.316600e+01
    endloop
  endfacet
  facet normal 2.474177e-01 7.081824e-01 6.612580e-01
    outer loop
      vertex   -2.634042e+01 -1.631864e+01 3.316600e+01
      vertex   -2.934699e+01 -1.671772e+01 3.471834e+01
      vertex   -2.605504e+01 -1.671805e+01 3.348697e+01
    endloop
  endfacet
  facet normal 6.711849e-01 -7.062084e-01 2.253454e-01
    outer loop
      vertex   -2.166629e+01 -3.184632e+01 4.705663e+01
      vertex   -2.204021e+01 -3.224669e+01 4.691562e+01
      vertex   -2.156385e+01 -3.184672e+01 4.675026e+01
    endloop
  endfacet
  facet normal 6.710965e-01 -7.069192e-01 2.233711e-01
    outer loop
      vertex   -2.156385e+01 -3.184672e+01 4.675026e+01
      vertex   -2.204021e+01 -3.224669e+01 4.691562e+01
      vertex   -2.194231e+01 -3.224708e+01 4.662026e+01
    endloop
  endfacet
  facet normal 6.872911e-01 -7.056486e-01 1.723108e-01
    outer loop
      vertex   -2.156385e+01 -3.184672e+01 4.675026e+01
      vertex   -2.194231e+01 -3.224708e+01 4.662026e+01
      vertex   -2.148570e+01 -3.184714e+01 4.643681e+01
    endloop
  endfacet
  facet normal 6.866853e-01 -7.076394e-01 1.664626e-01
    outer loop
      vertex   -2.148570e+01 -3.184714e+01 4.643681e+01
      vertex   -2.194231e+01 -3.224708e+01 4.662026e+01
      vertex   -2.186941e+01 -3.224749e+01 4.631777e+01
    endloop
  endfacet
  facet normal 6.991198e-01 -7.051810e-01 1.181156e-01
    outer loop
      vertex   -2.148570e+01 -3.184714e+01 4.643681e+01
      vertex   -2.186941e+01 -3.224749e+01 4.631777e+01
      vertex   -2.143232e+01 -3.184758e+01 4.611821e+01
    endloop
  endfacet
  facet normal 6.975582e-01 -7.082627e-01 1.085196e-01
    outer loop
      vertex   -2.143232e+01 -3.184758e+01 4.611821e+01
      vertex   -2.186941e+01 -3.224749e+01 4.631777e+01
      vertex   -2.182200e+01 -3.224791e+01 4.601025e+01
    endloop
  endfacet
  facet normal 7.065874e-01 -7.048058e-01 6.311127e-02
    outer loop
      vertex   -2.143232e+01 -3.184758e+01 4.611821e+01
      vertex   -2.182200e+01 -3.224791e+01 4.601025e+01
      vertex   -2.140403e+01 -3.184804e+01 4.579641e+01
    endloop
  endfacet
  facet normal 7.036514e-01 -7.087894e-01 4.992337e-02
    outer loop
      vertex   -2.140403e+01 -3.184804e+01 4.579641e+01
      vertex   -2.182200e+01 -3.224791e+01 4.601025e+01
      vertex   -2.180042e+01 -3.224836e+01 4.569984e+01
    endloop
  endfacet
  facet normal 7.096398e-01 -7.045230e-01 7.655366e-03
    outer loop
      vertex   -2.140403e+01 -3.184804e+01 4.579641e+01
      vertex   -2.180042e+01 -3.224836e+01 4.569984e+01
      vertex   -2.140101e+01 -3.184851e+01 4.547338e+01
    endloop
  endfacet
  facet normal 7.049312e-01 -7.092194e-01 -8.941205e-03
    outer loop
      vertex   -2.140101e+01 -3.184851e+01 4.547338e+01
      vertex   -2.180042e+01 -3.224836e+01 4.569984e+01
      vertex   -2.180483e+01 -3.224881e+01 4.538872e+01
    endloop
  endfacet
  facet normal 7.082528e-01 -7.043326e-01 -4.789123e-02
    outer loop
      vertex   -2.140101e+01 -3.184851e+01 4.547338e+01
      vertex   -2.180483e+01 -3.224881e+01 4.538872e+01
      vertex   -2.142328e+01 -3.184899e+01 4.515110e+01
    endloop
  endfacet
  facet normal 7.013940e-01 -7.095525e-01 -6.768810e-02
    outer loop
      vertex   -2.142328e+01 -3.184899e+01 4.515110e+01
      vertex   -2.180483e+01 -3.224881e+01 4.538872e+01
      vertex   -2.183518e+01 -3.224928e+01 4.507905e+01
    endloop
  endfacet
  facet normal 7.024321e-01 -7.042342e-01 -1.031666e-01
    outer loop
      vertex   -2.142328e+01 -3.184899e+01 4.515110e+01
      vertex   -2.183518e+01 -3.224928e+01 4.507905e+01
      vertex   -2.147070e+01 -3.184948e+01 4.483156e+01
    endloop
  endfacet
  facet normal 6.930665e-01 -7.097886e-01 -1.259323e-01
    outer loop
      vertex   -2.147070e+01 -3.184948e+01 4.483156e+01
      vertex   -2.183518e+01 -3.224928e+01 4.507905e+01
      vertex   -2.189128e+01 -3.224975e+01 4.477299e+01
    endloop
  endfacet
  facet normal 6.922133e-01 -7.042276e-01 -1.578107e-01
    outer loop
      vertex   -2.147070e+01 -3.184948e+01 4.483156e+01
      vertex   -2.189128e+01 -3.224975e+01 4.477299e+01
      vertex   -2.154298e+01 -3.184997e+01 4.451670e+01
    endloop
  endfacet
  facet normal 6.800053e-01 -7.099272e-01 -1.832923e-01
    outer loop
      vertex   -2.154298e+01 -3.184997e+01 4.451670e+01
      vertex   -2.189128e+01 -3.224975e+01 4.477299e+01
      vertex   -2.197272e+01 -3.225022e+01 4.447268e+01
    endloop
  endfacet
  facet normal 6.776620e-01 -7.043124e-01 -2.114671e-01
    outer loop
      vertex   -2.154298e+01 -3.184997e+01 4.451670e+01
      vertex   -2.197272e+01 -3.225022e+01 4.447268e+01
      vertex   -2.163968e+01 -3.185046e+01 4.420847e+01
    endloop
  endfacet
  facet normal 6.622968e-01 -7.099678e-01 -2.393922e-01
    outer loop
      vertex   -2.163968e+01 -3.185046e+01 4.420847e+01
      vertex   -2.197272e+01 -3.225022e+01 4.447268e+01
      vertex   -2.207894e+01 -3.225070e+01 4.418022e+01
    endloop
  endfacet
  facet normal 6.588728e-01 -7.044879e-01 -2.637866e-01
    outer loop
      vertex   -2.163968e+01 -3.185046e+01 4.420847e+01
      vertex   -2.207894e+01 -3.225070e+01 4.418022e+01
      vertex   -2.176020e+01 -3.185095e+01 4.390875e+01
    endloop
  endfacet
  facet normal 6.400564e-01 -7.099098e-01 -2.938638e-01
    outer loop
      vertex   -2.176020e+01 -3.185095e+01 4.390875e+01
      vertex   -2.207894e+01 -3.225070e+01 4.418022e+01
      vertex   -2.220920e+01 -3.225117e+01 4.389764e+01
    endloop
  endfacet
  facet normal 6.359693e-01 -7.047535e-01 -3.144287e-01
    outer loop
      vertex   -2.176020e+01 -3.185095e+01 4.390875e+01
      vertex   -2.220920e+01 -3.225117e+01 4.389764e+01
      vertex   -2.190381e+01 -3.185144e+01 4.361938e+01
    endloop
  endfacet
  facet normal 6.134280e-01 -7.097523e-01 -3.463492e-01
    outer loop
      vertex   -2.190381e+01 -3.185144e+01 4.361938e+01
      vertex   -2.220920e+01 -3.225117e+01 4.389764e+01
      vertex   -2.236259e+01 -3.225163e+01 4.362692e+01
    endloop
  endfacet
  facet normal 6.091027e-01 -7.051086e-01 -3.630645e-01
    outer loop
      vertex   -2.190381e+01 -3.185144e+01 4.361938e+01
      vertex   -2.236259e+01 -3.225163e+01 4.362692e+01
      vertex   -2.206962e+01 -3.185192e+01 4.334214e+01
    endloop
  endfacet
  facet normal 5.825831e-01 -7.094945e-01 -3.965029e-01
    outer loop
      vertex   -2.206962e+01 -3.185192e+01 4.334214e+01
      vertex   -2.236259e+01 -3.225163e+01 4.362692e+01
      vertex   -2.253803e+01 -3.225208e+01 4.336995e+01
    endloop
  endfacet
  facet normal 5.784507e-01 -7.055521e-01 -4.093788e-01
    outer loop
      vertex   -2.206962e+01 -3.185192e+01 4.334214e+01
      vertex   -2.253803e+01 -3.225208e+01 4.336995e+01
      vertex   -2.225661e+01 -3.185238e+01 4.307872e+01
    endloop
  endfacet
  facet normal 5.477198e-01 -7.091354e-01 -4.439933e-01
    outer loop
      vertex   -2.225661e+01 -3.185238e+01 4.307872e+01
      vertex   -2.253803e+01 -3.225208e+01 4.336995e+01
      vertex   -2.273432e+01 -3.225252e+01 4.312851e+01
    endloop
  endfacet
  facet normal 5.442168e-01 -7.060832e-01 -4.530725e-01
    outer loop
      vertex   -2.225661e+01 -3.185238e+01 4.307872e+01
      vertex   -2.273432e+01 -3.225252e+01 4.312851e+01
      vertex   -2.246365e+01 -3.185284e+01 4.283074e+01
    endloop
  endfacet
  facet normal 5.090616e-01 -7.086739e-01 -4.885055e-01
    outer loop
      vertex   -2.246365e+01 -3.185284e+01 4.283074e+01
      vertex   -2.273432e+01 -3.225252e+01 4.312851e+01
      vertex   -2.295006e+01 -3.225295e+01 4.290430e+01
    endloop
  endfacet
  facet normal 5.066282e-01 -7.067008e-01 -4.938643e-01
    outer loop
      vertex   -2.246365e+01 -3.185284e+01 4.283074e+01
      vertex   -2.295006e+01 -3.225295e+01 4.290430e+01
      vertex   -2.268945e+01 -3.185328e+01 4.259973e+01
    endloop
  endfacet
  facet normal 4.668563e-01 -7.081087e-01 -5.297426e-01
    outer loop
      vertex   -2.268945e+01 -3.185328e+01 4.259973e+01
      vertex   -2.295006e+01 -3.225295e+01 4.290430e+01
      vertex   -2.318377e+01 -3.225335e+01 4.269888e+01
    endloop
  endfacet
  facet normal 4.659346e-01 -7.074038e-01 -5.314931e-01
    outer loop
      vertex   -2.268945e+01 -3.185328e+01 4.259973e+01
      vertex   -2.318377e+01 -3.225335e+01 4.269888e+01
      vertex   -2.293265e+01 -3.185369e+01 4.238709e+01
    endloop
  endfacet
  facet normal 6.919727e-01 -7.065328e-01 -1.482738e-01
    outer loop
      vertex   -2.209701e+01 -3.224501e+01 4.808552e+01
      vertex   -2.213886e+01 -3.224531e+01 4.789163e+01
      vertex   -2.171113e+01 -3.184499e+01 4.798024e+01
    endloop
  endfacet
  facet normal 6.919097e-01 -7.081387e-01 -1.407144e-01
    outer loop
      vertex   -2.171113e+01 -3.184499e+01 4.798024e+01
      vertex   -2.213886e+01 -3.224531e+01 4.789163e+01
      vertex   -2.174886e+01 -3.184528e+01 4.779619e+01
    endloop
  endfacet
  facet normal 7.049204e-01 -7.052590e-01 -7.547809e-02
    outer loop
      vertex   -2.174886e+01 -3.184528e+01 4.779619e+01
      vertex   -2.213886e+01 -3.224531e+01 4.789163e+01
      vertex   -2.216028e+01 -3.224561e+01 4.769444e+01
    endloop
  endfacet
  facet normal 7.031114e-01 -7.090970e-01 -5.306351e-02
    outer loop
      vertex   -2.174886e+01 -3.184528e+01 4.779619e+01
      vertex   -2.216028e+01 -3.224561e+01 4.769444e+01
      vertex   -2.176327e+01 -3.184556e+01 4.760887e+01
    endloop
  endfacet
  facet normal 7.096367e-01 -7.045659e-01 -1.605459e-03
    outer loop
      vertex   -2.176327e+01 -3.184556e+01 4.760887e+01
      vertex   -2.216028e+01 -3.224561e+01 4.769444e+01
      vertex   -2.216101e+01 -3.224590e+01 4.749608e+01
    endloop
  endfacet
  facet normal 7.039967e-01 -7.093306e-01 3.519721e-02
    outer loop
      vertex   -2.176327e+01 -3.184556e+01 4.760887e+01
      vertex   -2.216101e+01 -3.224590e+01 4.749608e+01
      vertex   -2.175416e+01 -3.184583e+01 4.742121e+01
    endloop
  endfacet
  facet normal 7.060459e-01 -7.044596e-01 7.235934e-02
    outer loop
      vertex   -2.175416e+01 -3.184583e+01 4.742121e+01
      vertex   -2.216101e+01 -3.224590e+01 4.749608e+01
      vertex   -2.214106e+01 -3.224618e+01 4.729873e+01
    endloop
  endfacet
  facet normal 6.945659e-01 -7.088441e-01 1.229561e-01
    outer loop
      vertex   -2.175416e+01 -3.184583e+01 4.742121e+01
      vertex   -2.214106e+01 -3.224618e+01 4.729873e+01
      vertex   -2.172167e+01 -3.184608e+01 4.723616e+01
    endloop
  endfacet
  facet normal 6.941957e-01 -7.049416e-01 1.454294e-01
    outer loop
      vertex   -2.172167e+01 -3.184608e+01 4.723616e+01
      vertex   -2.214106e+01 -3.224618e+01 4.729873e+01
      vertex   -2.210065e+01 -3.224644e+01 4.710454e+01
    endloop
  endfacet
  facet normal 6.749264e-01 -7.076361e-01 2.091066e-01
    outer loop
      vertex   -2.172167e+01 -3.184608e+01 4.723616e+01
      vertex   -2.210065e+01 -3.224644e+01 4.710454e+01
      vertex   -2.166629e+01 -3.184632e+01 4.705663e+01
    endloop
  endfacet
  facet normal 6.742571e-01 -7.060085e-01 2.166318e-01
    outer loop
      vertex   -2.166629e+01 -3.184632e+01 4.705663e+01
      vertex   -2.210065e+01 -3.224644e+01 4.710454e+01
      vertex   -2.204021e+01 -3.224669e+01 4.691562e+01
    endloop
  endfacet
  facet normal 4.917129e-01 7.439873e-01 -4.524393e-01
    outer loop
      vertex   -3.686774e+01 -2.053145e+01 1.751566e+01
      vertex   -3.731330e+01 -2.039477e+01 1.725618e+01
      vertex   -3.666375e+01 -2.016864e+01 1.833395e+01
    endloop
  endfacet
  facet normal 4.917129e-01 7.439873e-01 -4.524393e-01
    outer loop
      vertex   -3.666375e+01 -2.016864e+01 1.833395e+01
      vertex   -3.731330e+01 -2.039477e+01 1.725618e+01
      vertex   -3.699175e+01 -1.979643e+01 1.858954e+01
    endloop
  endfacet
  facet normal 4.917129e-01 7.439873e-01 -4.524393e-01
    outer loop
      vertex   -3.699175e+01 -1.979643e+01 1.858954e+01
      vertex   -3.731330e+01 -2.039477e+01 1.725618e+01
      vertex   -3.736083e+01 -2.045285e+01 1.710902e+01
    endloop
  endfacet
  facet normal 9.796356e-01 1.439504e-04 -2.007838e-01
    outer loop
      vertex   -2.171434e+01 -2.464500e+01 4.796974e+01
      vertex   -2.171113e+01 -3.184499e+01 4.798024e+01
      vertex   -2.175046e+01 -2.824528e+01 4.779094e+01
    endloop
  endfacet
  facet normal 9.796356e-01 1.439504e-04 -2.007838e-01
    outer loop
      vertex   -2.175046e+01 -2.824528e+01 4.779094e+01
      vertex   -2.171113e+01 -3.184499e+01 4.798024e+01
      vertex   -2.174886e+01 -3.184528e+01 4.779619e+01
    endloop
  endfacet
  facet normal 9.970504e-01 3.326255e-04 -7.674859e-02
    outer loop
      vertex   -2.175046e+01 -2.824528e+01 4.779094e+01
      vertex   -2.174886e+01 -3.184528e+01 4.779619e+01
      vertex   -2.176488e+01 -2.824556e+01 4.760362e+01
    endloop
  endfacet
  facet normal 9.970504e-01 3.326255e-04 -7.674859e-02
    outer loop
      vertex   -2.176488e+01 -2.824556e+01 4.760362e+01
      vertex   -2.174886e+01 -3.184528e+01 4.779619e+01
      vertex   -2.176327e+01 -3.184556e+01 4.760887e+01
    endloop
  endfacet
  facet normal 9.988235e-01 5.160823e-04 4.849064e-02
    outer loop
      vertex   -2.176488e+01 -2.824556e+01 4.760362e+01
      vertex   -2.176327e+01 -3.184556e+01 4.760887e+01
      vertex   -2.175577e+01 -2.824583e+01 4.741596e+01
    endloop
  endfacet
  facet normal 9.988235e-01 5.160823e-04 4.849064e-02
    outer loop
      vertex   -2.175577e+01 -2.824583e+01 4.741596e+01
      vertex   -2.176327e+01 -3.184556e+01 4.760887e+01
      vertex   -2.175416e+01 -3.184583e+01 4.742121e+01
    endloop
  endfacet
  facet normal 9.849270e-01 6.914428e-04 1.729692e-01
    outer loop
      vertex   -2.175577e+01 -2.824583e+01 4.741596e+01
      vertex   -2.175416e+01 -3.184583e+01 4.742121e+01
      vertex   -2.172327e+01 -2.824609e+01 4.723091e+01
    endloop
  endfacet
  facet normal 9.849270e-01 6.914428e-04 1.729692e-01
    outer loop
      vertex   -2.172327e+01 -2.824609e+01 4.723091e+01
      vertex   -2.175416e+01 -3.184583e+01 4.742121e+01
      vertex   -2.172167e+01 -3.184608e+01 4.723616e+01
    endloop
  endfacet
  facet normal 9.555789e-01 8.559560e-04 2.947341e-01
    outer loop
      vertex   -2.172327e+01 -2.824609e+01 4.723091e+01
      vertex   -2.172167e+01 -3.184608e+01 4.723616e+01
      vertex   -2.166629e+01 -3.184632e+01 4.705663e+01
    endloop
  endfacet
  facet normal 9.555789e-01 8.559560e-04 2.947341e-01
    outer loop
      vertex   -2.166629e+01 -3.184632e+01 4.705663e+01
      vertex   -2.166950e+01 -2.464633e+01 4.704613e+01
      vertex   -2.172327e+01 -2.824609e+01 4.723091e+01
    endloop
  endfacet
  facet normal 9.555789e-01 8.559560e-04 2.947341e-01
    outer loop
      vertex   -2.172327e+01 -2.824609e+01 4.723091e+01
      vertex   -2.166950e+01 -2.464633e+01 4.704613e+01
      vertex   -2.172488e+01 -2.464609e+01 4.722566e+01
    endloop
  endfacet
  facet normal 9.849270e-01 6.914428e-04 1.729692e-01
    outer loop
      vertex   -2.172327e+01 -2.824609e+01 4.723091e+01
      vertex   -2.172488e+01 -2.464609e+01 4.722566e+01
      vertex   -2.175577e+01 -2.824583e+01 4.741596e+01
    endloop
  endfacet
  facet normal 9.849270e-01 6.914428e-04 1.729692e-01
    outer loop
      vertex   -2.175577e+01 -2.824583e+01 4.741596e+01
      vertex   -2.172488e+01 -2.464609e+01 4.722566e+01
      vertex   -2.175737e+01 -2.464583e+01 4.741071e+01
    endloop
  endfacet
  facet normal 9.988235e-01 5.160823e-04 4.849064e-02
    outer loop
      vertex   -2.175577e+01 -2.824583e+01 4.741596e+01
      vertex   -2.175737e+01 -2.464583e+01 4.741071e+01
      vertex   -2.176488e+01 -2.824556e+01 4.760362e+01
    endloop
  endfacet
  facet normal 9.988235e-01 5.160823e-04 4.849064e-02
    outer loop
      vertex   -2.176488e+01 -2.824556e+01 4.760362e+01
      vertex   -2.175737e+01 -2.464583e+01 4.741071e+01
      vertex   -2.176649e+01 -2.464556e+01 4.759836e+01
    endloop
  endfacet
  facet normal 9.970504e-01 3.326255e-04 -7.674859e-02
    outer loop
      vertex   -2.176488e+01 -2.824556e+01 4.760362e+01
      vertex   -2.176649e+01 -2.464556e+01 4.759836e+01
      vertex   -2.175046e+01 -2.824528e+01 4.779094e+01
    endloop
  endfacet
  facet normal 9.970504e-01 3.326255e-04 -7.674859e-02
    outer loop
      vertex   -2.175046e+01 -2.824528e+01 4.779094e+01
      vertex   -2.176649e+01 -2.464556e+01 4.759836e+01
      vertex   -2.175207e+01 -2.464529e+01 4.778569e+01
    endloop
  endfacet
  facet normal 9.796356e-01 1.439504e-04 -2.007838e-01
    outer loop
      vertex   -2.175046e+01 -2.824528e+01 4.779094e+01
      vertex   -2.175207e+01 -2.464529e+01 4.778569e+01
      vertex   -2.171434e+01 -2.464500e+01 4.796974e+01
    endloop
  endfacet
  facet normal 4.458808e-04 -9.999988e-01 1.458537e-03
    outer loop
      vertex   -3.142587e+01 -1.938485e+01 2.361230e+01
      vertex   -3.069184e+01 -1.938105e+01 2.599303e+01
      vertex   -3.289003e+01 -1.938554e+01 2.358673e+01
    endloop
  endfacet
  facet normal 4.458808e-04 -9.999988e-01 1.458537e-03
    outer loop
      vertex   -3.289003e+01 -1.938554e+01 2.358673e+01
      vertex   -3.069184e+01 -1.938105e+01 2.599303e+01
      vertex   -3.297679e+01 -1.938111e+01 2.664812e+01
    endloop
  endfacet
  facet normal 4.458808e-04 -9.999988e-01 1.458537e-03
    outer loop
      vertex   -3.289003e+01 -1.938554e+01 2.358673e+01
      vertex   -3.297679e+01 -1.938111e+01 2.664812e+01
      vertex   -3.308412e+01 -1.938562e+01 2.359232e+01
    endloop
  endfacet
  facet normal 4.458808e-04 -9.999988e-01 1.458537e-03
    outer loop
      vertex   -3.308412e+01 -1.938562e+01 2.359232e+01
      vertex   -3.297679e+01 -1.938111e+01 2.664812e+01
      vertex   -3.327687e+01 -1.938567e+01 2.361582e+01
    endloop
  endfacet
  facet normal 4.458808e-04 -9.999988e-01 1.458537e-03
    outer loop
      vertex   -3.327687e+01 -1.938567e+01 2.361582e+01
      vertex   -3.297679e+01 -1.938111e+01 2.664812e+01
      vertex   -3.346662e+01 -1.938569e+01 2.365701e+01
    endloop
  endfacet
  facet normal 4.458808e-04 -9.999988e-01 1.458537e-03
    outer loop
      vertex   -3.346662e+01 -1.938569e+01 2.365701e+01
      vertex   -3.297679e+01 -1.938111e+01 2.664812e+01
      vertex   -3.365175e+01 -1.938569e+01 2.371556e+01
    endloop
  endfacet
  facet normal 4.458808e-04 -9.999988e-01 1.458537e-03
    outer loop
      vertex   -3.365175e+01 -1.938569e+01 2.371556e+01
      vertex   -3.297679e+01 -1.938111e+01 2.664812e+01
      vertex   -3.383069e+01 -1.938566e+01 2.379095e+01
    endloop
  endfacet
  facet normal 4.458808e-04 -9.999988e-01 1.458537e-03
    outer loop
      vertex   -3.217736e+01 -1.917928e+01 2.932307e+01
      vertex   -3.182391e+01 -1.917743e+01 3.047917e+01
      vertex   -3.148755e+01 -1.917560e+01 3.163117e+01
    endloop
  endfacet
  facet normal 4.458808e-04 -9.999988e-01 1.458537e-03
    outer loop
      vertex   -3.148755e+01 -1.917560e+01 3.163117e+01
      vertex   -3.182391e+01 -1.917743e+01 3.047917e+01
      vertex   -3.176230e+01 -1.917717e+01 3.063891e+01
    endloop
  endfacet
  facet normal 4.458808e-04 -9.999988e-01 1.458537e-03
    outer loop
      vertex   -3.148755e+01 -1.917560e+01 3.163117e+01
      vertex   -3.176230e+01 -1.917717e+01 3.063891e+01
      vertex   -3.167858e+01 -1.917692e+01 3.078826e+01
    endloop
  endfacet
  facet normal 4.458808e-04 -9.999988e-01 1.458537e-03
    outer loop
      vertex   -3.167858e+01 -1.917692e+01 3.078826e+01
      vertex   -3.157446e+01 -1.917667e+01 3.092418e+01
      vertex   -3.148755e+01 -1.917560e+01 3.163117e+01
    endloop
  endfacet
  facet normal 4.458808e-04 -9.999988e-01 1.458537e-03
    outer loop
      vertex   -3.148755e+01 -1.917560e+01 3.163117e+01
      vertex   -3.157446e+01 -1.917667e+01 3.092418e+01
      vertex   -3.145205e+01 -1.917645e+01 3.104390e+01
    endloop
  endfacet
  facet normal 4.458808e-04 -9.999988e-01 1.458537e-03
    outer loop
      vertex   -3.148755e+01 -1.917560e+01 3.163117e+01
      vertex   -3.145205e+01 -1.917645e+01 3.104390e+01
      vertex   -3.131386e+01 -1.917624e+01 3.114497e+01
    endloop
  endfacet
  facet normal 4.458808e-04 -9.999988e-01 1.458537e-03
    outer loop
      vertex   -3.131386e+01 -1.917624e+01 3.114497e+01
      vertex   -3.116269e+01 -1.917605e+01 3.122535e+01
      vertex   -3.148755e+01 -1.917560e+01 3.163117e+01
    endloop
  endfacet
  facet normal 4.458808e-04 -9.999988e-01 1.458537e-03
    outer loop
      vertex   -3.148755e+01 -1.917560e+01 3.163117e+01
      vertex   -3.116269e+01 -1.917605e+01 3.122535e+01
      vertex   -3.100161e+01 -1.917589e+01 3.128340e+01
    endloop
  endfacet
  facet normal 4.458808e-04 -9.999988e-01 1.458537e-03
    outer loop
      vertex   -3.148755e+01 -1.917560e+01 3.163117e+01
      vertex   -3.100161e+01 -1.917589e+01 3.128340e+01
      vertex   -3.083392e+01 -1.917577e+01 3.131794e+01
    endloop
  endfacet
  facet normal 4.458808e-04 -9.999988e-01 1.458537e-03
    outer loop
      vertex   -3.083392e+01 -1.917577e+01 3.131794e+01
      vertex   -3.066302e+01 -1.917568e+01 3.132825e+01
      vertex   -3.148755e+01 -1.917560e+01 3.163117e+01
    endloop
  endfacet
  facet normal 4.458808e-04 -9.999988e-01 1.458537e-03
    outer loop
      vertex   -3.148755e+01 -1.917560e+01 3.163117e+01
      vertex   -3.066302e+01 -1.917568e+01 3.132825e+01
      vertex   -3.049238e+01 -1.917562e+01 3.131414e+01
    endloop
  endfacet
  facet normal 4.458808e-04 -9.999988e-01 1.458537e-03
    outer loop
      vertex   -3.148755e+01 -1.917560e+01 3.163117e+01
      vertex   -3.049238e+01 -1.917562e+01 3.131414e+01
      vertex   -3.032550e+01 -1.917560e+01 3.127589e+01
    endloop
  endfacet
  facet normal -4.458808e-04 9.999988e-01 -1.458537e-03
    outer loop
      vertex   -3.264254e+01 -1.918171e+01 2.780152e+01
      vertex   -3.217736e+01 -1.917928e+01 2.932307e+01
      vertex   -3.265722e+01 -1.918179e+01 2.774927e+01
    endloop
  endfacet
  facet normal -4.458808e-04 9.999988e-01 -1.458537e-03
    outer loop
      vertex   -3.265722e+01 -1.918179e+01 2.774927e+01
      vertex   -3.217736e+01 -1.917928e+01 2.932307e+01
      vertex   -3.266954e+01 -1.918187e+01 2.769642e+01
    endloop
  endfacet
  facet normal -4.458808e-04 9.999988e-01 -1.458537e-03
    outer loop
      vertex   -3.266954e+01 -1.918187e+01 2.769642e+01
      vertex   -3.217736e+01 -1.917928e+01 2.932307e+01
      vertex   -3.267945e+01 -1.918195e+01 2.764306e+01
    endloop
  endfacet
  facet normal 4.458808e-04 -9.999988e-01 1.458537e-03
    outer loop
      vertex   -3.037633e+01 -1.918184e+01 2.701634e+01
      vertex   -3.044710e+01 -1.918209e+01 2.686589e+01
      vertex   -3.069192e+01 -1.918347e+01 2.599275e+01
    endloop
  endfacet
  facet normal 4.458808e-04 -9.999988e-01 1.458537e-03
    outer loop
      vertex   -3.069192e+01 -1.918347e+01 2.599275e+01
      vertex   -3.044710e+01 -1.918209e+01 2.686589e+01
      vertex   -3.053798e+01 -1.918233e+01 2.672667e+01
    endloop
  endfacet
  facet normal 4.458808e-04 -9.999988e-01 1.458537e-03
    outer loop
      vertex   -3.069192e+01 -1.918347e+01 2.599275e+01
      vertex   -3.053798e+01 -1.918233e+01 2.672667e+01
      vertex   -3.064724e+01 -1.918257e+01 2.660135e+01
    endloop
  endfacet
  facet normal 4.458808e-04 -9.999988e-01 1.458537e-03
    outer loop
      vertex   -3.064724e+01 -1.918257e+01 2.660135e+01
      vertex   -3.077276e+01 -1.918278e+01 2.649233e+01
      vertex   -3.069192e+01 -1.918347e+01 2.599275e+01
    endloop
  endfacet
  facet normal 4.458808e-04 -9.999988e-01 1.458537e-03
    outer loop
      vertex   -3.069192e+01 -1.918347e+01 2.599275e+01
      vertex   -3.077276e+01 -1.918278e+01 2.649233e+01
      vertex   -3.091215e+01 -1.918298e+01 2.640171e+01
    endloop
  endfacet
  facet normal 4.458808e-04 -9.999988e-01 1.458537e-03
    outer loop
      vertex   -3.069192e+01 -1.918347e+01 2.599275e+01
      vertex   -3.091215e+01 -1.918298e+01 2.640171e+01
      vertex   -3.106273e+01 -1.918315e+01 2.633123e+01
    endloop
  endfacet
  facet normal 4.458808e-04 -9.999988e-01 1.458537e-03
    outer loop
      vertex   -3.106273e+01 -1.918315e+01 2.633123e+01
      vertex   -3.122160e+01 -1.918329e+01 2.628223e+01
      vertex   -3.069192e+01 -1.918347e+01 2.599275e+01
    endloop
  endfacet
  facet normal 4.458808e-04 -9.999988e-01 1.458537e-03
    outer loop
      vertex   -3.069192e+01 -1.918347e+01 2.599275e+01
      vertex   -3.122160e+01 -1.918329e+01 2.628223e+01
      vertex   -3.137125e+01 -1.918337e+01 2.626805e+01
    endloop
  endfacet
  facet normal 4.458808e-04 -9.999988e-01 1.458537e-03
    outer loop
      vertex   -3.069192e+01 -1.918347e+01 2.599275e+01
      vertex   -3.137125e+01 -1.918337e+01 2.626805e+01
      vertex   -3.152157e+01 -1.918344e+01 2.626893e+01
    endloop
  endfacet
  facet normal 4.458808e-04 -9.999988e-01 1.458537e-03
    outer loop
      vertex   -3.152157e+01 -1.918344e+01 2.626893e+01
      vertex   -3.167104e+01 -1.918348e+01 2.628484e+01
      vertex   -3.069192e+01 -1.918347e+01 2.599275e+01
    endloop
  endfacet
  facet normal 4.458808e-04 -9.999988e-01 1.458537e-03
    outer loop
      vertex   -3.069192e+01 -1.918347e+01 2.599275e+01
      vertex   -3.167104e+01 -1.918348e+01 2.628484e+01
      vertex   -3.181818e+01 -1.918350e+01 2.631564e+01
    endloop
  endfacet
  facet normal -4.458808e-04 9.999988e-01 -1.458537e-03
    outer loop
      vertex   -3.034740e+01 -1.918171e+01 2.709983e+01
      vertex   -3.035636e+01 -1.918175e+01 2.707177e+01
      vertex   -2.997193e+01 -1.917975e+01 2.832794e+01
    endloop
  endfacet
  facet normal -4.458808e-04 9.999988e-01 -1.458537e-03
    outer loop
      vertex   -2.997193e+01 -1.917975e+01 2.832794e+01
      vertex   -3.035636e+01 -1.918175e+01 2.707177e+01
      vertex   -3.036600e+01 -1.918180e+01 2.704393e+01
    endloop
  endfacet
  facet normal -4.458808e-04 9.999988e-01 -1.458537e-03
    outer loop
      vertex   -2.997193e+01 -1.917975e+01 2.832794e+01
      vertex   -3.036600e+01 -1.918180e+01 2.704393e+01
      vertex   -3.037633e+01 -1.918184e+01 2.701634e+01
    endloop
  endfacet
  facet normal 3.653877e-02 1.473855e-03 9.993311e-01
    outer loop
      vertex   -3.288611e+01 -2.818553e+01 2.359957e+01
      vertex   -3.289003e+01 -1.938554e+01 2.358673e+01
      vertex   -3.311463e+01 -2.378562e+01 2.360143e+01
    endloop
  endfacet
  facet normal 2.878623e-02 1.870415e-03 9.995838e-01
    outer loop
      vertex   -3.311463e+01 -2.378562e+01 2.360143e+01
      vertex   -3.289003e+01 -1.938554e+01 2.358673e+01
      vertex   -3.308412e+01 -1.938562e+01 2.359232e+01
    endloop
  endfacet
  facet normal 1.209891e-01 1.216854e-03 9.926531e-01
    outer loop
      vertex   -3.311463e+01 -2.378562e+01 2.360143e+01
      vertex   -3.308412e+01 -1.938562e+01 2.359232e+01
      vertex   -3.327687e+01 -1.938567e+01 2.361582e+01
    endloop
  endfacet
  facet normal 1.440525e-01 2.077367e-03 9.895679e-01
    outer loop
      vertex   -3.311463e+01 -2.378562e+01 2.360143e+01
      vertex   -3.327687e+01 -1.938567e+01 2.361582e+01
      vertex   -3.333897e+01 -2.378568e+01 2.363409e+01
    endloop
  endfacet
  facet normal 2.121574e-01 1.064903e-03 9.772349e-01
    outer loop
      vertex   -3.333897e+01 -2.378568e+01 2.363409e+01
      vertex   -3.327687e+01 -1.938567e+01 2.361582e+01
      vertex   -3.346662e+01 -1.938569e+01 2.365701e+01
    endloop
  endfacet
  facet normal 2.498876e-01 2.206193e-03 9.682723e-01
    outer loop
      vertex   -3.333897e+01 -2.378568e+01 2.363409e+01
      vertex   -3.346662e+01 -1.938569e+01 2.365701e+01
      vertex   -3.355849e+01 -2.378569e+01 2.369074e+01
    endloop
  endfacet
  facet normal 3.015119e-01 1.014799e-03 9.534619e-01
    outer loop
      vertex   -3.355849e+01 -2.378569e+01 2.369074e+01
      vertex   -3.346662e+01 -1.938569e+01 2.365701e+01
      vertex   -3.365175e+01 -1.938569e+01 2.371556e+01
    endloop
  endfacet
  facet normal 3.528104e-01 2.202408e-03 9.356922e-01
    outer loop
      vertex   -3.355849e+01 -2.378569e+01 2.369074e+01
      vertex   -3.365175e+01 -1.938569e+01 2.371556e+01
      vertex   -3.377062e+01 -2.378567e+01 2.377073e+01
    endloop
  endfacet
  facet normal 3.882885e-01 1.066512e-03 9.215372e-01
    outer loop
      vertex   -3.377062e+01 -2.378567e+01 2.377073e+01
      vertex   -3.365175e+01 -1.938569e+01 2.371556e+01
      vertex   -3.383069e+01 -1.938566e+01 2.379095e+01
    endloop
  endfacet
  facet normal 4.166886e-01 1.511675e-03 9.090480e-01
    outer loop
      vertex   -3.377062e+01 -2.378567e+01 2.377073e+01
      vertex   -3.383069e+01 -1.938566e+01 2.379095e+01
      vertex   -3.383060e+01 -1.958566e+01 2.379124e+01
    endloop
  endfacet
  facet normal 4.516214e-01 2.092859e-03 8.922072e-01
    outer loop
      vertex   -3.377062e+01 -2.378567e+01 2.377073e+01
      vertex   -3.383060e+01 -1.958566e+01 2.379124e+01
      vertex   -3.397289e+01 -2.378561e+01 2.387312e+01
    endloop
  endfacet
  facet normal 4.766601e-01 9.888503e-04 8.790871e-01
    outer loop
      vertex   -3.397289e+01 -2.378561e+01 2.387312e+01
      vertex   -3.383060e+01 -1.958566e+01 2.379124e+01
      vertex   -3.402188e+01 -1.958560e+01 2.389496e+01
    endloop
  endfacet
  facet normal 5.451690e-01 2.000023e-03 8.383238e-01
    outer loop
      vertex   -3.397289e+01 -2.378561e+01 2.387312e+01
      vertex   -3.402188e+01 -1.958560e+01 2.389496e+01
      vertex   -3.416294e+01 -2.378551e+01 2.399671e+01
    endloop
  endfacet
  facet normal 5.650643e-01 1.010131e-03 8.250463e-01
    outer loop
      vertex   -3.416294e+01 -2.378551e+01 2.399671e+01
      vertex   -3.402188e+01 -1.958560e+01 2.389496e+01
      vertex   -3.420140e+01 -1.958550e+01 2.401791e+01
    endloop
  endfacet
  facet normal 6.323628e-01 1.880650e-03 7.746701e-01
    outer loop
      vertex   -3.416294e+01 -2.378551e+01 2.399671e+01
      vertex   -3.420140e+01 -1.958550e+01 2.401791e+01
      vertex   -3.433857e+01 -2.378538e+01 2.414007e+01
    endloop
  endfacet
  facet normal 6.474022e-01 1.025240e-03 7.621479e-01
    outer loop
      vertex   -3.433857e+01 -2.378538e+01 2.414007e+01
      vertex   -3.420140e+01 -1.958550e+01 2.401791e+01
      vertex   -3.436724e+01 -1.958536e+01 2.415878e+01
    endloop
  endfacet
  facet normal 7.121867e-01 1.735369e-03 7.019879e-01
    outer loop
      vertex   -3.433857e+01 -2.378538e+01 2.414007e+01
      vertex   -3.436724e+01 -1.958536e+01 2.415878e+01
      vertex   -3.449771e+01 -2.378522e+01 2.430153e+01
    endloop
  endfacet
  facet normal 7.227897e-01 1.034769e-03 6.910673e-01
    outer loop
      vertex   -3.449771e+01 -2.378522e+01 2.430153e+01
      vertex   -3.436724e+01 -1.958536e+01 2.415878e+01
      vertex   -3.451760e+01 -1.958520e+01 2.431605e+01
    endloop
  endfacet
  facet normal 7.837104e-01 1.565005e-03 6.211244e-01
    outer loop
      vertex   -3.449771e+01 -2.378522e+01 2.430153e+01
      vertex   -3.451760e+01 -1.958520e+01 2.431605e+01
      vertex   -3.463853e+01 -2.378502e+01 2.447920e+01
    endloop
  endfacet
  facet normal 7.904175e-01 1.039466e-03 6.125676e-01
    outer loop
      vertex   -3.463853e+01 -2.378502e+01 2.447920e+01
      vertex   -3.451760e+01 -1.958520e+01 2.431605e+01
      vertex   -3.465089e+01 -1.958501e+01 2.448803e+01
    endloop
  endfacet
  facet normal 8.461003e-01 1.370560e-03 5.330219e-01
    outer loop
      vertex   -3.463853e+01 -2.378502e+01 2.447920e+01
      vertex   -3.465089e+01 -1.958501e+01 2.448803e+01
      vertex   -3.475937e+01 -2.378480e+01 2.467102e+01
    endloop
  endfacet
  facet normal 8.495597e-01 1.040236e-03 5.274915e-01
    outer loop
      vertex   -3.475937e+01 -2.378480e+01 2.467102e+01
      vertex   -3.465089e+01 -1.958501e+01 2.448803e+01
      vertex   -3.476567e+01 -1.958479e+01 2.467289e+01
    endloop
  endfacet
  facet normal 8.977069e-01 1.150990e-03 4.405917e-01
    outer loop
      vertex   -3.475937e+01 -2.378480e+01 2.467102e+01
      vertex   -3.476567e+01 -1.958479e+01 2.467289e+01
      vertex   -3.485687e+01 -2.818454e+01 2.488117e+01
    endloop
  endfacet
  facet normal 8.995812e-01 1.038127e-03 4.367523e-01
    outer loop
      vertex   -3.485687e+01 -2.818454e+01 2.488117e+01
      vertex   -3.476567e+01 -1.958479e+01 2.467289e+01
      vertex   -3.486070e+01 -1.958455e+01 2.486862e+01
    endloop
  endfacet
  facet normal 8.986293e-01 1.040554e-03 4.387075e-01
    outer loop
      vertex   -3.485687e+01 -2.818454e+01 2.488117e+01
      vertex   -3.475741e+01 -2.818479e+01 2.467744e+01
      vertex   -3.475937e+01 -2.378480e+01 2.467102e+01
    endloop
  endfacet
  facet normal 8.461004e-01 1.154694e-03 5.330223e-01
    outer loop
      vertex   -3.475937e+01 -2.378480e+01 2.467102e+01
      vertex   -3.475741e+01 -2.818479e+01 2.467744e+01
      vertex   -3.463853e+01 -2.378502e+01 2.447920e+01
    endloop
  endfacet
  facet normal 8.461004e-01 1.154694e-03 5.330223e-01
    outer loop
      vertex   -3.475741e+01 -2.818479e+01 2.467744e+01
      vertex   -3.463657e+01 -2.818502e+01 2.448562e+01
      vertex   -3.463853e+01 -2.378502e+01 2.447920e+01
    endloop
  endfacet
  facet normal 7.837106e-01 1.255377e-03 6.211249e-01
    outer loop
      vertex   -3.463853e+01 -2.378502e+01 2.447920e+01
      vertex   -3.463657e+01 -2.818502e+01 2.448562e+01
      vertex   -3.449771e+01 -2.378522e+01 2.430153e+01
    endloop
  endfacet
  facet normal 7.837106e-01 1.255377e-03 6.211249e-01
    outer loop
      vertex   -3.463657e+01 -2.818502e+01 2.448562e+01
      vertex   -3.449575e+01 -2.818521e+01 2.430795e+01
      vertex   -3.449771e+01 -2.378522e+01 2.430153e+01
    endloop
  endfacet
  facet normal 7.121870e-01 1.341428e-03 7.019886e-01
    outer loop
      vertex   -3.449771e+01 -2.378522e+01 2.430153e+01
      vertex   -3.449575e+01 -2.818521e+01 2.430795e+01
      vertex   -3.433857e+01 -2.378538e+01 2.414007e+01
    endloop
  endfacet
  facet normal 7.121870e-01 1.341428e-03 7.019886e-01
    outer loop
      vertex   -3.449575e+01 -2.818521e+01 2.430795e+01
      vertex   -3.433660e+01 -2.818538e+01 2.414649e+01
      vertex   -3.433857e+01 -2.378538e+01 2.414007e+01
    endloop
  endfacet
  facet normal 6.323631e-01 1.411846e-03 7.746709e-01
    outer loop
      vertex   -3.433857e+01 -2.378538e+01 2.414007e+01
      vertex   -3.433660e+01 -2.818538e+01 2.414649e+01
      vertex   -3.416294e+01 -2.378551e+01 2.399671e+01
    endloop
  endfacet
  facet normal 6.323631e-01 1.411846e-03 7.746709e-01
    outer loop
      vertex   -3.433660e+01 -2.818538e+01 2.414649e+01
      vertex   -3.416098e+01 -2.818551e+01 2.400313e+01
      vertex   -3.416294e+01 -2.378551e+01 2.399671e+01
    endloop
  endfacet
  facet normal 5.451693e-01 1.465810e-03 8.383247e-01
    outer loop
      vertex   -3.416294e+01 -2.378551e+01 2.399671e+01
      vertex   -3.416098e+01 -2.818551e+01 2.400313e+01
      vertex   -3.397289e+01 -2.378561e+01 2.387312e+01
    endloop
  endfacet
  facet normal 5.451693e-01 1.465810e-03 8.383247e-01
    outer loop
      vertex   -3.416098e+01 -2.818551e+01 2.400313e+01
      vertex   -3.397092e+01 -2.818561e+01 2.387953e+01
      vertex   -3.397289e+01 -2.378561e+01 2.387312e+01
    endloop
  endfacet
  facet normal 4.516218e-01 1.502690e-03 8.922082e-01
    outer loop
      vertex   -3.397289e+01 -2.378561e+01 2.387312e+01
      vertex   -3.397092e+01 -2.818561e+01 2.387953e+01
      vertex   -3.377062e+01 -2.378567e+01 2.377073e+01
    endloop
  endfacet
  facet normal 4.516218e-01 1.502690e-03 8.922082e-01
    outer loop
      vertex   -3.397092e+01 -2.818561e+01 2.387953e+01
      vertex   -3.376865e+01 -2.818566e+01 2.377715e+01
      vertex   -3.377062e+01 -2.378567e+01 2.377073e+01
    endloop
  endfacet
  facet normal 3.528108e-01 1.522057e-03 9.356934e-01
    outer loop
      vertex   -3.377062e+01 -2.378567e+01 2.377073e+01
      vertex   -3.376865e+01 -2.818566e+01 2.377715e+01
      vertex   -3.355849e+01 -2.378569e+01 2.369074e+01
    endloop
  endfacet
  facet normal 3.528108e-01 1.522057e-03 9.356934e-01
    outer loop
      vertex   -3.376865e+01 -2.818566e+01 2.377715e+01
      vertex   -3.355652e+01 -2.818569e+01 2.369716e+01
      vertex   -3.355849e+01 -2.378569e+01 2.369074e+01
    endloop
  endfacet
  facet normal 2.498880e-01 1.523685e-03 9.682736e-01
    outer loop
      vertex   -3.355849e+01 -2.378569e+01 2.369074e+01
      vertex   -3.355652e+01 -2.818569e+01 2.369716e+01
      vertex   -3.333897e+01 -2.378568e+01 2.363409e+01
    endloop
  endfacet
  facet normal 2.498880e-01 1.523685e-03 9.682736e-01
    outer loop
      vertex   -3.355652e+01 -2.818569e+01 2.369716e+01
      vertex   -3.333701e+01 -2.818567e+01 2.364051e+01
      vertex   -3.333897e+01 -2.378568e+01 2.363409e+01
    endloop
  endfacet
  facet normal 1.440528e-01 1.507555e-03 9.895689e-01
    outer loop
      vertex   -3.333897e+01 -2.378568e+01 2.363409e+01
      vertex   -3.333701e+01 -2.818567e+01 2.364051e+01
      vertex   -3.311463e+01 -2.378562e+01 2.360143e+01
    endloop
  endfacet
  facet normal 1.440528e-01 1.507555e-03 9.895689e-01
    outer loop
      vertex   -3.333701e+01 -2.818567e+01 2.364051e+01
      vertex   -3.311266e+01 -2.818562e+01 2.360785e+01
      vertex   -3.311463e+01 -2.378562e+01 2.360143e+01
    endloop
  endfacet
  facet normal 3.653877e-02 1.473855e-03 9.993311e-01
    outer loop
      vertex   -3.311463e+01 -2.378562e+01 2.360143e+01
      vertex   -3.311266e+01 -2.818562e+01 2.360785e+01
      vertex   -3.288611e+01 -2.818553e+01 2.359957e+01
    endloop
  endfacet
  facet normal 9.428808e-01 -6.547048e-05 -3.331303e-01
    outer loop
      vertex   -2.716815e+01 -2.382942e+01 4.615010e+01
      vertex   -2.716634e+01 -2.788975e+01 4.615603e+01
      vertex   -2.723855e+01 -2.382974e+01 4.595085e+01
    endloop
  endfacet
  facet normal 9.428808e-01 -6.547048e-05 -3.331303e-01
    outer loop
      vertex   -2.723855e+01 -2.382974e+01 4.595085e+01
      vertex   -2.716634e+01 -2.788975e+01 4.615603e+01
      vertex   -2.723674e+01 -2.789007e+01 4.595677e+01
    endloop
  endfacet
  facet normal 9.761605e-01 1.186762e-04 -2.170499e-01
    outer loop
      vertex   -2.723855e+01 -2.382974e+01 4.595085e+01
      vertex   -2.723674e+01 -2.789007e+01 4.595677e+01
      vertex   -2.728442e+01 -2.383006e+01 4.574456e+01
    endloop
  endfacet
  facet normal 9.761605e-01 1.186762e-04 -2.170499e-01
    outer loop
      vertex   -2.728442e+01 -2.383006e+01 4.574456e+01
      vertex   -2.723674e+01 -2.789007e+01 4.595677e+01
      vertex   -2.728261e+01 -2.789039e+01 4.575048e+01
    endloop
  endfacet
  facet normal 9.952056e-01 3.010923e-04 -9.780431e-02
    outer loop
      vertex   -2.728442e+01 -2.383006e+01 4.574456e+01
      vertex   -2.728261e+01 -2.789039e+01 4.575048e+01
      vertex   -2.730509e+01 -2.383038e+01 4.553425e+01
    endloop
  endfacet
  facet normal 9.952056e-01 3.010923e-04 -9.780431e-02
    outer loop
      vertex   -2.730509e+01 -2.383038e+01 4.553425e+01
      vertex   -2.728261e+01 -2.789039e+01 4.575048e+01
      vertex   -2.730328e+01 -2.789070e+01 4.554017e+01
    endloop
  endfacet
  facet normal 9.997384e-01 4.791178e-04 2.286745e-02
    outer loop
      vertex   -2.730509e+01 -2.383038e+01 4.553425e+01
      vertex   -2.730328e+01 -2.789070e+01 4.554017e+01
      vertex   -2.730025e+01 -2.383068e+01 4.532298e+01
    endloop
  endfacet
  facet normal 9.997384e-01 4.791178e-04 2.286745e-02
    outer loop
      vertex   -2.730025e+01 -2.383068e+01 4.532298e+01
      vertex   -2.730328e+01 -2.789070e+01 4.554017e+01
      vertex   -2.729844e+01 -2.789101e+01 4.532890e+01
    endloop
  endfacet
  facet normal 9.896927e-01 6.501567e-04 1.432058e-01
    outer loop
      vertex   -2.730025e+01 -2.383068e+01 4.532298e+01
      vertex   -2.729844e+01 -2.789101e+01 4.532890e+01
      vertex   -2.726999e+01 -2.383097e+01 4.511384e+01
    endloop
  endfacet
  facet normal 9.896927e-01 6.501567e-04 1.432058e-01
    outer loop
      vertex   -2.726999e+01 -2.383097e+01 4.511384e+01
      vertex   -2.729844e+01 -2.789101e+01 4.532890e+01
      vertex   -2.726818e+01 -2.789130e+01 4.511976e+01
    endloop
  endfacet
  facet normal 9.652151e-01 8.117149e-04 2.614558e-01
    outer loop
      vertex   -2.726999e+01 -2.383097e+01 4.511384e+01
      vertex   -2.726818e+01 -2.789130e+01 4.511976e+01
      vertex   -2.721474e+01 -2.383125e+01 4.490986e+01
    endloop
  endfacet
  facet normal 9.652151e-01 8.117149e-04 2.614558e-01
    outer loop
      vertex   -2.721474e+01 -2.383125e+01 4.490986e+01
      vertex   -2.726818e+01 -2.789130e+01 4.511976e+01
      vertex   -2.721293e+01 -2.789158e+01 4.491578e+01
    endloop
  endfacet
  facet normal 9.266625e-01 9.614364e-04 3.758932e-01
    outer loop
      vertex   -2.721474e+01 -2.383125e+01 4.490986e+01
      vertex   -2.721293e+01 -2.789158e+01 4.491578e+01
      vertex   -2.713530e+01 -2.383150e+01 4.471404e+01
    endloop
  endfacet
  facet normal 9.266625e-01 9.614364e-04 3.758932e-01
    outer loop
      vertex   -2.713530e+01 -2.383150e+01 4.471404e+01
      vertex   -2.721293e+01 -2.789158e+01 4.491578e+01
      vertex   -2.713349e+01 -2.789183e+01 4.471996e+01
    endloop
  endfacet
  facet normal 8.745970e-01 1.097138e-03 4.848493e-01
    outer loop
      vertex   -2.713530e+01 -2.383150e+01 4.471404e+01
      vertex   -2.713349e+01 -2.789183e+01 4.471996e+01
      vertex   -2.703284e+01 -2.383172e+01 4.452921e+01
    endloop
  endfacet
  facet normal 8.745970e-01 1.097138e-03 4.848493e-01
    outer loop
      vertex   -2.703284e+01 -2.383172e+01 4.452921e+01
      vertex   -2.713349e+01 -2.789183e+01 4.471996e+01
      vertex   -2.703103e+01 -2.789205e+01 4.453513e+01
    endloop
  endfacet
  facet normal 8.097780e-01 1.216841e-03 5.867351e-01
    outer loop
      vertex   -2.703284e+01 -2.383172e+01 4.452921e+01
      vertex   -2.703103e+01 -2.789205e+01 4.453513e+01
      vertex   -2.690885e+01 -2.383191e+01 4.435809e+01
    endloop
  endfacet
  facet normal 8.097780e-01 1.216841e-03 5.867351e-01
    outer loop
      vertex   -2.690885e+01 -2.383191e+01 4.435809e+01
      vertex   -2.703103e+01 -2.789205e+01 4.453513e+01
      vertex   -2.690704e+01 -2.789224e+01 4.436401e+01
    endloop
  endfacet
  facet normal 7.331506e-01 1.318799e-03 6.800651e-01
    outer loop
      vertex   -2.690885e+01 -2.383191e+01 4.435809e+01
      vertex   -2.690704e+01 -2.789224e+01 4.436401e+01
      vertex   -2.676514e+01 -2.383208e+01 4.420315e+01
    endloop
  endfacet
  facet normal 7.331506e-01 1.318799e-03 6.800651e-01
    outer loop
      vertex   -2.676514e+01 -2.383208e+01 4.420315e+01
      vertex   -2.690704e+01 -2.789224e+01 4.436401e+01
      vertex   -2.676333e+01 -2.789241e+01 4.420907e+01
    endloop
  endfacet
  facet normal 6.458321e-01 1.401527e-03 7.634781e-01
    outer loop
      vertex   -2.676514e+01 -2.383208e+01 4.420315e+01
      vertex   -2.676333e+01 -2.789241e+01 4.420907e+01
      vertex   -2.660379e+01 -2.383220e+01 4.406667e+01
    endloop
  endfacet
  facet normal 6.458321e-01 1.401527e-03 7.634781e-01
    outer loop
      vertex   -2.660379e+01 -2.383220e+01 4.406667e+01
      vertex   -2.676333e+01 -2.789241e+01 4.420907e+01
      vertex   -2.660198e+01 -2.789253e+01 4.407259e+01
    endloop
  endfacet
  facet normal 5.490960e-01 1.463817e-03 8.357580e-01
    outer loop
      vertex   -2.660379e+01 -2.383220e+01 4.406667e+01
      vertex   -2.660198e+01 -2.789253e+01 4.407259e+01
      vertex   -2.642718e+01 -2.383229e+01 4.395063e+01
    endloop
  endfacet
  facet normal 5.490960e-01 1.463817e-03 8.357580e-01
    outer loop
      vertex   -2.642718e+01 -2.383229e+01 4.395063e+01
      vertex   -2.660198e+01 -2.789253e+01 4.407259e+01
      vertex   -2.642537e+01 -2.789262e+01 4.395656e+01
    endloop
  endfacet
  facet normal 4.443529e-01 1.504761e-03 8.958506e-01
    outer loop
      vertex   -2.642718e+01 -2.383229e+01 4.395063e+01
      vertex   -2.642537e+01 -2.789262e+01 4.395656e+01
      vertex   -2.623786e+01 -2.383235e+01 4.385673e+01
    endloop
  endfacet
  facet normal 4.443529e-01 1.504761e-03 8.958506e-01
    outer loop
      vertex   -2.623786e+01 -2.383235e+01 4.385673e+01
      vertex   -2.642537e+01 -2.789262e+01 4.395656e+01
      vertex   -2.623605e+01 -2.789268e+01 4.386265e+01
    endloop
  endfacet
  facet normal 3.331301e-01 1.523763e-03 9.428797e-01
    outer loop
      vertex   -2.623786e+01 -2.383235e+01 4.385673e+01
      vertex   -2.623605e+01 -2.789268e+01 4.386265e+01
      vertex   -2.603861e+01 -2.383236e+01 4.378633e+01
    endloop
  endfacet
  facet normal 3.331301e-01 1.523763e-03 9.428797e-01
    outer loop
      vertex   -2.603861e+01 -2.383236e+01 4.378633e+01
      vertex   -2.623605e+01 -2.789268e+01 4.386265e+01
      vertex   -2.603680e+01 -2.789269e+01 4.379226e+01
    endloop
  endfacet
  facet normal 2.170494e-01 1.520545e-03 9.761594e-01
    outer loop
      vertex   -2.603861e+01 -2.383236e+01 4.378633e+01
      vertex   -2.603680e+01 -2.789269e+01 4.379226e+01
      vertex   -2.583232e+01 -2.383234e+01 4.374047e+01
    endloop
  endfacet
  facet normal 2.170494e-01 1.520545e-03 9.761594e-01
    outer loop
      vertex   -2.583232e+01 -2.383234e+01 4.374047e+01
      vertex   -2.603680e+01 -2.789269e+01 4.379226e+01
      vertex   -2.583051e+01 -2.789266e+01 4.374639e+01
    endloop
  endfacet
  facet normal 9.780376e-02 1.495153e-03 9.952046e-01
    outer loop
      vertex   -2.583232e+01 -2.383234e+01 4.374047e+01
      vertex   -2.583051e+01 -2.789266e+01 4.374639e+01
      vertex   -2.562201e+01 -2.383227e+01 4.371980e+01
    endloop
  endfacet
  facet normal 9.780376e-02 1.495153e-03 9.952046e-01
    outer loop
      vertex   -2.562201e+01 -2.383227e+01 4.371980e+01
      vertex   -2.583051e+01 -2.789266e+01 4.374639e+01
      vertex   -2.562020e+01 -2.789260e+01 4.372572e+01
    endloop
  endfacet
  facet normal -2.286812e-02 1.447959e-03 9.997374e-01
    outer loop
      vertex   -2.562201e+01 -2.383227e+01 4.371980e+01
      vertex   -2.562020e+01 -2.789260e+01 4.372572e+01
      vertex   -2.541074e+01 -2.383217e+01 4.372463e+01
    endloop
  endfacet
  facet normal -2.286812e-02 1.447959e-03 9.997374e-01
    outer loop
      vertex   -2.541074e+01 -2.383217e+01 4.372463e+01
      vertex   -2.562020e+01 -2.789260e+01 4.372572e+01
      vertex   -2.540893e+01 -2.789250e+01 4.373055e+01
    endloop
  endfacet
  facet normal -1.432065e-01 1.379651e-03 9.896919e-01
    outer loop
      vertex   -2.541074e+01 -2.383217e+01 4.372463e+01
      vertex   -2.540893e+01 -2.789250e+01 4.373055e+01
      vertex   -2.520159e+01 -2.383203e+01 4.375489e+01
    endloop
  endfacet
  facet normal -1.432065e-01 1.379651e-03 9.896919e-01
    outer loop
      vertex   -2.520159e+01 -2.383203e+01 4.375489e+01
      vertex   -2.540893e+01 -2.789250e+01 4.373055e+01
      vertex   -2.519978e+01 -2.789236e+01 4.376081e+01
    endloop
  endfacet
  facet normal -2.614567e-01 1.291224e-03 9.652144e-01
    outer loop
      vertex   -2.520159e+01 -2.383203e+01 4.375489e+01
      vertex   -2.519978e+01 -2.789236e+01 4.376081e+01
      vertex   -2.499762e+01 -2.383186e+01 4.381014e+01
    endloop
  endfacet
  facet normal -2.614567e-01 1.291224e-03 9.652144e-01
    outer loop
      vertex   -2.499762e+01 -2.383186e+01 4.381014e+01
      vertex   -2.519978e+01 -2.789236e+01 4.376081e+01
      vertex   -2.499581e+01 -2.789219e+01 4.381607e+01
    endloop
  endfacet
  facet normal -3.758942e-01 1.183968e-03 9.266618e-01
    outer loop
      vertex   -2.499762e+01 -2.383186e+01 4.381014e+01
      vertex   -2.499581e+01 -2.789219e+01 4.381607e+01
      vertex   -2.480179e+01 -2.383166e+01 4.388958e+01
    endloop
  endfacet
  facet normal -3.758942e-01 1.183968e-03 9.266618e-01
    outer loop
      vertex   -2.480179e+01 -2.383166e+01 4.388958e+01
      vertex   -2.499581e+01 -2.789219e+01 4.381607e+01
      vertex   -2.479998e+01 -2.789199e+01 4.389550e+01
    endloop
  endfacet
  facet normal -4.848503e-01 1.059447e-03 8.745965e-01
    outer loop
      vertex   -2.480179e+01 -2.383166e+01 4.388958e+01
      vertex   -2.479998e+01 -2.789199e+01 4.389550e+01
      vertex   -2.461697e+01 -2.383143e+01 4.399204e+01
    endloop
  endfacet
  facet normal -4.848503e-01 1.059447e-03 8.745965e-01
    outer loop
      vertex   -2.461697e+01 -2.383143e+01 4.399204e+01
      vertex   -2.479998e+01 -2.789199e+01 4.389550e+01
      vertex   -2.461516e+01 -2.789176e+01 4.399796e+01
    endloop
  endfacet
  facet normal -5.867362e-01 9.194772e-04 8.097776e-01
    outer loop
      vertex   -2.461697e+01 -2.383143e+01 4.399204e+01
      vertex   -2.461516e+01 -2.789176e+01 4.399796e+01
      vertex   -2.444584e+01 -2.383117e+01 4.411603e+01
    endloop
  endfacet
  facet normal -5.867362e-01 9.194772e-04 8.097776e-01
    outer loop
      vertex   -2.444584e+01 -2.383117e+01 4.411603e+01
      vertex   -2.461516e+01 -2.789176e+01 4.399796e+01
      vertex   -2.444403e+01 -2.789150e+01 4.412195e+01
    endloop
  endfacet
  facet normal -6.800662e-01 7.660992e-04 7.331503e-01
    outer loop
      vertex   -2.444584e+01 -2.383117e+01 4.411603e+01
      vertex   -2.444403e+01 -2.789150e+01 4.412195e+01
      vertex   -2.429091e+01 -2.383089e+01 4.425975e+01
    endloop
  endfacet
  facet normal -6.800662e-01 7.660992e-04 7.331503e-01
    outer loop
      vertex   -2.429091e+01 -2.383089e+01 4.425975e+01
      vertex   -2.444403e+01 -2.789150e+01 4.412195e+01
      vertex   -2.428910e+01 -2.789122e+01 4.426567e+01
    endloop
  endfacet
  facet normal -7.634793e-01 6.015497e-04 6.458320e-01
    outer loop
      vertex   -2.429091e+01 -2.383089e+01 4.425975e+01
      vertex   -2.428910e+01 -2.789122e+01 4.426567e+01
      vertex   -2.415443e+01 -2.383059e+01 4.442109e+01
    endloop
  endfacet
  facet normal -7.634793e-01 6.015497e-04 6.458320e-01
    outer loop
      vertex   -2.415443e+01 -2.383059e+01 4.442109e+01
      vertex   -2.428910e+01 -2.789122e+01 4.426567e+01
      vertex   -2.415262e+01 -2.789092e+01 4.442701e+01
    endloop
  endfacet
  facet normal -8.357591e-01 4.282284e-04 5.490961e-01
    outer loop
      vertex   -2.415443e+01 -2.383059e+01 4.442109e+01
      vertex   -2.415262e+01 -2.789092e+01 4.442701e+01
      vertex   -2.403839e+01 -2.383028e+01 4.459770e+01
    endloop
  endfacet
  facet normal -8.357591e-01 4.282284e-04 5.490961e-01
    outer loop
      vertex   -2.403839e+01 -2.383028e+01 4.459770e+01
      vertex   -2.415262e+01 -2.789092e+01 4.442701e+01
      vertex   -2.403658e+01 -2.789061e+01 4.460363e+01
    endloop
  endfacet
  facet normal -8.958517e-01 2.486625e-04 4.443530e-01
    outer loop
      vertex   -2.403839e+01 -2.383028e+01 4.459770e+01
      vertex   -2.403658e+01 -2.789061e+01 4.460363e+01
      vertex   -2.394449e+01 -2.382997e+01 4.478702e+01
    endloop
  endfacet
  facet normal -8.958517e-01 2.486625e-04 4.443530e-01
    outer loop
      vertex   -2.394449e+01 -2.382997e+01 4.478702e+01
      vertex   -2.403658e+01 -2.789061e+01 4.460363e+01
      vertex   -2.394268e+01 -2.789030e+01 4.479294e+01
    endloop
  endfacet
  facet normal -9.428808e-01 6.547048e-05 3.331303e-01
    outer loop
      vertex   -2.394449e+01 -2.382997e+01 4.478702e+01
      vertex   -2.394268e+01 -2.789030e+01 4.479294e+01
      vertex   -2.387409e+01 -2.382964e+01 4.498627e+01
    endloop
  endfacet
  facet normal -9.428808e-01 6.547048e-05 3.331303e-01
    outer loop
      vertex   -2.387409e+01 -2.382964e+01 4.498627e+01
      vertex   -2.394268e+01 -2.789030e+01 4.479294e+01
      vertex   -2.387228e+01 -2.788997e+01 4.499220e+01
    endloop
  endfacet
  facet normal -9.761605e-01 -1.186762e-04 2.170499e-01
    outer loop
      vertex   -2.387409e+01 -2.382964e+01 4.498627e+01
      vertex   -2.387228e+01 -2.788997e+01 4.499220e+01
      vertex   -2.382822e+01 -2.382932e+01 4.519256e+01
    endloop
  endfacet
  facet normal -9.761605e-01 -1.186762e-04 2.170499e-01
    outer loop
      vertex   -2.382822e+01 -2.382932e+01 4.519256e+01
      vertex   -2.387228e+01 -2.788997e+01 4.499220e+01
      vertex   -2.382641e+01 -2.788965e+01 4.519848e+01
    endloop
  endfacet
  facet normal -9.952056e-01 -3.010923e-04 9.780431e-02
    outer loop
      vertex   -2.382822e+01 -2.382932e+01 4.519256e+01
      vertex   -2.382641e+01 -2.788965e+01 4.519848e+01
      vertex   -2.380755e+01 -2.382901e+01 4.540287e+01
    endloop
  endfacet
  facet normal -9.952056e-01 -3.010923e-04 9.780431e-02
    outer loop
      vertex   -2.380755e+01 -2.382901e+01 4.540287e+01
      vertex   -2.382641e+01 -2.788965e+01 4.519848e+01
      vertex   -2.380574e+01 -2.788934e+01 4.540879e+01
    endloop
  endfacet
  facet normal -9.997384e-01 -4.791178e-04 -2.286745e-02
    outer loop
      vertex   -2.380755e+01 -2.382901e+01 4.540287e+01
      vertex   -2.380574e+01 -2.788934e+01 4.540879e+01
      vertex   -2.381239e+01 -2.382870e+01 4.561414e+01
    endloop
  endfacet
  facet normal -9.997384e-01 -4.791178e-04 -2.286745e-02
    outer loop
      vertex   -2.381239e+01 -2.382870e+01 4.561414e+01
      vertex   -2.380574e+01 -2.788934e+01 4.540879e+01
      vertex   -2.381058e+01 -2.788903e+01 4.562006e+01
    endloop
  endfacet
  facet normal -9.896927e-01 -6.501567e-04 -1.432058e-01
    outer loop
      vertex   -2.381239e+01 -2.382870e+01 4.561414e+01
      vertex   -2.381058e+01 -2.788903e+01 4.562006e+01
      vertex   -2.384265e+01 -2.382841e+01 4.582329e+01
    endloop
  endfacet
  facet normal -9.896927e-01 -6.501567e-04 -1.432058e-01
    outer loop
      vertex   -2.384265e+01 -2.382841e+01 4.582329e+01
      vertex   -2.381058e+01 -2.788903e+01 4.562006e+01
      vertex   -2.384084e+01 -2.788874e+01 4.582921e+01
    endloop
  endfacet
  facet normal -9.652151e-01 -8.117149e-04 -2.614558e-01
    outer loop
      vertex   -2.384265e+01 -2.382841e+01 4.582329e+01
      vertex   -2.384084e+01 -2.788874e+01 4.582921e+01
      vertex   -2.389790e+01 -2.382814e+01 4.602726e+01
    endloop
  endfacet
  facet normal -9.652151e-01 -8.117149e-04 -2.614558e-01
    outer loop
      vertex   -2.389790e+01 -2.382814e+01 4.602726e+01
      vertex   -2.384084e+01 -2.788874e+01 4.582921e+01
      vertex   -2.389609e+01 -2.788847e+01 4.603318e+01
    endloop
  endfacet
  facet normal -9.266625e-01 -9.614364e-04 -3.758932e-01
    outer loop
      vertex   -2.389790e+01 -2.382814e+01 4.602726e+01
      vertex   -2.389609e+01 -2.788847e+01 4.603318e+01
      vertex   -2.397734e+01 -2.382789e+01 4.622309e+01
    endloop
  endfacet
  facet normal -9.266625e-01 -9.614364e-04 -3.758932e-01
    outer loop
      vertex   -2.397734e+01 -2.382789e+01 4.622309e+01
      vertex   -2.389609e+01 -2.788847e+01 4.603318e+01
      vertex   -2.397553e+01 -2.788822e+01 4.622901e+01
    endloop
  endfacet
  facet normal -8.745970e-01 -1.097138e-03 -4.848493e-01
    outer loop
      vertex   -2.397734e+01 -2.382789e+01 4.622309e+01
      vertex   -2.397553e+01 -2.788822e+01 4.622901e+01
      vertex   -2.407980e+01 -2.382766e+01 4.640791e+01
    endloop
  endfacet
  facet normal -8.745970e-01 -1.097138e-03 -4.848493e-01
    outer loop
      vertex   -2.407980e+01 -2.382766e+01 4.640791e+01
      vertex   -2.397553e+01 -2.788822e+01 4.622901e+01
      vertex   -2.407799e+01 -2.788799e+01 4.641383e+01
    endloop
  endfacet
  facet normal -8.097780e-01 -1.216841e-03 -5.867351e-01
    outer loop
      vertex   -2.407980e+01 -2.382766e+01 4.640791e+01
      vertex   -2.407799e+01 -2.788799e+01 4.641383e+01
      vertex   -2.420379e+01 -2.382747e+01 4.657904e+01
    endloop
  endfacet
  facet normal -8.097780e-01 -1.216841e-03 -5.867351e-01
    outer loop
      vertex   -2.420379e+01 -2.382747e+01 4.657904e+01
      vertex   -2.407799e+01 -2.788799e+01 4.641383e+01
      vertex   -2.420198e+01 -2.788780e+01 4.658496e+01
    endloop
  endfacet
  facet normal -7.331506e-01 -1.318799e-03 -6.800651e-01
    outer loop
      vertex   -2.420379e+01 -2.382747e+01 4.657904e+01
      vertex   -2.420198e+01 -2.788780e+01 4.658496e+01
      vertex   -2.434751e+01 -2.382731e+01 4.673397e+01
    endloop
  endfacet
  facet normal -7.331506e-01 -1.318799e-03 -6.800651e-01
    outer loop
      vertex   -2.434751e+01 -2.382731e+01 4.673397e+01
      vertex   -2.420198e+01 -2.788780e+01 4.658496e+01
      vertex   -2.434570e+01 -2.788764e+01 4.673989e+01
    endloop
  endfacet
  facet normal -6.458321e-01 -1.401527e-03 -7.634781e-01
    outer loop
      vertex   -2.434751e+01 -2.382731e+01 4.673397e+01
      vertex   -2.434570e+01 -2.788764e+01 4.673989e+01
      vertex   -2.450885e+01 -2.382718e+01 4.687045e+01
    endloop
  endfacet
  facet normal -6.458321e-01 -1.401527e-03 -7.634781e-01
    outer loop
      vertex   -2.450885e+01 -2.382718e+01 4.687045e+01
      vertex   -2.434570e+01 -2.788764e+01 4.673989e+01
      vertex   -2.450704e+01 -2.788751e+01 4.687637e+01
    endloop
  endfacet
  facet normal -5.490960e-01 -1.463817e-03 -8.357580e-01
    outer loop
      vertex   -2.450885e+01 -2.382718e+01 4.687045e+01
      vertex   -2.450704e+01 -2.788751e+01 4.687637e+01
      vertex   -2.468546e+01 -2.382709e+01 4.698649e+01
    endloop
  endfacet
  facet normal -5.490960e-01 -1.463817e-03 -8.357580e-01
    outer loop
      vertex   -2.468546e+01 -2.382709e+01 4.698649e+01
      vertex   -2.450704e+01 -2.788751e+01 4.687637e+01
      vertex   -2.468365e+01 -2.788742e+01 4.699241e+01
    endloop
  endfacet
  facet normal -4.443529e-01 -1.504761e-03 -8.958506e-01
    outer loop
      vertex   -2.468546e+01 -2.382709e+01 4.698649e+01
      vertex   -2.468365e+01 -2.788742e+01 4.699241e+01
      vertex   -2.487478e+01 -2.382704e+01 4.708039e+01
    endloop
  endfacet
  facet normal -4.443529e-01 -1.504761e-03 -8.958506e-01
    outer loop
      vertex   -2.487478e+01 -2.382704e+01 4.708039e+01
      vertex   -2.468365e+01 -2.788742e+01 4.699241e+01
      vertex   -2.487297e+01 -2.788737e+01 4.708631e+01
    endloop
  endfacet
  facet normal -3.331301e-01 -1.523763e-03 -9.428797e-01
    outer loop
      vertex   -2.487478e+01 -2.382704e+01 4.708039e+01
      vertex   -2.487297e+01 -2.788737e+01 4.708631e+01
      vertex   -2.507403e+01 -2.382702e+01 4.715079e+01
    endloop
  endfacet
  facet normal -3.331301e-01 -1.523763e-03 -9.428797e-01
    outer loop
      vertex   -2.507403e+01 -2.382702e+01 4.715079e+01
      vertex   -2.487297e+01 -2.788737e+01 4.708631e+01
      vertex   -2.507222e+01 -2.788735e+01 4.715671e+01
    endloop
  endfacet
  facet normal -2.170494e-01 -1.520545e-03 -9.761594e-01
    outer loop
      vertex   -2.507403e+01 -2.382702e+01 4.715079e+01
      vertex   -2.507222e+01 -2.788735e+01 4.715671e+01
      vertex   -2.528032e+01 -2.382705e+01 4.719666e+01
    endloop
  endfacet
  facet normal -2.170494e-01 -1.520545e-03 -9.761594e-01
    outer loop
      vertex   -2.528032e+01 -2.382705e+01 4.719666e+01
      vertex   -2.507222e+01 -2.788735e+01 4.715671e+01
      vertex   -2.527851e+01 -2.788738e+01 4.720258e+01
    endloop
  endfacet
  facet normal -9.780376e-02 -1.495153e-03 -9.952046e-01
    outer loop
      vertex   -2.528032e+01 -2.382705e+01 4.719666e+01
      vertex   -2.527851e+01 -2.788738e+01 4.720258e+01
      vertex   -2.549063e+01 -2.382711e+01 4.721733e+01
    endloop
  endfacet
  facet normal -9.780376e-02 -1.495153e-03 -9.952046e-01
    outer loop
      vertex   -2.549063e+01 -2.382711e+01 4.721733e+01
      vertex   -2.527851e+01 -2.788738e+01 4.720258e+01
      vertex   -2.548882e+01 -2.788744e+01 4.722325e+01
    endloop
  endfacet
  facet normal 2.286812e-02 -1.447959e-03 -9.997374e-01
    outer loop
      vertex   -2.549063e+01 -2.382711e+01 4.721733e+01
      vertex   -2.548882e+01 -2.788744e+01 4.722325e+01
      vertex   -2.570190e+01 -2.382721e+01 4.721249e+01
    endloop
  endfacet
  facet normal 2.286812e-02 -1.447959e-03 -9.997374e-01
    outer loop
      vertex   -2.570190e+01 -2.382721e+01 4.721249e+01
      vertex   -2.548882e+01 -2.788744e+01 4.722325e+01
      vertex   -2.570009e+01 -2.788754e+01 4.721842e+01
    endloop
  endfacet
  facet normal 1.432065e-01 -1.379651e-03 -9.896919e-01
    outer loop
      vertex   -2.570190e+01 -2.382721e+01 4.721249e+01
      vertex   -2.570009e+01 -2.788754e+01 4.721842e+01
      vertex   -2.591105e+01 -2.382735e+01 4.718223e+01
    endloop
  endfacet
  facet normal 1.432065e-01 -1.379651e-03 -9.896919e-01
    outer loop
      vertex   -2.591105e+01 -2.382735e+01 4.718223e+01
      vertex   -2.570009e+01 -2.788754e+01 4.721842e+01
      vertex   -2.590924e+01 -2.788768e+01 4.718815e+01
    endloop
  endfacet
  facet normal 2.614567e-01 -1.291224e-03 -9.652144e-01
    outer loop
      vertex   -2.591105e+01 -2.382735e+01 4.718223e+01
      vertex   -2.590924e+01 -2.788768e+01 4.718815e+01
      vertex   -2.611502e+01 -2.382752e+01 4.712698e+01
    endloop
  endfacet
  facet normal 2.614567e-01 -1.291224e-03 -9.652144e-01
    outer loop
      vertex   -2.611502e+01 -2.382752e+01 4.712698e+01
      vertex   -2.590924e+01 -2.788768e+01 4.718815e+01
      vertex   -2.611321e+01 -2.788785e+01 4.713290e+01
    endloop
  endfacet
  facet normal 3.758942e-01 -1.183968e-03 -9.266618e-01
    outer loop
      vertex   -2.611502e+01 -2.382752e+01 4.712698e+01
      vertex   -2.611321e+01 -2.788785e+01 4.713290e+01
      vertex   -2.631085e+01 -2.382772e+01 4.704754e+01
    endloop
  endfacet
  facet normal 3.758942e-01 -1.183968e-03 -9.266618e-01
    outer loop
      vertex   -2.631085e+01 -2.382772e+01 4.704754e+01
      vertex   -2.611321e+01 -2.788785e+01 4.713290e+01
      vertex   -2.630904e+01 -2.788805e+01 4.705347e+01
    endloop
  endfacet
  facet normal 4.848503e-01 -1.059447e-03 -8.745965e-01
    outer loop
      vertex   -2.631085e+01 -2.382772e+01 4.704754e+01
      vertex   -2.630904e+01 -2.788805e+01 4.705347e+01
      vertex   -2.649567e+01 -2.382796e+01 4.694508e+01
    endloop
  endfacet
  facet normal 4.848503e-01 -1.059447e-03 -8.745965e-01
    outer loop
      vertex   -2.649567e+01 -2.382796e+01 4.694508e+01
      vertex   -2.630904e+01 -2.788805e+01 4.705347e+01
      vertex   -2.649386e+01 -2.788829e+01 4.695100e+01
    endloop
  endfacet
  facet normal 5.867362e-01 -9.194772e-04 -8.097776e-01
    outer loop
      vertex   -2.649567e+01 -2.382796e+01 4.694508e+01
      vertex   -2.649386e+01 -2.788829e+01 4.695100e+01
      vertex   -2.666680e+01 -2.382821e+01 4.682109e+01
    endloop
  endfacet
  facet normal 5.867362e-01 -9.194772e-04 -8.097776e-01
    outer loop
      vertex   -2.666680e+01 -2.382821e+01 4.682109e+01
      vertex   -2.649386e+01 -2.788829e+01 4.695100e+01
      vertex   -2.666499e+01 -2.788854e+01 4.682701e+01
    endloop
  endfacet
  facet normal 6.800662e-01 -7.660992e-04 -7.331503e-01
    outer loop
      vertex   -2.666680e+01 -2.382821e+01 4.682109e+01
      vertex   -2.666499e+01 -2.788854e+01 4.682701e+01
      vertex   -2.682173e+01 -2.382849e+01 4.667738e+01
    endloop
  endfacet
  facet normal 6.800662e-01 -7.660992e-04 -7.331503e-01
    outer loop
      vertex   -2.682173e+01 -2.382849e+01 4.667738e+01
      vertex   -2.666499e+01 -2.788854e+01 4.682701e+01
      vertex   -2.681992e+01 -2.788882e+01 4.668330e+01
    endloop
  endfacet
  facet normal 7.634793e-01 -6.015497e-04 -6.458320e-01
    outer loop
      vertex   -2.682173e+01 -2.382849e+01 4.667738e+01
      vertex   -2.681992e+01 -2.788882e+01 4.668330e+01
      vertex   -2.695821e+01 -2.382879e+01 4.651603e+01
    endloop
  endfacet
  facet normal 7.634793e-01 -6.015497e-04 -6.458320e-01
    outer loop
      vertex   -2.695821e+01 -2.382879e+01 4.651603e+01
      vertex   -2.681992e+01 -2.788882e+01 4.668330e+01
      vertex   -2.695640e+01 -2.788912e+01 4.652196e+01
    endloop
  endfacet
  facet normal 8.357591e-01 -4.282284e-04 -5.490961e-01
    outer loop
      vertex   -2.695821e+01 -2.382879e+01 4.651603e+01
      vertex   -2.695640e+01 -2.788912e+01 4.652196e+01
      vertex   -2.707425e+01 -2.382910e+01 4.633942e+01
    endloop
  endfacet
  facet normal 8.357591e-01 -4.282284e-04 -5.490961e-01
    outer loop
      vertex   -2.707425e+01 -2.382910e+01 4.633942e+01
      vertex   -2.695640e+01 -2.788912e+01 4.652196e+01
      vertex   -2.707244e+01 -2.788943e+01 4.634534e+01
    endloop
  endfacet
  facet normal 8.958517e-01 -2.486625e-04 -4.443530e-01
    outer loop
      vertex   -2.707425e+01 -2.382910e+01 4.633942e+01
      vertex   -2.707244e+01 -2.788943e+01 4.634534e+01
      vertex   -2.716815e+01 -2.382942e+01 4.615010e+01
    endloop
  endfacet
  facet normal 8.958517e-01 -2.486625e-04 -4.443530e-01
    outer loop
      vertex   -2.716815e+01 -2.382942e+01 4.615010e+01
      vertex   -2.707244e+01 -2.788943e+01 4.634534e+01
      vertex   -2.716634e+01 -2.788975e+01 4.615603e+01
    endloop
  endfacet
  facet normal 9.761605e-01 1.186762e-04 -2.170499e-01
    outer loop
      vertex   -2.728080e+01 -3.195072e+01 4.575641e+01
      vertex   -2.728261e+01 -2.789039e+01 4.575048e+01
      vertex   -2.723493e+01 -3.195040e+01 4.596269e+01
    endloop
  endfacet
  facet normal 9.761605e-01 1.186762e-04 -2.170499e-01
    outer loop
      vertex   -2.723493e+01 -3.195040e+01 4.596269e+01
      vertex   -2.728261e+01 -2.789039e+01 4.575048e+01
      vertex   -2.723674e+01 -2.789007e+01 4.595677e+01
    endloop
  endfacet
  facet normal 9.428808e-01 -6.547048e-05 -3.331303e-01
    outer loop
      vertex   -2.723493e+01 -3.195040e+01 4.596269e+01
      vertex   -2.723674e+01 -2.789007e+01 4.595677e+01
      vertex   -2.716453e+01 -3.195008e+01 4.616195e+01
    endloop
  endfacet
  facet normal 9.428808e-01 -6.547048e-05 -3.331303e-01
    outer loop
      vertex   -2.716453e+01 -3.195008e+01 4.616195e+01
      vertex   -2.723674e+01 -2.789007e+01 4.595677e+01
      vertex   -2.716634e+01 -2.788975e+01 4.615603e+01
    endloop
  endfacet
  facet normal 8.958517e-01 -2.486625e-04 -4.443530e-01
    outer loop
      vertex   -2.716453e+01 -3.195008e+01 4.616195e+01
      vertex   -2.716634e+01 -2.788975e+01 4.615603e+01
      vertex   -2.707063e+01 -3.194976e+01 4.635126e+01
    endloop
  endfacet
  facet normal 8.958517e-01 -2.486625e-04 -4.443530e-01
    outer loop
      vertex   -2.707063e+01 -3.194976e+01 4.635126e+01
      vertex   -2.716634e+01 -2.788975e+01 4.615603e+01
      vertex   -2.707244e+01 -2.788943e+01 4.634534e+01
    endloop
  endfacet
  facet normal 8.357591e-01 -4.282284e-04 -5.490961e-01
    outer loop
      vertex   -2.707063e+01 -3.194976e+01 4.635126e+01
      vertex   -2.707244e+01 -2.788943e+01 4.634534e+01
      vertex   -2.695459e+01 -3.194945e+01 4.652788e+01
    endloop
  endfacet
  facet normal 8.357591e-01 -4.282284e-04 -5.490961e-01
    outer loop
      vertex   -2.695459e+01 -3.194945e+01 4.652788e+01
      vertex   -2.707244e+01 -2.788943e+01 4.634534e+01
      vertex   -2.695640e+01 -2.788912e+01 4.652196e+01
    endloop
  endfacet
  facet normal 7.634793e-01 -6.015497e-04 -6.458320e-01
    outer loop
      vertex   -2.695459e+01 -3.194945e+01 4.652788e+01
      vertex   -2.695640e+01 -2.788912e+01 4.652196e+01
      vertex   -2.681811e+01 -3.194915e+01 4.668922e+01
    endloop
  endfacet
  facet normal 7.634793e-01 -6.015497e-04 -6.458320e-01
    outer loop
      vertex   -2.681811e+01 -3.194915e+01 4.668922e+01
      vertex   -2.695640e+01 -2.788912e+01 4.652196e+01
      vertex   -2.681992e+01 -2.788882e+01 4.668330e+01
    endloop
  endfacet
  facet normal 6.800662e-01 -7.660992e-04 -7.331503e-01
    outer loop
      vertex   -2.681811e+01 -3.194915e+01 4.668922e+01
      vertex   -2.681992e+01 -2.788882e+01 4.668330e+01
      vertex   -2.666318e+01 -3.194887e+01 4.683294e+01
    endloop
  endfacet
  facet normal 6.800662e-01 -7.660992e-04 -7.331503e-01
    outer loop
      vertex   -2.666318e+01 -3.194887e+01 4.683294e+01
      vertex   -2.681992e+01 -2.788882e+01 4.668330e+01
      vertex   -2.666499e+01 -2.788854e+01 4.682701e+01
    endloop
  endfacet
  facet normal 5.867362e-01 -9.194772e-04 -8.097776e-01
    outer loop
      vertex   -2.666318e+01 -3.194887e+01 4.683294e+01
      vertex   -2.666499e+01 -2.788854e+01 4.682701e+01
      vertex   -2.649205e+01 -3.194862e+01 4.695693e+01
    endloop
  endfacet
  facet normal 5.867362e-01 -9.194772e-04 -8.097776e-01
    outer loop
      vertex   -2.649205e+01 -3.194862e+01 4.695693e+01
      vertex   -2.666499e+01 -2.788854e+01 4.682701e+01
      vertex   -2.649386e+01 -2.788829e+01 4.695100e+01
    endloop
  endfacet
  facet normal 4.848503e-01 -1.059447e-03 -8.745965e-01
    outer loop
      vertex   -2.649205e+01 -3.194862e+01 4.695693e+01
      vertex   -2.649386e+01 -2.788829e+01 4.695100e+01
      vertex   -2.630723e+01 -3.194838e+01 4.705939e+01
    endloop
  endfacet
  facet normal 4.848503e-01 -1.059447e-03 -8.745965e-01
    outer loop
      vertex   -2.630723e+01 -3.194838e+01 4.705939e+01
      vertex   -2.649386e+01 -2.788829e+01 4.695100e+01
      vertex   -2.630904e+01 -2.788805e+01 4.705347e+01
    endloop
  endfacet
  facet normal 3.758942e-01 -1.183968e-03 -9.266618e-01
    outer loop
      vertex   -2.630723e+01 -3.194838e+01 4.705939e+01
      vertex   -2.630904e+01 -2.788805e+01 4.705347e+01
      vertex   -2.611140e+01 -3.194818e+01 4.713882e+01
    endloop
  endfacet
  facet normal 3.758942e-01 -1.183968e-03 -9.266618e-01
    outer loop
      vertex   -2.611140e+01 -3.194818e+01 4.713882e+01
      vertex   -2.630904e+01 -2.788805e+01 4.705347e+01
      vertex   -2.611321e+01 -2.788785e+01 4.713290e+01
    endloop
  endfacet
  facet normal 2.614567e-01 -1.291224e-03 -9.652144e-01
    outer loop
      vertex   -2.611140e+01 -3.194818e+01 4.713882e+01
      vertex   -2.611321e+01 -2.788785e+01 4.713290e+01
      vertex   -2.590743e+01 -3.194801e+01 4.719408e+01
    endloop
  endfacet
  facet normal 2.614567e-01 -1.291224e-03 -9.652144e-01
    outer loop
      vertex   -2.590743e+01 -3.194801e+01 4.719408e+01
      vertex   -2.611321e+01 -2.788785e+01 4.713290e+01
      vertex   -2.590924e+01 -2.788768e+01 4.718815e+01
    endloop
  endfacet
  facet normal 1.432065e-01 -1.379651e-03 -9.896919e-01
    outer loop
      vertex   -2.590743e+01 -3.194801e+01 4.719408e+01
      vertex   -2.590924e+01 -2.788768e+01 4.718815e+01
      vertex   -2.569828e+01 -3.194787e+01 4.722434e+01
    endloop
  endfacet
  facet normal 1.432065e-01 -1.379651e-03 -9.896919e-01
    outer loop
      vertex   -2.569828e+01 -3.194787e+01 4.722434e+01
      vertex   -2.590924e+01 -2.788768e+01 4.718815e+01
      vertex   -2.570009e+01 -2.788754e+01 4.721842e+01
    endloop
  endfacet
  facet normal 2.286812e-02 -1.447959e-03 -9.997374e-01
    outer loop
      vertex   -2.569828e+01 -3.194787e+01 4.722434e+01
      vertex   -2.570009e+01 -2.788754e+01 4.721842e+01
      vertex   -2.548701e+01 -3.194777e+01 4.722917e+01
    endloop
  endfacet
  facet normal 2.286812e-02 -1.447959e-03 -9.997374e-01
    outer loop
      vertex   -2.548701e+01 -3.194777e+01 4.722917e+01
      vertex   -2.570009e+01 -2.788754e+01 4.721842e+01
      vertex   -2.548882e+01 -2.788744e+01 4.722325e+01
    endloop
  endfacet
  facet normal -9.780376e-02 -1.495153e-03 -9.952046e-01
    outer loop
      vertex   -2.548701e+01 -3.194777e+01 4.722917e+01
      vertex   -2.548882e+01 -2.788744e+01 4.722325e+01
      vertex   -2.527670e+01 -3.194771e+01 4.720850e+01
    endloop
  endfacet
  facet normal -9.780376e-02 -1.495153e-03 -9.952046e-01
    outer loop
      vertex   -2.527670e+01 -3.194771e+01 4.720850e+01
      vertex   -2.548882e+01 -2.788744e+01 4.722325e+01
      vertex   -2.527851e+01 -2.788738e+01 4.720258e+01
    endloop
  endfacet
  facet normal -2.170494e-01 -1.520545e-03 -9.761594e-01
    outer loop
      vertex   -2.527670e+01 -3.194771e+01 4.720850e+01
      vertex   -2.527851e+01 -2.788738e+01 4.720258e+01
      vertex   -2.507041e+01 -3.194768e+01 4.716263e+01
    endloop
  endfacet
  facet normal -2.170494e-01 -1.520545e-03 -9.761594e-01
    outer loop
      vertex   -2.507041e+01 -3.194768e+01 4.716263e+01
      vertex   -2.527851e+01 -2.788738e+01 4.720258e+01
      vertex   -2.507222e+01 -2.788735e+01 4.715671e+01
    endloop
  endfacet
  facet normal -3.331301e-01 -1.523763e-03 -9.428797e-01
    outer loop
      vertex   -2.507041e+01 -3.194768e+01 4.716263e+01
      vertex   -2.507222e+01 -2.788735e+01 4.715671e+01
      vertex   -2.487116e+01 -3.194770e+01 4.709224e+01
    endloop
  endfacet
  facet normal -3.331301e-01 -1.523763e-03 -9.428797e-01
    outer loop
      vertex   -2.487116e+01 -3.194770e+01 4.709224e+01
      vertex   -2.507222e+01 -2.788735e+01 4.715671e+01
      vertex   -2.487297e+01 -2.788737e+01 4.708631e+01
    endloop
  endfacet
  facet normal -4.443529e-01 -1.504761e-03 -8.958506e-01
    outer loop
      vertex   -2.487116e+01 -3.194770e+01 4.709224e+01
      vertex   -2.487297e+01 -2.788737e+01 4.708631e+01
      vertex   -2.468184e+01 -3.194775e+01 4.699833e+01
    endloop
  endfacet
  facet normal -4.443529e-01 -1.504761e-03 -8.958506e-01
    outer loop
      vertex   -2.468184e+01 -3.194775e+01 4.699833e+01
      vertex   -2.487297e+01 -2.788737e+01 4.708631e+01
      vertex   -2.468365e+01 -2.788742e+01 4.699241e+01
    endloop
  endfacet
  facet normal -5.490960e-01 -1.463817e-03 -8.357580e-01
    outer loop
      vertex   -2.468184e+01 -3.194775e+01 4.699833e+01
      vertex   -2.468365e+01 -2.788742e+01 4.699241e+01
      vertex   -2.450523e+01 -3.194784e+01 4.688230e+01
    endloop
  endfacet
  facet normal -5.490960e-01 -1.463817e-03 -8.357580e-01
    outer loop
      vertex   -2.450523e+01 -3.194784e+01 4.688230e+01
      vertex   -2.468365e+01 -2.788742e+01 4.699241e+01
      vertex   -2.450704e+01 -2.788751e+01 4.687637e+01
    endloop
  endfacet
  facet normal -6.458321e-01 -1.401527e-03 -7.634781e-01
    outer loop
      vertex   -2.450523e+01 -3.194784e+01 4.688230e+01
      vertex   -2.450704e+01 -2.788751e+01 4.687637e+01
      vertex   -2.434388e+01 -3.194797e+01 4.674581e+01
    endloop
  endfacet
  facet normal -6.458321e-01 -1.401527e-03 -7.634781e-01
    outer loop
      vertex   -2.434388e+01 -3.194797e+01 4.674581e+01
      vertex   -2.450704e+01 -2.788751e+01 4.687637e+01
      vertex   -2.434570e+01 -2.788764e+01 4.673989e+01
    endloop
  endfacet
  facet normal -7.331506e-01 -1.318799e-03 -6.800651e-01
    outer loop
      vertex   -2.434388e+01 -3.194797e+01 4.674581e+01
      vertex   -2.434570e+01 -2.788764e+01 4.673989e+01
      vertex   -2.420017e+01 -3.194813e+01 4.659088e+01
    endloop
  endfacet
  facet normal -7.331506e-01 -1.318799e-03 -6.800651e-01
    outer loop
      vertex   -2.420017e+01 -3.194813e+01 4.659088e+01
      vertex   -2.434570e+01 -2.788764e+01 4.673989e+01
      vertex   -2.420198e+01 -2.788780e+01 4.658496e+01
    endloop
  endfacet
  facet normal -8.097780e-01 -1.216841e-03 -5.867351e-01
    outer loop
      vertex   -2.420017e+01 -3.194813e+01 4.659088e+01
      vertex   -2.420198e+01 -2.788780e+01 4.658496e+01
      vertex   -2.407618e+01 -3.194832e+01 4.641976e+01
    endloop
  endfacet
  facet normal -8.097780e-01 -1.216841e-03 -5.867351e-01
    outer loop
      vertex   -2.407618e+01 -3.194832e+01 4.641976e+01
      vertex   -2.420198e+01 -2.788780e+01 4.658496e+01
      vertex   -2.407799e+01 -2.788799e+01 4.641383e+01
    endloop
  endfacet
  facet normal -8.745970e-01 -1.097138e-03 -4.848493e-01
    outer loop
      vertex   -2.407618e+01 -3.194832e+01 4.641976e+01
      vertex   -2.407799e+01 -2.788799e+01 4.641383e+01
      vertex   -2.397372e+01 -3.194855e+01 4.623493e+01
    endloop
  endfacet
  facet normal -8.745970e-01 -1.097138e-03 -4.848493e-01
    outer loop
      vertex   -2.397372e+01 -3.194855e+01 4.623493e+01
      vertex   -2.407799e+01 -2.788799e+01 4.641383e+01
      vertex   -2.397553e+01 -2.788822e+01 4.622901e+01
    endloop
  endfacet
  facet normal -9.266625e-01 -9.614364e-04 -3.758932e-01
    outer loop
      vertex   -2.397372e+01 -3.194855e+01 4.623493e+01
      vertex   -2.397553e+01 -2.788822e+01 4.622901e+01
      vertex   -2.389428e+01 -3.194880e+01 4.603911e+01
    endloop
  endfacet
  facet normal -9.266625e-01 -9.614364e-04 -3.758932e-01
    outer loop
      vertex   -2.389428e+01 -3.194880e+01 4.603911e+01
      vertex   -2.397553e+01 -2.788822e+01 4.622901e+01
      vertex   -2.389609e+01 -2.788847e+01 4.603318e+01
    endloop
  endfacet
  facet normal -9.652151e-01 -8.117149e-04 -2.614558e-01
    outer loop
      vertex   -2.389428e+01 -3.194880e+01 4.603911e+01
      vertex   -2.389609e+01 -2.788847e+01 4.603318e+01
      vertex   -2.383903e+01 -3.194907e+01 4.583513e+01
    endloop
  endfacet
  facet normal -9.652151e-01 -8.117149e-04 -2.614558e-01
    outer loop
      vertex   -2.383903e+01 -3.194907e+01 4.583513e+01
      vertex   -2.389609e+01 -2.788847e+01 4.603318e+01
      vertex   -2.384084e+01 -2.788874e+01 4.582921e+01
    endloop
  endfacet
  facet normal -9.896927e-01 -6.501567e-04 -1.432058e-01
    outer loop
      vertex   -2.383903e+01 -3.194907e+01 4.583513e+01
      vertex   -2.384084e+01 -2.788874e+01 4.582921e+01
      vertex   -2.380877e+01 -3.194936e+01 4.562599e+01
    endloop
  endfacet
  facet normal -9.896927e-01 -6.501567e-04 -1.432058e-01
    outer loop
      vertex   -2.380877e+01 -3.194936e+01 4.562599e+01
      vertex   -2.384084e+01 -2.788874e+01 4.582921e+01
      vertex   -2.381058e+01 -2.788903e+01 4.562006e+01
    endloop
  endfacet
  facet normal -9.997384e-01 -4.791178e-04 -2.286745e-02
    outer loop
      vertex   -2.380877e+01 -3.194936e+01 4.562599e+01
      vertex   -2.381058e+01 -2.788903e+01 4.562006e+01
      vertex   -2.380393e+01 -3.194967e+01 4.541472e+01
    endloop
  endfacet
  facet normal -9.997384e-01 -4.791178e-04 -2.286745e-02
    outer loop
      vertex   -2.380393e+01 -3.194967e+01 4.541472e+01
      vertex   -2.381058e+01 -2.788903e+01 4.562006e+01
      vertex   -2.380574e+01 -2.788934e+01 4.540879e+01
    endloop
  endfacet
  facet normal -9.952056e-01 -3.010923e-04 9.780431e-02
    outer loop
      vertex   -2.380393e+01 -3.194967e+01 4.541472e+01
      vertex   -2.380574e+01 -2.788934e+01 4.540879e+01
      vertex   -2.382460e+01 -3.194998e+01 4.520440e+01
    endloop
  endfacet
  facet normal -9.952056e-01 -3.010923e-04 9.780431e-02
    outer loop
      vertex   -2.382460e+01 -3.194998e+01 4.520440e+01
      vertex   -2.380574e+01 -2.788934e+01 4.540879e+01
      vertex   -2.382641e+01 -2.788965e+01 4.519848e+01
    endloop
  endfacet
  facet normal -9.761605e-01 -1.186762e-04 2.170499e-01
    outer loop
      vertex   -2.382460e+01 -3.194998e+01 4.520440e+01
      vertex   -2.382641e+01 -2.788965e+01 4.519848e+01
      vertex   -2.387047e+01 -3.195030e+01 4.499812e+01
    endloop
  endfacet
  facet normal -9.761605e-01 -1.186762e-04 2.170499e-01
    outer loop
      vertex   -2.387047e+01 -3.195030e+01 4.499812e+01
      vertex   -2.382641e+01 -2.788965e+01 4.519848e+01
      vertex   -2.387228e+01 -2.788997e+01 4.499220e+01
    endloop
  endfacet
  facet normal -9.428808e-01 6.547048e-05 3.331303e-01
    outer loop
      vertex   -2.387047e+01 -3.195030e+01 4.499812e+01
      vertex   -2.387228e+01 -2.788997e+01 4.499220e+01
      vertex   -2.394087e+01 -3.195063e+01 4.479886e+01
    endloop
  endfacet
  facet normal -9.428808e-01 6.547048e-05 3.331303e-01
    outer loop
      vertex   -2.394087e+01 -3.195063e+01 4.479886e+01
      vertex   -2.387228e+01 -2.788997e+01 4.499220e+01
      vertex   -2.394268e+01 -2.789030e+01 4.479294e+01
    endloop
  endfacet
  facet normal -8.958517e-01 2.486625e-04 4.443530e-01
    outer loop
      vertex   -2.394087e+01 -3.195063e+01 4.479886e+01
      vertex   -2.394268e+01 -2.789030e+01 4.479294e+01
      vertex   -2.403477e+01 -3.195094e+01 4.460955e+01
    endloop
  endfacet
  facet normal -8.958517e-01 2.486625e-04 4.443530e-01
    outer loop
      vertex   -2.403477e+01 -3.195094e+01 4.460955e+01
      vertex   -2.394268e+01 -2.789030e+01 4.479294e+01
      vertex   -2.403658e+01 -2.789061e+01 4.460363e+01
    endloop
  endfacet
  facet normal -8.357591e-01 4.282284e-04 5.490961e-01
    outer loop
      vertex   -2.403477e+01 -3.195094e+01 4.460955e+01
      vertex   -2.403658e+01 -2.789061e+01 4.460363e+01
      vertex   -2.415081e+01 -3.195125e+01 4.443293e+01
    endloop
  endfacet
  facet normal -8.357591e-01 4.282284e-04 5.490961e-01
    outer loop
      vertex   -2.415081e+01 -3.195125e+01 4.443293e+01
      vertex   -2.403658e+01 -2.789061e+01 4.460363e+01
      vertex   -2.415262e+01 -2.789092e+01 4.442701e+01
    endloop
  endfacet
  facet normal -7.634793e-01 6.015497e-04 6.458320e-01
    outer loop
      vertex   -2.415081e+01 -3.195125e+01 4.443293e+01
      vertex   -2.415262e+01 -2.789092e+01 4.442701e+01
      vertex   -2.428729e+01 -3.195155e+01 4.427159e+01
    endloop
  endfacet
  facet normal -7.634793e-01 6.015497e-04 6.458320e-01
    outer loop
      vertex   -2.428729e+01 -3.195155e+01 4.427159e+01
      vertex   -2.415262e+01 -2.789092e+01 4.442701e+01
      vertex   -2.428910e+01 -2.789122e+01 4.426567e+01
    endloop
  endfacet
  facet normal -6.800662e-01 7.660992e-04 7.331503e-01
    outer loop
      vertex   -2.428729e+01 -3.195155e+01 4.427159e+01
      vertex   -2.428910e+01 -2.789122e+01 4.426567e+01
      vertex   -2.444222e+01 -3.195183e+01 4.412788e+01
    endloop
  endfacet
  facet normal -6.800662e-01 7.660992e-04 7.331503e-01
    outer loop
      vertex   -2.444222e+01 -3.195183e+01 4.412788e+01
      vertex   -2.428910e+01 -2.789122e+01 4.426567e+01
      vertex   -2.444403e+01 -2.789150e+01 4.412195e+01
    endloop
  endfacet
  facet normal -5.867362e-01 9.194772e-04 8.097776e-01
    outer loop
      vertex   -2.444222e+01 -3.195183e+01 4.412788e+01
      vertex   -2.444403e+01 -2.789150e+01 4.412195e+01
      vertex   -2.461335e+01 -3.195209e+01 4.400388e+01
    endloop
  endfacet
  facet normal -5.867362e-01 9.194772e-04 8.097776e-01
    outer loop
      vertex   -2.461335e+01 -3.195209e+01 4.400388e+01
      vertex   -2.444403e+01 -2.789150e+01 4.412195e+01
      vertex   -2.461516e+01 -2.789176e+01 4.399796e+01
    endloop
  endfacet
  facet normal -4.848503e-01 1.059447e-03 8.745965e-01
    outer loop
      vertex   -2.461335e+01 -3.195209e+01 4.400388e+01
      vertex   -2.461516e+01 -2.789176e+01 4.399796e+01
      vertex   -2.479817e+01 -3.195232e+01 4.390142e+01
    endloop
  endfacet
  facet normal -4.848503e-01 1.059447e-03 8.745965e-01
    outer loop
      vertex   -2.479817e+01 -3.195232e+01 4.390142e+01
      vertex   -2.461516e+01 -2.789176e+01 4.399796e+01
      vertex   -2.479998e+01 -2.789199e+01 4.389550e+01
    endloop
  endfacet
  facet normal -3.758942e-01 1.183968e-03 9.266618e-01
    outer loop
      vertex   -2.479817e+01 -3.195232e+01 4.390142e+01
      vertex   -2.479998e+01 -2.789199e+01 4.389550e+01
      vertex   -2.499400e+01 -3.195252e+01 4.382199e+01
    endloop
  endfacet
  facet normal -3.758942e-01 1.183968e-03 9.266618e-01
    outer loop
      vertex   -2.499400e+01 -3.195252e+01 4.382199e+01
      vertex   -2.479998e+01 -2.789199e+01 4.389550e+01
      vertex   -2.499581e+01 -2.789219e+01 4.381607e+01
    endloop
  endfacet
  facet normal -2.614567e-01 1.291224e-03 9.652144e-01
    outer loop
      vertex   -2.499400e+01 -3.195252e+01 4.382199e+01
      vertex   -2.499581e+01 -2.789219e+01 4.381607e+01
      vertex   -2.519797e+01 -3.195269e+01 4.376674e+01
    endloop
  endfacet
  facet normal -2.614567e-01 1.291224e-03 9.652144e-01
    outer loop
      vertex   -2.519797e+01 -3.195269e+01 4.376674e+01
      vertex   -2.499581e+01 -2.789219e+01 4.381607e+01
      vertex   -2.519978e+01 -2.789236e+01 4.376081e+01
    endloop
  endfacet
  facet normal -1.432065e-01 1.379651e-03 9.896919e-01
    outer loop
      vertex   -2.519797e+01 -3.195269e+01 4.376674e+01
      vertex   -2.519978e+01 -2.789236e+01 4.376081e+01
      vertex   -2.540712e+01 -3.195283e+01 4.373647e+01
    endloop
  endfacet
  facet normal -1.432065e-01 1.379651e-03 9.896919e-01
    outer loop
      vertex   -2.540712e+01 -3.195283e+01 4.373647e+01
      vertex   -2.519978e+01 -2.789236e+01 4.376081e+01
      vertex   -2.540893e+01 -2.789250e+01 4.373055e+01
    endloop
  endfacet
  facet normal -2.286812e-02 1.447959e-03 9.997374e-01
    outer loop
      vertex   -2.540712e+01 -3.195283e+01 4.373647e+01
      vertex   -2.540893e+01 -2.789250e+01 4.373055e+01
      vertex   -2.561839e+01 -3.195293e+01 4.373164e+01
    endloop
  endfacet
  facet normal -2.286812e-02 1.447959e-03 9.997374e-01
    outer loop
      vertex   -2.561839e+01 -3.195293e+01 4.373164e+01
      vertex   -2.540893e+01 -2.789250e+01 4.373055e+01
      vertex   -2.562020e+01 -2.789260e+01 4.372572e+01
    endloop
  endfacet
  facet normal 9.780376e-02 1.495153e-03 9.952046e-01
    outer loop
      vertex   -2.561839e+01 -3.195293e+01 4.373164e+01
      vertex   -2.562020e+01 -2.789260e+01 4.372572e+01
      vertex   -2.582870e+01 -3.195299e+01 4.375231e+01
    endloop
  endfacet
  facet normal 9.780376e-02 1.495153e-03 9.952046e-01
    outer loop
      vertex   -2.582870e+01 -3.195299e+01 4.375231e+01
      vertex   -2.562020e+01 -2.789260e+01 4.372572e+01
      vertex   -2.583051e+01 -2.789266e+01 4.374639e+01
    endloop
  endfacet
  facet normal 2.170494e-01 1.520545e-03 9.761594e-01
    outer loop
      vertex   -2.582870e+01 -3.195299e+01 4.375231e+01
      vertex   -2.583051e+01 -2.789266e+01 4.374639e+01
      vertex   -2.603499e+01 -3.195302e+01 4.379818e+01
    endloop
  endfacet
  facet normal 2.170494e-01 1.520545e-03 9.761594e-01
    outer loop
      vertex   -2.603499e+01 -3.195302e+01 4.379818e+01
      vertex   -2.583051e+01 -2.789266e+01 4.374639e+01
      vertex   -2.603680e+01 -2.789269e+01 4.379226e+01
    endloop
  endfacet
  facet normal 3.331301e-01 1.523763e-03 9.428797e-01
    outer loop
      vertex   -2.603499e+01 -3.195302e+01 4.379818e+01
      vertex   -2.603680e+01 -2.789269e+01 4.379226e+01
      vertex   -2.623424e+01 -3.195301e+01 4.386858e+01
    endloop
  endfacet
  facet normal 3.331301e-01 1.523763e-03 9.428797e-01
    outer loop
      vertex   -2.623424e+01 -3.195301e+01 4.386858e+01
      vertex   -2.603680e+01 -2.789269e+01 4.379226e+01
      vertex   -2.623605e+01 -2.789268e+01 4.386265e+01
    endloop
  endfacet
  facet normal 4.443529e-01 1.504761e-03 8.958506e-01
    outer loop
      vertex   -2.623424e+01 -3.195301e+01 4.386858e+01
      vertex   -2.623605e+01 -2.789268e+01 4.386265e+01
      vertex   -2.642356e+01 -3.195295e+01 4.396248e+01
    endloop
  endfacet
  facet normal 4.443529e-01 1.504761e-03 8.958506e-01
    outer loop
      vertex   -2.642356e+01 -3.195295e+01 4.396248e+01
      vertex   -2.623605e+01 -2.789268e+01 4.386265e+01
      vertex   -2.642537e+01 -2.789262e+01 4.395656e+01
    endloop
  endfacet
  facet normal 5.490960e-01 1.463817e-03 8.357580e-01
    outer loop
      vertex   -2.642356e+01 -3.195295e+01 4.396248e+01
      vertex   -2.642537e+01 -2.789262e+01 4.395656e+01
      vertex   -2.660017e+01 -3.195286e+01 4.407852e+01
    endloop
  endfacet
  facet normal 5.490960e-01 1.463817e-03 8.357580e-01
    outer loop
      vertex   -2.660017e+01 -3.195286e+01 4.407852e+01
      vertex   -2.642537e+01 -2.789262e+01 4.395656e+01
      vertex   -2.660198e+01 -2.789253e+01 4.407259e+01
    endloop
  endfacet
  facet normal 6.458321e-01 1.401527e-03 7.634781e-01
    outer loop
      vertex   -2.660017e+01 -3.195286e+01 4.407852e+01
      vertex   -2.660198e+01 -2.789253e+01 4.407259e+01
      vertex   -2.676152e+01 -3.195274e+01 4.421500e+01
    endloop
  endfacet
  facet normal 6.458321e-01 1.401527e-03 7.634781e-01
    outer loop
      vertex   -2.676152e+01 -3.195274e+01 4.421500e+01
      vertex   -2.660198e+01 -2.789253e+01 4.407259e+01
      vertex   -2.676333e+01 -2.789241e+01 4.420907e+01
    endloop
  endfacet
  facet normal 7.331506e-01 1.318799e-03 6.800651e-01
    outer loop
      vertex   -2.676152e+01 -3.195274e+01 4.421500e+01
      vertex   -2.676333e+01 -2.789241e+01 4.420907e+01
      vertex   -2.690523e+01 -3.195257e+01 4.436993e+01
    endloop
  endfacet
  facet normal 7.331506e-01 1.318799e-03 6.800651e-01
    outer loop
      vertex   -2.690523e+01 -3.195257e+01 4.436993e+01
      vertex   -2.676333e+01 -2.789241e+01 4.420907e+01
      vertex   -2.690704e+01 -2.789224e+01 4.436401e+01
    endloop
  endfacet
  facet normal 8.097780e-01 1.216841e-03 5.867351e-01
    outer loop
      vertex   -2.690523e+01 -3.195257e+01 4.436993e+01
      vertex   -2.690704e+01 -2.789224e+01 4.436401e+01
      vertex   -2.702922e+01 -3.195238e+01 4.454106e+01
    endloop
  endfacet
  facet normal 8.097780e-01 1.216841e-03 5.867351e-01
    outer loop
      vertex   -2.702922e+01 -3.195238e+01 4.454106e+01
      vertex   -2.690704e+01 -2.789224e+01 4.436401e+01
      vertex   -2.703103e+01 -2.789205e+01 4.453513e+01
    endloop
  endfacet
  facet normal 8.745970e-01 1.097138e-03 4.848493e-01
    outer loop
      vertex   -2.702922e+01 -3.195238e+01 4.454106e+01
      vertex   -2.703103e+01 -2.789205e+01 4.453513e+01
      vertex   -2.713168e+01 -3.195216e+01 4.472588e+01
    endloop
  endfacet
  facet normal 8.745970e-01 1.097138e-03 4.848493e-01
    outer loop
      vertex   -2.713168e+01 -3.195216e+01 4.472588e+01
      vertex   -2.703103e+01 -2.789205e+01 4.453513e+01
      vertex   -2.713349e+01 -2.789183e+01 4.471996e+01
    endloop
  endfacet
  facet normal 9.266625e-01 9.614364e-04 3.758932e-01
    outer loop
      vertex   -2.713168e+01 -3.195216e+01 4.472588e+01
      vertex   -2.713349e+01 -2.789183e+01 4.471996e+01
      vertex   -2.721112e+01 -3.195190e+01 4.492171e+01
    endloop
  endfacet
  facet normal 9.266625e-01 9.614364e-04 3.758932e-01
    outer loop
      vertex   -2.721112e+01 -3.195190e+01 4.492171e+01
      vertex   -2.713349e+01 -2.789183e+01 4.471996e+01
      vertex   -2.721293e+01 -2.789158e+01 4.491578e+01
    endloop
  endfacet
  facet normal 9.652151e-01 8.117149e-04 2.614558e-01
    outer loop
      vertex   -2.721112e+01 -3.195190e+01 4.492171e+01
      vertex   -2.721293e+01 -2.789158e+01 4.491578e+01
      vertex   -2.726637e+01 -3.195163e+01 4.512568e+01
    endloop
  endfacet
  facet normal 9.652151e-01 8.117149e-04 2.614558e-01
    outer loop
      vertex   -2.726637e+01 -3.195163e+01 4.512568e+01
      vertex   -2.721293e+01 -2.789158e+01 4.491578e+01
      vertex   -2.726818e+01 -2.789130e+01 4.511976e+01
    endloop
  endfacet
  facet normal 9.896927e-01 6.501567e-04 1.432058e-01
    outer loop
      vertex   -2.726637e+01 -3.195163e+01 4.512568e+01
      vertex   -2.726818e+01 -2.789130e+01 4.511976e+01
      vertex   -2.729663e+01 -3.195134e+01 4.533483e+01
    endloop
  endfacet
  facet normal 9.896927e-01 6.501567e-04 1.432058e-01
    outer loop
      vertex   -2.729663e+01 -3.195134e+01 4.533483e+01
      vertex   -2.726818e+01 -2.789130e+01 4.511976e+01
      vertex   -2.729844e+01 -2.789101e+01 4.532890e+01
    endloop
  endfacet
  facet normal 9.997384e-01 4.791178e-04 2.286745e-02
    outer loop
      vertex   -2.729663e+01 -3.195134e+01 4.533483e+01
      vertex   -2.729844e+01 -2.789101e+01 4.532890e+01
      vertex   -2.730147e+01 -3.195103e+01 4.554610e+01
    endloop
  endfacet
  facet normal 9.997384e-01 4.791178e-04 2.286745e-02
    outer loop
      vertex   -2.730147e+01 -3.195103e+01 4.554610e+01
      vertex   -2.729844e+01 -2.789101e+01 4.532890e+01
      vertex   -2.730328e+01 -2.789070e+01 4.554017e+01
    endloop
  endfacet
  facet normal 9.952056e-01 3.010923e-04 -9.780431e-02
    outer loop
      vertex   -2.730147e+01 -3.195103e+01 4.554610e+01
      vertex   -2.730328e+01 -2.789070e+01 4.554017e+01
      vertex   -2.728080e+01 -3.195072e+01 4.575641e+01
    endloop
  endfacet
  facet normal 9.952056e-01 3.010923e-04 -9.780431e-02
    outer loop
      vertex   -2.728080e+01 -3.195072e+01 4.575641e+01
      vertex   -2.730328e+01 -2.789070e+01 4.554017e+01
      vertex   -2.728261e+01 -2.789039e+01 4.575048e+01
    endloop
  endfacet
  facet normal 6.665389e-01 -7.076757e-01 -2.343521e-01
    outer loop
      vertex   -2.716453e+01 -3.195008e+01 4.616195e+01
      vertex   -2.744753e+01 -3.225005e+01 4.626289e+01
      vertex   -2.723493e+01 -3.195040e+01 4.596269e+01
    endloop
  endfacet
  facet normal 6.685682e-01 -7.065908e-01 -2.318320e-01
    outer loop
      vertex   -2.723493e+01 -3.195040e+01 4.596269e+01
      vertex   -2.744753e+01 -3.225005e+01 4.626289e+01
      vertex   -2.752318e+01 -3.225040e+01 4.604581e+01
    endloop
  endfacet
  facet normal 6.904386e-01 -7.064698e-01 -1.555473e-01
    outer loop
      vertex   -2.723493e+01 -3.195040e+01 4.596269e+01
      vertex   -2.752318e+01 -3.225040e+01 4.604581e+01
      vertex   -2.757404e+01 -3.225075e+01 4.582162e+01
    endloop
  endfacet
  facet normal 6.391254e-01 -7.057861e-01 -3.055889e-01
    outer loop
      vertex   -2.744753e+01 -3.225005e+01 4.626289e+01
      vertex   -2.716453e+01 -3.195008e+01 4.616195e+01
      vertex   -2.734806e+01 -3.224971e+01 4.647015e+01
    endloop
  endfacet
  facet normal 6.324243e-01 -7.087901e-01 -3.124997e-01
    outer loop
      vertex   -2.734806e+01 -3.224971e+01 4.647015e+01
      vertex   -2.716453e+01 -3.195008e+01 4.616195e+01
      vertex   -2.707063e+01 -3.194976e+01 4.635126e+01
    endloop
  endfacet
  facet normal 6.014305e-01 -7.051311e-01 -3.755949e-01
    outer loop
      vertex   -2.734806e+01 -3.224971e+01 4.647015e+01
      vertex   -2.707063e+01 -3.194976e+01 4.635126e+01
      vertex   -2.722600e+01 -3.224937e+01 4.666496e+01
    endloop
  endfacet
  facet normal 5.893489e-01 -7.097195e-01 -3.859613e-01
    outer loop
      vertex   -2.722600e+01 -3.224937e+01 4.666496e+01
      vertex   -2.707063e+01 -3.194976e+01 4.635126e+01
      vertex   -2.695459e+01 -3.194945e+01 4.652788e+01
    endloop
  endfacet
  facet normal 5.559647e-01 -7.046255e-01 -4.409151e-01
    outer loop
      vertex   -2.722600e+01 -3.224937e+01 4.666496e+01
      vertex   -2.695459e+01 -3.194945e+01 4.652788e+01
      vertex   -2.708290e+01 -3.224904e+01 4.684488e+01
    endloop
  endfacet
  facet normal 5.379282e-01 -7.104641e-01 -4.537335e-01
    outer loop
      vertex   -2.708290e+01 -3.224904e+01 4.684488e+01
      vertex   -2.695459e+01 -3.194945e+01 4.652788e+01
      vertex   -2.681811e+01 -3.194915e+01 4.668922e+01
    endloop
  endfacet
  facet normal 5.033165e-01 -7.042693e-01 -5.006768e-01
    outer loop
      vertex   -2.708290e+01 -3.224904e+01 4.684488e+01
      vertex   -2.681811e+01 -3.194915e+01 4.668922e+01
      vertex   -2.692055e+01 -3.224873e+01 4.700764e+01
    endloop
  endfacet
  facet normal 4.788877e-01 -7.110234e-01 -5.148905e-01
    outer loop
      vertex   -2.692055e+01 -3.224873e+01 4.700764e+01
      vertex   -2.681811e+01 -3.194915e+01 4.668922e+01
      vertex   -2.666318e+01 -3.194887e+01 4.683294e+01
    endloop
  endfacet
  facet normal 4.441735e-01 -7.040617e-01 -5.540821e-01
    outer loop
      vertex   -2.692055e+01 -3.224873e+01 4.700764e+01
      vertex   -2.666318e+01 -3.194887e+01 4.683294e+01
      vertex   -2.674100e+01 -3.224844e+01 4.715121e+01
    endloop
  endfacet
  facet normal 4.130528e-01 -7.113970e-01 -5.685962e-01
    outer loop
      vertex   -2.674100e+01 -3.224844e+01 4.715121e+01
      vertex   -2.666318e+01 -3.194887e+01 4.683294e+01
      vertex   -2.649205e+01 -3.194862e+01 4.695693e+01
    endloop
  endfacet
  facet normal 3.793124e-01 -7.040022e-01 -6.004190e-01
    outer loop
      vertex   -2.674100e+01 -3.224844e+01 4.715121e+01
      vertex   -2.649205e+01 -3.194862e+01 4.695693e+01
      vertex   -2.654651e+01 -3.224818e+01 4.727377e+01
    endloop
  endfacet
  facet normal 3.413384e-01 -7.115840e-01 -6.141143e-01
    outer loop
      vertex   -2.654651e+01 -3.224818e+01 4.727377e+01
      vertex   -2.649205e+01 -3.194862e+01 4.695693e+01
      vertex   -2.630723e+01 -3.194838e+01 4.705939e+01
    endloop
  endfacet
  facet normal 3.095889e-01 -7.040896e-01 -6.390716e-01
    outer loop
      vertex   -2.654651e+01 -3.224818e+01 4.727377e+01
      vertex   -2.630723e+01 -3.194838e+01 4.705939e+01
      vertex   -2.633952e+01 -3.224794e+01 4.737378e+01
    endloop
  endfacet
  facet normal 2.647373e-01 -7.115831e-01 -6.508177e-01
    outer loop
      vertex   -2.633952e+01 -3.224794e+01 4.737378e+01
      vertex   -2.630723e+01 -3.194838e+01 4.705939e+01
      vertex   -2.611140e+01 -3.194818e+01 4.713882e+01
    endloop
  endfacet
  facet normal 2.359249e-01 -7.043230e-01 -6.695287e-01
    outer loop
      vertex   -2.633952e+01 -3.224794e+01 4.737378e+01
      vertex   -2.611140e+01 -3.194818e+01 4.713882e+01
      vertex   -2.612263e+01 -3.224773e+01 4.744999e+01
    endloop
  endfacet
  facet normal 1.843070e-01 -7.113930e-01 -6.781968e-01
    outer loop
      vertex   -2.612263e+01 -3.224773e+01 4.744999e+01
      vertex   -2.611140e+01 -3.194818e+01 4.713882e+01
      vertex   -2.590743e+01 -3.194801e+01 4.719408e+01
    endloop
  endfacet
  facet normal 1.592961e-01 -7.047008e-01 -6.913910e-01
    outer loop
      vertex   -2.612263e+01 -3.224773e+01 4.744999e+01
      vertex   -2.590743e+01 -3.194801e+01 4.719408e+01
      vertex   -2.589857e+01 -3.224756e+01 4.750143e+01
    endloop
  endfacet
  facet normal 1.011569e-01 -7.110120e-01 -6.958658e-01
    outer loop
      vertex   -2.589857e+01 -3.224756e+01 4.750143e+01
      vertex   -2.590743e+01 -3.194801e+01 4.719408e+01
      vertex   -2.569828e+01 -3.194787e+01 4.722434e+01
    endloop
  endfacet
  facet normal 8.071801e-02 -7.052217e-01 -7.043770e-01
    outer loop
      vertex   -2.589857e+01 -3.224756e+01 4.750143e+01
      vertex   -2.569828e+01 -3.194787e+01 4.722434e+01
      vertex   -2.567016e+01 -3.224742e+01 4.752747e+01
    endloop
  endfacet
  facet normal 1.643348e-02 -7.104382e-01 -7.035677e-01
    outer loop
      vertex   -2.567016e+01 -3.224742e+01 4.752747e+01
      vertex   -2.569828e+01 -3.194787e+01 4.722434e+01
      vertex   -2.548701e+01 -3.194777e+01 4.722917e+01
    endloop
  endfacet
  facet normal 1.231649e-03 -7.058840e-01 -7.083264e-01
    outer loop
      vertex   -2.567016e+01 -3.224742e+01 4.752747e+01
      vertex   -2.548701e+01 -3.194777e+01 4.722917e+01
      vertex   -2.544027e+01 -3.224731e+01 4.752776e+01
    endloop
  endfacet
  facet normal -6.869387e-02 -7.096696e-01 -7.011777e-01
    outer loop
      vertex   -2.544027e+01 -3.224731e+01 4.752776e+01
      vertex   -2.548701e+01 -3.194777e+01 4.722917e+01
      vertex   -2.527670e+01 -3.194771e+01 4.720850e+01
    endloop
  endfacet
  facet normal -7.811114e-02 -7.066859e-01 -7.032025e-01
    outer loop
      vertex   -2.544027e+01 -3.224731e+01 4.752776e+01
      vertex   -2.527670e+01 -3.194771e+01 4.720850e+01
      vertex   -2.521179e+01 -3.224725e+01 4.750232e+01
    endloop
  endfacet
  facet normal -1.530479e-01 -7.087039e-01 -6.887054e-01
    outer loop
      vertex   -2.521179e+01 -3.224725e+01 4.750232e+01
      vertex   -2.527670e+01 -3.194771e+01 4.720850e+01
      vertex   -2.507041e+01 -3.194768e+01 4.716263e+01
    endloop
  endfacet
  facet normal -1.562625e-01 -7.076255e-01 -6.890923e-01
    outer loop
      vertex   -2.521179e+01 -3.224725e+01 4.750232e+01
      vertex   -2.507041e+01 -3.194768e+01 4.716263e+01
      vertex   -2.498760e+01 -3.224722e+01 4.745145e+01
    endloop
  endfacet
  facet normal -2.325473e-01 -7.076276e-01 -6.672218e-01
    outer loop
      vertex   -2.498760e+01 -3.224722e+01 4.745145e+01
      vertex   -2.507041e+01 -3.194768e+01 4.716263e+01
      vertex   -2.477052e+01 -3.224724e+01 4.737581e+01
    endloop
  endfacet
  facet normal -2.350685e-01 -7.087061e-01 -6.651905e-01
    outer loop
      vertex   -2.477052e+01 -3.224724e+01 4.737581e+01
      vertex   -2.507041e+01 -3.194768e+01 4.716263e+01
      vertex   -2.487116e+01 -3.194770e+01 4.709224e+01
    endloop
  endfacet
  facet normal -3.063034e-01 -7.066922e-01 -6.377808e-01
    outer loop
      vertex   -2.477052e+01 -3.224724e+01 4.737581e+01
      vertex   -2.487116e+01 -3.194770e+01 4.709224e+01
      vertex   -2.456326e+01 -3.224729e+01 4.727633e+01
    endloop
  endfacet
  facet normal -3.132172e-01 -7.096764e-01 -6.310740e-01
    outer loop
      vertex   -2.456326e+01 -3.224729e+01 4.727633e+01
      vertex   -2.487116e+01 -3.194770e+01 4.709224e+01
      vertex   -2.468184e+01 -3.194775e+01 4.699833e+01
    endloop
  endfacet
  facet normal -3.763086e-01 -7.058945e-01 -6.000873e-01
    outer loop
      vertex   -2.456326e+01 -3.224729e+01 4.727633e+01
      vertex   -2.468184e+01 -3.194775e+01 4.699833e+01
      vertex   -2.436845e+01 -3.224738e+01 4.715427e+01
    endloop
  endfacet
  facet normal -3.866797e-01 -7.104494e-01 -5.879970e-01
    outer loop
      vertex   -2.436845e+01 -3.224738e+01 4.715427e+01
      vertex   -2.468184e+01 -3.194775e+01 4.699833e+01
      vertex   -2.450523e+01 -3.194784e+01 4.688230e+01
    endloop
  endfacet
  facet normal -4.416283e-01 -7.052362e-01 -5.546227e-01
    outer loop
      vertex   -2.436845e+01 -3.224738e+01 4.715427e+01
      vertex   -2.450523e+01 -3.194784e+01 4.688230e+01
      vertex   -2.418853e+01 -3.224751e+01 4.701117e+01
    endloop
  endfacet
  facet normal -4.544526e-01 -7.110274e-01 -5.365752e-01
    outer loop
      vertex   -2.418853e+01 -3.224751e+01 4.701117e+01
      vertex   -2.450523e+01 -3.194784e+01 4.688230e+01
      vertex   -2.434388e+01 -3.194797e+01 4.674581e+01
    endloop
  endfacet
  facet normal -5.013896e-01 -7.047191e-01 -5.019755e-01
    outer loop
      vertex   -2.418853e+01 -3.224751e+01 4.701117e+01
      vertex   -2.434388e+01 -3.194797e+01 4.674581e+01
      vertex   -2.402577e+01 -3.224767e+01 4.684883e+01
    endloop
  endfacet
  facet normal -5.156102e-01 -7.114124e-01 -4.775338e-01
    outer loop
      vertex   -2.402577e+01 -3.224767e+01 4.684883e+01
      vertex   -2.434388e+01 -3.194797e+01 4.674581e+01
      vertex   -2.420017e+01 -3.194813e+01 4.659088e+01
    endloop
  endfacet
  facet normal -5.547947e-01 -7.043449e-01 -4.428330e-01
    outer loop
      vertex   -2.402577e+01 -3.224767e+01 4.684883e+01
      vertex   -2.420017e+01 -3.194813e+01 4.659088e+01
      vertex   -2.388220e+01 -3.224787e+01 4.666928e+01
    endloop
  endfacet
  facet normal -5.693163e-01 -7.116062e-01 -4.116984e-01
    outer loop
      vertex   -2.388220e+01 -3.224787e+01 4.666928e+01
      vertex   -2.420017e+01 -3.194813e+01 4.659088e+01
      vertex   -2.407618e+01 -3.194832e+01 4.641976e+01
    endloop
  endfacet
  facet normal -6.011316e-01 -7.041149e-01 -3.779723e-01
    outer loop
      vertex   -2.388220e+01 -3.224787e+01 4.666928e+01
      vertex   -2.407618e+01 -3.194832e+01 4.641976e+01
      vertex   -2.375964e+01 -3.224810e+01 4.647478e+01
    endloop
  endfacet
  facet normal -6.148345e-01 -7.116105e-01 -3.399839e-01
    outer loop
      vertex   -2.375964e+01 -3.224810e+01 4.647478e+01
      vertex   -2.407618e+01 -3.194832e+01 4.641976e+01
      vertex   -2.397372e+01 -3.194855e+01 4.623493e+01
    endloop
  endfacet
  facet normal -6.397842e-01 -7.040304e-01 -3.082488e-01
    outer loop
      vertex   -2.375964e+01 -3.224810e+01 4.647478e+01
      vertex   -2.397372e+01 -3.194855e+01 4.623493e+01
      vertex   -2.365963e+01 -3.224836e+01 4.626779e+01
    endloop
  endfacet
  facet normal -6.515379e-01 -7.114266e-01 -2.633830e-01
    outer loop
      vertex   -2.365963e+01 -3.224836e+01 4.626779e+01
      vertex   -2.397372e+01 -3.194855e+01 4.623493e+01
      vertex   -2.389428e+01 -3.194880e+01 4.603911e+01
    endloop
  endfacet
  facet normal -6.702415e-01 -7.040926e-01 -2.345845e-01
    outer loop
      vertex   -2.365963e+01 -3.224836e+01 4.626779e+01
      vertex   -2.389428e+01 -3.194880e+01 4.603911e+01
      vertex   -2.358342e+01 -3.224864e+01 4.605090e+01
    endloop
  endfacet
  facet normal -6.789169e-01 -7.110555e-01 -1.829534e-01
    outer loop
      vertex   -2.358342e+01 -3.224864e+01 4.605090e+01
      vertex   -2.389428e+01 -3.194880e+01 4.603911e+01
      vertex   -2.383903e+01 -3.194907e+01 4.583513e+01
    endloop
  endfacet
  facet normal -6.921042e-01 -7.043024e-01 -1.579552e-01
    outer loop
      vertex   -2.358342e+01 -3.224864e+01 4.605090e+01
      vertex   -2.383903e+01 -3.194907e+01 4.583513e+01
      vertex   -2.353198e+01 -3.224894e+01 4.582684e+01
    endloop
  endfacet
  facet normal -6.965855e-01 -7.104983e-01 -9.980414e-02
    outer loop
      vertex   -2.353198e+01 -3.224894e+01 4.582684e+01
      vertex   -2.383903e+01 -3.194907e+01 4.583513e+01
      vertex   -2.380877e+01 -3.194936e+01 4.562599e+01
    endloop
  endfacet
  facet normal -7.050908e-01 -7.046605e-01 -7.937632e-02
    outer loop
      vertex   -2.353198e+01 -3.224894e+01 4.582684e+01
      vertex   -2.380877e+01 -3.194936e+01 4.562599e+01
      vertex   -2.350594e+01 -3.224927e+01 4.559843e+01
    endloop
  endfacet
  facet normal -7.042868e-01 -7.097554e-01 -1.508198e-02
    outer loop
      vertex   -2.350594e+01 -3.224927e+01 4.559843e+01
      vertex   -2.380877e+01 -3.194936e+01 4.562599e+01
      vertex   -2.380393e+01 -3.194967e+01 4.541472e+01
    endloop
  endfacet
  facet normal -7.090408e-01 -7.051674e-01 1.111437e-04
    outer loop
      vertex   -2.350594e+01 -3.224927e+01 4.559843e+01
      vertex   -2.380393e+01 -3.194967e+01 4.541472e+01
      vertex   -2.350564e+01 -3.224960e+01 4.536854e+01
    endloop
  endfacet
  facet normal -7.018960e-01 -7.088271e-01 7.004376e-02
    outer loop
      vertex   -2.350564e+01 -3.224960e+01 4.536854e+01
      vertex   -2.380393e+01 -3.194967e+01 4.541472e+01
      vertex   -2.382460e+01 -3.194998e+01 4.520440e+01
    endloop
  endfacet
  facet normal -7.039178e-01 -7.058234e-01 7.945532e-02
    outer loop
      vertex   -2.350564e+01 -3.224960e+01 4.536854e+01
      vertex   -2.382460e+01 -3.194998e+01 4.520440e+01
      vertex   -2.353109e+01 -3.224995e+01 4.514007e+01
    endloop
  endfacet
  facet normal -6.894228e-01 -7.077133e-01 1.543958e-01
    outer loop
      vertex   -2.353109e+01 -3.224995e+01 4.514007e+01
      vertex   -2.382460e+01 -3.194998e+01 4.520440e+01
      vertex   -2.387047e+01 -3.195030e+01 4.499812e+01
    endloop
  endfacet
  facet normal -6.898086e-01 -7.066284e-01 1.576083e-01
    outer loop
      vertex   -2.353109e+01 -3.224995e+01 4.514007e+01
      vertex   -2.387047e+01 -3.195030e+01 4.499812e+01
      vertex   -2.358195e+01 -3.225030e+01 4.491588e+01
    endloop
  endfacet
  facet normal -6.679381e-01 -7.065074e-01 2.338930e-01
    outer loop
      vertex   -2.358195e+01 -3.225030e+01 4.491588e+01
      vertex   -2.387047e+01 -3.195030e+01 4.499812e+01
      vertex   -2.365760e+01 -3.225065e+01 4.469879e+01
    endloop
  endfacet
  facet normal -6.659079e-01 -7.075832e-01 2.364163e-01
    outer loop
      vertex   -2.365760e+01 -3.225065e+01 4.469879e+01
      vertex   -2.387047e+01 -3.195030e+01 4.499812e+01
      vertex   -2.394087e+01 -3.195063e+01 4.479886e+01
    endloop
  endfacet
  facet normal -6.384962e-01 -7.054614e-01 3.076473e-01
    outer loop
      vertex   -2.365760e+01 -3.225065e+01 4.469879e+01
      vertex   -2.394087e+01 -3.195063e+01 4.479886e+01
      vertex   -2.375708e+01 -3.225099e+01 4.449154e+01
    endloop
  endfacet
  facet normal -6.317924e-01 -7.084392e-01 3.145668e-01
    outer loop
      vertex   -2.375708e+01 -3.225099e+01 4.449154e+01
      vertex   -2.394087e+01 -3.195063e+01 4.479886e+01
      vertex   -2.403477e+01 -3.195094e+01 4.460955e+01
    endloop
  endfacet
  facet normal -6.008019e-01 -7.045685e-01 3.776510e-01
    outer loop
      vertex   -2.375708e+01 -3.225099e+01 4.449154e+01
      vertex   -2.403477e+01 -3.195094e+01 4.460955e+01
      vertex   -2.387913e+01 -3.225133e+01 4.429673e+01
    endloop
  endfacet
  facet normal -5.887162e-01 -7.091159e-01 3.880307e-01
    outer loop
      vertex   -2.387913e+01 -3.225133e+01 4.429673e+01
      vertex   -2.403477e+01 -3.195094e+01 4.460955e+01
      vertex   -2.415081e+01 -3.195125e+01 4.443293e+01
    endloop
  endfacet
  facet normal -5.553367e-01 -7.038319e-01 4.429694e-01
    outer loop
      vertex   -2.387913e+01 -3.225133e+01 4.429673e+01
      vertex   -2.415081e+01 -3.195125e+01 4.443293e+01
      vertex   -2.402223e+01 -3.225166e+01 4.411681e+01
    endloop
  endfacet
  facet normal -5.372950e-01 -7.096169e-01 4.558047e-01
    outer loop
      vertex   -2.402223e+01 -3.225166e+01 4.411681e+01
      vertex   -2.415081e+01 -3.195125e+01 4.443293e+01
      vertex   -2.428729e+01 -3.195155e+01 4.427159e+01
    endloop
  endfacet
  facet normal -5.026890e-01 -7.032543e-01 5.027297e-01
    outer loop
      vertex   -2.402223e+01 -3.225166e+01 4.411681e+01
      vertex   -2.428729e+01 -3.195155e+01 4.427159e+01
      vertex   -2.418458e+01 -3.225197e+01 4.395405e+01
    endloop
  endfacet
  facet normal -4.782541e-01 -7.099452e-01 5.169631e-01
    outer loop
      vertex   -2.418458e+01 -3.225197e+01 4.395405e+01
      vertex   -2.428729e+01 -3.195155e+01 4.427159e+01
      vertex   -2.444222e+01 -3.195183e+01 4.412788e+01
    endloop
  endfacet
  facet normal -4.435462e-01 -7.028383e-01 5.561341e-01
    outer loop
      vertex   -2.418458e+01 -3.225197e+01 4.395405e+01
      vertex   -2.444222e+01 -3.195183e+01 4.412788e+01
      vertex   -2.436413e+01 -3.225226e+01 4.381048e+01
    endloop
  endfacet
  facet normal -4.124189e-01 -7.101034e-01 5.706695e-01
    outer loop
      vertex   -2.436413e+01 -3.225226e+01 4.381048e+01
      vertex   -2.444222e+01 -3.195183e+01 4.412788e+01
      vertex   -2.461335e+01 -3.195209e+01 4.400388e+01
    endloop
  endfacet
  facet normal -3.786852e-01 -7.025857e-01 6.024706e-01
    outer loop
      vertex   -2.436413e+01 -3.225226e+01 4.381048e+01
      vertex   -2.461335e+01 -3.195209e+01 4.400388e+01
      vertex   -2.455862e+01 -3.225252e+01 4.368792e+01
    endloop
  endfacet
  facet normal -3.407045e-01 -7.100936e-01 6.161878e-01
    outer loop
      vertex   -2.455862e+01 -3.225252e+01 4.368792e+01
      vertex   -2.461335e+01 -3.195209e+01 4.400388e+01
      vertex   -2.479817e+01 -3.195232e+01 4.390142e+01
    endloop
  endfacet
  facet normal -3.089617e-01 -7.024982e-01 6.411232e-01
    outer loop
      vertex   -2.455862e+01 -3.225252e+01 4.368792e+01
      vertex   -2.479817e+01 -3.195232e+01 4.390142e+01
      vertex   -2.476562e+01 -3.225276e+01 4.358791e+01
    endloop
  endfacet
  facet normal -2.641035e-01 -7.099174e-01 6.528910e-01
    outer loop
      vertex   -2.476562e+01 -3.225276e+01 4.358791e+01
      vertex   -2.479817e+01 -3.195232e+01 4.390142e+01
      vertex   -2.499400e+01 -3.195252e+01 4.382199e+01
    endloop
  endfacet
  facet normal -2.352976e-01 -7.025770e-01 6.715807e-01
    outer loop
      vertex   -2.476562e+01 -3.225276e+01 4.358791e+01
      vertex   -2.499400e+01 -3.195252e+01 4.382199e+01
      vertex   -2.498251e+01 -3.225297e+01 4.351170e+01
    endloop
  endfacet
  facet normal -1.836735e-01 -7.095757e-01 6.802694e-01
    outer loop
      vertex   -2.498251e+01 -3.225297e+01 4.351170e+01
      vertex   -2.499400e+01 -3.195252e+01 4.382199e+01
      vertex   -2.519797e+01 -3.195269e+01 4.376674e+01
    endloop
  endfacet
  facet normal -1.586685e-01 -7.028228e-01 6.934439e-01
    outer loop
      vertex   -2.498251e+01 -3.225297e+01 4.351170e+01
      vertex   -2.519797e+01 -3.195269e+01 4.376674e+01
      vertex   -2.520657e+01 -3.225314e+01 4.346026e+01
    endloop
  endfacet
  facet normal -1.005237e-01 -7.090690e-01 6.979371e-01
    outer loop
      vertex   -2.520657e+01 -3.225314e+01 4.346026e+01
      vertex   -2.519797e+01 -3.195269e+01 4.376674e+01
      vertex   -2.540712e+01 -3.195283e+01 4.373647e+01
    endloop
  endfacet
  facet normal -8.009000e-02 -7.032357e-01 7.064313e-01
    outer loop
      vertex   -2.520657e+01 -3.225314e+01 4.346026e+01
      vertex   -2.540712e+01 -3.195283e+01 4.373647e+01
      vertex   -2.543498e+01 -3.225328e+01 4.343422e+01
    endloop
  endfacet
  facet normal -1.580085e-02 -7.083972e-01 7.056371e-01
    outer loop
      vertex   -2.543498e+01 -3.225328e+01 4.343422e+01
      vertex   -2.540712e+01 -3.195283e+01 4.373647e+01
      vertex   -2.561839e+01 -3.195293e+01 4.373164e+01
    endloop
  endfacet
  facet normal -6.030897e-04 -7.038156e-01 7.103825e-01
    outer loop
      vertex   -2.543498e+01 -3.225328e+01 4.343422e+01
      vertex   -2.561839e+01 -3.195293e+01 4.373164e+01
      vertex   -2.566486e+01 -3.225339e+01 4.343392e+01
    endloop
  endfacet
  facet normal 6.932579e-02 -7.075597e-01 7.032448e-01
    outer loop
      vertex   -2.566486e+01 -3.225339e+01 4.343392e+01
      vertex   -2.561839e+01 -3.195293e+01 4.373164e+01
      vertex   -2.582870e+01 -3.195299e+01 4.375231e+01
    endloop
  endfacet
  facet normal 7.874039e-02 -7.045616e-01 7.052608e-01
    outer loop
      vertex   -2.566486e+01 -3.225339e+01 4.343392e+01
      vertex   -2.582870e+01 -3.195299e+01 4.375231e+01
      vertex   -2.589334e+01 -3.225345e+01 4.345937e+01
    endloop
  endfacet
  facet normal 1.536789e-01 -7.065551e-01 6.907696e-01
    outer loop
      vertex   -2.589334e+01 -3.225345e+01 4.345937e+01
      vertex   -2.582870e+01 -3.195299e+01 4.375231e+01
      vertex   -2.603499e+01 -3.195302e+01 4.379818e+01
    endloop
  endfacet
  facet normal 1.568925e-01 -7.054727e-01 6.911534e-01
    outer loop
      vertex   -2.589334e+01 -3.225345e+01 4.345937e+01
      vertex   -2.603499e+01 -3.195302e+01 4.379818e+01
      vertex   -2.611753e+01 -3.225348e+01 4.351023e+01
    endloop
  endfacet
  facet normal 2.331773e-01 -7.054706e-01 6.692829e-01
    outer loop
      vertex   -2.611753e+01 -3.225348e+01 4.351023e+01
      vertex   -2.603499e+01 -3.195302e+01 4.379818e+01
      vertex   -2.633462e+01 -3.225346e+01 4.358588e+01
    endloop
  endfacet
  facet normal 2.356995e-01 -7.065528e-01 6.672547e-01
    outer loop
      vertex   -2.633462e+01 -3.225346e+01 4.358588e+01
      vertex   -2.603499e+01 -3.195302e+01 4.379818e+01
      vertex   -2.623424e+01 -3.195301e+01 4.386858e+01
    endloop
  endfacet
  facet normal 3.069326e-01 -7.045553e-01 6.398392e-01
    outer loop
      vertex   -2.633462e+01 -3.225346e+01 4.358588e+01
      vertex   -2.623424e+01 -3.195301e+01 4.386858e+01
      vertex   -2.654187e+01 -3.225341e+01 4.368536e+01
    endloop
  endfacet
  facet normal 3.138491e-01 -7.075529e-01 6.331411e-01
    outer loop
      vertex   -2.654187e+01 -3.225341e+01 4.368536e+01
      vertex   -2.623424e+01 -3.195301e+01 4.386858e+01
      vertex   -2.642356e+01 -3.195295e+01 4.396248e+01
    endloop
  endfacet
  facet normal 3.769372e-01 -7.038051e-01 6.021434e-01
    outer loop
      vertex   -2.654187e+01 -3.225341e+01 4.368536e+01
      vertex   -2.642356e+01 -3.195295e+01 4.396248e+01
      vertex   -2.673668e+01 -3.225332e+01 4.380741e+01
    endloop
  endfacet
  facet normal 3.873123e-01 -7.083860e-01 5.900664e-01
    outer loop
      vertex   -2.673668e+01 -3.225332e+01 4.380741e+01
      vertex   -2.642356e+01 -3.195295e+01 4.396248e+01
      vertex   -2.660017e+01 -3.195286e+01 4.407852e+01
    endloop
  endfacet
  facet normal 4.422563e-01 -7.032212e-01 5.566770e-01
    outer loop
      vertex   -2.673668e+01 -3.225332e+01 4.380741e+01
      vertex   -2.660017e+01 -3.195286e+01 4.407852e+01
      vertex   -2.691660e+01 -3.225319e+01 4.395051e+01
    endloop
  endfacet
  facet normal 4.550858e-01 -7.090536e-01 5.386464e-01
    outer loop
      vertex   -2.691660e+01 -3.225319e+01 4.395051e+01
      vertex   -2.660017e+01 -3.195286e+01 4.407852e+01
      vertex   -2.676152e+01 -3.195274e+01 4.421500e+01
    endloop
  endfacet
  facet normal 5.020172e-01 -7.028044e-01 5.040284e-01
    outer loop
      vertex   -2.691660e+01 -3.225319e+01 4.395051e+01
      vertex   -2.676152e+01 -3.195274e+01 4.421500e+01
      vertex   -2.707936e+01 -3.225303e+01 4.411286e+01
    endloop
  endfacet
  facet normal 5.162438e-01 -7.095563e-01 4.796064e-01
    outer loop
      vertex   -2.707936e+01 -3.225303e+01 4.411286e+01
      vertex   -2.676152e+01 -3.195274e+01 4.421500e+01
      vertex   -2.690523e+01 -3.195257e+01 4.436993e+01
    endloop
  endfacet
  facet normal 5.554220e-01 -7.025551e-01 4.448850e-01
    outer loop
      vertex   -2.707936e+01 -3.225303e+01 4.411286e+01
      vertex   -2.690523e+01 -3.195257e+01 4.436993e+01
      vertex   -2.722293e+01 -3.225283e+01 4.429241e+01
    endloop
  endfacet
  facet normal 5.699501e-01 -7.098943e-01 4.137717e-01
    outer loop
      vertex   -2.722293e+01 -3.225283e+01 4.429241e+01
      vertex   -2.690523e+01 -3.195257e+01 4.436993e+01
      vertex   -2.702922e+01 -3.195238e+01 4.454106e+01
    endloop
  endfacet
  facet normal 6.017587e-01 -7.024730e-01 3.800239e-01
    outer loop
      vertex   -2.722293e+01 -3.225283e+01 4.429241e+01
      vertex   -2.702922e+01 -3.195238e+01 4.454106e+01
      vertex   -2.734549e+01 -3.225260e+01 4.448690e+01
    endloop
  endfacet
  facet normal 6.154684e-01 -7.100671e-01 3.420575e-01
    outer loop
      vertex   -2.734549e+01 -3.225260e+01 4.448690e+01
      vertex   -2.702922e+01 -3.195238e+01 4.454106e+01
      vertex   -2.713168e+01 -3.195216e+01 4.472588e+01
    endloop
  endfacet
  facet normal 6.404114e-01 -7.025574e-01 3.103003e-01
    outer loop
      vertex   -2.734549e+01 -3.225260e+01 4.448690e+01
      vertex   -2.713168e+01 -3.195216e+01 4.472588e+01
      vertex   -2.744550e+01 -3.225234e+01 4.469390e+01
    endloop
  endfacet
  facet normal 6.521717e-01 -7.100739e-01 2.654563e-01
    outer loop
      vertex   -2.744550e+01 -3.225234e+01 4.469390e+01
      vertex   -2.713168e+01 -3.195216e+01 4.472588e+01
      vertex   -2.721112e+01 -3.195190e+01 4.492171e+01
    endloop
  endfacet
  facet normal 6.708688e-01 -7.028074e-01 2.366366e-01
    outer loop
      vertex   -2.744550e+01 -3.225234e+01 4.469390e+01
      vertex   -2.721112e+01 -3.195190e+01 4.492171e+01
      vertex   -2.752171e+01 -3.225206e+01 4.491079e+01
    endloop
  endfacet
  facet normal 6.795504e-01 -7.099131e-01 1.850259e-01
    outer loop
      vertex   -2.752171e+01 -3.225206e+01 4.491079e+01
      vertex   -2.721112e+01 -3.195190e+01 4.492171e+01
      vertex   -2.726637e+01 -3.195163e+01 4.512568e+01
    endloop
  endfacet
  facet normal 6.927318e-01 -7.032212e-01 1.600081e-01
    outer loop
      vertex   -2.752171e+01 -3.225206e+01 4.491079e+01
      vertex   -2.726637e+01 -3.195163e+01 4.512568e+01
      vertex   -2.757316e+01 -3.225176e+01 4.513484e+01
    endloop
  endfacet
  facet normal 6.972187e-01 -7.095827e-01 1.018754e-01
    outer loop
      vertex   -2.757316e+01 -3.225176e+01 4.513484e+01
      vertex   -2.726637e+01 -3.195163e+01 4.512568e+01
      vertex   -2.729663e+01 -3.195134e+01 4.533483e+01
    endloop
  endfacet
  facet normal 7.057188e-01 -7.037969e-01 8.143061e-02
    outer loop
      vertex   -2.757316e+01 -3.225176e+01 4.513484e+01
      vertex   -2.729663e+01 -3.195134e+01 4.533483e+01
      vertex   -2.759919e+01 -3.225143e+01 4.536325e+01
    endloop
  endfacet
  facet normal 7.049194e-01 -7.090800e-01 1.715140e-02
    outer loop
      vertex   -2.759919e+01 -3.225143e+01 4.536325e+01
      vertex   -2.729663e+01 -3.195134e+01 4.533483e+01
      vertex   -2.730147e+01 -3.195103e+01 4.554610e+01
    endloop
  endfacet
  facet normal 7.096694e-01 -7.045322e-01 1.944958e-03
    outer loop
      vertex   -2.759919e+01 -3.225143e+01 4.536325e+01
      vertex   -2.730147e+01 -3.195103e+01 4.554610e+01
      vertex   -2.759949e+01 -3.225110e+01 4.559314e+01
    endloop
  endfacet
  facet normal 7.025279e-01 -7.084022e-01 -6.797668e-02
    outer loop
      vertex   -2.759949e+01 -3.225110e+01 4.559314e+01
      vertex   -2.730147e+01 -3.195103e+01 4.554610e+01
      vertex   -2.728080e+01 -3.195072e+01 4.575641e+01
    endloop
  endfacet
  facet normal 7.045470e-01 -7.054241e-01 -7.739696e-02
    outer loop
      vertex   -2.759949e+01 -3.225110e+01 4.559314e+01
      vertex   -2.728080e+01 -3.195072e+01 4.575641e+01
      vertex   -2.757404e+01 -3.225075e+01 4.582162e+01
    endloop
  endfacet
  facet normal 6.900538e-01 -7.075456e-01 -1.523316e-01
    outer loop
      vertex   -2.757404e+01 -3.225075e+01 4.582162e+01
      vertex   -2.728080e+01 -3.195072e+01 4.575641e+01
      vertex   -2.723493e+01 -3.195040e+01 4.596269e+01
    endloop
  endfacet
  facet normal -1.745662e-02 1.450531e-03 9.998466e-01
    outer loop
      vertex   -3.142587e+01 -1.938485e+01 2.361230e+01
      vertex   -3.289003e+01 -1.938554e+01 2.358673e+01
      vertex   -3.142578e+01 -1.958485e+01 2.361259e+01
    endloop
  endfacet
  facet normal -1.745662e-02 1.450531e-03 9.998466e-01
    outer loop
      vertex   -3.142578e+01 -1.958485e+01 2.361259e+01
      vertex   -3.289003e+01 -1.938554e+01 2.358673e+01
      vertex   -3.288611e+01 -2.818553e+01 2.359957e+01
    endloop
  endfacet
  facet normal -1.745662e-02 1.450531e-03 9.998466e-01
    outer loop
      vertex   -3.142578e+01 -1.958485e+01 2.361259e+01
      vertex   -3.288611e+01 -2.818553e+01 2.359957e+01
      vertex   -3.114917e+01 -2.818471e+01 2.362989e+01
    endloop
  endfacet
  facet normal -1.745662e-02 1.450531e-03 9.998466e-01
    outer loop
      vertex   -3.114917e+01 -2.818471e+01 2.362989e+01
      vertex   -3.115300e+01 -1.958472e+01 2.361735e+01
      vertex   -3.142578e+01 -1.958485e+01 2.361259e+01
    endloop
  endfacet
  facet normal 9.651384e-01 4.857903e-05 -2.617402e-01
    outer loop
      vertex   -2.111064e+01 -2.464148e+01 5.019584e+01
      vertex   -2.110743e+01 -3.184148e+01 5.020635e+01
      vertex   -2.171434e+01 -2.464500e+01 4.796974e+01
    endloop
  endfacet
  facet normal 9.651384e-01 4.857903e-05 -2.617402e-01
    outer loop
      vertex   -2.171434e+01 -2.464500e+01 4.796974e+01
      vertex   -2.110743e+01 -3.184148e+01 5.020635e+01
      vertex   -2.171113e+01 -3.184499e+01 4.798024e+01
    endloop
  endfacet
  facet normal 4.694752e-01 -1.078479e-03 -8.829450e-01
    outer loop
      vertex   -2.894849e+01 -1.673550e+01 2.241059e+01
      vertex   -2.894174e+01 -3.188548e+01 2.243269e+01
      vertex   -3.114197e+01 -1.673817e+01 2.124429e+01
    endloop
  endfacet
  facet normal 4.694752e-01 -1.078479e-03 -8.829450e-01
    outer loop
      vertex   -3.114197e+01 -1.673817e+01 2.124429e+01
      vertex   -2.894174e+01 -3.188548e+01 2.243269e+01
      vertex   -3.666991e+01 -2.020134e+01 1.830923e+01
    endloop
  endfacet
  facet normal 4.694752e-01 -1.078479e-03 -8.829450e-01
    outer loop
      vertex   -3.666991e+01 -2.020134e+01 1.830923e+01
      vertex   -2.894174e+01 -3.188548e+01 2.243269e+01
      vertex   -3.666469e+01 -3.189491e+01 1.832629e+01
    endloop
  endfacet
  facet normal -4.457067e-04 9.999988e-01 -1.458460e-03
    outer loop
      vertex   -3.309448e+01 -2.817015e+01 3.420566e+01
      vertex   -3.181989e+01 -2.817500e+01 3.049229e+01
      vertex   -3.354682e+01 -2.817007e+01 3.440045e+01
    endloop
  endfacet
  facet normal -4.458809e-04 9.999988e-01 -1.458537e-03
    outer loop
      vertex   -3.354682e+01 -2.817007e+01 3.440045e+01
      vertex   -3.181989e+01 -2.817500e+01 3.049229e+01
      vertex   -3.263852e+01 -2.817927e+01 2.781464e+01
    endloop
  endfacet
  facet normal -4.458809e-04 9.999988e-01 -1.458537e-03
    outer loop
      vertex   -3.354682e+01 -2.817007e+01 3.440045e+01
      vertex   -3.263852e+01 -2.817927e+01 2.781464e+01
      vertex   -3.622123e+01 -2.818448e+01 2.534161e+01
    endloop
  endfacet
  facet normal -4.458809e-04 9.999988e-01 -1.458537e-03
    outer loop
      vertex   -3.622123e+01 -2.818448e+01 2.534161e+01
      vertex   -3.263852e+01 -2.817927e+01 2.781464e+01
      vertex   -3.267665e+01 -2.817953e+01 2.764857e+01
    endloop
  endfacet
  facet normal -4.458809e-04 9.999988e-01 -1.458537e-03
    outer loop
      vertex   -3.622123e+01 -2.818448e+01 2.534161e+01
      vertex   -3.267665e+01 -2.817953e+01 2.764857e+01
      vertex   -3.269086e+01 -2.817979e+01 2.747878e+01
    endloop
  endfacet
  facet normal -4.459045e-04 9.999988e-01 -1.458528e-03
    outer loop
      vertex   -3.181989e+01 -2.817500e+01 3.049229e+01
      vertex   -3.309448e+01 -2.817015e+01 3.420566e+01
      vertex   -3.175828e+01 -2.817474e+01 3.065204e+01
    endloop
  endfacet
  facet normal -4.457284e-04 9.999988e-01 -1.458462e-03
    outer loop
      vertex   -3.175828e+01 -2.817474e+01 3.065204e+01
      vertex   -3.309448e+01 -2.817015e+01 3.420566e+01
      vertex   -3.263881e+01 -2.817022e+01 3.401800e+01
    endloop
  endfacet
  facet normal -4.459239e-04 9.999988e-01 -1.458513e-03
    outer loop
      vertex   -3.175828e+01 -2.817474e+01 3.065204e+01
      vertex   -3.263881e+01 -2.817022e+01 3.401800e+01
      vertex   -3.167457e+01 -2.817449e+01 3.080139e+01
    endloop
  endfacet
  facet normal -4.457486e-04 9.999988e-01 -1.458460e-03
    outer loop
      vertex   -3.167457e+01 -2.817449e+01 3.080139e+01
      vertex   -3.263881e+01 -2.817022e+01 3.401800e+01
      vertex   -3.217999e+01 -2.817028e+01 3.383754e+01
    endloop
  endfacet
  facet normal -4.459395e-04 9.999988e-01 -1.458492e-03
    outer loop
      vertex   -3.167457e+01 -2.817449e+01 3.080139e+01
      vertex   -3.217999e+01 -2.817028e+01 3.383754e+01
      vertex   -3.157045e+01 -2.817424e+01 3.093730e+01
    endloop
  endfacet
  facet normal -4.459273e-04 9.999988e-01 -1.458489e-03
    outer loop
      vertex   -3.157045e+01 -2.817424e+01 3.093730e+01
      vertex   -3.217999e+01 -2.817028e+01 3.383754e+01
      vertex   -3.144804e+01 -2.817401e+01 3.105702e+01
    endloop
  endfacet
  facet normal -4.457639e-04 9.999988e-01 -1.458446e-03
    outer loop
      vertex   -3.144804e+01 -2.817401e+01 3.105702e+01
      vertex   -3.217999e+01 -2.817028e+01 3.383754e+01
      vertex   -3.171815e+01 -2.817033e+01 3.366432e+01
    endloop
  endfacet
  facet normal -4.459342e-04 9.999988e-01 -1.458464e-03
    outer loop
      vertex   -3.144804e+01 -2.817401e+01 3.105702e+01
      vertex   -3.171815e+01 -2.817033e+01 3.366432e+01
      vertex   -3.130985e+01 -2.817380e+01 3.115810e+01
    endloop
  endfacet
  facet normal -4.457818e-04 9.999988e-01 -1.458439e-03
    outer loop
      vertex   -3.130985e+01 -2.817380e+01 3.115810e+01
      vertex   -3.171815e+01 -2.817033e+01 3.366432e+01
      vertex   -3.125346e+01 -2.817036e+01 3.349841e+01
    endloop
  endfacet
  facet normal -4.459348e-04 9.999988e-01 -1.458436e-03
    outer loop
      vertex   -3.130985e+01 -2.817380e+01 3.115810e+01
      vertex   -3.125346e+01 -2.817036e+01 3.349841e+01
      vertex   -3.115868e+01 -2.817362e+01 3.123848e+01
    endloop
  endfacet
  facet normal -4.459177e-04 9.999988e-01 -1.458435e-03
    outer loop
      vertex   -3.115868e+01 -2.817362e+01 3.123848e+01
      vertex   -3.125346e+01 -2.817036e+01 3.349841e+01
      vertex   -3.099760e+01 -2.817346e+01 3.129652e+01
    endloop
  endfacet
  facet normal -4.457958e-04 9.999988e-01 -1.458421e-03
    outer loop
      vertex   -3.099760e+01 -2.817346e+01 3.129652e+01
      vertex   -3.125346e+01 -2.817036e+01 3.349841e+01
      vertex   -3.078608e+01 -2.817039e+01 3.333988e+01
    endloop
  endfacet
  facet normal -4.459072e-04 9.999988e-01 -1.458409e-03
    outer loop
      vertex   -3.099760e+01 -2.817346e+01 3.129652e+01
      vertex   -3.078608e+01 -2.817039e+01 3.333988e+01
      vertex   -3.082991e+01 -2.817334e+01 3.133106e+01
    endloop
  endfacet
  facet normal -4.458132e-04 9.999988e-01 -1.458411e-03
    outer loop
      vertex   -3.082991e+01 -2.817334e+01 3.133106e+01
      vertex   -3.078608e+01 -2.817039e+01 3.333988e+01
      vertex   -3.031616e+01 -2.817040e+01 3.318876e+01
    endloop
  endfacet
  facet normal -4.458898e-04 9.999988e-01 -1.458390e-03
    outer loop
      vertex   -3.082991e+01 -2.817334e+01 3.133106e+01
      vertex   -3.031616e+01 -2.817040e+01 3.318876e+01
      vertex   -3.065900e+01 -2.817325e+01 3.134138e+01
    endloop
  endfacet
  facet normal -4.458691e-04 9.999988e-01 -1.458394e-03
    outer loop
      vertex   -3.065900e+01 -2.817325e+01 3.134138e+01
      vertex   -3.031616e+01 -2.817040e+01 3.318876e+01
      vertex   -3.048837e+01 -2.817319e+01 3.132727e+01
    endloop
  endfacet
  facet normal -4.458295e-04 9.999988e-01 -1.458398e-03
    outer loop
      vertex   -3.048837e+01 -2.817319e+01 3.132727e+01
      vertex   -3.031616e+01 -2.817040e+01 3.318876e+01
      vertex   -2.984385e+01 -2.817040e+01 3.304511e+01
    endloop
  endfacet
  facet normal -4.458474e-04 9.999988e-01 -1.458391e-03
    outer loop
      vertex   -3.048837e+01 -2.817319e+01 3.132727e+01
      vertex   -2.984385e+01 -2.817040e+01 3.304511e+01
      vertex   -3.032149e+01 -2.817317e+01 3.128902e+01
    endloop
  endfacet
  facet normal -4.458267e-04 9.999988e-01 -1.458396e-03
    outer loop
      vertex   -3.032149e+01 -2.817317e+01 3.128902e+01
      vertex   -2.984385e+01 -2.817040e+01 3.304511e+01
      vertex   -3.016174e+01 -2.817319e+01 3.122741e+01
    endloop
  endfacet
  facet normal -4.458485e-04 9.999988e-01 -1.458393e-03
    outer loop
      vertex   -3.016174e+01 -2.817319e+01 3.122741e+01
      vertex   -2.984385e+01 -2.817040e+01 3.304511e+01
      vertex   -2.936932e+01 -2.817038e+01 3.290897e+01
    endloop
  endfacet
  facet normal -4.458101e-04 9.999988e-01 -1.458411e-03
    outer loop
      vertex   -3.016174e+01 -2.817319e+01 3.122741e+01
      vertex   -2.936932e+01 -2.817038e+01 3.290897e+01
      vertex   -3.001239e+01 -2.817325e+01 3.114369e+01
    endloop
  endfacet
  facet normal -4.457898e-04 9.999988e-01 -1.458418e-03
    outer loop
      vertex   -3.001239e+01 -2.817325e+01 3.114369e+01
      vertex   -2.936932e+01 -2.817038e+01 3.290897e+01
      vertex   -2.987647e+01 -2.817334e+01 3.103957e+01
    endloop
  endfacet
  facet normal -4.458698e-04 9.999988e-01 -1.458396e-03
    outer loop
      vertex   -2.987647e+01 -2.817334e+01 3.103957e+01
      vertex   -2.936932e+01 -2.817038e+01 3.290897e+01
      vertex   -2.889273e+01 -2.817036e+01 3.278041e+01
    endloop
  endfacet
  facet normal -4.457858e-04 9.999988e-01 -1.458444e-03
    outer loop
      vertex   -2.987647e+01 -2.817334e+01 3.103957e+01
      vertex   -2.889273e+01 -2.817036e+01 3.278041e+01
      vertex   -2.975676e+01 -2.817346e+01 3.091717e+01
    endloop
  endfacet
  facet normal -4.458898e-04 9.999988e-01 -1.458396e-03
    outer loop
      vertex   -2.975676e+01 -2.817346e+01 3.091717e+01
      vertex   -2.889273e+01 -2.817036e+01 3.278041e+01
      vertex   -2.841424e+01 -2.817032e+01 3.265945e+01
    endloop
  endfacet
  facet normal -4.457914e-04 9.999988e-01 -1.458472e-03
    outer loop
      vertex   -2.975676e+01 -2.817346e+01 3.091717e+01
      vertex   -2.841424e+01 -2.817032e+01 3.265945e+01
      vertex   -2.965568e+01 -2.817362e+01 3.077897e+01
    endloop
  endfacet
  facet normal -4.457764e-04 9.999988e-01 -1.458481e-03
    outer loop
      vertex   -2.965568e+01 -2.817362e+01 3.077897e+01
      vertex   -2.841424e+01 -2.817032e+01 3.265945e+01
      vertex   -2.957530e+01 -2.817380e+01 3.062780e+01
    endloop
  endfacet
  facet normal -4.459117e-04 9.999988e-01 -1.458404e-03
    outer loop
      vertex   -2.957530e+01 -2.817380e+01 3.062780e+01
      vertex   -2.841424e+01 -2.817032e+01 3.265945e+01
      vertex   -2.793401e+01 -2.817027e+01 3.254614e+01
    endloop
  endfacet
  facet normal -4.457933e-04 9.999988e-01 -1.458505e-03
    outer loop
      vertex   -2.957530e+01 -2.817380e+01 3.062780e+01
      vertex   -2.793401e+01 -2.817027e+01 3.254614e+01
      vertex   -2.951725e+01 -2.817401e+01 3.046673e+01
    endloop
  endfacet
  facet normal -4.459307e-04 9.999988e-01 -1.458401e-03
    outer loop
      vertex   -2.951725e+01 -2.817401e+01 3.046673e+01
      vertex   -2.793401e+01 -2.817027e+01 3.254614e+01
      vertex   -2.745220e+01 -2.817021e+01 3.244052e+01
    endloop
  endfacet
  facet normal -4.458137e-04 9.999988e-01 -1.458523e-03
    outer loop
      vertex   -2.951725e+01 -2.817401e+01 3.046673e+01
      vertex   -2.745220e+01 -2.817021e+01 3.244052e+01
      vertex   -2.948272e+01 -2.817424e+01 3.029903e+01
    endloop
  endfacet
  facet normal -4.459491e-04 9.999988e-01 -1.458395e-03
    outer loop
      vertex   -2.948272e+01 -2.817424e+01 3.029903e+01
      vertex   -2.745220e+01 -2.817021e+01 3.244052e+01
      vertex   -2.696898e+01 -2.817014e+01 3.234262e+01
    endloop
  endfacet
  facet normal -4.458357e-04 9.999988e-01 -1.458534e-03
    outer loop
      vertex   -2.948272e+01 -2.817424e+01 3.029903e+01
      vertex   -2.696898e+01 -2.817014e+01 3.234262e+01
      vertex   -2.947240e+01 -2.817449e+01 3.012813e+01
    endloop
  endfacet
  facet normal -4.458295e-04 9.999988e-01 -1.458541e-03
    outer loop
      vertex   -2.947240e+01 -2.817449e+01 3.012813e+01
      vertex   -2.696898e+01 -2.817014e+01 3.234262e+01
      vertex   -2.948651e+01 -2.817474e+01 2.995750e+01
    endloop
  endfacet
  facet normal -4.459686e-04 9.999988e-01 -1.458394e-03
    outer loop
      vertex   -2.948651e+01 -2.817474e+01 2.995750e+01
      vertex   -2.696898e+01 -2.817014e+01 3.234262e+01
      vertex   -2.648450e+01 -2.817006e+01 3.225248e+01
    endloop
  endfacet
  facet normal -4.458551e-04 9.999988e-01 -1.458543e-03
    outer loop
      vertex   -2.948651e+01 -2.817474e+01 2.995750e+01
      vertex   -2.648450e+01 -2.817006e+01 3.225248e+01
      vertex   -2.952476e+01 -2.817500e+01 2.979061e+01
    endloop
  endfacet
  facet normal -4.459859e-04 9.999988e-01 -1.458381e-03
    outer loop
      vertex   -2.952476e+01 -2.817500e+01 2.979061e+01
      vertex   -2.648450e+01 -2.817006e+01 3.225248e+01
      vertex   -2.599894e+01 -2.816996e+01 3.217012e+01
    endloop
  endfacet
  facet normal -4.458809e-04 9.999988e-01 -1.458537e-03
    outer loop
      vertex   -2.952476e+01 -2.817500e+01 2.979061e+01
      vertex   -2.599894e+01 -2.816996e+01 3.217012e+01
      vertex   -2.848551e+01 -2.818444e+01 2.300114e+01
    endloop
  endfacet
  facet normal -4.458809e-04 9.999988e-01 -1.458537e-03
    outer loop
      vertex   -2.892886e+01 -2.818545e+01 2.244549e+01
      vertex   -2.974701e+01 -2.818478e+01 2.315669e+01
      vertex   -2.848551e+01 -2.818444e+01 2.300114e+01
    endloop
  endfacet
  facet normal -4.458809e-04 9.999988e-01 -1.458537e-03
    outer loop
      vertex   -2.848551e+01 -2.818444e+01 2.300114e+01
      vertex   -2.974701e+01 -2.818478e+01 2.315669e+01
      vertex   -3.056417e+01 -2.817997e+01 2.670153e+01
    endloop
  endfacet
  facet normal -4.458809e-04 9.999988e-01 -1.458537e-03
    outer loop
      vertex   -2.848551e+01 -2.818444e+01 2.300114e+01
      vertex   -3.056417e+01 -2.817997e+01 2.670153e+01
      vertex   -3.047283e+01 -2.817974e+01 2.682864e+01
    endloop
  endfacet
  facet normal -4.458809e-04 9.999988e-01 -1.458537e-03
    outer loop
      vertex   -3.114917e+01 -2.818471e+01 2.362989e+01
      vertex   -3.079232e+01 -2.818038e+01 2.648814e+01
      vertex   -2.974701e+01 -2.818478e+01 2.315669e+01
    endloop
  endfacet
  facet normal -4.458809e-04 9.999988e-01 -1.458537e-03
    outer loop
      vertex   -2.974701e+01 -2.818478e+01 2.315669e+01
      vertex   -3.079232e+01 -2.818038e+01 2.648814e+01
      vertex   -3.067127e+01 -2.818018e+01 2.658738e+01
    endloop
  endfacet
  facet normal -4.458809e-04 9.999988e-01 -1.458537e-03
    outer loop
      vertex   -2.974701e+01 -2.818478e+01 2.315669e+01
      vertex   -3.067127e+01 -2.818018e+01 2.658738e+01
      vertex   -3.056417e+01 -2.817997e+01 2.670153e+01
    endloop
  endfacet
  facet normal -4.458809e-04 9.999988e-01 -1.458537e-03
    outer loop
      vertex   -3.288611e+01 -2.818553e+01 2.359957e+01
      vertex   -3.179624e+01 -2.818107e+01 2.632418e+01
      vertex   -3.114917e+01 -2.818471e+01 2.362989e+01
    endloop
  endfacet
  facet normal -4.458809e-04 9.999988e-01 -1.458537e-03
    outer loop
      vertex   -3.114917e+01 -2.818471e+01 2.362989e+01
      vertex   -3.179624e+01 -2.818107e+01 2.632418e+01
      vertex   -3.160515e+01 -2.818104e+01 2.628954e+01
    endloop
  endfacet
  facet normal -4.458809e-04 9.999988e-01 -1.458537e-03
    outer loop
      vertex   -3.114917e+01 -2.818471e+01 2.362989e+01
      vertex   -3.160515e+01 -2.818104e+01 2.628954e+01
      vertex   -3.141118e+01 -2.818096e+01 2.627987e+01
    endloop
  endfacet
  facet normal -4.458809e-04 9.999988e-01 -1.458537e-03
    outer loop
      vertex   -3.311266e+01 -2.818562e+01 2.360785e+01
      vertex   -3.215710e+01 -2.818102e+01 2.646567e+01
      vertex   -3.288611e+01 -2.818553e+01 2.359957e+01
    endloop
  endfacet
  facet normal -4.458809e-04 9.999988e-01 -1.458537e-03
    outer loop
      vertex   -3.288611e+01 -2.818553e+01 2.359957e+01
      vertex   -3.215710e+01 -2.818102e+01 2.646567e+01
      vertex   -3.198126e+01 -2.818107e+01 2.638322e+01
    endloop
  endfacet
  facet normal -4.458809e-04 9.999988e-01 -1.458537e-03
    outer loop
      vertex   -3.288611e+01 -2.818553e+01 2.359957e+01
      vertex   -3.198126e+01 -2.818107e+01 2.638322e+01
      vertex   -3.179624e+01 -2.818107e+01 2.632418e+01
    endloop
  endfacet
  facet normal -4.458809e-04 9.999988e-01 -1.458537e-03
    outer loop
      vertex   -3.311266e+01 -2.818562e+01 2.360785e+01
      vertex   -3.333701e+01 -2.818567e+01 2.364051e+01
      vertex   -3.215710e+01 -2.818102e+01 2.646567e+01
    endloop
  endfacet
  facet normal -4.458809e-04 9.999988e-01 -1.458537e-03
    outer loop
      vertex   -3.215710e+01 -2.818102e+01 2.646567e+01
      vertex   -3.333701e+01 -2.818567e+01 2.364051e+01
      vertex   -3.355652e+01 -2.818569e+01 2.369716e+01
    endloop
  endfacet
  facet normal -4.458809e-04 9.999988e-01 -1.458537e-03
    outer loop
      vertex   -3.215710e+01 -2.818102e+01 2.646567e+01
      vertex   -3.355652e+01 -2.818569e+01 2.369716e+01
      vertex   -3.229175e+01 -2.818093e+01 2.657008e+01
    endloop
  endfacet
  facet normal -4.458809e-04 9.999988e-01 -1.458537e-03
    outer loop
      vertex   -3.229175e+01 -2.818093e+01 2.657008e+01
      vertex   -3.355652e+01 -2.818569e+01 2.369716e+01
      vertex   -3.376865e+01 -2.818566e+01 2.377715e+01
    endloop
  endfacet
  facet normal -4.458809e-04 9.999988e-01 -1.458537e-03
    outer loop
      vertex   -3.229175e+01 -2.818093e+01 2.657008e+01
      vertex   -3.376865e+01 -2.818566e+01 2.377715e+01
      vertex   -3.397092e+01 -2.818561e+01 2.387953e+01
    endloop
  endfacet
  facet normal -4.458809e-04 9.999988e-01 -1.458537e-03
    outer loop
      vertex   -3.397092e+01 -2.818561e+01 2.387953e+01
      vertex   -3.416098e+01 -2.818551e+01 2.400313e+01
      vertex   -3.229175e+01 -2.818093e+01 2.657008e+01
    endloop
  endfacet
  facet normal -4.458809e-04 9.999988e-01 -1.458537e-03
    outer loop
      vertex   -3.229175e+01 -2.818093e+01 2.657008e+01
      vertex   -3.416098e+01 -2.818551e+01 2.400313e+01
      vertex   -3.433660e+01 -2.818538e+01 2.414649e+01
    endloop
  endfacet
  facet normal -4.458809e-04 9.999988e-01 -1.458537e-03
    outer loop
      vertex   -3.229175e+01 -2.818093e+01 2.657008e+01
      vertex   -3.433660e+01 -2.818538e+01 2.414649e+01
      vertex   -3.449575e+01 -2.818521e+01 2.430795e+01
    endloop
  endfacet
  facet normal -4.458809e-04 9.999988e-01 -1.458537e-03
    outer loop
      vertex   -3.229175e+01 -2.818093e+01 2.657008e+01
      vertex   -3.449575e+01 -2.818521e+01 2.430795e+01
      vertex   -3.241026e+01 -2.818081e+01 2.669251e+01
    endloop
  endfacet
  facet normal -4.458809e-04 9.999988e-01 -1.458537e-03
    outer loop
      vertex   -3.241026e+01 -2.818081e+01 2.669251e+01
      vertex   -3.449575e+01 -2.818521e+01 2.430795e+01
      vertex   -3.463657e+01 -2.818502e+01 2.448562e+01
    endloop
  endfacet
  facet normal -4.458809e-04 9.999988e-01 -1.458537e-03
    outer loop
      vertex   -3.241026e+01 -2.818081e+01 2.669251e+01
      vertex   -3.463657e+01 -2.818502e+01 2.448562e+01
      vertex   -3.475741e+01 -2.818479e+01 2.467744e+01
    endloop
  endfacet
  facet normal -4.458809e-04 9.999988e-01 -1.458537e-03
    outer loop
      vertex   -3.475741e+01 -2.818479e+01 2.467744e+01
      vertex   -3.485687e+01 -2.818454e+01 2.488117e+01
      vertex   -3.241026e+01 -2.818081e+01 2.669251e+01
    endloop
  endfacet
  facet normal -4.458809e-04 9.999988e-01 -1.458537e-03
    outer loop
      vertex   -3.241026e+01 -2.818081e+01 2.669251e+01
      vertex   -3.485687e+01 -2.818454e+01 2.488117e+01
      vertex   -3.251023e+01 -2.818065e+01 2.683049e+01
    endloop
  endfacet
  facet normal -4.458809e-04 9.999988e-01 -1.458537e-03
    outer loop
      vertex   -3.251023e+01 -2.818065e+01 2.683049e+01
      vertex   -3.485687e+01 -2.818454e+01 2.488117e+01
      vertex   -3.258965e+01 -2.818047e+01 2.698123e+01
    endloop
  endfacet
  facet normal -4.458809e-04 9.999988e-01 -1.458537e-03
    outer loop
      vertex   -3.258965e+01 -2.818047e+01 2.698123e+01
      vertex   -3.485687e+01 -2.818454e+01 2.488117e+01
      vertex   -3.264692e+01 -2.818026e+01 2.714171e+01
    endloop
  endfacet
  facet normal -4.458809e-04 9.999988e-01 -1.458537e-03
    outer loop
      vertex   -3.264692e+01 -2.818026e+01 2.714171e+01
      vertex   -3.485687e+01 -2.818454e+01 2.488117e+01
      vertex   -3.268089e+01 -2.818003e+01 2.730868e+01
    endloop
  endfacet
  facet normal -4.458809e-04 9.999988e-01 -1.458537e-03
    outer loop
      vertex   -3.268089e+01 -2.818003e+01 2.730868e+01
      vertex   -3.485687e+01 -2.818454e+01 2.488117e+01
      vertex   -3.269086e+01 -2.817979e+01 2.747878e+01
    endloop
  endfacet
  facet normal -4.458809e-04 9.999988e-01 -1.458537e-03
    outer loop
      vertex   -3.269086e+01 -2.817979e+01 2.747878e+01
      vertex   -3.485687e+01 -2.818454e+01 2.488117e+01
      vertex   -3.622123e+01 -2.818448e+01 2.534161e+01
    endloop
  endfacet
  facet normal -4.458809e-04 9.999988e-01 -1.458537e-03
    outer loop
      vertex   -3.622123e+01 -2.818448e+01 2.534161e+01
      vertex   -3.759068e+01 -2.818512e+01 2.531771e+01
      vertex   -3.354682e+01 -2.817007e+01 3.440045e+01
    endloop
  endfacet
  facet normal -4.458809e-04 9.999988e-01 -1.458537e-03
    outer loop
      vertex   -3.141118e+01 -2.818096e+01 2.627987e+01
      vertex   -3.121759e+01 -2.818085e+01 2.629535e+01
      vertex   -3.114917e+01 -2.818471e+01 2.362989e+01
    endloop
  endfacet
  facet normal -4.458809e-04 9.999988e-01 -1.458537e-03
    outer loop
      vertex   -3.114917e+01 -2.818471e+01 2.362989e+01
      vertex   -3.121759e+01 -2.818085e+01 2.629535e+01
      vertex   -3.106782e+01 -2.818072e+01 2.634087e+01
    endloop
  endfacet
  facet normal -4.458809e-04 9.999988e-01 -1.458537e-03
    outer loop
      vertex   -3.114917e+01 -2.818471e+01 2.362989e+01
      vertex   -3.106782e+01 -2.818072e+01 2.634087e+01
      vertex   -3.092526e+01 -2.818056e+01 2.640550e+01
    endloop
  endfacet
  facet normal -4.458809e-04 9.999988e-01 -1.458537e-03
    outer loop
      vertex   -3.092526e+01 -2.818056e+01 2.640550e+01
      vertex   -3.079232e+01 -2.818038e+01 2.648814e+01
      vertex   -3.114917e+01 -2.818471e+01 2.362989e+01
    endloop
  endfacet
  facet normal -4.458809e-04 9.999988e-01 -1.458537e-03
    outer loop
      vertex   -3.047283e+01 -2.817974e+01 2.682864e+01
      vertex   -3.039882e+01 -2.817951e+01 2.696657e+01
      vertex   -2.848551e+01 -2.818444e+01 2.300114e+01
    endloop
  endfacet
  facet normal -4.458809e-04 9.999988e-01 -1.458537e-03
    outer loop
      vertex   -2.848551e+01 -2.818444e+01 2.300114e+01
      vertex   -3.039882e+01 -2.817951e+01 2.696657e+01
      vertex   -3.034339e+01 -2.817927e+01 2.711296e+01
    endloop
  endfacet
  facet normal -4.458809e-04 9.999988e-01 -1.458537e-03
    outer loop
      vertex   -2.848551e+01 -2.818444e+01 2.300114e+01
      vertex   -3.034339e+01 -2.817927e+01 2.711296e+01
      vertex   -2.952476e+01 -2.817500e+01 2.979061e+01
    endloop
  endfacet
  facet normal -9.135471e-01 1.859022e-04 4.067330e-01
    outer loop
      vertex   -3.072622e+01 -1.670957e+01 4.073044e+01
      vertex   -3.354507e+01 -1.957006e+01 3.440045e+01
      vertex   -3.072268e+01 -2.465956e+01 4.074204e+01
    endloop
  endfacet
  facet normal -9.135471e-01 1.859022e-04 4.067330e-01
    outer loop
      vertex   -3.072268e+01 -2.465956e+01 4.074204e+01
      vertex   -3.354507e+01 -1.957006e+01 3.440045e+01
      vertex   -3.354682e+01 -2.817007e+01 3.440045e+01
    endloop
  endfacet
  facet normal -9.135471e-01 1.859022e-04 4.067330e-01
    outer loop
      vertex   -3.072268e+01 -2.465956e+01 4.074204e+01
      vertex   -3.354682e+01 -2.817007e+01 3.440045e+01
      vertex   -2.567368e+01 -3.184077e+01 5.208567e+01
    endloop
  endfacet
  facet normal -9.135471e-01 1.859022e-04 4.067330e-01
    outer loop
      vertex   -2.567368e+01 -3.184077e+01 5.208567e+01
      vertex   -3.354682e+01 -2.817007e+01 3.440045e+01
      vertex   -4.052162e+01 -3.189603e+01 1.873633e+01
    endloop
  endfacet
  facet normal -9.135471e-01 1.859022e-04 4.067330e-01
    outer loop
      vertex   -4.052162e+01 -3.189603e+01 1.873633e+01
      vertex   -3.354682e+01 -2.817007e+01 3.440045e+01
      vertex   -3.759068e+01 -2.818512e+01 2.531771e+01
    endloop
  endfacet
  facet normal -9.135471e-01 1.859022e-04 4.067330e-01
    outer loop
      vertex   -4.052162e+01 -3.189603e+01 1.873633e+01
      vertex   -3.759068e+01 -2.818512e+01 2.531771e+01
      vertex   -4.052612e+01 -2.179045e+01 1.872159e+01
    endloop
  endfacet
  facet normal -9.135471e-01 1.859022e-04 4.067330e-01
    outer loop
      vertex   -4.052612e+01 -2.179045e+01 1.872159e+01
      vertex   -3.759068e+01 -2.818512e+01 2.531771e+01
      vertex   -3.759451e+01 -1.958513e+01 2.530516e+01
    endloop
  endfacet
  facet normal -9.135471e-01 1.859022e-04 4.067330e-01
    outer loop
      vertex   -4.052612e+01 -2.179045e+01 1.872159e+01
      vertex   -3.759451e+01 -1.958513e+01 2.530516e+01
      vertex   -3.628817e+01 -1.673027e+01 2.823797e+01
    endloop
  endfacet
  facet normal -9.135471e-01 1.859022e-04 4.067330e-01
    outer loop
      vertex   -3.628817e+01 -1.673027e+01 2.823797e+01
      vertex   -3.759451e+01 -1.958513e+01 2.530516e+01
      vertex   -3.354507e+01 -1.957006e+01 3.440045e+01
    endloop
  endfacet
  facet normal -9.135471e-01 1.859022e-04 4.067330e-01
    outer loop
      vertex   -3.628817e+01 -1.673027e+01 2.823797e+01
      vertex   -3.354507e+01 -1.957006e+01 3.440045e+01
      vertex   -3.072622e+01 -1.670957e+01 4.073044e+01
    endloop
  endfacet
  facet normal -9.135471e-01 1.859022e-04 4.067330e-01
    outer loop
      vertex   -2.567368e+01 -3.184077e+01 5.208567e+01
      vertex   -2.567689e+01 -2.464078e+01 5.207517e+01
      vertex   -3.072268e+01 -2.465956e+01 4.074204e+01
    endloop
  endfacet
  facet normal 4.458952e-04 -9.999988e-01 1.458533e-03
    outer loop
      vertex   -2.600277e+01 -1.956997e+01 3.215757e+01
      vertex   -2.666149e+01 -1.957009e+01 3.227243e+01
      vertex   -2.848935e+01 -1.958445e+01 2.298860e+01
    endloop
  endfacet
  facet normal 4.459219e-04 -9.999988e-01 1.458528e-03
    outer loop
      vertex   -2.848935e+01 -1.958445e+01 2.298860e+01
      vertex   -2.666149e+01 -1.957009e+01 3.227243e+01
      vertex   -2.731806e+01 -1.957020e+01 3.240161e+01
    endloop
  endfacet
  facet normal 4.458804e-04 -9.999988e-01 1.458533e-03
    outer loop
      vertex   -2.848935e+01 -1.958445e+01 2.298860e+01
      vertex   -2.731806e+01 -1.957020e+01 3.240161e+01
      vertex   -2.975085e+01 -1.958479e+01 2.314415e+01
    endloop
  endfacet
  facet normal 4.459470e-04 -9.999988e-01 1.458515e-03
    outer loop
      vertex   -2.975085e+01 -1.958479e+01 2.314415e+01
      vertex   -2.731806e+01 -1.957020e+01 3.240161e+01
      vertex   -2.797208e+01 -1.957028e+01 3.254503e+01
    endloop
  endfacet
  facet normal 4.458638e-04 -9.999988e-01 1.458531e-03
    outer loop
      vertex   -2.975085e+01 -1.958479e+01 2.314415e+01
      vertex   -2.797208e+01 -1.957028e+01 3.254503e+01
      vertex   -2.862314e+01 -1.957034e+01 3.270261e+01
    endloop
  endfacet
  facet normal 4.458810e-04 -9.999988e-01 1.458529e-03
    outer loop
      vertex   -3.142578e+01 -1.958485e+01 2.361259e+01
      vertex   -3.115300e+01 -1.958472e+01 2.361735e+01
      vertex   -2.862314e+01 -1.957034e+01 3.270261e+01
    endloop
  endfacet
  facet normal 4.458784e-04 -9.999988e-01 1.458530e-03
    outer loop
      vertex   -2.862314e+01 -1.957034e+01 3.270261e+01
      vertex   -3.115300e+01 -1.958472e+01 2.361735e+01
      vertex   -2.975085e+01 -1.958479e+01 2.314415e+01
    endloop
  endfacet
  facet normal 4.458809e-04 -9.999988e-01 1.458537e-03
    outer loop
      vertex   -2.975085e+01 -1.958479e+01 2.314415e+01
      vertex   -2.893270e+01 -1.958546e+01 2.243295e+01
      vertex   -2.848935e+01 -1.958445e+01 2.298860e+01
    endloop
  endfacet
  facet normal 9.581260e-01 9.558361e-06 -2.863470e-01
    outer loop
      vertex   -3.096080e+01 -1.937038e+01 3.339369e+01
      vertex   -3.096080e+01 -1.942038e+01 3.339371e+01
      vertex   -3.148747e+01 -1.937318e+01 3.163145e+01
    endloop
  endfacet
  facet normal 9.581260e-01 9.562266e-06 -2.863470e-01
    outer loop
      vertex   -3.148747e+01 -1.937318e+01 3.163145e+01
      vertex   -3.096080e+01 -1.942038e+01 3.339371e+01
      vertex   -3.096079e+01 -1.947038e+01 3.339373e+01
    endloop
  endfacet
  facet normal 9.581260e-01 9.562264e-06 -2.863470e-01
    outer loop
      vertex   -3.148747e+01 -1.937318e+01 3.163145e+01
      vertex   -3.096079e+01 -1.947038e+01 3.339373e+01
      vertex   -3.096078e+01 -1.952038e+01 3.339376e+01
    endloop
  endfacet
  facet normal 9.581260e-01 9.562265e-06 -2.863470e-01
    outer loop
      vertex   -3.148747e+01 -1.937318e+01 3.163145e+01
      vertex   -3.096078e+01 -1.952038e+01 3.339376e+01
      vertex   -3.297679e+01 -1.938111e+01 2.664812e+01
    endloop
  endfacet
  facet normal 9.581260e-01 9.566189e-06 -2.863470e-01
    outer loop
      vertex   -3.297679e+01 -1.938111e+01 2.664812e+01
      vertex   -3.096078e+01 -1.952038e+01 3.339376e+01
      vertex   -3.096077e+01 -1.957038e+01 3.339378e+01
    endloop
  endfacet
  facet normal 9.581260e-01 9.561254e-06 -2.863470e-01
    outer loop
      vertex   -3.297679e+01 -1.938111e+01 2.664812e+01
      vertex   -3.096077e+01 -1.957038e+01 3.339378e+01
      vertex   -3.383060e+01 -1.958566e+01 2.379124e+01
    endloop
  endfacet
  facet normal 9.581260e-01 9.562308e-06 -2.863470e-01
    outer loop
      vertex   -3.383060e+01 -1.958566e+01 2.379124e+01
      vertex   -3.383069e+01 -1.938566e+01 2.379095e+01
      vertex   -3.297679e+01 -1.938111e+01 2.664812e+01
    endloop
  endfacet
  facet normal 9.581260e-01 9.562265e-06 -2.863470e-01
    outer loop
      vertex   -3.297688e+01 -1.918354e+01 2.664783e+01
      vertex   -3.267945e+01 -1.918195e+01 2.764306e+01
      vertex   -3.297679e+01 -1.938111e+01 2.664812e+01
    endloop
  endfacet
  facet normal 9.581260e-01 9.562265e-06 -2.863470e-01
    outer loop
      vertex   -3.297679e+01 -1.938111e+01 2.664812e+01
      vertex   -3.267945e+01 -1.918195e+01 2.764306e+01
      vertex   -3.217736e+01 -1.917928e+01 2.932307e+01
    endloop
  endfacet
  facet normal 9.581260e-01 9.562265e-06 -2.863470e-01
    outer loop
      vertex   -3.297679e+01 -1.938111e+01 2.664812e+01
      vertex   -3.217736e+01 -1.917928e+01 2.932307e+01
      vertex   -3.148747e+01 -1.937318e+01 3.163145e+01
    endloop
  endfacet
  facet normal 9.581260e-01 9.562265e-06 -2.863470e-01
    outer loop
      vertex   -3.148747e+01 -1.937318e+01 3.163145e+01
      vertex   -3.217736e+01 -1.917928e+01 2.932307e+01
      vertex   -3.148755e+01 -1.917560e+01 3.163117e+01
    endloop
  endfacet
  facet normal 4.457257e-04 -9.999988e-01 1.458519e-03
    outer loop
      vertex   -2.862320e+01 -1.937034e+01 3.270242e+01
      vertex   -2.940834e+01 -1.937039e+01 3.291244e+01
      vertex   -2.917169e+01 -1.937318e+01 3.092346e+01
    endloop
  endfacet
  facet normal 4.458808e-04 -9.999988e-01 1.458537e-03
    outer loop
      vertex   -2.917169e+01 -1.937318e+01 3.092346e+01
      vertex   -2.940834e+01 -1.937039e+01 3.291244e+01
      vertex   -3.148747e+01 -1.937318e+01 3.163145e+01
    endloop
  endfacet
  facet normal 4.458808e-04 -9.999988e-01 1.458537e-03
    outer loop
      vertex   -3.148747e+01 -1.937318e+01 3.163145e+01
      vertex   -2.940834e+01 -1.937039e+01 3.291244e+01
      vertex   -3.018772e+01 -1.937040e+01 3.314291e+01
    endloop
  endfacet
  facet normal 4.458811e-04 -9.999988e-01 1.458537e-03
    outer loop
      vertex   -3.148747e+01 -1.937318e+01 3.163145e+01
      vertex   -3.018772e+01 -1.937040e+01 3.314291e+01
      vertex   -3.096080e+01 -1.937038e+01 3.339369e+01
    endloop
  endfacet
  facet normal -9.556102e-01 3.428929e-06 2.946341e-01
    outer loop
      vertex   -2.862320e+01 -1.937034e+01 3.270242e+01
      vertex   -2.917169e+01 -1.937318e+01 3.092346e+01
      vertex   -2.862314e+01 -1.957034e+01 3.270261e+01
    endloop
  endfacet
  facet normal -9.556101e-01 3.647936e-06 2.946341e-01
    outer loop
      vertex   -2.862314e+01 -1.957034e+01 3.270261e+01
      vertex   -2.917169e+01 -1.937318e+01 3.092346e+01
      vertex   -3.069184e+01 -1.938105e+01 2.599303e+01
    endloop
  endfacet
  facet normal -9.556101e-01 3.646910e-06 2.946341e-01
    outer loop
      vertex   -2.862314e+01 -1.957034e+01 3.270261e+01
      vertex   -3.069184e+01 -1.938105e+01 2.599303e+01
      vertex   -3.142578e+01 -1.958485e+01 2.361259e+01
    endloop
  endfacet
  facet normal -9.556101e-01 3.646546e-06 2.946341e-01
    outer loop
      vertex   -3.142578e+01 -1.958485e+01 2.361259e+01
      vertex   -3.069184e+01 -1.938105e+01 2.599303e+01
      vertex   -3.142587e+01 -1.938485e+01 2.361230e+01
    endloop
  endfacet
  facet normal -9.556101e-01 3.646546e-06 2.946341e-01
    outer loop
      vertex   -2.917177e+01 -1.917560e+01 3.092317e+01
      vertex   -2.997193e+01 -1.917975e+01 2.832794e+01
      vertex   -2.917169e+01 -1.937318e+01 3.092346e+01
    endloop
  endfacet
  facet normal -9.556101e-01 3.646546e-06 2.946341e-01
    outer loop
      vertex   -2.917169e+01 -1.937318e+01 3.092346e+01
      vertex   -2.997193e+01 -1.917975e+01 2.832794e+01
      vertex   -3.069184e+01 -1.938105e+01 2.599303e+01
    endloop
  endfacet
  facet normal -9.556101e-01 3.646546e-06 2.946341e-01
    outer loop
      vertex   -2.997193e+01 -1.917975e+01 2.832794e+01
      vertex   -3.037633e+01 -1.918184e+01 2.701634e+01
      vertex   -3.069184e+01 -1.938105e+01 2.599303e+01
    endloop
  endfacet
  facet normal -9.556101e-01 3.646546e-06 2.946341e-01
    outer loop
      vertex   -3.069184e+01 -1.938105e+01 2.599303e+01
      vertex   -3.037633e+01 -1.918184e+01 2.701634e+01
      vertex   -3.069192e+01 -1.918347e+01 2.599275e+01
    endloop
  endfacet
  facet normal -4.458809e-04 9.999988e-01 -1.458537e-03
    outer loop
      vertex   -2.132484e+01 -2.424050e+01 5.093429e+01
      vertex   -2.210058e+01 -2.424502e+01 4.807385e+01
      vertex   -2.221896e+01 -2.423640e+01 5.402161e+01
    endloop
  endfacet
  facet normal -4.458809e-04 9.999988e-01 -1.458537e-03
    outer loop
      vertex   -2.221896e+01 -2.423640e+01 5.402161e+01
      vertex   -2.210058e+01 -2.424502e+01 4.807385e+01
      vertex   -2.374188e+01 -2.424741e+01 4.693376e+01
    endloop
  endfacet
  facet normal -4.458809e-04 9.999988e-01 -1.458537e-03
    outer loop
      vertex   -2.221896e+01 -2.423640e+01 5.402161e+01
      vertex   -2.374188e+01 -2.424741e+01 4.693376e+01
      vertex   -2.390325e+01 -2.424722e+01 4.711938e+01
    endloop
  endfacet
  facet normal -4.458809e-04 9.999988e-01 -1.458537e-03
    outer loop
      vertex   -2.214243e+01 -2.424532e+01 4.787996e+01
      vertex   -2.348154e+01 -2.424791e+01 4.651717e+01
      vertex   -2.210058e+01 -2.424502e+01 4.807385e+01
    endloop
  endfacet
  facet normal -4.458809e-04 9.999988e-01 -1.458537e-03
    outer loop
      vertex   -2.210058e+01 -2.424502e+01 4.807385e+01
      vertex   -2.348154e+01 -2.424791e+01 4.651717e+01
      vertex   -2.360079e+01 -2.424765e+01 4.673229e+01
    endloop
  endfacet
  facet normal -4.458809e-04 9.999988e-01 -1.458537e-03
    outer loop
      vertex   -2.210058e+01 -2.424502e+01 4.807385e+01
      vertex   -2.360079e+01 -2.424765e+01 4.673229e+01
      vertex   -2.374188e+01 -2.424741e+01 4.693376e+01
    endloop
  endfacet
  facet normal -4.458809e-04 9.999988e-01 -1.458537e-03
    outer loop
      vertex   -2.216384e+01 -2.424562e+01 4.768277e+01
      vertex   -2.331350e+01 -2.424850e+01 4.605556e+01
      vertex   -2.214243e+01 -2.424532e+01 4.787996e+01
    endloop
  endfacet
  facet normal -4.458809e-04 9.999988e-01 -1.458537e-03
    outer loop
      vertex   -2.214243e+01 -2.424532e+01 4.787996e+01
      vertex   -2.331350e+01 -2.424850e+01 4.605556e+01
      vertex   -2.338542e+01 -2.424819e+01 4.629077e+01
    endloop
  endfacet
  facet normal -4.458809e-04 9.999988e-01 -1.458537e-03
    outer loop
      vertex   -2.214243e+01 -2.424532e+01 4.787996e+01
      vertex   -2.338542e+01 -2.424819e+01 4.629077e+01
      vertex   -2.348154e+01 -2.424791e+01 4.651717e+01
    endloop
  endfacet
  facet normal -4.458809e-04 9.999988e-01 -1.458537e-03
    outer loop
      vertex   -2.331350e+01 -2.424850e+01 4.605556e+01
      vertex   -2.216384e+01 -2.424562e+01 4.768277e+01
      vertex   -2.326656e+01 -2.424884e+01 4.581413e+01
    endloop
  endfacet
  facet normal -4.458809e-04 9.999988e-01 -1.458537e-03
    outer loop
      vertex   -2.326656e+01 -2.424884e+01 4.581413e+01
      vertex   -2.216384e+01 -2.424562e+01 4.768277e+01
      vertex   -2.216458e+01 -2.424591e+01 4.748441e+01
    endloop
  endfacet
  facet normal -4.458809e-04 9.999988e-01 -1.458537e-03
    outer loop
      vertex   -2.326656e+01 -2.424884e+01 4.581413e+01
      vertex   -2.216458e+01 -2.424591e+01 4.748441e+01
      vertex   -2.324511e+01 -2.424918e+01 4.556910e+01
    endloop
  endfacet
  facet normal -4.458809e-04 9.999988e-01 -1.458537e-03
    outer loop
      vertex   -2.324511e+01 -2.424918e+01 4.556910e+01
      vertex   -2.216458e+01 -2.424591e+01 4.748441e+01
      vertex   -2.214463e+01 -2.424619e+01 4.728706e+01
    endloop
  endfacet
  facet normal -4.458809e-04 9.999988e-01 -1.458537e-03
    outer loop
      vertex   -2.324511e+01 -2.424918e+01 4.556910e+01
      vertex   -2.214463e+01 -2.424619e+01 4.728706e+01
      vertex   -2.210422e+01 -2.424645e+01 4.709287e+01
    endloop
  endfacet
  facet normal -4.458809e-04 9.999988e-01 -1.458537e-03
    outer loop
      vertex   -2.324511e+01 -2.424918e+01 4.556910e+01
      vertex   -2.210422e+01 -2.424645e+01 4.709287e+01
      vertex   -2.324939e+01 -2.424954e+01 4.532318e+01
    endloop
  endfacet
  facet normal -4.458809e-04 9.999988e-01 -1.458537e-03
    outer loop
      vertex   -2.324939e+01 -2.424954e+01 4.532318e+01
      vertex   -2.210422e+01 -2.424645e+01 4.709287e+01
      vertex   -2.204378e+01 -2.424670e+01 4.690395e+01
    endloop
  endfacet
  facet normal -4.458809e-04 9.999988e-01 -1.458537e-03
    outer loop
      vertex   -2.324939e+01 -2.424954e+01 4.532318e+01
      vertex   -2.204378e+01 -2.424670e+01 4.690395e+01
      vertex   -2.327936e+01 -2.424991e+01 4.507906e+01
    endloop
  endfacet
  facet normal -4.458809e-04 9.999988e-01 -1.458537e-03
    outer loop
      vertex   -2.327936e+01 -2.424991e+01 4.507906e+01
      vertex   -2.204378e+01 -2.424670e+01 4.690395e+01
      vertex   -2.194588e+01 -2.424709e+01 4.660859e+01
    endloop
  endfacet
  facet normal -4.458809e-04 9.999988e-01 -1.458537e-03
    outer loop
      vertex   -2.327936e+01 -2.424991e+01 4.507906e+01
      vertex   -2.194588e+01 -2.424709e+01 4.660859e+01
      vertex   -2.187297e+01 -2.424750e+01 4.630610e+01
    endloop
  endfacet
  facet normal -4.458809e-04 9.999988e-01 -1.458537e-03
    outer loop
      vertex   -2.182557e+01 -2.424792e+01 4.599858e+01
      vertex   -2.236615e+01 -2.425164e+01 4.361525e+01
      vertex   -2.187297e+01 -2.424750e+01 4.630610e+01
    endloop
  endfacet
  facet normal -4.458809e-04 9.999988e-01 -1.458537e-03
    outer loop
      vertex   -2.187297e+01 -2.424750e+01 4.630610e+01
      vertex   -2.236615e+01 -2.425164e+01 4.361525e+01
      vertex   -2.254160e+01 -2.425209e+01 4.335828e+01
    endloop
  endfacet
  facet normal -4.458809e-04 9.999988e-01 -1.458537e-03
    outer loop
      vertex   -2.187297e+01 -2.424750e+01 4.630610e+01
      vertex   -2.254160e+01 -2.425209e+01 4.335828e+01
      vertex   -2.327936e+01 -2.424991e+01 4.507906e+01
    endloop
  endfacet
  facet normal -4.458809e-04 9.999988e-01 -1.458537e-03
    outer loop
      vertex   -2.327936e+01 -2.424991e+01 4.507906e+01
      vertex   -2.254160e+01 -2.425209e+01 4.335828e+01
      vertex   -2.273788e+01 -2.425253e+01 4.311684e+01
    endloop
  endfacet
  facet normal -4.458809e-04 9.999988e-01 -1.458537e-03
    outer loop
      vertex   -2.327936e+01 -2.424991e+01 4.507906e+01
      vertex   -2.273788e+01 -2.425253e+01 4.311684e+01
      vertex   -2.333467e+01 -2.425029e+01 4.483940e+01
    endloop
  endfacet
  facet normal -4.458809e-04 9.999988e-01 -1.458537e-03
    outer loop
      vertex   -2.333467e+01 -2.425029e+01 4.483940e+01
      vertex   -2.273788e+01 -2.425253e+01 4.311684e+01
      vertex   -2.295363e+01 -2.425296e+01 4.289263e+01
    endloop
  endfacet
  facet normal -4.458809e-04 9.999988e-01 -1.458537e-03
    outer loop
      vertex   -2.333467e+01 -2.425029e+01 4.483940e+01
      vertex   -2.295363e+01 -2.425296e+01 4.289263e+01
      vertex   -2.318734e+01 -2.425336e+01 4.268721e+01
    endloop
  endfacet
  facet normal -4.458809e-04 9.999988e-01 -1.458537e-03
    outer loop
      vertex   -2.236615e+01 -2.425164e+01 4.361525e+01
      vertex   -2.182557e+01 -2.424792e+01 4.599858e+01
      vertex   -2.221277e+01 -2.425118e+01 4.388597e+01
    endloop
  endfacet
  facet normal -4.458809e-04 9.999988e-01 -1.458537e-03
    outer loop
      vertex   -2.221277e+01 -2.425118e+01 4.388597e+01
      vertex   -2.182557e+01 -2.424792e+01 4.599858e+01
      vertex   -2.180399e+01 -2.424837e+01 4.568817e+01
    endloop
  endfacet
  facet normal -4.458809e-04 9.999988e-01 -1.458537e-03
    outer loop
      vertex   -2.221277e+01 -2.425118e+01 4.388597e+01
      vertex   -2.180399e+01 -2.424837e+01 4.568817e+01
      vertex   -2.208251e+01 -2.425071e+01 4.416855e+01
    endloop
  endfacet
  facet normal -4.458809e-04 9.999988e-01 -1.458537e-03
    outer loop
      vertex   -2.208251e+01 -2.425071e+01 4.416855e+01
      vertex   -2.180399e+01 -2.424837e+01 4.568817e+01
      vertex   -2.180839e+01 -2.424882e+01 4.537705e+01
    endloop
  endfacet
  facet normal -4.458809e-04 9.999988e-01 -1.458537e-03
    outer loop
      vertex   -2.208251e+01 -2.425071e+01 4.416855e+01
      vertex   -2.180839e+01 -2.424882e+01 4.537705e+01
      vertex   -2.197629e+01 -2.425023e+01 4.446101e+01
    endloop
  endfacet
  facet normal -4.458809e-04 9.999988e-01 -1.458537e-03
    outer loop
      vertex   -2.197629e+01 -2.425023e+01 4.446101e+01
      vertex   -2.180839e+01 -2.424882e+01 4.537705e+01
      vertex   -2.183875e+01 -2.424929e+01 4.506738e+01
    endloop
  endfacet
  facet normal -4.458809e-04 9.999988e-01 -1.458537e-03
    outer loop
      vertex   -2.197629e+01 -2.425023e+01 4.446101e+01
      vertex   -2.183875e+01 -2.424929e+01 4.506738e+01
      vertex   -2.189484e+01 -2.424976e+01 4.476132e+01
    endloop
  endfacet
  facet normal -4.458809e-04 9.999988e-01 -1.458537e-03
    outer loop
      vertex   -2.333467e+01 -2.425029e+01 4.483940e+01
      vertex   -2.318734e+01 -2.425336e+01 4.268721e+01
      vertex   -2.341474e+01 -2.425066e+01 4.460684e+01
    endloop
  endfacet
  facet normal -4.458809e-04 9.999988e-01 -1.458537e-03
    outer loop
      vertex   -2.341474e+01 -2.425066e+01 4.460684e+01
      vertex   -2.318734e+01 -2.425336e+01 4.268721e+01
      vertex   -2.333494e+01 -2.425362e+01 4.255471e+01
    endloop
  endfacet
  facet normal -4.458809e-04 9.999988e-01 -1.458537e-03
    outer loop
      vertex   -2.341474e+01 -2.425066e+01 4.460684e+01
      vertex   -2.333494e+01 -2.425362e+01 4.255471e+01
      vertex   -2.351867e+01 -2.425103e+01 4.438392e+01
    endloop
  endfacet
  facet normal -4.458809e-04 9.999988e-01 -1.458537e-03
    outer loop
      vertex   -2.351867e+01 -2.425103e+01 4.438392e+01
      vertex   -2.333494e+01 -2.425362e+01 4.255471e+01
      vertex   -2.346793e+01 -2.425389e+01 4.240754e+01
    endloop
  endfacet
  facet normal -4.458809e-04 9.999988e-01 -1.458537e-03
    outer loop
      vertex   -2.351867e+01 -2.425103e+01 4.438392e+01
      vertex   -2.346793e+01 -2.425389e+01 4.240754e+01
      vertex   -2.364534e+01 -2.425140e+01 4.417308e+01
    endloop
  endfacet
  facet normal -4.458809e-04 9.999988e-01 -1.458537e-03
    outer loop
      vertex   -2.364534e+01 -2.425140e+01 4.417308e+01
      vertex   -2.346793e+01 -2.425389e+01 4.240754e+01
      vertex   -2.358485e+01 -2.425418e+01 4.224731e+01
    endloop
  endfacet
  facet normal -4.458809e-04 9.999988e-01 -1.458537e-03
    outer loop
      vertex   -2.364534e+01 -2.425140e+01 4.417308e+01
      vertex   -2.358485e+01 -2.425418e+01 4.224731e+01
      vertex   -2.379336e+01 -2.425175e+01 4.397665e+01
    endloop
  endfacet
  facet normal -4.458809e-04 9.999988e-01 -1.458537e-03
    outer loop
      vertex   -2.379336e+01 -2.425175e+01 4.397665e+01
      vertex   -2.358485e+01 -2.425418e+01 4.224731e+01
      vertex   -2.368443e+01 -2.425447e+01 4.207576e+01
    endloop
  endfacet
  facet normal -4.458809e-04 9.999988e-01 -1.458537e-03
    outer loop
      vertex   -2.379336e+01 -2.425175e+01 4.397665e+01
      vertex   -2.368443e+01 -2.425447e+01 4.207576e+01
      vertex   -2.396109e+01 -2.425209e+01 4.379676e+01
    endloop
  endfacet
  facet normal -4.458809e-04 9.999988e-01 -1.458537e-03
    outer loop
      vertex   -2.396109e+01 -2.425209e+01 4.379676e+01
      vertex   -2.368443e+01 -2.425447e+01 4.207576e+01
      vertex   -2.376558e+01 -2.425477e+01 4.189476e+01
    endloop
  endfacet
  facet normal -4.458809e-04 9.999988e-01 -1.458537e-03
    outer loop
      vertex   -2.396109e+01 -2.425209e+01 4.379676e+01
      vertex   -2.376558e+01 -2.425477e+01 4.189476e+01
      vertex   -2.414671e+01 -2.425241e+01 4.363538e+01
    endloop
  endfacet
  facet normal -4.458809e-04 9.999988e-01 -1.458537e-03
    outer loop
      vertex   -2.414671e+01 -2.425241e+01 4.363538e+01
      vertex   -2.376558e+01 -2.425477e+01 4.189476e+01
      vertex   -2.382742e+01 -2.425508e+01 4.170629e+01
    endloop
  endfacet
  facet normal -4.458809e-04 9.999988e-01 -1.458537e-03
    outer loop
      vertex   -2.414671e+01 -2.425241e+01 4.363538e+01
      vertex   -2.382742e+01 -2.425508e+01 4.170629e+01
      vertex   -2.434818e+01 -2.425270e+01 4.349430e+01
    endloop
  endfacet
  facet normal -4.458809e-04 9.999988e-01 -1.458537e-03
    outer loop
      vertex   -2.434818e+01 -2.425270e+01 4.349430e+01
      vertex   -2.382742e+01 -2.425508e+01 4.170629e+01
      vertex   -2.456330e+01 -2.425297e+01 4.337505e+01
    endloop
  endfacet
  facet normal -4.458809e-04 9.999988e-01 -1.458537e-03
    outer loop
      vertex   -2.456330e+01 -2.425297e+01 4.337505e+01
      vertex   -2.382742e+01 -2.425508e+01 4.170629e+01
      vertex   -2.510305e+01 -2.426088e+01 3.811809e+01
    endloop
  endfacet
  facet normal -4.458809e-04 9.999988e-01 -1.458537e-03
    outer loop
      vertex   -2.456330e+01 -2.425297e+01 4.337505e+01
      vertex   -2.510305e+01 -2.426088e+01 3.811809e+01
      vertex   -2.516800e+01 -2.426099e+01 3.806216e+01
    endloop
  endfacet
  facet normal -4.458809e-04 9.999988e-01 -1.458537e-03
    outer loop
      vertex   -2.474338e+01 -2.426041e+01 3.832880e+01
      vertex   -2.481159e+01 -2.426049e+01 3.829530e+01
      vertex   -2.382742e+01 -2.425508e+01 4.170629e+01
    endloop
  endfacet
  facet normal -4.458809e-04 9.999988e-01 -1.458537e-03
    outer loop
      vertex   -2.382742e+01 -2.425508e+01 4.170629e+01
      vertex   -2.481159e+01 -2.426049e+01 3.829530e+01
      vertex   -2.487903e+01 -2.426057e+01 3.825957e+01
    endloop
  endfacet
  facet normal -4.458809e-04 9.999988e-01 -1.458537e-03
    outer loop
      vertex   -2.382742e+01 -2.425508e+01 4.170629e+01
      vertex   -2.487903e+01 -2.426057e+01 3.825957e+01
      vertex   -2.492795e+01 -2.426064e+01 3.823209e+01
    endloop
  endfacet
  facet normal -4.458809e-04 9.999988e-01 -1.458537e-03
    outer loop
      vertex   -2.492795e+01 -2.426064e+01 3.823209e+01
      vertex   -2.497683e+01 -2.426070e+01 3.820343e+01
      vertex   -2.382742e+01 -2.425508e+01 4.170629e+01
    endloop
  endfacet
  facet normal -4.458809e-04 9.999988e-01 -1.458537e-03
    outer loop
      vertex   -2.382742e+01 -2.425508e+01 4.170629e+01
      vertex   -2.497683e+01 -2.426070e+01 3.820343e+01
      vertex   -2.504127e+01 -2.426079e+01 3.816268e+01
    endloop
  endfacet
  facet normal -4.458809e-04 9.999988e-01 -1.458537e-03
    outer loop
      vertex   -2.382742e+01 -2.425508e+01 4.170629e+01
      vertex   -2.504127e+01 -2.426079e+01 3.816268e+01
      vertex   -2.510305e+01 -2.426088e+01 3.811809e+01
    endloop
  endfacet
  facet normal -4.458809e-04 9.999988e-01 -1.458537e-03
    outer loop
      vertex   -2.456330e+01 -2.425297e+01 4.337505e+01
      vertex   -2.516800e+01 -2.426099e+01 3.806216e+01
      vertex   -2.478970e+01 -2.425321e+01 4.327893e+01
    endloop
  endfacet
  facet normal -4.458809e-04 9.999988e-01 -1.458537e-03
    outer loop
      vertex   -2.478970e+01 -2.425321e+01 4.327893e+01
      vertex   -2.516800e+01 -2.426099e+01 3.806216e+01
      vertex   -2.520580e+01 -2.426106e+01 3.802252e+01
    endloop
  endfacet
  facet normal -4.458809e-04 9.999988e-01 -1.458537e-03
    outer loop
      vertex   -2.478970e+01 -2.425321e+01 4.327893e+01
      vertex   -2.520580e+01 -2.426106e+01 3.802252e+01
      vertex   -2.523954e+01 -2.426114e+01 3.797933e+01
    endloop
  endfacet
  facet normal -4.458809e-04 9.999988e-01 -1.458537e-03
    outer loop
      vertex   -2.751196e+01 -2.426078e+01 3.892100e+01
      vertex   -2.551137e+01 -2.425374e+01 4.313862e+01
      vertex   -2.523954e+01 -2.426114e+01 3.797933e+01
    endloop
  endfacet
  facet normal -4.458809e-04 9.999988e-01 -1.458537e-03
    outer loop
      vertex   -2.523954e+01 -2.426114e+01 3.797933e+01
      vertex   -2.551137e+01 -2.425374e+01 4.313862e+01
      vertex   -2.526635e+01 -2.425360e+01 4.316007e+01
    endloop
  endfacet
  facet normal -4.458809e-04 9.999988e-01 -1.458537e-03
    outer loop
      vertex   -2.523954e+01 -2.426114e+01 3.797933e+01
      vertex   -2.526635e+01 -2.425360e+01 4.316007e+01
      vertex   -2.502491e+01 -2.425342e+01 4.320701e+01
    endloop
  endfacet
  facet normal -4.458809e-04 9.999988e-01 -1.458537e-03
    outer loop
      vertex   -2.865792e+01 -2.426576e+01 3.585739e+01
      vertex   -2.887269e+01 -2.425984e+01 3.998437e+01
      vertex   -2.751196e+01 -2.426078e+01 3.892100e+01
    endloop
  endfacet
  facet normal -4.458809e-04 9.999988e-01 -1.458537e-03
    outer loop
      vertex   -2.751196e+01 -2.426078e+01 3.892100e+01
      vertex   -2.887269e+01 -2.425984e+01 3.998437e+01
      vertex   -2.883007e+01 -2.425960e+01 4.013201e+01
    endloop
  endfacet
  facet normal -4.458809e-04 9.999988e-01 -1.458537e-03
    outer loop
      vertex   -2.751196e+01 -2.426078e+01 3.892100e+01
      vertex   -2.883007e+01 -2.425960e+01 4.013201e+01
      vertex   -2.881058e+01 -2.425937e+01 4.028442e+01
    endloop
  endfacet
  facet normal -4.458809e-04 9.999988e-01 -1.458537e-03
    outer loop
      vertex   -2.582377e+01 -2.426621e+01 3.468294e+01
      vertex   -2.605168e+01 -2.426804e+01 3.349798e+01
      vertex   -2.865792e+01 -2.426576e+01 3.585739e+01
    endloop
  endfacet
  facet normal -4.458809e-04 9.999988e-01 -1.458537e-03
    outer loop
      vertex   -2.865792e+01 -2.426576e+01 3.585739e+01
      vertex   -2.605168e+01 -2.426804e+01 3.349798e+01
      vertex   -2.934362e+01 -2.426771e+01 3.472935e+01
    endloop
  endfacet
  facet normal -4.458809e-04 9.999988e-01 -1.458537e-03
    outer loop
      vertex   -2.865792e+01 -2.426576e+01 3.585739e+01
      vertex   -2.934362e+01 -2.426771e+01 3.472935e+01
      vertex   -2.951058e+01 -2.426768e+01 3.480459e+01
    endloop
  endfacet
  facet normal -4.458809e-04 9.999988e-01 -1.458537e-03
    outer loop
      vertex   -2.582377e+01 -2.426621e+01 3.468294e+01
      vertex   -2.551765e+01 -2.426715e+01 3.394555e+01
      vertex   -2.605168e+01 -2.426804e+01 3.349798e+01
    endloop
  endfacet
  facet normal -4.458809e-04 9.999988e-01 -1.458537e-03
    outer loop
      vertex   -2.605168e+01 -2.426804e+01 3.349798e+01
      vertex   -2.551765e+01 -2.426715e+01 3.394555e+01
      vertex   -2.578173e+01 -2.426869e+01 3.297178e+01
    endloop
  endfacet
  facet normal -4.458809e-04 9.999988e-01 -1.458537e-03
    outer loop
      vertex   -2.951058e+01 -2.426768e+01 3.480459e+01
      vertex   -2.966629e+01 -2.426761e+01 3.490098e+01
      vertex   -2.865792e+01 -2.426576e+01 3.585739e+01
    endloop
  endfacet
  facet normal -4.458809e-04 9.999988e-01 -1.458537e-03
    outer loop
      vertex   -2.865792e+01 -2.426576e+01 3.585739e+01
      vertex   -2.966629e+01 -2.426761e+01 3.490098e+01
      vertex   -2.980809e+01 -2.426750e+01 3.501686e+01
    endloop
  endfacet
  facet normal -4.458809e-04 9.999988e-01 -1.458537e-03
    outer loop
      vertex   -2.865792e+01 -2.426576e+01 3.585739e+01
      vertex   -2.980809e+01 -2.426750e+01 3.501686e+01
      vertex   -2.887269e+01 -2.425984e+01 3.998437e+01
    endloop
  endfacet
  facet normal -4.458809e-04 9.999988e-01 -1.458537e-03
    outer loop
      vertex   -2.887269e+01 -2.425984e+01 3.998437e+01
      vertex   -2.980809e+01 -2.426750e+01 3.501686e+01
      vertex   -2.993355e+01 -2.426736e+01 3.515027e+01
    endloop
  endfacet
  facet normal -4.458809e-04 9.999988e-01 -1.458537e-03
    outer loop
      vertex   -2.887269e+01 -2.425984e+01 3.998437e+01
      vertex   -2.993355e+01 -2.426736e+01 3.515027e+01
      vertex   -3.016441e+01 -2.426545e+01 3.653110e+01
    endloop
  endfacet
  facet normal -4.458809e-04 9.999988e-01 -1.458537e-03
    outer loop
      vertex   -3.016441e+01 -2.426545e+01 3.653110e+01
      vertex   -2.993355e+01 -2.426736e+01 3.515027e+01
      vertex   -3.004052e+01 -2.426719e+01 3.529891e+01
    endloop
  endfacet
  facet normal -4.458809e-04 9.999988e-01 -1.458537e-03
    outer loop
      vertex   -3.016441e+01 -2.426545e+01 3.653110e+01
      vertex   -3.004052e+01 -2.426719e+01 3.529891e+01
      vertex   -3.012717e+01 -2.426700e+01 3.546024e+01
    endloop
  endfacet
  facet normal -4.458809e-04 9.999988e-01 -1.458537e-03
    outer loop
      vertex   -3.012717e+01 -2.426700e+01 3.546024e+01
      vertex   -3.019203e+01 -2.426678e+01 3.563149e+01
      vertex   -3.016441e+01 -2.426545e+01 3.653110e+01
    endloop
  endfacet
  facet normal -4.458809e-04 9.999988e-01 -1.458537e-03
    outer loop
      vertex   -3.016441e+01 -2.426545e+01 3.653110e+01
      vertex   -3.019203e+01 -2.426678e+01 3.563149e+01
      vertex   -3.023397e+01 -2.426653e+01 3.580975e+01
    endloop
  endfacet
  facet normal -4.458809e-04 9.999988e-01 -1.458537e-03
    outer loop
      vertex   -3.016441e+01 -2.426545e+01 3.653110e+01
      vertex   -3.023397e+01 -2.426653e+01 3.580975e+01
      vertex   -3.025229e+01 -2.426628e+01 3.599196e+01
    endloop
  endfacet
  facet normal -4.458809e-04 9.999988e-01 -1.458537e-03
    outer loop
      vertex   -3.025229e+01 -2.426628e+01 3.599196e+01
      vertex   -3.024667e+01 -2.426601e+01 3.617501e+01
      vertex   -3.016441e+01 -2.426545e+01 3.653110e+01
    endloop
  endfacet
  facet normal -4.458809e-04 9.999988e-01 -1.458537e-03
    outer loop
      vertex   -3.016441e+01 -2.426545e+01 3.653110e+01
      vertex   -3.024667e+01 -2.426601e+01 3.617501e+01
      vertex   -3.021721e+01 -2.426573e+01 3.635575e+01
    endloop
  endfacet
  facet normal -4.458809e-04 9.999988e-01 -1.458537e-03
    outer loop
      vertex   -2.881466e+01 -2.425915e+01 4.043803e+01
      vertex   -2.728372e+01 -2.425348e+01 4.385460e+01
      vertex   -2.881058e+01 -2.425937e+01 4.028442e+01
    endloop
  endfacet
  facet normal -4.458809e-04 9.999988e-01 -1.458537e-03
    outer loop
      vertex   -2.881058e+01 -2.425937e+01 4.028442e+01
      vertex   -2.728372e+01 -2.425348e+01 4.385460e+01
      vertex   -2.710383e+01 -2.425365e+01 4.368686e+01
    endloop
  endfacet
  facet normal -4.458809e-04 9.999988e-01 -1.458537e-03
    outer loop
      vertex   -2.881058e+01 -2.425937e+01 4.028442e+01
      vertex   -2.710383e+01 -2.425365e+01 4.368686e+01
      vertex   -2.751196e+01 -2.426078e+01 3.892100e+01
    endloop
  endfacet
  facet normal -4.458809e-04 9.999988e-01 -1.458537e-03
    outer loop
      vertex   -2.751196e+01 -2.426078e+01 3.892100e+01
      vertex   -2.710383e+01 -2.425365e+01 4.368686e+01
      vertex   -2.690739e+01 -2.425378e+01 4.353885e+01
    endloop
  endfacet
  facet normal -4.458809e-04 9.999988e-01 -1.458537e-03
    outer loop
      vertex   -2.751196e+01 -2.426078e+01 3.892100e+01
      vertex   -2.690739e+01 -2.425378e+01 4.353885e+01
      vertex   -2.669656e+01 -2.425387e+01 4.341218e+01
    endloop
  endfacet
  facet normal -4.458809e-04 9.999988e-01 -1.458537e-03
    outer loop
      vertex   -2.728372e+01 -2.425348e+01 4.385460e+01
      vertex   -2.881466e+01 -2.425915e+01 4.043803e+01
      vertex   -2.744509e+01 -2.425329e+01 4.404022e+01
    endloop
  endfacet
  facet normal -4.458809e-04 9.999988e-01 -1.458537e-03
    outer loop
      vertex   -2.744509e+01 -2.425329e+01 4.404022e+01
      vertex   -2.881466e+01 -2.425915e+01 4.043803e+01
      vertex   -2.884223e+01 -2.425894e+01 4.058920e+01
    endloop
  endfacet
  facet normal -4.458809e-04 9.999988e-01 -1.458537e-03
    outer loop
      vertex   -2.744509e+01 -2.425329e+01 4.404022e+01
      vertex   -2.884223e+01 -2.425894e+01 4.058920e+01
      vertex   -2.758618e+01 -2.425306e+01 4.424169e+01
    endloop
  endfacet
  facet normal -4.458809e-04 9.999988e-01 -1.458537e-03
    outer loop
      vertex   -2.758618e+01 -2.425306e+01 4.424169e+01
      vertex   -2.884223e+01 -2.425894e+01 4.058920e+01
      vertex   -2.889263e+01 -2.425875e+01 4.073435e+01
    endloop
  endfacet
  facet normal -4.458809e-04 9.999988e-01 -1.458537e-03
    outer loop
      vertex   -2.758618e+01 -2.425306e+01 4.424169e+01
      vertex   -2.889263e+01 -2.425875e+01 4.073435e+01
      vertex   -2.770543e+01 -2.425279e+01 4.445681e+01
    endloop
  endfacet
  facet normal -4.458809e-04 9.999988e-01 -1.458537e-03
    outer loop
      vertex   -2.770543e+01 -2.425279e+01 4.445681e+01
      vertex   -2.889263e+01 -2.425875e+01 4.073435e+01
      vertex   -2.896468e+01 -2.425859e+01 4.087008e+01
    endloop
  endfacet
  facet normal -4.458809e-04 9.999988e-01 -1.458537e-03
    outer loop
      vertex   -2.770543e+01 -2.425279e+01 4.445681e+01
      vertex   -2.896468e+01 -2.425859e+01 4.087008e+01
      vertex   -2.905667e+01 -2.425845e+01 4.099316e+01
    endloop
  endfacet
  facet normal -4.458809e-04 9.999988e-01 -1.458537e-03
    outer loop
      vertex   -2.770543e+01 -2.425279e+01 4.445681e+01
      vertex   -2.905667e+01 -2.425845e+01 4.099316e+01
      vertex   -2.780154e+01 -2.425251e+01 4.468321e+01
    endloop
  endfacet
  facet normal -4.458809e-04 9.999988e-01 -1.458537e-03
    outer loop
      vertex   -2.780154e+01 -2.425251e+01 4.468321e+01
      vertex   -2.905667e+01 -2.425845e+01 4.099316e+01
      vertex   -2.916644e+01 -2.425834e+01 4.110069e+01
    endloop
  endfacet
  facet normal -4.458809e-04 9.999988e-01 -1.458537e-03
    outer loop
      vertex   -2.780154e+01 -2.425251e+01 4.468321e+01
      vertex   -2.916644e+01 -2.425834e+01 4.110069e+01
      vertex   -2.787347e+01 -2.425220e+01 4.491842e+01
    endloop
  endfacet
  facet normal -4.458809e-04 9.999988e-01 -1.458537e-03
    outer loop
      vertex   -2.787347e+01 -2.425220e+01 4.491842e+01
      vertex   -2.916644e+01 -2.425834e+01 4.110069e+01
      vertex   -2.929138e+01 -2.425827e+01 4.119014e+01
    endloop
  endfacet
  facet normal -4.458809e-04 9.999988e-01 -1.458537e-03
    outer loop
      vertex   -2.787347e+01 -2.425220e+01 4.491842e+01
      vertex   -2.929138e+01 -2.425827e+01 4.119014e+01
      vertex   -2.792041e+01 -2.425186e+01 4.515985e+01
    endloop
  endfacet
  facet normal -4.458809e-04 9.999988e-01 -1.458537e-03
    outer loop
      vertex   -2.792041e+01 -2.425186e+01 4.515985e+01
      vertex   -2.929138e+01 -2.425827e+01 4.119014e+01
      vertex   -2.942855e+01 -2.425823e+01 4.125939e+01
    endloop
  endfacet
  facet normal -4.458809e-04 9.999988e-01 -1.458537e-03
    outer loop
      vertex   -2.792041e+01 -2.425186e+01 4.515985e+01
      vertex   -2.942855e+01 -2.425823e+01 4.125939e+01
      vertex   -2.794186e+01 -2.425152e+01 4.540487e+01
    endloop
  endfacet
  facet normal -4.458809e-04 9.999988e-01 -1.458537e-03
    outer loop
      vertex   -2.794186e+01 -2.425152e+01 4.540487e+01
      vertex   -2.942855e+01 -2.425823e+01 4.125939e+01
      vertex   -2.957471e+01 -2.425822e+01 4.130681e+01
    endloop
  endfacet
  facet normal -4.458809e-04 9.999988e-01 -1.458537e-03
    outer loop
      vertex   -2.794186e+01 -2.425152e+01 4.540487e+01
      vertex   -2.957471e+01 -2.425822e+01 4.130681e+01
      vertex   -2.972641e+01 -2.425825e+01 4.133128e+01
    endloop
  endfacet
  facet normal -4.458809e-04 9.999988e-01 -1.458537e-03
    outer loop
      vertex   -2.794186e+01 -2.425152e+01 4.540487e+01
      vertex   -2.972641e+01 -2.425825e+01 4.133128e+01
      vertex   -2.793758e+01 -2.425116e+01 4.565080e+01
    endloop
  endfacet
  facet normal -4.458809e-04 9.999988e-01 -1.458537e-03
    outer loop
      vertex   -2.793758e+01 -2.425116e+01 4.565080e+01
      vertex   -2.972641e+01 -2.425825e+01 4.133128e+01
      vertex   -2.988006e+01 -2.425832e+01 4.133221e+01
    endloop
  endfacet
  facet normal -4.458809e-04 9.999988e-01 -1.458537e-03
    outer loop
      vertex   -2.793758e+01 -2.425116e+01 4.565080e+01
      vertex   -2.988006e+01 -2.425832e+01 4.133221e+01
      vertex   -3.003205e+01 -2.425842e+01 4.130960e+01
    endloop
  endfacet
  facet normal -4.458812e-04 9.999988e-01 -1.458537e-03
    outer loop
      vertex   -2.534738e+01 -2.424099e+01 5.183166e+01
      vertex   -2.777223e+01 -2.425004e+01 4.636714e+01
      vertex   -3.003205e+01 -2.425842e+01 4.130960e+01
    endloop
  endfacet
  facet normal -4.458809e-04 9.999988e-01 -1.458537e-03
    outer loop
      vertex   -3.003205e+01 -2.425842e+01 4.130960e+01
      vertex   -2.777223e+01 -2.425004e+01 4.636714e+01
      vertex   -2.785229e+01 -2.425041e+01 4.613458e+01
    endloop
  endfacet
  facet normal -4.458809e-04 9.999988e-01 -1.458537e-03
    outer loop
      vertex   -3.003205e+01 -2.425842e+01 4.130960e+01
      vertex   -2.785229e+01 -2.425041e+01 4.613458e+01
      vertex   -2.790761e+01 -2.425079e+01 4.589492e+01
    endloop
  endfacet
  facet normal -4.458809e-04 9.999988e-01 -1.458537e-03
    outer loop
      vertex   -2.267448e+01 -2.423638e+01 5.417432e+01
      vertex   -2.494589e+01 -2.424677e+01 4.774580e+01
      vertex   -2.534738e+01 -2.424099e+01 5.183166e+01
    endloop
  endfacet
  facet normal -4.458809e-04 9.999988e-01 -1.458537e-03
    outer loop
      vertex   -2.534738e+01 -2.424099e+01 5.183166e+01
      vertex   -2.494589e+01 -2.424677e+01 4.774580e+01
      vertex   -2.518555e+01 -2.424679e+01 4.780112e+01
    endloop
  endfacet
  facet normal -4.458809e-04 9.999988e-01 -1.458537e-03
    outer loop
      vertex   -2.534738e+01 -2.424099e+01 5.183166e+01
      vertex   -2.518555e+01 -2.424679e+01 4.780112e+01
      vertex   -2.542968e+01 -2.424686e+01 4.783108e+01
    endloop
  endfacet
  facet normal -4.458809e-04 9.999988e-01 -1.458537e-03
    outer loop
      vertex   -2.221896e+01 -2.423640e+01 5.402161e+01
      vertex   -2.408314e+01 -2.424705e+01 4.728711e+01
      vertex   -2.267448e+01 -2.423638e+01 5.417432e+01
    endloop
  endfacet
  facet normal -4.458809e-04 9.999988e-01 -1.458537e-03
    outer loop
      vertex   -2.267448e+01 -2.423638e+01 5.417432e+01
      vertex   -2.408314e+01 -2.424705e+01 4.728711e+01
      vertex   -2.427958e+01 -2.424692e+01 4.743513e+01
    endloop
  endfacet
  facet normal -4.458809e-04 9.999988e-01 -1.458537e-03
    outer loop
      vertex   -2.267448e+01 -2.423638e+01 5.417432e+01
      vertex   -2.427958e+01 -2.424692e+01 4.743513e+01
      vertex   -2.449041e+01 -2.424683e+01 4.756180e+01
    endloop
  endfacet
  facet normal -4.458809e-04 9.999988e-01 -1.458537e-03
    outer loop
      vertex   -2.790761e+01 -2.425079e+01 4.589492e+01
      vertex   -2.793758e+01 -2.425116e+01 4.565080e+01
      vertex   -3.003205e+01 -2.425842e+01 4.130960e+01
    endloop
  endfacet
  facet normal -4.458809e-04 9.999988e-01 -1.458537e-03
    outer loop
      vertex   -2.669656e+01 -2.425387e+01 4.341218e+01
      vertex   -2.647364e+01 -2.425392e+01 4.330825e+01
      vertex   -2.751196e+01 -2.426078e+01 3.892100e+01
    endloop
  endfacet
  facet normal -4.458809e-04 9.999988e-01 -1.458537e-03
    outer loop
      vertex   -2.751196e+01 -2.426078e+01 3.892100e+01
      vertex   -2.647364e+01 -2.425392e+01 4.330825e+01
      vertex   -2.624107e+01 -2.425393e+01 4.322818e+01
    endloop
  endfacet
  facet normal -4.458809e-04 9.999988e-01 -1.458537e-03
    outer loop
      vertex   -2.751196e+01 -2.426078e+01 3.892100e+01
      vertex   -2.624107e+01 -2.425393e+01 4.322818e+01
      vertex   -2.600142e+01 -2.425391e+01 4.317286e+01
    endloop
  endfacet
  facet normal -4.458809e-04 9.999988e-01 -1.458537e-03
    outer loop
      vertex   -2.600142e+01 -2.425391e+01 4.317286e+01
      vertex   -2.575729e+01 -2.425384e+01 4.314290e+01
      vertex   -2.751196e+01 -2.426078e+01 3.892100e+01
    endloop
  endfacet
  facet normal -4.458809e-04 9.999988e-01 -1.458537e-03
    outer loop
      vertex   -2.751196e+01 -2.426078e+01 3.892100e+01
      vertex   -2.575729e+01 -2.425384e+01 4.314290e+01
      vertex   -2.551137e+01 -2.425374e+01 4.313862e+01
    endloop
  endfacet
  facet normal -4.458809e-04 9.999988e-01 -1.458537e-03
    outer loop
      vertex   -2.502491e+01 -2.425342e+01 4.320701e+01
      vertex   -2.478970e+01 -2.425321e+01 4.327893e+01
      vertex   -2.523954e+01 -2.426114e+01 3.797933e+01
    endloop
  endfacet
  facet normal -4.458809e-04 9.999988e-01 -1.458537e-03
    outer loop
      vertex   -2.390325e+01 -2.424722e+01 4.711938e+01
      vertex   -2.408314e+01 -2.424705e+01 4.728711e+01
      vertex   -2.221896e+01 -2.423640e+01 5.402161e+01
    endloop
  endfacet
  facet normal -4.458809e-04 9.999988e-01 -1.458537e-03
    outer loop
      vertex   -2.449041e+01 -2.424683e+01 4.756180e+01
      vertex   -2.471333e+01 -2.424678e+01 4.766573e+01
      vertex   -2.267448e+01 -2.423638e+01 5.417432e+01
    endloop
  endfacet
  facet normal -4.458809e-04 9.999988e-01 -1.458537e-03
    outer loop
      vertex   -2.267448e+01 -2.423638e+01 5.417432e+01
      vertex   -2.471333e+01 -2.424678e+01 4.766573e+01
      vertex   -2.494589e+01 -2.424677e+01 4.774580e+01
    endloop
  endfacet
  facet normal -4.458809e-04 9.999988e-01 -1.458537e-03
    outer loop
      vertex   -2.542968e+01 -2.424686e+01 4.783108e+01
      vertex   -2.567560e+01 -2.424696e+01 4.783536e+01
      vertex   -2.534738e+01 -2.424099e+01 5.183166e+01
    endloop
  endfacet
  facet normal -4.458809e-04 9.999988e-01 -1.458537e-03
    outer loop
      vertex   -2.534738e+01 -2.424099e+01 5.183166e+01
      vertex   -2.567560e+01 -2.424696e+01 4.783536e+01
      vertex   -2.592062e+01 -2.424710e+01 4.781391e+01
    endloop
  endfacet
  facet normal -4.458809e-04 9.999988e-01 -1.458537e-03
    outer loop
      vertex   -2.534738e+01 -2.424099e+01 5.183166e+01
      vertex   -2.592062e+01 -2.424710e+01 4.781391e+01
      vertex   -2.616206e+01 -2.424728e+01 4.776697e+01
    endloop
  endfacet
  facet normal -4.458809e-04 9.999988e-01 -1.458537e-03
    outer loop
      vertex   -2.616206e+01 -2.424728e+01 4.776697e+01
      vertex   -2.639727e+01 -2.424749e+01 4.769505e+01
      vertex   -2.534738e+01 -2.424099e+01 5.183166e+01
    endloop
  endfacet
  facet normal -4.458809e-04 9.999988e-01 -1.458537e-03
    outer loop
      vertex   -2.534738e+01 -2.424099e+01 5.183166e+01
      vertex   -2.639727e+01 -2.424749e+01 4.769505e+01
      vertex   -2.662367e+01 -2.424773e+01 4.759893e+01
    endloop
  endfacet
  facet normal -4.458809e-04 9.999988e-01 -1.458537e-03
    outer loop
      vertex   -2.534738e+01 -2.424099e+01 5.183166e+01
      vertex   -2.662367e+01 -2.424773e+01 4.759893e+01
      vertex   -2.683879e+01 -2.424800e+01 4.747968e+01
    endloop
  endfacet
  facet normal -4.458809e-04 9.999988e-01 -1.458537e-03
    outer loop
      vertex   -2.683879e+01 -2.424800e+01 4.747968e+01
      vertex   -2.704026e+01 -2.424829e+01 4.733860e+01
      vertex   -2.534738e+01 -2.424099e+01 5.183166e+01
    endloop
  endfacet
  facet normal -4.458809e-04 9.999988e-01 -1.458537e-03
    outer loop
      vertex   -2.534738e+01 -2.424099e+01 5.183166e+01
      vertex   -2.704026e+01 -2.424829e+01 4.733860e+01
      vertex   -2.722588e+01 -2.424861e+01 4.717722e+01
    endloop
  endfacet
  facet normal -4.458809e-04 9.999988e-01 -1.458537e-03
    outer loop
      vertex   -2.534738e+01 -2.424099e+01 5.183166e+01
      vertex   -2.722588e+01 -2.424861e+01 4.717722e+01
      vertex   -2.739361e+01 -2.424895e+01 4.699733e+01
    endloop
  endfacet
  facet normal -4.458809e-04 9.999988e-01 -1.458537e-03
    outer loop
      vertex   -2.739361e+01 -2.424895e+01 4.699733e+01
      vertex   -2.754162e+01 -2.424930e+01 4.680089e+01
      vertex   -2.534738e+01 -2.424099e+01 5.183166e+01
    endloop
  endfacet
  facet normal -4.458809e-04 9.999988e-01 -1.458537e-03
    outer loop
      vertex   -2.534738e+01 -2.424099e+01 5.183166e+01
      vertex   -2.754162e+01 -2.424930e+01 4.680089e+01
      vertex   -2.766829e+01 -2.424967e+01 4.659006e+01
    endloop
  endfacet
  facet normal -4.458809e-04 9.999988e-01 -1.458537e-03
    outer loop
      vertex   -2.534738e+01 -2.424099e+01 5.183166e+01
      vertex   -2.766829e+01 -2.424967e+01 4.659006e+01
      vertex   -2.777223e+01 -2.425004e+01 4.636714e+01
    endloop
  endfacet
  facet normal 6.821406e-01 7.071403e-01 -1.861096e-01
    outer loop
      vertex   -2.132484e+01 -2.424050e+01 5.093429e+01
      vertex   -2.111064e+01 -2.464148e+01 5.019584e+01
      vertex   -2.210058e+01 -2.424502e+01 4.807385e+01
    endloop
  endfacet
  facet normal 6.821406e-01 7.071403e-01 -1.861096e-01
    outer loop
      vertex   -2.210058e+01 -2.424502e+01 4.807385e+01
      vertex   -2.111064e+01 -2.464148e+01 5.019584e+01
      vertex   -2.171434e+01 -2.464500e+01 4.796974e+01
    endloop
  endfacet
  facet normal -4.663859e-01 7.076738e-01 5.307373e-01
    outer loop
      vertex   -2.267448e+01 -2.423638e+01 5.417432e+01
      vertex   -2.534738e+01 -2.424099e+01 5.183166e+01
      vertex   -2.276509e+01 -2.463576e+01 5.462722e+01
    endloop
  endfacet
  facet normal -4.663859e-01 7.076738e-01 5.307373e-01
    outer loop
      vertex   -2.276509e+01 -2.463576e+01 5.462722e+01
      vertex   -2.534738e+01 -2.424099e+01 5.183166e+01
      vertex   -2.567689e+01 -2.464078e+01 5.207517e+01
    endloop
  endfacet
  facet normal 2.244524e-01 7.081840e-01 6.694001e-01
    outer loop
      vertex   -2.221896e+01 -2.423640e+01 5.402161e+01
      vertex   -2.267448e+01 -2.423638e+01 5.417432e+01
      vertex   -2.235410e+01 -2.463578e+01 5.448944e+01
    endloop
  endfacet
  facet normal 2.244524e-01 7.081840e-01 6.694001e-01
    outer loop
      vertex   -2.235410e+01 -2.463578e+01 5.448944e+01
      vertex   -2.267448e+01 -2.423638e+01 5.417432e+01
      vertex   -2.276509e+01 -2.463576e+01 5.462722e+01
    endloop
  endfacet
  facet normal 6.827712e-01 -7.070716e-01 -1.840469e-01
    outer loop
      vertex   -2.132128e+01 -3.224049e+01 5.094595e+01
      vertex   -2.209701e+01 -3.224501e+01 4.808552e+01
      vertex   -2.110743e+01 -3.184148e+01 5.020635e+01
    endloop
  endfacet
  facet normal 6.827712e-01 -7.070716e-01 -1.840469e-01
    outer loop
      vertex   -2.110743e+01 -3.184148e+01 5.020635e+01
      vertex   -2.209701e+01 -3.224501e+01 4.808552e+01
      vertex   -2.171113e+01 -3.184499e+01 4.798024e+01
    endloop
  endfacet
  facet normal 9.605293e-01 8.340150e-04 2.781777e-01
    outer loop
      vertex   -2.132128e+01 -3.224049e+01 5.094595e+01
      vertex   -2.132484e+01 -2.424050e+01 5.093429e+01
      vertex   -2.221539e+01 -3.223639e+01 5.403327e+01
    endloop
  endfacet
  facet normal 9.605293e-01 8.340150e-04 2.781777e-01
    outer loop
      vertex   -2.221539e+01 -3.223639e+01 5.403327e+01
      vertex   -2.132484e+01 -2.424050e+01 5.093429e+01
      vertex   -2.221896e+01 -2.423640e+01 5.402161e+01
    endloop
  endfacet
  facet normal 9.605293e-01 8.340150e-04 2.781777e-01
    outer loop
      vertex   -2.221539e+01 -3.223639e+01 5.403327e+01
      vertex   -2.221896e+01 -2.423640e+01 5.402161e+01
      vertex   -2.235089e+01 -3.183577e+01 5.449994e+01
    endloop
  endfacet
  facet normal 9.605293e-01 8.340150e-04 2.781777e-01
    outer loop
      vertex   -2.235089e+01 -3.183577e+01 5.449994e+01
      vertex   -2.221896e+01 -2.423640e+01 5.402161e+01
      vertex   -2.235410e+01 -2.463578e+01 5.448944e+01
    endloop
  endfacet
  facet normal 9.605293e-01 8.340150e-04 2.781777e-01
    outer loop
      vertex   -2.110743e+01 -3.184148e+01 5.020635e+01
      vertex   -2.111064e+01 -2.464148e+01 5.019584e+01
      vertex   -2.132128e+01 -3.224049e+01 5.094595e+01
    endloop
  endfacet
  facet normal 9.605293e-01 8.340150e-04 2.781777e-01
    outer loop
      vertex   -2.132128e+01 -3.224049e+01 5.094595e+01
      vertex   -2.111064e+01 -2.464148e+01 5.019584e+01
      vertex   -2.132484e+01 -2.424050e+01 5.093429e+01
    endloop
  endfacet
  facet normal 2.250830e-01 -7.060279e-01 6.714628e-01
    outer loop
      vertex   -2.221539e+01 -3.223639e+01 5.403327e+01
      vertex   -2.235089e+01 -3.183577e+01 5.449994e+01
      vertex   -2.267091e+01 -3.223637e+01 5.418599e+01
    endloop
  endfacet
  facet normal 2.250830e-01 -7.060279e-01 6.714628e-01
    outer loop
      vertex   -2.267091e+01 -3.223637e+01 5.418599e+01
      vertex   -2.235089e+01 -3.183577e+01 5.449994e+01
      vertex   -2.276188e+01 -3.183575e+01 5.463772e+01
    endloop
  endfacet
  facet normal -4.657553e-01 -7.065382e-01 5.328000e-01
    outer loop
      vertex   -2.534381e+01 -3.224098e+01 5.184333e+01
      vertex   -2.267091e+01 -3.223637e+01 5.418599e+01
      vertex   -2.567368e+01 -3.184077e+01 5.208567e+01
    endloop
  endfacet
  facet normal -4.657553e-01 -7.065382e-01 5.328000e-01
    outer loop
      vertex   -2.567368e+01 -3.184077e+01 5.208567e+01
      vertex   -2.267091e+01 -3.223637e+01 5.418599e+01
      vertex   -2.276188e+01 -3.183575e+01 5.463772e+01
    endloop
  endfacet
  facet normal 4.458809e-04 -9.999988e-01 1.458537e-03
    outer loop
      vertex   -3.700955e+01 -3.229467e+01 1.859644e+01
      vertex   -4.014179e+01 -3.229605e+01 1.860619e+01
      vertex   -4.048925e+01 -3.231658e+01 4.639913e+00
    endloop
  endfacet
  facet normal 4.458809e-04 -9.999988e-01 1.458537e-03
    outer loop
      vertex   -4.048925e+01 -3.231658e+01 4.639913e+00
      vertex   -4.014179e+01 -3.229605e+01 1.860619e+01
      vertex   -4.219967e+01 -3.232391e+01 1.335102e-01
    endloop
  endfacet
  facet normal 4.458809e-04 -9.999988e-01 1.458537e-03
    outer loop
      vertex   -4.048925e+01 -3.231658e+01 4.639913e+00
      vertex   -4.219967e+01 -3.232391e+01 1.335102e-01
      vertex   -4.189065e+01 -3.232288e+01 7.506220e-01
    endloop
  endfacet
  facet normal 4.458809e-04 -9.999988e-01 1.458537e-03
    outer loop
      vertex   -2.920253e+01 -3.228514e+01 2.274754e+01
      vertex   -3.135127e+01 -3.228151e+01 2.588982e+01
      vertex   -3.700955e+01 -3.229467e+01 1.859644e+01
    endloop
  endfacet
  facet normal 4.458809e-04 -9.999988e-01 1.458537e-03
    outer loop
      vertex   -3.700955e+01 -3.229467e+01 1.859644e+01
      vertex   -3.135127e+01 -3.228151e+01 2.588982e+01
      vertex   -3.156161e+01 -3.228160e+01 2.589255e+01
    endloop
  endfacet
  facet normal 4.458809e-04 -9.999988e-01 1.458537e-03
    outer loop
      vertex   -3.700955e+01 -3.229467e+01 1.859644e+01
      vertex   -3.156161e+01 -3.228160e+01 2.589255e+01
      vertex   -3.177035e+01 -3.228166e+01 2.591854e+01
    endloop
  endfacet
  facet normal 4.458809e-04 -9.999988e-01 1.458537e-03
    outer loop
      vertex   -2.884805e+01 -3.228433e+01 2.319181e+01
      vertex   -2.914273e+01 -3.227500e+01 2.968035e+01
      vertex   -2.920253e+01 -3.228514e+01 2.274754e+01
    endloop
  endfacet
  facet normal 4.458809e-04 -9.999988e-01 1.458537e-03
    outer loop
      vertex   -2.920253e+01 -3.228514e+01 2.274754e+01
      vertex   -2.914273e+01 -3.227500e+01 2.968035e+01
      vertex   -2.996136e+01 -3.227927e+01 2.700270e+01
    endloop
  endfacet
  facet normal 4.458809e-04 -9.999988e-01 1.458537e-03
    outer loop
      vertex   -2.920253e+01 -3.228514e+01 2.274754e+01
      vertex   -2.996136e+01 -3.227927e+01 2.700270e+01
      vertex   -3.002647e+01 -3.227955e+01 2.682722e+01
    endloop
  endfacet
  facet normal 4.458809e-04 -9.999988e-01 1.458537e-03
    outer loop
      vertex   -2.914273e+01 -3.227500e+01 2.968035e+01
      vertex   -2.884805e+01 -3.228433e+01 2.319181e+01
      vertex   -2.909623e+01 -3.227469e+01 2.987551e+01
    endloop
  endfacet
  facet normal 4.458809e-04 -9.999988e-01 1.458537e-03
    outer loop
      vertex   -2.909623e+01 -3.227469e+01 2.987551e+01
      vertex   -2.884805e+01 -3.228433e+01 2.319181e+01
      vertex   -2.382386e+01 -3.225507e+01 4.171796e+01
    endloop
  endfacet
  facet normal 4.458809e-04 -9.999988e-01 1.458537e-03
    outer loop
      vertex   -2.909623e+01 -3.227469e+01 2.987551e+01
      vertex   -2.382386e+01 -3.225507e+01 4.171796e+01
      vertex   -2.907457e+01 -3.227439e+01 3.007497e+01
    endloop
  endfacet
  facet normal 4.458809e-04 -9.999988e-01 1.458537e-03
    outer loop
      vertex   -2.907457e+01 -3.227439e+01 3.007497e+01
      vertex   -2.382386e+01 -3.225507e+01 4.171796e+01
      vertex   -2.476562e+01 -3.225276e+01 4.358791e+01
    endloop
  endfacet
  facet normal 4.458809e-04 -9.999988e-01 1.458537e-03
    outer loop
      vertex   -2.907457e+01 -3.227439e+01 3.007497e+01
      vertex   -2.476562e+01 -3.225276e+01 4.358791e+01
      vertex   -2.498251e+01 -3.225297e+01 4.351170e+01
    endloop
  endfacet
  facet normal 4.458809e-04 -9.999988e-01 1.458537e-03
    outer loop
      vertex   -2.376202e+01 -3.225477e+01 4.190643e+01
      vertex   -2.387913e+01 -3.225133e+01 4.429673e+01
      vertex   -2.382386e+01 -3.225507e+01 4.171796e+01
    endloop
  endfacet
  facet normal 4.458809e-04 -9.999988e-01 1.458537e-03
    outer loop
      vertex   -2.382386e+01 -3.225507e+01 4.171796e+01
      vertex   -2.387913e+01 -3.225133e+01 4.429673e+01
      vertex   -2.402223e+01 -3.225166e+01 4.411681e+01
    endloop
  endfacet
  facet normal 4.458809e-04 -9.999988e-01 1.458537e-03
    outer loop
      vertex   -2.382386e+01 -3.225507e+01 4.171796e+01
      vertex   -2.402223e+01 -3.225166e+01 4.411681e+01
      vertex   -2.418458e+01 -3.225197e+01 4.395405e+01
    endloop
  endfacet
  facet normal 4.458809e-04 -9.999988e-01 1.458537e-03
    outer loop
      vertex   -2.368087e+01 -3.225447e+01 4.208743e+01
      vertex   -2.365760e+01 -3.225065e+01 4.469879e+01
      vertex   -2.376202e+01 -3.225477e+01 4.190643e+01
    endloop
  endfacet
  facet normal 4.458809e-04 -9.999988e-01 1.458537e-03
    outer loop
      vertex   -2.376202e+01 -3.225477e+01 4.190643e+01
      vertex   -2.365760e+01 -3.225065e+01 4.469879e+01
      vertex   -2.375708e+01 -3.225099e+01 4.449154e+01
    endloop
  endfacet
  facet normal 4.458809e-04 -9.999988e-01 1.458537e-03
    outer loop
      vertex   -2.376202e+01 -3.225477e+01 4.190643e+01
      vertex   -2.375708e+01 -3.225099e+01 4.449154e+01
      vertex   -2.387913e+01 -3.225133e+01 4.429673e+01
    endloop
  endfacet
  facet normal 4.458809e-04 -9.999988e-01 1.458537e-03
    outer loop
      vertex   -2.368087e+01 -3.225447e+01 4.208743e+01
      vertex   -2.358129e+01 -3.225417e+01 4.225897e+01
      vertex   -2.365760e+01 -3.225065e+01 4.469879e+01
    endloop
  endfacet
  facet normal 4.458809e-04 -9.999988e-01 1.458537e-03
    outer loop
      vertex   -2.365760e+01 -3.225065e+01 4.469879e+01
      vertex   -2.358129e+01 -3.225417e+01 4.225897e+01
      vertex   -2.358195e+01 -3.225030e+01 4.491588e+01
    endloop
  endfacet
  facet normal 4.458809e-04 -9.999988e-01 1.458537e-03
    outer loop
      vertex   -2.358195e+01 -3.225030e+01 4.491588e+01
      vertex   -2.358129e+01 -3.225417e+01 4.225897e+01
      vertex   -2.346437e+01 -3.225388e+01 4.241921e+01
    endloop
  endfacet
  facet normal 4.458809e-04 -9.999988e-01 1.458537e-03
    outer loop
      vertex   -2.358195e+01 -3.225030e+01 4.491588e+01
      vertex   -2.346437e+01 -3.225388e+01 4.241921e+01
      vertex   -2.333138e+01 -3.225361e+01 4.256637e+01
    endloop
  endfacet
  facet normal 4.458809e-04 -9.999988e-01 1.458537e-03
    outer loop
      vertex   -2.318377e+01 -3.225335e+01 4.269888e+01
      vertex   -2.214106e+01 -3.224618e+01 4.729873e+01
      vertex   -2.333138e+01 -3.225361e+01 4.256637e+01
    endloop
  endfacet
  facet normal 4.458809e-04 -9.999988e-01 1.458537e-03
    outer loop
      vertex   -2.333138e+01 -3.225361e+01 4.256637e+01
      vertex   -2.214106e+01 -3.224618e+01 4.729873e+01
      vertex   -2.353109e+01 -3.224995e+01 4.514007e+01
    endloop
  endfacet
  facet normal 4.458809e-04 -9.999988e-01 1.458537e-03
    outer loop
      vertex   -2.333138e+01 -3.225361e+01 4.256637e+01
      vertex   -2.353109e+01 -3.224995e+01 4.514007e+01
      vertex   -2.358195e+01 -3.225030e+01 4.491588e+01
    endloop
  endfacet
  facet normal 4.458809e-04 -9.999988e-01 1.458537e-03
    outer loop
      vertex   -2.214106e+01 -3.224618e+01 4.729873e+01
      vertex   -2.318377e+01 -3.225335e+01 4.269888e+01
      vertex   -2.210065e+01 -3.224644e+01 4.710454e+01
    endloop
  endfacet
  facet normal 4.458809e-04 -9.999988e-01 1.458537e-03
    outer loop
      vertex   -2.210065e+01 -3.224644e+01 4.710454e+01
      vertex   -2.318377e+01 -3.225335e+01 4.269888e+01
      vertex   -2.295006e+01 -3.225295e+01 4.290430e+01
    endloop
  endfacet
  facet normal 4.458809e-04 -9.999988e-01 1.458537e-03
    outer loop
      vertex   -2.210065e+01 -3.224644e+01 4.710454e+01
      vertex   -2.295006e+01 -3.225295e+01 4.290430e+01
      vertex   -2.204021e+01 -3.224669e+01 4.691562e+01
    endloop
  endfacet
  facet normal 4.458809e-04 -9.999988e-01 1.458537e-03
    outer loop
      vertex   -2.204021e+01 -3.224669e+01 4.691562e+01
      vertex   -2.295006e+01 -3.225295e+01 4.290430e+01
      vertex   -2.273432e+01 -3.225252e+01 4.312851e+01
    endloop
  endfacet
  facet normal 4.458809e-04 -9.999988e-01 1.458537e-03
    outer loop
      vertex   -2.204021e+01 -3.224669e+01 4.691562e+01
      vertex   -2.273432e+01 -3.225252e+01 4.312851e+01
      vertex   -2.194231e+01 -3.224708e+01 4.662026e+01
    endloop
  endfacet
  facet normal 4.458809e-04 -9.999988e-01 1.458537e-03
    outer loop
      vertex   -2.194231e+01 -3.224708e+01 4.662026e+01
      vertex   -2.273432e+01 -3.225252e+01 4.312851e+01
      vertex   -2.253803e+01 -3.225208e+01 4.336995e+01
    endloop
  endfacet
  facet normal 4.458809e-04 -9.999988e-01 1.458537e-03
    outer loop
      vertex   -2.194231e+01 -3.224708e+01 4.662026e+01
      vertex   -2.253803e+01 -3.225208e+01 4.336995e+01
      vertex   -2.186941e+01 -3.224749e+01 4.631777e+01
    endloop
  endfacet
  facet normal 4.458809e-04 -9.999988e-01 1.458537e-03
    outer loop
      vertex   -2.186941e+01 -3.224749e+01 4.631777e+01
      vertex   -2.253803e+01 -3.225208e+01 4.336995e+01
      vertex   -2.236259e+01 -3.225163e+01 4.362692e+01
    endloop
  endfacet
  facet normal 4.458809e-04 -9.999988e-01 1.458537e-03
    outer loop
      vertex   -2.186941e+01 -3.224749e+01 4.631777e+01
      vertex   -2.236259e+01 -3.225163e+01 4.362692e+01
      vertex   -2.182200e+01 -3.224791e+01 4.601025e+01
    endloop
  endfacet
  facet normal 4.458809e-04 -9.999988e-01 1.458537e-03
    outer loop
      vertex   -2.182200e+01 -3.224791e+01 4.601025e+01
      vertex   -2.236259e+01 -3.225163e+01 4.362692e+01
      vertex   -2.220920e+01 -3.225117e+01 4.389764e+01
    endloop
  endfacet
  facet normal 4.458809e-04 -9.999988e-01 1.458537e-03
    outer loop
      vertex   -2.182200e+01 -3.224791e+01 4.601025e+01
      vertex   -2.220920e+01 -3.225117e+01 4.389764e+01
      vertex   -2.180042e+01 -3.224836e+01 4.569984e+01
    endloop
  endfacet
  facet normal 4.458809e-04 -9.999988e-01 1.458537e-03
    outer loop
      vertex   -2.180042e+01 -3.224836e+01 4.569984e+01
      vertex   -2.220920e+01 -3.225117e+01 4.389764e+01
      vertex   -2.207894e+01 -3.225070e+01 4.418022e+01
    endloop
  endfacet
  facet normal 4.458809e-04 -9.999988e-01 1.458537e-03
    outer loop
      vertex   -2.180042e+01 -3.224836e+01 4.569984e+01
      vertex   -2.207894e+01 -3.225070e+01 4.418022e+01
      vertex   -2.180483e+01 -3.224881e+01 4.538872e+01
    endloop
  endfacet
  facet normal 4.458809e-04 -9.999988e-01 1.458537e-03
    outer loop
      vertex   -2.180483e+01 -3.224881e+01 4.538872e+01
      vertex   -2.207894e+01 -3.225070e+01 4.418022e+01
      vertex   -2.197272e+01 -3.225022e+01 4.447268e+01
    endloop
  endfacet
  facet normal 4.458809e-04 -9.999988e-01 1.458537e-03
    outer loop
      vertex   -2.180483e+01 -3.224881e+01 4.538872e+01
      vertex   -2.197272e+01 -3.225022e+01 4.447268e+01
      vertex   -2.183518e+01 -3.224928e+01 4.507905e+01
    endloop
  endfacet
  facet normal 4.458809e-04 -9.999988e-01 1.458537e-03
    outer loop
      vertex   -2.183518e+01 -3.224928e+01 4.507905e+01
      vertex   -2.197272e+01 -3.225022e+01 4.447268e+01
      vertex   -2.189128e+01 -3.224975e+01 4.477299e+01
    endloop
  endfacet
  facet normal 4.458809e-04 -9.999988e-01 1.458537e-03
    outer loop
      vertex   -2.214106e+01 -3.224618e+01 4.729873e+01
      vertex   -2.216101e+01 -3.224590e+01 4.749608e+01
      vertex   -2.353109e+01 -3.224995e+01 4.514007e+01
    endloop
  endfacet
  facet normal 4.458809e-04 -9.999988e-01 1.458537e-03
    outer loop
      vertex   -2.353109e+01 -3.224995e+01 4.514007e+01
      vertex   -2.216101e+01 -3.224590e+01 4.749608e+01
      vertex   -2.216028e+01 -3.224561e+01 4.769444e+01
    endloop
  endfacet
  facet normal 4.458809e-04 -9.999988e-01 1.458537e-03
    outer loop
      vertex   -2.353109e+01 -3.224995e+01 4.514007e+01
      vertex   -2.216028e+01 -3.224561e+01 4.769444e+01
      vertex   -2.350564e+01 -3.224960e+01 4.536854e+01
    endloop
  endfacet
  facet normal 4.458809e-04 -9.999988e-01 1.458537e-03
    outer loop
      vertex   -2.350564e+01 -3.224960e+01 4.536854e+01
      vertex   -2.216028e+01 -3.224561e+01 4.769444e+01
      vertex   -2.213886e+01 -3.224531e+01 4.789163e+01
    endloop
  endfacet
  facet normal 4.458809e-04 -9.999988e-01 1.458537e-03
    outer loop
      vertex   -2.350564e+01 -3.224960e+01 4.536854e+01
      vertex   -2.213886e+01 -3.224531e+01 4.789163e+01
      vertex   -2.350594e+01 -3.224927e+01 4.559843e+01
    endloop
  endfacet
  facet normal 4.458809e-04 -9.999988e-01 1.458537e-03
    outer loop
      vertex   -2.350594e+01 -3.224927e+01 4.559843e+01
      vertex   -2.213886e+01 -3.224531e+01 4.789163e+01
      vertex   -2.353198e+01 -3.224894e+01 4.582684e+01
    endloop
  endfacet
  facet normal 4.458809e-04 -9.999988e-01 1.458537e-03
    outer loop
      vertex   -2.353198e+01 -3.224894e+01 4.582684e+01
      vertex   -2.213886e+01 -3.224531e+01 4.789163e+01
      vertex   -2.209701e+01 -3.224501e+01 4.808552e+01
    endloop
  endfacet
  facet normal 4.458809e-04 -9.999988e-01 1.458537e-03
    outer loop
      vertex   -2.353198e+01 -3.224894e+01 4.582684e+01
      vertex   -2.209701e+01 -3.224501e+01 4.808552e+01
      vertex   -2.358342e+01 -3.224864e+01 4.605090e+01
    endloop
  endfacet
  facet normal 4.458809e-04 -9.999988e-01 1.458537e-03
    outer loop
      vertex   -2.358342e+01 -3.224864e+01 4.605090e+01
      vertex   -2.209701e+01 -3.224501e+01 4.808552e+01
      vertex   -2.365963e+01 -3.224836e+01 4.626779e+01
    endloop
  endfacet
  facet normal 4.458809e-04 -9.999988e-01 1.458537e-03
    outer loop
      vertex   -2.365963e+01 -3.224836e+01 4.626779e+01
      vertex   -2.209701e+01 -3.224501e+01 4.808552e+01
      vertex   -2.221539e+01 -3.223639e+01 5.403327e+01
    endloop
  endfacet
  facet normal 4.458809e-04 -9.999988e-01 1.458537e-03
    outer loop
      vertex   -2.365963e+01 -3.224836e+01 4.626779e+01
      vertex   -2.221539e+01 -3.223639e+01 5.403327e+01
      vertex   -2.375964e+01 -3.224810e+01 4.647478e+01
    endloop
  endfacet
  facet normal 4.458809e-04 -9.999988e-01 1.458537e-03
    outer loop
      vertex   -2.375964e+01 -3.224810e+01 4.647478e+01
      vertex   -2.221539e+01 -3.223639e+01 5.403327e+01
      vertex   -2.388220e+01 -3.224787e+01 4.666928e+01
    endloop
  endfacet
  facet normal 4.458809e-04 -9.999988e-01 1.458537e-03
    outer loop
      vertex   -2.388220e+01 -3.224787e+01 4.666928e+01
      vertex   -2.221539e+01 -3.223639e+01 5.403327e+01
      vertex   -2.402577e+01 -3.224767e+01 4.684883e+01
    endloop
  endfacet
  facet normal 4.458809e-04 -9.999988e-01 1.458537e-03
    outer loop
      vertex   -2.402577e+01 -3.224767e+01 4.684883e+01
      vertex   -2.221539e+01 -3.223639e+01 5.403327e+01
      vertex   -2.267091e+01 -3.223637e+01 5.418599e+01
    endloop
  endfacet
  facet normal 4.458809e-04 -9.999988e-01 1.458537e-03
    outer loop
      vertex   -2.402577e+01 -3.224767e+01 4.684883e+01
      vertex   -2.267091e+01 -3.223637e+01 5.418599e+01
      vertex   -2.418853e+01 -3.224751e+01 4.701117e+01
    endloop
  endfacet
  facet normal 4.458809e-04 -9.999988e-01 1.458537e-03
    outer loop
      vertex   -2.418853e+01 -3.224751e+01 4.701117e+01
      vertex   -2.267091e+01 -3.223637e+01 5.418599e+01
      vertex   -2.436845e+01 -3.224738e+01 4.715427e+01
    endloop
  endfacet
  facet normal 4.458809e-04 -9.999988e-01 1.458537e-03
    outer loop
      vertex   -2.436845e+01 -3.224738e+01 4.715427e+01
      vertex   -2.267091e+01 -3.223637e+01 5.418599e+01
      vertex   -2.456326e+01 -3.224729e+01 4.727633e+01
    endloop
  endfacet
  facet normal 4.458809e-04 -9.999988e-01 1.458537e-03
    outer loop
      vertex   -2.456326e+01 -3.224729e+01 4.727633e+01
      vertex   -2.267091e+01 -3.223637e+01 5.418599e+01
      vertex   -2.477052e+01 -3.224724e+01 4.737581e+01
    endloop
  endfacet
  facet normal 4.458809e-04 -9.999988e-01 1.458537e-03
    outer loop
      vertex   -2.477052e+01 -3.224724e+01 4.737581e+01
      vertex   -2.267091e+01 -3.223637e+01 5.418599e+01
      vertex   -2.498760e+01 -3.224722e+01 4.745145e+01
    endloop
  endfacet
  facet normal 4.458809e-04 -9.999988e-01 1.458537e-03
    outer loop
      vertex   -2.498760e+01 -3.224722e+01 4.745145e+01
      vertex   -2.267091e+01 -3.223637e+01 5.418599e+01
      vertex   -2.521179e+01 -3.224725e+01 4.750232e+01
    endloop
  endfacet
  facet normal 4.458809e-04 -9.999988e-01 1.458537e-03
    outer loop
      vertex   -2.521179e+01 -3.224725e+01 4.750232e+01
      vertex   -2.267091e+01 -3.223637e+01 5.418599e+01
      vertex   -2.534381e+01 -3.224098e+01 5.184333e+01
    endloop
  endfacet
  facet normal 4.458809e-04 -9.999988e-01 1.458537e-03
    outer loop
      vertex   -2.521179e+01 -3.224725e+01 4.750232e+01
      vertex   -2.534381e+01 -3.224098e+01 5.184333e+01
      vertex   -2.544027e+01 -3.224731e+01 4.752776e+01
    endloop
  endfacet
  facet normal 4.458809e-04 -9.999988e-01 1.458537e-03
    outer loop
      vertex   -2.544027e+01 -3.224731e+01 4.752776e+01
      vertex   -2.534381e+01 -3.224098e+01 5.184333e+01
      vertex   -2.567016e+01 -3.224742e+01 4.752747e+01
    endloop
  endfacet
  facet normal 4.458809e-04 -9.999988e-01 1.458537e-03
    outer loop
      vertex   -2.567016e+01 -3.224742e+01 4.752747e+01
      vertex   -2.534381e+01 -3.224098e+01 5.184333e+01
      vertex   -2.589857e+01 -3.224756e+01 4.750143e+01
    endloop
  endfacet
  facet normal 4.458809e-04 -9.999988e-01 1.458537e-03
    outer loop
      vertex   -2.589857e+01 -3.224756e+01 4.750143e+01
      vertex   -2.534381e+01 -3.224098e+01 5.184333e+01
      vertex   -2.612263e+01 -3.224773e+01 4.744999e+01
    endloop
  endfacet
  facet normal 4.458809e-04 -9.999988e-01 1.458537e-03
    outer loop
      vertex   -2.612263e+01 -3.224773e+01 4.744999e+01
      vertex   -2.534381e+01 -3.224098e+01 5.184333e+01
      vertex   -2.633952e+01 -3.224794e+01 4.737378e+01
    endloop
  endfacet
  facet normal 4.458809e-04 -9.999988e-01 1.458537e-03
    outer loop
      vertex   -2.633952e+01 -3.224794e+01 4.737378e+01
      vertex   -2.534381e+01 -3.224098e+01 5.184333e+01
      vertex   -2.654651e+01 -3.224818e+01 4.727377e+01
    endloop
  endfacet
  facet normal 4.458809e-04 -9.999988e-01 1.458537e-03
    outer loop
      vertex   -2.654651e+01 -3.224818e+01 4.727377e+01
      vertex   -2.534381e+01 -3.224098e+01 5.184333e+01
      vertex   -2.674100e+01 -3.224844e+01 4.715121e+01
    endloop
  endfacet
  facet normal 4.458809e-04 -9.999988e-01 1.458537e-03
    outer loop
      vertex   -2.674100e+01 -3.224844e+01 4.715121e+01
      vertex   -2.534381e+01 -3.224098e+01 5.184333e+01
      vertex   -2.692055e+01 -3.224873e+01 4.700764e+01
    endloop
  endfacet
  facet normal 4.458809e-04 -9.999988e-01 1.458537e-03
    outer loop
      vertex   -2.692055e+01 -3.224873e+01 4.700764e+01
      vertex   -2.534381e+01 -3.224098e+01 5.184333e+01
      vertex   -2.708290e+01 -3.224904e+01 4.684488e+01
    endloop
  endfacet
  facet normal 4.458809e-04 -9.999988e-01 1.458537e-03
    outer loop
      vertex   -2.708290e+01 -3.224904e+01 4.684488e+01
      vertex   -2.534381e+01 -3.224098e+01 5.184333e+01
      vertex   -2.722600e+01 -3.224937e+01 4.666496e+01
    endloop
  endfacet
  facet normal 4.458809e-04 -9.999988e-01 1.458537e-03
    outer loop
      vertex   -2.722600e+01 -3.224937e+01 4.666496e+01
      vertex   -2.534381e+01 -3.224098e+01 5.184333e+01
      vertex   -2.734806e+01 -3.224971e+01 4.647015e+01
    endloop
  endfacet
  facet normal 4.458809e-04 -9.999988e-01 1.458537e-03
    outer loop
      vertex   -2.734806e+01 -3.224971e+01 4.647015e+01
      vertex   -2.534381e+01 -3.224098e+01 5.184333e+01
      vertex   -2.744753e+01 -3.225005e+01 4.626289e+01
    endloop
  endfacet
  facet normal 4.458809e-04 -9.999988e-01 1.458537e-03
    outer loop
      vertex   -2.744753e+01 -3.225005e+01 4.626289e+01
      vertex   -2.534381e+01 -3.224098e+01 5.184333e+01
      vertex   -4.014179e+01 -3.229605e+01 1.860619e+01
    endloop
  endfacet
  facet normal 4.458809e-04 -9.999988e-01 1.458537e-03
    outer loop
      vertex   -2.744753e+01 -3.225005e+01 4.626289e+01
      vertex   -4.014179e+01 -3.229605e+01 1.860619e+01
      vertex   -2.752318e+01 -3.225040e+01 4.604581e+01
    endloop
  endfacet
  facet normal 4.458809e-04 -9.999988e-01 1.458537e-03
    outer loop
      vertex   -2.752318e+01 -3.225040e+01 4.604581e+01
      vertex   -4.014179e+01 -3.229605e+01 1.860619e+01
      vertex   -3.212768e+01 -3.227469e+01 3.080231e+01
    endloop
  endfacet
  facet normal 4.458809e-04 -9.999988e-01 1.458537e-03
    outer loop
      vertex   -2.752318e+01 -3.225040e+01 4.604581e+01
      vertex   -3.212768e+01 -3.227469e+01 3.080231e+01
      vertex   -2.757404e+01 -3.225075e+01 4.582162e+01
    endloop
  endfacet
  facet normal 4.458809e-04 -9.999988e-01 1.458537e-03
    outer loop
      vertex   -2.757404e+01 -3.225075e+01 4.582162e+01
      vertex   -3.212768e+01 -3.227469e+01 3.080231e+01
      vertex   -3.203412e+01 -3.227439e+01 3.097978e+01
    endloop
  endfacet
  facet normal 4.458809e-04 -9.999988e-01 1.458537e-03
    outer loop
      vertex   -2.757404e+01 -3.225075e+01 4.582162e+01
      vertex   -3.203412e+01 -3.227439e+01 3.097978e+01
      vertex   -3.191904e+01 -3.227410e+01 3.114412e+01
    endloop
  endfacet
  facet normal 4.458809e-04 -9.999988e-01 1.458537e-03
    outer loop
      vertex   -2.209701e+01 -3.224501e+01 4.808552e+01
      vertex   -2.132128e+01 -3.224049e+01 5.094595e+01
      vertex   -2.221539e+01 -3.223639e+01 5.403327e+01
    endloop
  endfacet
  facet normal 4.458809e-04 -9.999988e-01 1.458537e-03
    outer loop
      vertex   -4.564607e+01 -3.233071e+01 -3.470658e+00
      vertex   -4.404738e+01 -3.232898e+01 -2.776274e+00
      vertex   -4.014179e+01 -3.229605e+01 1.860619e+01
    endloop
  endfacet
  facet normal 4.458809e-04 -9.999988e-01 1.458537e-03
    outer loop
      vertex   -4.014179e+01 -3.229605e+01 1.860619e+01
      vertex   -4.404738e+01 -3.232898e+01 -2.776274e+00
      vertex   -4.363887e+01 -3.232799e+01 -2.219999e+00
    endloop
  endfacet
  facet normal 4.458809e-04 -9.999988e-01 1.458537e-03
    outer loop
      vertex   -4.014179e+01 -3.229605e+01 1.860619e+01
      vertex   -4.363887e+01 -3.232799e+01 -2.219999e+00
      vertex   -4.324941e+01 -3.232698e+01 -1.650223e+00
    endloop
  endfacet
  facet normal 4.458809e-04 -9.999988e-01 1.458537e-03
    outer loop
      vertex   -4.564607e+01 -3.233071e+01 -3.470658e+00
      vertex   -4.447448e+01 -3.232996e+01 -3.318412e+00
      vertex   -4.404738e+01 -3.232898e+01 -2.776274e+00
    endloop
  endfacet
  facet normal 4.458809e-04 -9.999988e-01 1.458537e-03
    outer loop
      vertex   -4.324941e+01 -3.232698e+01 -1.650223e+00
      vertex   -4.287944e+01 -3.232597e+01 -1.067600e+00
      vertex   -4.014179e+01 -3.229605e+01 1.860619e+01
    endloop
  endfacet
  facet normal 4.458809e-04 -9.999988e-01 1.458537e-03
    outer loop
      vertex   -4.014179e+01 -3.229605e+01 1.860619e+01
      vertex   -4.287944e+01 -3.232597e+01 -1.067600e+00
      vertex   -4.252940e+01 -3.232495e+01 -4.727951e-01
    endloop
  endfacet
  facet normal 4.458809e-04 -9.999988e-01 1.458537e-03
    outer loop
      vertex   -4.014179e+01 -3.229605e+01 1.860619e+01
      vertex   -4.252940e+01 -3.232495e+01 -4.727951e-01
      vertex   -4.219967e+01 -3.232391e+01 1.335102e-01
    endloop
  endfacet
  facet normal 4.458809e-04 -9.999988e-01 1.458537e-03
    outer loop
      vertex   -4.189065e+01 -3.232288e+01 7.506220e-01
      vertex   -4.160267e+01 -3.232183e+01 1.377834e+00
      vertex   -4.048925e+01 -3.231658e+01 4.639913e+00
    endloop
  endfacet
  facet normal 4.458809e-04 -9.999988e-01 1.458537e-03
    outer loop
      vertex   -4.048925e+01 -3.231658e+01 4.639913e+00
      vertex   -4.160267e+01 -3.232183e+01 1.377834e+00
      vertex   -4.133608e+01 -3.232079e+01 2.014428e+00
    endloop
  endfacet
  facet normal 4.458809e-04 -9.999988e-01 1.458537e-03
    outer loop
      vertex   -4.048925e+01 -3.231658e+01 4.639913e+00
      vertex   -4.133608e+01 -3.232079e+01 2.014428e+00
      vertex   -4.109117e+01 -3.231973e+01 2.659676e+00
    endloop
  endfacet
  facet normal 4.458809e-04 -9.999988e-01 1.458537e-03
    outer loop
      vertex   -4.109117e+01 -3.231973e+01 2.659676e+00
      vertex   -4.086823e+01 -3.231868e+01 3.312839e+00
      vertex   -4.048925e+01 -3.231658e+01 4.639913e+00
    endloop
  endfacet
  facet normal 4.458809e-04 -9.999988e-01 1.458537e-03
    outer loop
      vertex   -4.048925e+01 -3.231658e+01 4.639913e+00
      vertex   -4.086823e+01 -3.231868e+01 3.312839e+00
      vertex   -4.066751e+01 -3.231763e+01 3.973170e+00
    endloop
  endfacet
  facet normal 4.458809e-04 -9.999988e-01 1.458537e-03
    outer loop
      vertex   -2.418458e+01 -3.225197e+01 4.395405e+01
      vertex   -2.436413e+01 -3.225226e+01 4.381048e+01
      vertex   -2.382386e+01 -3.225507e+01 4.171796e+01
    endloop
  endfacet
  facet normal 4.458809e-04 -9.999988e-01 1.458537e-03
    outer loop
      vertex   -2.382386e+01 -3.225507e+01 4.171796e+01
      vertex   -2.436413e+01 -3.225226e+01 4.381048e+01
      vertex   -2.455862e+01 -3.225252e+01 4.368792e+01
    endloop
  endfacet
  facet normal 4.458809e-04 -9.999988e-01 1.458537e-03
    outer loop
      vertex   -2.382386e+01 -3.225507e+01 4.171796e+01
      vertex   -2.455862e+01 -3.225252e+01 4.368792e+01
      vertex   -2.476562e+01 -3.225276e+01 4.358791e+01
    endloop
  endfacet
  facet normal 4.458809e-04 -9.999988e-01 1.458537e-03
    outer loop
      vertex   -2.498251e+01 -3.225297e+01 4.351170e+01
      vertex   -2.520657e+01 -3.225314e+01 4.346026e+01
      vertex   -2.907457e+01 -3.227439e+01 3.007497e+01
    endloop
  endfacet
  facet normal 4.458809e-04 -9.999988e-01 1.458537e-03
    outer loop
      vertex   -2.907457e+01 -3.227439e+01 3.007497e+01
      vertex   -2.520657e+01 -3.225314e+01 4.346026e+01
      vertex   -2.907807e+01 -3.227410e+01 3.027556e+01
    endloop
  endfacet
  facet normal 4.458809e-04 -9.999988e-01 1.458537e-03
    outer loop
      vertex   -2.907807e+01 -3.227410e+01 3.027556e+01
      vertex   -2.520657e+01 -3.225314e+01 4.346026e+01
      vertex   -2.543498e+01 -3.225328e+01 4.343422e+01
    endloop
  endfacet
  facet normal 4.458809e-04 -9.999988e-01 1.458537e-03
    outer loop
      vertex   -2.907807e+01 -3.227410e+01 3.027556e+01
      vertex   -2.543498e+01 -3.225328e+01 4.343422e+01
      vertex   -2.566486e+01 -3.225339e+01 4.343392e+01
    endloop
  endfacet
  facet normal 4.458809e-04 -9.999988e-01 1.458537e-03
    outer loop
      vertex   -2.907807e+01 -3.227410e+01 3.027556e+01
      vertex   -2.566486e+01 -3.225339e+01 4.343392e+01
      vertex   -2.910668e+01 -3.227382e+01 3.047413e+01
    endloop
  endfacet
  facet normal 4.458809e-04 -9.999988e-01 1.458537e-03
    outer loop
      vertex   -2.910668e+01 -3.227382e+01 3.047413e+01
      vertex   -2.566486e+01 -3.225339e+01 4.343392e+01
      vertex   -2.589334e+01 -3.225345e+01 4.345937e+01
    endloop
  endfacet
  facet normal 4.458809e-04 -9.999988e-01 1.458537e-03
    outer loop
      vertex   -2.910668e+01 -3.227382e+01 3.047413e+01
      vertex   -2.589334e+01 -3.225345e+01 4.345937e+01
      vertex   -2.915996e+01 -3.227356e+01 3.066756e+01
    endloop
  endfacet
  facet normal 4.458809e-04 -9.999988e-01 1.458537e-03
    outer loop
      vertex   -2.915996e+01 -3.227356e+01 3.066756e+01
      vertex   -2.589334e+01 -3.225345e+01 4.345937e+01
      vertex   -2.611753e+01 -3.225348e+01 4.351023e+01
    endloop
  endfacet
  facet normal 4.458809e-04 -9.999988e-01 1.458537e-03
    outer loop
      vertex   -2.915996e+01 -3.227356e+01 3.066756e+01
      vertex   -2.611753e+01 -3.225348e+01 4.351023e+01
      vertex   -2.923706e+01 -3.227333e+01 3.085278e+01
    endloop
  endfacet
  facet normal 4.458809e-04 -9.999988e-01 1.458537e-03
    outer loop
      vertex   -2.923706e+01 -3.227333e+01 3.085278e+01
      vertex   -2.611753e+01 -3.225348e+01 4.351023e+01
      vertex   -2.933677e+01 -3.227312e+01 3.102687e+01
    endloop
  endfacet
  facet normal 4.458809e-04 -9.999988e-01 1.458537e-03
    outer loop
      vertex   -2.933677e+01 -3.227312e+01 3.102687e+01
      vertex   -2.611753e+01 -3.225348e+01 4.351023e+01
      vertex   -2.633462e+01 -3.225346e+01 4.358588e+01
    endloop
  endfacet
  facet normal 4.458809e-04 -9.999988e-01 1.458537e-03
    outer loop
      vertex   -2.933677e+01 -3.227312e+01 3.102687e+01
      vertex   -2.633462e+01 -3.225346e+01 4.358588e+01
      vertex   -2.945751e+01 -3.227294e+01 3.118710e+01
    endloop
  endfacet
  facet normal 4.458809e-04 -9.999988e-01 1.458537e-03
    outer loop
      vertex   -2.945751e+01 -3.227294e+01 3.118710e+01
      vertex   -2.633462e+01 -3.225346e+01 4.358588e+01
      vertex   -2.654187e+01 -3.225341e+01 4.368536e+01
    endloop
  endfacet
  facet normal 4.458809e-04 -9.999988e-01 1.458537e-03
    outer loop
      vertex   -2.945751e+01 -3.227294e+01 3.118710e+01
      vertex   -2.654187e+01 -3.225341e+01 4.368536e+01
      vertex   -2.959738e+01 -3.227279e+01 3.133093e+01
    endloop
  endfacet
  facet normal 4.458809e-04 -9.999988e-01 1.458537e-03
    outer loop
      vertex   -2.959738e+01 -3.227279e+01 3.133093e+01
      vertex   -2.654187e+01 -3.225341e+01 4.368536e+01
      vertex   -2.673668e+01 -3.225332e+01 4.380741e+01
    endloop
  endfacet
  facet normal 4.458809e-04 -9.999988e-01 1.458537e-03
    outer loop
      vertex   -2.959738e+01 -3.227279e+01 3.133093e+01
      vertex   -2.673668e+01 -3.225332e+01 4.380741e+01
      vertex   -2.975417e+01 -3.227268e+01 3.145609e+01
    endloop
  endfacet
  facet normal 4.458809e-04 -9.999988e-01 1.458537e-03
    outer loop
      vertex   -2.975417e+01 -3.227268e+01 3.145609e+01
      vertex   -2.673668e+01 -3.225332e+01 4.380741e+01
      vertex   -2.691660e+01 -3.225319e+01 4.395051e+01
    endloop
  endfacet
  facet normal 4.458809e-04 -9.999988e-01 1.458537e-03
    outer loop
      vertex   -2.975417e+01 -3.227268e+01 3.145609e+01
      vertex   -2.691660e+01 -3.225319e+01 4.395051e+01
      vertex   -2.992542e+01 -3.227260e+01 3.156062e+01
    endloop
  endfacet
  facet normal 4.458809e-04 -9.999988e-01 1.458537e-03
    outer loop
      vertex   -2.992542e+01 -3.227260e+01 3.156062e+01
      vertex   -2.691660e+01 -3.225319e+01 4.395051e+01
      vertex   -2.707936e+01 -3.225303e+01 4.411286e+01
    endloop
  endfacet
  facet normal 4.458809e-04 -9.999988e-01 1.458537e-03
    outer loop
      vertex   -2.992542e+01 -3.227260e+01 3.156062e+01
      vertex   -2.707936e+01 -3.225303e+01 4.411286e+01
      vertex   -3.010841e+01 -3.227256e+01 3.164286e+01
    endloop
  endfacet
  facet normal 4.458809e-04 -9.999988e-01 1.458537e-03
    outer loop
      vertex   -3.010841e+01 -3.227256e+01 3.164286e+01
      vertex   -2.707936e+01 -3.225303e+01 4.411286e+01
      vertex   -2.722293e+01 -3.225283e+01 4.429241e+01
    endloop
  endfacet
  facet normal 4.458809e-04 -9.999988e-01 1.458537e-03
    outer loop
      vertex   -3.010841e+01 -3.227256e+01 3.164286e+01
      vertex   -2.722293e+01 -3.225283e+01 4.429241e+01
      vertex   -3.030027e+01 -3.227256e+01 3.170152e+01
    endloop
  endfacet
  facet normal 4.458809e-04 -9.999988e-01 1.458537e-03
    outer loop
      vertex   -3.030027e+01 -3.227256e+01 3.170152e+01
      vertex   -2.722293e+01 -3.225283e+01 4.429241e+01
      vertex   -2.734549e+01 -3.225260e+01 4.448690e+01
    endloop
  endfacet
  facet normal 4.458809e-04 -9.999988e-01 1.458537e-03
    outer loop
      vertex   -3.030027e+01 -3.227256e+01 3.170152e+01
      vertex   -2.734549e+01 -3.225260e+01 4.448690e+01
      vertex   -3.049797e+01 -3.227260e+01 3.173566e+01
    endloop
  endfacet
  facet normal 4.458809e-04 -9.999988e-01 1.458537e-03
    outer loop
      vertex   -3.049797e+01 -3.227260e+01 3.173566e+01
      vertex   -2.734549e+01 -3.225260e+01 4.448690e+01
      vertex   -2.744550e+01 -3.225234e+01 4.469390e+01
    endloop
  endfacet
  facet normal 4.458809e-04 -9.999988e-01 1.458537e-03
    outer loop
      vertex   -3.049797e+01 -3.227260e+01 3.173566e+01
      vertex   -2.744550e+01 -3.225234e+01 4.469390e+01
      vertex   -3.069839e+01 -3.227268e+01 3.174476e+01
    endloop
  endfacet
  facet normal 4.458809e-04 -9.999988e-01 1.458537e-03
    outer loop
      vertex   -3.069839e+01 -3.227268e+01 3.174476e+01
      vertex   -2.744550e+01 -3.225234e+01 4.469390e+01
      vertex   -2.752171e+01 -3.225206e+01 4.491079e+01
    endloop
  endfacet
  facet normal 4.458809e-04 -9.999988e-01 1.458537e-03
    outer loop
      vertex   -3.069839e+01 -3.227268e+01 3.174476e+01
      vertex   -2.752171e+01 -3.225206e+01 4.491079e+01
      vertex   -3.089837e+01 -3.227279e+01 3.172867e+01
    endloop
  endfacet
  facet normal 4.458809e-04 -9.999988e-01 1.458537e-03
    outer loop
      vertex   -3.089837e+01 -3.227279e+01 3.172867e+01
      vertex   -2.752171e+01 -3.225206e+01 4.491079e+01
      vertex   -2.757316e+01 -3.225176e+01 4.513484e+01
    endloop
  endfacet
  facet normal 4.458809e-04 -9.999988e-01 1.458537e-03
    outer loop
      vertex   -3.089837e+01 -3.227279e+01 3.172867e+01
      vertex   -2.757316e+01 -3.225176e+01 4.513484e+01
      vertex   -3.109475e+01 -3.227294e+01 3.168765e+01
    endloop
  endfacet
  facet normal 4.458809e-04 -9.999988e-01 1.458537e-03
    outer loop
      vertex   -3.109475e+01 -3.227294e+01 3.168765e+01
      vertex   -2.757316e+01 -3.225176e+01 4.513484e+01
      vertex   -2.759919e+01 -3.225143e+01 4.536325e+01
    endloop
  endfacet
  facet normal 4.458809e-04 -9.999988e-01 1.458537e-03
    outer loop
      vertex   -3.109475e+01 -3.227294e+01 3.168765e+01
      vertex   -2.759919e+01 -3.225143e+01 4.536325e+01
      vertex   -3.128445e+01 -3.227312e+01 3.162233e+01
    endloop
  endfacet
  facet normal 4.458809e-04 -9.999988e-01 1.458537e-03
    outer loop
      vertex   -3.128445e+01 -3.227312e+01 3.162233e+01
      vertex   -2.759919e+01 -3.225143e+01 4.536325e+01
      vertex   -3.146446e+01 -3.227333e+01 3.153375e+01
    endloop
  endfacet
  facet normal 4.458809e-04 -9.999988e-01 1.458537e-03
    outer loop
      vertex   -3.146446e+01 -3.227333e+01 3.153375e+01
      vertex   -2.759919e+01 -3.225143e+01 4.536325e+01
      vertex   -2.759949e+01 -3.225110e+01 4.559314e+01
    endloop
  endfacet
  facet normal 4.458809e-04 -9.999988e-01 1.458537e-03
    outer loop
      vertex   -3.146446e+01 -3.227333e+01 3.153375e+01
      vertex   -2.759949e+01 -3.225110e+01 4.559314e+01
      vertex   -3.163195e+01 -3.227356e+01 3.142331e+01
    endloop
  endfacet
  facet normal 4.458809e-04 -9.999988e-01 1.458537e-03
    outer loop
      vertex   -3.163195e+01 -3.227356e+01 3.142331e+01
      vertex   -2.759949e+01 -3.225110e+01 4.559314e+01
      vertex   -3.178428e+01 -3.227382e+01 3.129275e+01
    endloop
  endfacet
  facet normal 4.458809e-04 -9.999988e-01 1.458537e-03
    outer loop
      vertex   -3.178428e+01 -3.227382e+01 3.129275e+01
      vertex   -2.759949e+01 -3.225110e+01 4.559314e+01
      vertex   -3.191904e+01 -3.227410e+01 3.114412e+01
    endloop
  endfacet
  facet normal 4.458809e-04 -9.999988e-01 1.458537e-03
    outer loop
      vertex   -3.191904e+01 -3.227410e+01 3.114412e+01
      vertex   -2.759949e+01 -3.225110e+01 4.559314e+01
      vertex   -2.757404e+01 -3.225075e+01 4.582162e+01
    endloop
  endfacet
  facet normal 4.458809e-04 -9.999988e-01 1.458537e-03
    outer loop
      vertex   -3.096193e+01 -3.228123e+01 2.596170e+01
      vertex   -3.114193e+01 -3.228139e+01 2.591039e+01
      vertex   -2.920253e+01 -3.228514e+01 2.274754e+01
    endloop
  endfacet
  facet normal 4.458809e-04 -9.999988e-01 1.458537e-03
    outer loop
      vertex   -2.920253e+01 -3.228514e+01 2.274754e+01
      vertex   -3.114193e+01 -3.228139e+01 2.591039e+01
      vertex   -3.135127e+01 -3.228151e+01 2.588982e+01
    endloop
  endfacet
  facet normal 4.458809e-04 -9.999988e-01 1.458537e-03
    outer loop
      vertex   -3.177035e+01 -3.228166e+01 2.591854e+01
      vertex   -3.197493e+01 -3.228167e+01 2.596748e+01
      vertex   -3.700955e+01 -3.229467e+01 1.859644e+01
    endloop
  endfacet
  facet normal 4.458809e-04 -9.999988e-01 1.458537e-03
    outer loop
      vertex   -3.700955e+01 -3.229467e+01 1.859644e+01
      vertex   -3.197493e+01 -3.228167e+01 2.596748e+01
      vertex   -3.217283e+01 -3.228166e+01 2.603876e+01
    endloop
  endfacet
  facet normal 4.458809e-04 -9.999988e-01 1.458537e-03
    outer loop
      vertex   -3.700955e+01 -3.229467e+01 1.859644e+01
      vertex   -3.217283e+01 -3.228166e+01 2.603876e+01
      vertex   -3.236164e+01 -3.228161e+01 2.613150e+01
    endloop
  endfacet
  facet normal 4.458809e-04 -9.999988e-01 1.458537e-03
    outer loop
      vertex   -3.236164e+01 -3.228161e+01 2.613150e+01
      vertex   -3.251220e+01 -3.228151e+01 2.624276e+01
      vertex   -3.700955e+01 -3.229467e+01 1.859644e+01
    endloop
  endfacet
  facet normal 4.458809e-04 -9.999988e-01 1.458537e-03
    outer loop
      vertex   -3.700955e+01 -3.229467e+01 1.859644e+01
      vertex   -3.251220e+01 -3.228151e+01 2.624276e+01
      vertex   -3.264871e+01 -3.228139e+01 2.637086e+01
    endloop
  endfacet
  facet normal 4.458809e-04 -9.999988e-01 1.458537e-03
    outer loop
      vertex   -3.700955e+01 -3.229467e+01 1.859644e+01
      vertex   -3.264871e+01 -3.228139e+01 2.637086e+01
      vertex   -3.276930e+01 -3.228123e+01 2.651406e+01
    endloop
  endfacet
  facet normal 4.458809e-04 -9.999988e-01 1.458537e-03
    outer loop
      vertex   -3.276930e+01 -3.228123e+01 2.651406e+01
      vertex   -3.287231e+01 -3.228105e+01 2.667038e+01
      vertex   -3.700955e+01 -3.229467e+01 1.859644e+01
    endloop
  endfacet
  facet normal 4.458809e-04 -9.999988e-01 1.458537e-03
    outer loop
      vertex   -3.700955e+01 -3.229467e+01 1.859644e+01
      vertex   -3.287231e+01 -3.228105e+01 2.667038e+01
      vertex   -3.295633e+01 -3.228084e+01 2.683767e+01
    endloop
  endfacet
  facet normal 4.458809e-04 -9.999988e-01 1.458537e-03
    outer loop
      vertex   -3.700955e+01 -3.229467e+01 1.859644e+01
      vertex   -3.295633e+01 -3.228084e+01 2.683767e+01
      vertex   -3.302020e+01 -3.228062e+01 2.701364e+01
    endloop
  endfacet
  facet normal 4.458809e-04 -9.999988e-01 1.458537e-03
    outer loop
      vertex   -3.302020e+01 -3.228062e+01 2.701364e+01
      vertex   -3.306305e+01 -3.228037e+01 2.719588e+01
      vertex   -3.700955e+01 -3.229467e+01 1.859644e+01
    endloop
  endfacet
  facet normal 4.458809e-04 -9.999988e-01 1.458537e-03
    outer loop
      vertex   -3.700955e+01 -3.229467e+01 1.859644e+01
      vertex   -3.306305e+01 -3.228037e+01 2.719588e+01
      vertex   -3.308429e+01 -3.228011e+01 2.738188e+01
    endloop
  endfacet
  facet normal 4.458809e-04 -9.999988e-01 1.458537e-03
    outer loop
      vertex   -3.700955e+01 -3.229467e+01 1.859644e+01
      vertex   -3.308429e+01 -3.228011e+01 2.738188e+01
      vertex   -3.308362e+01 -3.227983e+01 2.756909e+01
    endloop
  endfacet
  facet normal 4.458809e-04 -9.999988e-01 1.458537e-03
    outer loop
      vertex   -3.308362e+01 -3.227983e+01 2.756909e+01
      vertex   -3.306105e+01 -3.227955e+01 2.775493e+01
      vertex   -3.700955e+01 -3.229467e+01 1.859644e+01
    endloop
  endfacet
  facet normal 4.458809e-04 -9.999988e-01 1.458537e-03
    outer loop
      vertex   -3.700955e+01 -3.229467e+01 1.859644e+01
      vertex   -3.306105e+01 -3.227955e+01 2.775493e+01
      vertex   -3.301690e+01 -3.227927e+01 2.793686e+01
    endloop
  endfacet
  facet normal 4.458809e-04 -9.999988e-01 1.458537e-03
    outer loop
      vertex   -3.700955e+01 -3.229467e+01 1.859644e+01
      vertex   -3.301690e+01 -3.227927e+01 2.793686e+01
      vertex   -4.014179e+01 -3.229605e+01 1.860619e+01
    endloop
  endfacet
  facet normal 4.458809e-04 -9.999988e-01 1.458537e-03
    outer loop
      vertex   -4.014179e+01 -3.229605e+01 1.860619e+01
      vertex   -3.301690e+01 -3.227927e+01 2.793686e+01
      vertex   -3.219827e+01 -3.227500e+01 3.061451e+01
    endloop
  endfacet
  facet normal 4.458809e-04 -9.999988e-01 1.458537e-03
    outer loop
      vertex   -4.014179e+01 -3.229605e+01 1.860619e+01
      vertex   -3.219827e+01 -3.227500e+01 3.061451e+01
      vertex   -3.212768e+01 -3.227469e+01 3.080231e+01
    endloop
  endfacet
  facet normal 4.458809e-04 -9.999988e-01 1.458537e-03
    outer loop
      vertex   -3.002647e+01 -3.227955e+01 2.682722e+01
      vertex   -3.011166e+01 -3.227983e+01 2.666056e+01
      vertex   -2.920253e+01 -3.228514e+01 2.274754e+01
    endloop
  endfacet
  facet normal 4.458809e-04 -9.999988e-01 1.458537e-03
    outer loop
      vertex   -2.920253e+01 -3.228514e+01 2.274754e+01
      vertex   -3.011166e+01 -3.227983e+01 2.666056e+01
      vertex   -3.021575e+01 -3.228011e+01 2.650501e+01
    endloop
  endfacet
  facet normal 4.458809e-04 -9.999988e-01 1.458537e-03
    outer loop
      vertex   -2.920253e+01 -3.228514e+01 2.274754e+01
      vertex   -3.021575e+01 -3.228011e+01 2.650501e+01
      vertex   -3.033733e+01 -3.228037e+01 2.636271e+01
    endloop
  endfacet
  facet normal 4.458809e-04 -9.999988e-01 1.458537e-03
    outer loop
      vertex   -3.033733e+01 -3.228037e+01 2.636271e+01
      vertex   -3.047471e+01 -3.228061e+01 2.623560e+01
      vertex   -2.920253e+01 -3.228514e+01 2.274754e+01
    endloop
  endfacet
  facet normal 4.458809e-04 -9.999988e-01 1.458537e-03
    outer loop
      vertex   -2.920253e+01 -3.228514e+01 2.274754e+01
      vertex   -3.047471e+01 -3.228061e+01 2.623560e+01
      vertex   -3.062602e+01 -3.228084e+01 2.612542e+01
    endloop
  endfacet
  facet normal 4.458809e-04 -9.999988e-01 1.458537e-03
    outer loop
      vertex   -2.920253e+01 -3.228514e+01 2.274754e+01
      vertex   -3.062602e+01 -3.228084e+01 2.612542e+01
      vertex   -3.078917e+01 -3.228105e+01 2.603370e+01
    endloop
  endfacet
  facet normal 4.458809e-04 -9.999988e-01 1.458537e-03
    outer loop
      vertex   -3.078917e+01 -3.228105e+01 2.603370e+01
      vertex   -3.096193e+01 -3.228123e+01 2.596170e+01
      vertex   -2.920253e+01 -3.228514e+01 2.274754e+01
    endloop
  endfacet
  facet normal 4.459441e-04 -9.999988e-01 1.458506e-03
    outer loop
      vertex   -3.096077e+01 -1.957038e+01 3.339378e+01
      vertex   -3.161568e+01 -1.957033e+01 3.362389e+01
      vertex   -3.383060e+01 -1.958566e+01 2.379124e+01
    endloop
  endfacet
  facet normal 4.458726e-04 -9.999988e-01 1.458522e-03
    outer loop
      vertex   -3.383060e+01 -1.958566e+01 2.379124e+01
      vertex   -3.161568e+01 -1.957033e+01 3.362389e+01
      vertex   -3.402188e+01 -1.958560e+01 2.389496e+01
    endloop
  endfacet
  facet normal 4.458708e-04 -9.999988e-01 1.458522e-03
    outer loop
      vertex   -3.402188e+01 -1.958560e+01 2.389496e+01
      vertex   -3.161568e+01 -1.957033e+01 3.362389e+01
      vertex   -3.420140e+01 -1.958550e+01 2.401791e+01
    endloop
  endfacet
  facet normal 4.458688e-04 -9.999988e-01 1.458523e-03
    outer loop
      vertex   -3.420140e+01 -1.958550e+01 2.401791e+01
      vertex   -3.161568e+01 -1.957033e+01 3.362389e+01
      vertex   -3.436724e+01 -1.958536e+01 2.415878e+01
    endloop
  endfacet
  facet normal 4.458667e-04 -9.999988e-01 1.458523e-03
    outer loop
      vertex   -3.436724e+01 -1.958536e+01 2.415878e+01
      vertex   -3.161568e+01 -1.957033e+01 3.362389e+01
      vertex   -3.451760e+01 -1.958520e+01 2.431605e+01
    endloop
  endfacet
  facet normal 4.458643e-04 -9.999988e-01 1.458524e-03
    outer loop
      vertex   -3.451760e+01 -1.958520e+01 2.431605e+01
      vertex   -3.161568e+01 -1.957033e+01 3.362389e+01
      vertex   -3.465089e+01 -1.958501e+01 2.448803e+01
    endloop
  endfacet
  facet normal 4.458616e-04 -9.999988e-01 1.458525e-03
    outer loop
      vertex   -3.465089e+01 -1.958501e+01 2.448803e+01
      vertex   -3.161568e+01 -1.957033e+01 3.362389e+01
      vertex   -3.476567e+01 -1.958479e+01 2.467289e+01
    endloop
  endfacet
  facet normal 4.458585e-04 -9.999988e-01 1.458526e-03
    outer loop
      vertex   -3.476567e+01 -1.958479e+01 2.467289e+01
      vertex   -3.161568e+01 -1.957033e+01 3.362389e+01
      vertex   -3.486070e+01 -1.958455e+01 2.486862e+01
    endloop
  endfacet
  facet normal 4.457881e-04 -9.999988e-01 1.458552e-03
    outer loop
      vertex   -3.486070e+01 -1.958455e+01 2.486862e+01
      vertex   -3.161568e+01 -1.957033e+01 3.362389e+01
      vertex   -3.226499e+01 -1.957027e+01 3.386848e+01
    endloop
  endfacet
  facet normal 4.457987e-04 -9.999988e-01 1.458549e-03
    outer loop
      vertex   -3.486070e+01 -1.958455e+01 2.486862e+01
      vertex   -3.226499e+01 -1.957027e+01 3.386848e+01
      vertex   -3.290826e+01 -1.957017e+01 3.412739e+01
    endloop
  endfacet
  facet normal 4.458096e-04 -9.999988e-01 1.458547e-03
    outer loop
      vertex   -3.290826e+01 -1.957017e+01 3.412739e+01
      vertex   -3.354507e+01 -1.957006e+01 3.440045e+01
      vertex   -3.486070e+01 -1.958455e+01 2.486862e+01
    endloop
  endfacet
  facet normal 4.458809e-04 -9.999988e-01 1.458537e-03
    outer loop
      vertex   -3.486070e+01 -1.958455e+01 2.486862e+01
      vertex   -3.354507e+01 -1.957006e+01 3.440045e+01
      vertex   -3.622507e+01 -1.958449e+01 2.532907e+01
    endloop
  endfacet
  facet normal 4.458809e-04 -9.999988e-01 1.458537e-03
    outer loop
      vertex   -3.622507e+01 -1.958449e+01 2.532907e+01
      vertex   -3.354507e+01 -1.957006e+01 3.440045e+01
      vertex   -3.759451e+01 -1.958513e+01 2.530516e+01
    endloop
  endfacet
  facet normal -1.672235e-01 -1.352236e-03 -9.859181e-01
    outer loop
      vertex   -2.648450e+01 -2.817006e+01 3.225248e+01
      vertex   -2.648835e+01 -2.766437e+01 3.225243e+01
      vertex   -2.599894e+01 -2.816996e+01 3.217012e+01
    endloop
  endfacet
  facet normal -1.672828e-01 -1.411204e-03 -9.859080e-01
    outer loop
      vertex   -2.599894e+01 -2.816996e+01 3.217012e+01
      vertex   -2.648835e+01 -2.766437e+01 3.225243e+01
      vertex   -2.648857e+01 -2.711234e+01 3.225168e+01
    endloop
  endfacet
  facet normal -1.672828e-01 -1.411208e-03 -9.859079e-01
    outer loop
      vertex   -2.599894e+01 -2.816996e+01 3.217012e+01
      vertex   -2.648857e+01 -2.711234e+01 3.225168e+01
      vertex   -2.648880e+01 -2.656030e+01 3.225093e+01
    endloop
  endfacet
  facet normal -1.833085e-01 -1.413989e-03 -9.830544e-01
    outer loop
      vertex   -2.648880e+01 -2.656030e+01 3.225093e+01
      vertex   -2.648857e+01 -2.711234e+01 3.225168e+01
      vertex   -2.697634e+01 -2.710928e+01 3.234263e+01
    endloop
  endfacet
  facet normal -1.834186e-01 -1.312852e-03 -9.830340e-01
    outer loop
      vertex   -2.648880e+01 -2.656030e+01 3.225093e+01
      vertex   -2.697634e+01 -2.710928e+01 3.234263e+01
      vertex   -2.697655e+01 -2.655724e+01 3.234193e+01
    endloop
  endfacet
  facet normal -1.990482e-01 -1.315010e-03 -9.799888e-01
    outer loop
      vertex   -2.697655e+01 -2.655724e+01 3.234193e+01
      vertex   -2.697634e+01 -2.710928e+01 3.234263e+01
      vertex   -2.746259e+01 -2.710621e+01 3.244139e+01
    endloop
  endfacet
  facet normal -1.991577e-01 -1.214083e-03 -9.799667e-01
    outer loop
      vertex   -2.697655e+01 -2.655724e+01 3.234193e+01
      vertex   -2.746259e+01 -2.710621e+01 3.244139e+01
      vertex   -2.746278e+01 -2.655417e+01 3.244075e+01
    endloop
  endfacet
  facet normal -2.147151e-01 -1.215704e-03 -9.766760e-01
    outer loop
      vertex   -2.746278e+01 -2.655417e+01 3.244075e+01
      vertex   -2.746259e+01 -2.710621e+01 3.244139e+01
      vertex   -2.794719e+01 -2.710313e+01 3.254792e+01
    endloop
  endfacet
  facet normal -2.148239e-01 -1.114986e-03 -9.766522e-01
    outer loop
      vertex   -2.746278e+01 -2.655417e+01 3.244075e+01
      vertex   -2.794719e+01 -2.710313e+01 3.254792e+01
      vertex   -2.794737e+01 -2.655109e+01 3.254733e+01
    endloop
  endfacet
  facet normal -2.303091e-01 -1.116099e-03 -9.731169e-01
    outer loop
      vertex   -2.794737e+01 -2.655109e+01 3.254733e+01
      vertex   -2.794719e+01 -2.710313e+01 3.254792e+01
      vertex   -2.843003e+01 -2.710004e+01 3.266219e+01
    endloop
  endfacet
  facet normal -2.304173e-01 -1.015590e-03 -9.730914e-01
    outer loop
      vertex   -2.794737e+01 -2.655109e+01 3.254733e+01
      vertex   -2.843003e+01 -2.710004e+01 3.266219e+01
      vertex   -2.843018e+01 -2.654800e+01 3.266165e+01
    endloop
  endfacet
  facet normal -2.458304e-01 -1.016221e-03 -9.693123e-01
    outer loop
      vertex   -2.843018e+01 -2.654800e+01 3.266165e+01
      vertex   -2.843003e+01 -2.710004e+01 3.266219e+01
      vertex   -2.891098e+01 -2.709694e+01 3.278417e+01
    endloop
  endfacet
  facet normal -2.459380e-01 -9.159191e-04 -9.692851e-01
    outer loop
      vertex   -2.843018e+01 -2.654800e+01 3.266165e+01
      vertex   -2.891098e+01 -2.709694e+01 3.278417e+01
      vertex   -2.891111e+01 -2.654491e+01 3.278368e+01
    endloop
  endfacet
  facet normal -2.612793e-01 -9.160954e-04 -9.652628e-01
    outer loop
      vertex   -2.891111e+01 -2.654491e+01 3.278368e+01
      vertex   -2.891098e+01 -2.709694e+01 3.278417e+01
      vertex   -2.938992e+01 -2.709384e+01 3.291380e+01
    endloop
  endfacet
  facet normal -2.613862e-01 -8.160010e-04 -9.652340e-01
    outer loop
      vertex   -2.891111e+01 -2.654491e+01 3.278368e+01
      vertex   -2.938992e+01 -2.709384e+01 3.291380e+01
      vertex   -2.939003e+01 -2.654180e+01 3.291337e+01
    endloop
  endfacet
  facet normal -2.766558e-01 -8.157480e-04 -9.609687e-01
    outer loop
      vertex   -2.939003e+01 -2.654180e+01 3.291337e+01
      vertex   -2.938992e+01 -2.709384e+01 3.291380e+01
      vertex   -2.986673e+01 -2.709073e+01 3.305107e+01
    endloop
  endfacet
  facet normal -2.767620e-01 -7.158612e-04 -9.609382e-01
    outer loop
      vertex   -2.939003e+01 -2.654180e+01 3.291337e+01
      vertex   -2.986673e+01 -2.709073e+01 3.305107e+01
      vertex   -2.986682e+01 -2.653869e+01 3.305069e+01
    endloop
  endfacet
  facet normal -2.918689e-01 -7.152089e-04 -9.564581e-01
    outer loop
      vertex   -2.986682e+01 -2.653869e+01 3.305069e+01
      vertex   -2.986673e+01 -2.709073e+01 3.305107e+01
      vertex   -3.033564e+01 -2.708765e+01 3.319416e+01
    endloop
  endfacet
  facet normal -2.919743e-01 -6.167181e-04 -9.564260e-01
    outer loop
      vertex   -2.986682e+01 -2.653869e+01 3.305069e+01
      vertex   -3.033564e+01 -2.708765e+01 3.319416e+01
      vertex   -3.033571e+01 -2.653561e+01 3.319382e+01
    endloop
  endfacet
  facet normal -3.069199e-01 -6.156995e-04 -9.517352e-01
    outer loop
      vertex   -3.033571e+01 -2.653561e+01 3.319382e+01
      vertex   -3.033564e+01 -2.708765e+01 3.319416e+01
      vertex   -3.080224e+01 -2.708456e+01 3.334463e+01
    endloop
  endfacet
  facet normal -3.070246e-01 -5.174119e-04 -9.517014e-01
    outer loop
      vertex   -3.033571e+01 -2.653561e+01 3.319382e+01
      vertex   -3.080224e+01 -2.708456e+01 3.334463e+01
      vertex   -3.080228e+01 -2.653253e+01 3.334434e+01
    endloop
  endfacet
  facet normal -3.219003e-01 -5.160477e-04 -9.467734e-01
    outer loop
      vertex   -3.080228e+01 -2.653253e+01 3.334434e+01
      vertex   -3.080224e+01 -2.708456e+01 3.334463e+01
      vertex   -3.126640e+01 -2.708148e+01 3.350244e+01
    endloop
  endfacet
  facet normal -3.220043e-01 -4.179638e-04 -9.467381e-01
    outer loop
      vertex   -3.080228e+01 -2.653253e+01 3.334434e+01
      vertex   -3.126640e+01 -2.708148e+01 3.350244e+01
      vertex   -3.126642e+01 -2.652944e+01 3.350220e+01
    endloop
  endfacet
  facet normal -3.368101e-01 -4.162778e-04 -9.415725e-01
    outer loop
      vertex   -3.126642e+01 -2.652944e+01 3.350220e+01
      vertex   -3.126640e+01 -2.708148e+01 3.350244e+01
      vertex   -3.172801e+01 -2.707838e+01 3.366756e+01
    endloop
  endfacet
  facet normal -3.369133e-01 -3.183983e-04 -9.415356e-01
    outer loop
      vertex   -3.126642e+01 -2.652944e+01 3.350220e+01
      vertex   -3.172801e+01 -2.707838e+01 3.366756e+01
      vertex   -3.172800e+01 -2.652635e+01 3.366737e+01
    endloop
  endfacet
  facet normal -3.516491e-01 -3.164142e-04 -9.361318e-01
    outer loop
      vertex   -3.172800e+01 -2.652635e+01 3.366737e+01
      vertex   -3.172801e+01 -2.707838e+01 3.366756e+01
      vertex   -3.218695e+01 -2.707529e+01 3.383996e+01
    endloop
  endfacet
  facet normal -3.517514e-01 -2.187397e-04 -9.360934e-01
    outer loop
      vertex   -3.172800e+01 -2.652635e+01 3.366737e+01
      vertex   -3.218695e+01 -2.707529e+01 3.383996e+01
      vertex   -3.218692e+01 -2.652326e+01 3.383982e+01
    endloop
  endfacet
  facet normal -3.664169e-01 -2.164811e-04 -9.304508e-01
    outer loop
      vertex   -3.218692e+01 -2.652326e+01 3.383982e+01
      vertex   -3.218695e+01 -2.707529e+01 3.383996e+01
      vertex   -3.264311e+01 -2.707220e+01 3.401959e+01
    endloop
  endfacet
  facet normal -3.665184e-01 -1.190124e-04 -9.304108e-01
    outer loop
      vertex   -3.218692e+01 -2.652326e+01 3.383982e+01
      vertex   -3.264311e+01 -2.707220e+01 3.401959e+01
      vertex   -3.264305e+01 -2.652016e+01 3.401950e+01
    endloop
  endfacet
  facet normal -3.811131e-01 -1.165028e-04 -9.245284e-01
    outer loop
      vertex   -3.264305e+01 -2.652016e+01 3.401950e+01
      vertex   -3.264311e+01 -2.707220e+01 3.401959e+01
      vertex   -3.309636e+01 -2.706910e+01 3.420644e+01
    endloop
  endfacet
  facet normal -3.812138e-01 -1.924074e-05 -9.244869e-01
    outer loop
      vertex   -3.264305e+01 -2.652016e+01 3.401950e+01
      vertex   -3.309636e+01 -2.706910e+01 3.420644e+01
      vertex   -3.309628e+01 -2.651706e+01 3.420639e+01
    endloop
  endfacet
  facet normal -3.955366e-01 -1.654175e-05 -9.184502e-01
    outer loop
      vertex   -3.309628e+01 -2.651706e+01 3.420639e+01
      vertex   -3.309636e+01 -2.706910e+01 3.420644e+01
      vertex   -3.354682e+01 -2.817007e+01 3.440045e+01
    endloop
  endfacet
  facet normal -3.955366e-01 -1.654446e-05 -9.184502e-01
    outer loop
      vertex   -3.309628e+01 -2.651706e+01 3.420639e+01
      vertex   -3.354682e+01 -2.817007e+01 3.440045e+01
      vertex   -3.309619e+01 -2.596503e+01 3.420634e+01
    endloop
  endfacet
  facet normal -3.955366e-01 -1.654797e-05 -9.184502e-01
    outer loop
      vertex   -3.309619e+01 -2.596503e+01 3.420634e+01
      vertex   -3.354682e+01 -2.817007e+01 3.440045e+01
      vertex   -3.309602e+01 -2.486096e+01 3.420625e+01
    endloop
  endfacet
  facet normal -3.815175e-01 -1.919008e-05 -9.243616e-01
    outer loop
      vertex   -3.309619e+01 -2.596503e+01 3.420634e+01
      vertex   -3.309602e+01 -2.486096e+01 3.420625e+01
      vertex   -3.264288e+01 -2.486406e+01 3.401922e+01
    endloop
  endfacet
  facet normal -3.815181e-01 -1.164515e-04 -9.243614e-01
    outer loop
      vertex   -3.264288e+01 -2.486406e+01 3.401922e+01
      vertex   -3.309602e+01 -2.486096e+01 3.420625e+01
      vertex   -3.264276e+01 -2.375999e+01 3.401903e+01
    endloop
  endfacet
  facet normal -3.670289e-01 -1.189446e-04 -9.302095e-01
    outer loop
      vertex   -3.264288e+01 -2.486406e+01 3.401922e+01
      vertex   -3.264276e+01 -2.375999e+01 3.401903e+01
      vertex   -3.218677e+01 -2.376309e+01 3.383911e+01
    endloop
  endfacet
  facet normal -3.670295e-01 -2.164210e-04 -9.302093e-01
    outer loop
      vertex   -3.218677e+01 -2.376309e+01 3.383911e+01
      vertex   -3.264276e+01 -2.375999e+01 3.401903e+01
      vertex   -3.218664e+01 -2.155495e+01 3.383855e+01
    endloop
  endfacet
  facet normal -3.526779e-01 -2.186352e-04 -9.357448e-01
    outer loop
      vertex   -3.218677e+01 -2.376309e+01 3.383911e+01
      vertex   -3.218664e+01 -2.155495e+01 3.383855e+01
      vertex   -3.172796e+01 -2.155804e+01 3.366568e+01
    endloop
  endfacet
  facet normal -3.526755e-01 1.910773e-04 -9.357457e-01
    outer loop
      vertex   -3.172796e+01 -2.155804e+01 3.366568e+01
      vertex   -3.218664e+01 -2.155495e+01 3.383855e+01
      vertex   -3.226499e+01 -1.957027e+01 3.386848e+01
    endloop
  endfacet
  facet normal -3.525151e-01 2.405692e-04 -9.358061e-01
    outer loop
      vertex   -3.172796e+01 -2.155804e+01 3.366568e+01
      vertex   -3.226499e+01 -1.957027e+01 3.386848e+01
      vertex   -3.161568e+01 -1.957033e+01 3.362389e+01
    endloop
  endfacet
  facet normal -1.829247e-01 -1.471298e-03 -9.831258e-01
    outer loop
      vertex   -2.648450e+01 -2.817006e+01 3.225248e+01
      vertex   -2.696898e+01 -2.817014e+01 3.234262e+01
      vertex   -2.648835e+01 -2.766437e+01 3.225243e+01
    endloop
  endfacet
  facet normal -1.831967e-01 -1.203851e-03 -9.830756e-01
    outer loop
      vertex   -2.648835e+01 -2.766437e+01 3.225243e+01
      vertex   -2.696898e+01 -2.817014e+01 3.234262e+01
      vertex   -2.697613e+01 -2.766131e+01 3.234333e+01
    endloop
  endfacet
  facet normal -1.831979e-01 -1.413967e-03 -9.830750e-01
    outer loop
      vertex   -2.648835e+01 -2.766437e+01 3.225243e+01
      vertex   -2.697613e+01 -2.766131e+01 3.234333e+01
      vertex   -2.648857e+01 -2.711234e+01 3.225168e+01
    endloop
  endfacet
  facet normal -1.833079e-01 -1.312829e-03 -9.830547e-01
    outer loop
      vertex   -2.648857e+01 -2.711234e+01 3.225168e+01
      vertex   -2.697613e+01 -2.766131e+01 3.234333e+01
      vertex   -2.697634e+01 -2.710928e+01 3.234263e+01
    endloop
  endfacet
  facet normal -1.985622e-01 -1.423946e-03 -9.800873e-01
    outer loop
      vertex   -2.696898e+01 -2.817014e+01 3.234262e+01
      vertex   -2.745220e+01 -2.817021e+01 3.244052e+01
      vertex   -2.697613e+01 -2.766131e+01 3.234333e+01
    endloop
  endfacet
  facet normal -1.989367e-01 -1.059193e-03 -9.800118e-01
    outer loop
      vertex   -2.697613e+01 -2.766131e+01 3.234333e+01
      vertex   -2.745220e+01 -2.817021e+01 3.244052e+01
      vertex   -2.746239e+01 -2.765824e+01 3.244203e+01
    endloop
  endfacet
  facet normal -1.989382e-01 -1.314989e-03 -9.800112e-01
    outer loop
      vertex   -2.697613e+01 -2.766131e+01 3.234333e+01
      vertex   -2.746239e+01 -2.765824e+01 3.244203e+01
      vertex   -2.697634e+01 -2.710928e+01 3.234263e+01
    endloop
  endfacet
  facet normal -1.990477e-01 -1.214061e-03 -9.799891e-01
    outer loop
      vertex   -2.697634e+01 -2.710928e+01 3.234263e+01
      vertex   -2.746239e+01 -2.765824e+01 3.244203e+01
      vertex   -2.746259e+01 -2.710621e+01 3.244139e+01
    endloop
  endfacet
  facet normal -2.141349e-01 -1.371209e-03 -9.768031e-01
    outer loop
      vertex   -2.745220e+01 -2.817021e+01 3.244052e+01
      vertex   -2.793401e+01 -2.817027e+01 3.254614e+01
      vertex   -2.746239e+01 -2.765824e+01 3.244203e+01
    endloop
  endfacet
  facet normal -2.146039e-01 -9.184578e-04 -9.767007e-01
    outer loop
      vertex   -2.746239e+01 -2.765824e+01 3.244203e+01
      vertex   -2.793401e+01 -2.817027e+01 3.254614e+01
      vertex   -2.794702e+01 -2.765516e+01 3.254851e+01
    endloop
  endfacet
  facet normal -2.146056e-01 -1.215685e-03 -9.767000e-01
    outer loop
      vertex   -2.746239e+01 -2.765824e+01 3.244203e+01
      vertex   -2.794702e+01 -2.765516e+01 3.254851e+01
      vertex   -2.746259e+01 -2.710621e+01 3.244139e+01
    endloop
  endfacet
  facet normal -2.147145e-01 -1.114966e-03 -9.766762e-01
    outer loop
      vertex   -2.746259e+01 -2.710621e+01 3.244139e+01
      vertex   -2.794702e+01 -2.765516e+01 3.254851e+01
      vertex   -2.794719e+01 -2.710313e+01 3.254792e+01
    endloop
  endfacet
  facet normal -2.296416e-01 -1.313872e-03 -9.732744e-01
    outer loop
      vertex   -2.793401e+01 -2.817027e+01 3.254614e+01
      vertex   -2.841424e+01 -2.817032e+01 3.265945e+01
      vertex   -2.794702e+01 -2.765516e+01 3.254851e+01
    endloop
  endfacet
  facet normal -2.301983e-01 -7.808001e-04 -9.731434e-01
    outer loop
      vertex   -2.794702e+01 -2.765516e+01 3.254851e+01
      vertex   -2.841424e+01 -2.817032e+01 3.265945e+01
      vertex   -2.842987e+01 -2.765207e+01 3.266273e+01
    endloop
  endfacet
  facet normal -2.302002e-01 -1.116081e-03 -9.731426e-01
    outer loop
      vertex   -2.794702e+01 -2.765516e+01 3.254851e+01
      vertex   -2.842987e+01 -2.765207e+01 3.266273e+01
      vertex   -2.794719e+01 -2.710313e+01 3.254792e+01
    endloop
  endfacet
  facet normal -2.303085e-01 -1.015571e-03 -9.731171e-01
    outer loop
      vertex   -2.794719e+01 -2.710313e+01 3.254792e+01
      vertex   -2.842987e+01 -2.765207e+01 3.266273e+01
      vertex   -2.843003e+01 -2.710004e+01 3.266219e+01
    endloop
  endfacet
  facet normal -2.450811e-01 -1.252748e-03 -9.695018e-01
    outer loop
      vertex   -2.841424e+01 -2.817032e+01 3.265945e+01
      vertex   -2.889273e+01 -2.817036e+01 3.278041e+01
      vertex   -2.842987e+01 -2.765207e+01 3.266273e+01
    endloop
  endfacet
  facet normal -2.457201e-01 -6.454942e-04 -9.693406e-01
    outer loop
      vertex   -2.842987e+01 -2.765207e+01 3.266273e+01
      vertex   -2.889273e+01 -2.817036e+01 3.278041e+01
      vertex   -2.891085e+01 -2.764897e+01 3.278465e+01
    endloop
  endfacet
  facet normal -2.457223e-01 -1.016205e-03 -9.693397e-01
    outer loop
      vertex   -2.842987e+01 -2.765207e+01 3.266273e+01
      vertex   -2.891085e+01 -2.764897e+01 3.278465e+01
      vertex   -2.843003e+01 -2.710004e+01 3.266219e+01
    endloop
  endfacet
  facet normal -2.458299e-01 -9.159029e-04 -9.693126e-01
    outer loop
      vertex   -2.843003e+01 -2.710004e+01 3.266219e+01
      vertex   -2.891085e+01 -2.764897e+01 3.278465e+01
      vertex   -2.891098e+01 -2.709694e+01 3.278417e+01
    endloop
  endfacet
  facet normal -2.604522e-01 -1.188642e-03 -9.654860e-01
    outer loop
      vertex   -2.889273e+01 -2.817036e+01 3.278041e+01
      vertex   -2.936932e+01 -2.817038e+01 3.290897e+01
      vertex   -2.891085e+01 -2.764897e+01 3.278465e+01
    endloop
  endfacet
  facet normal -2.611694e-01 -5.118890e-04 -9.652928e-01
    outer loop
      vertex   -2.891085e+01 -2.764897e+01 3.278465e+01
      vertex   -2.936932e+01 -2.817038e+01 3.290897e+01
      vertex   -2.938981e+01 -2.764587e+01 3.291424e+01
    endloop
  endfacet
  facet normal -2.611718e-01 -9.160810e-04 -9.652919e-01
    outer loop
      vertex   -2.891085e+01 -2.764897e+01 3.278465e+01
      vertex   -2.938981e+01 -2.764587e+01 3.291424e+01
      vertex   -2.891098e+01 -2.709694e+01 3.278417e+01
    endloop
  endfacet
  facet normal -2.612787e-01 -8.159874e-04 -9.652631e-01
    outer loop
      vertex   -2.891098e+01 -2.709694e+01 3.278417e+01
      vertex   -2.938981e+01 -2.764587e+01 3.291424e+01
      vertex   -2.938992e+01 -2.709384e+01 3.291380e+01
    endloop
  endfacet
  facet normal -2.757536e-01 -1.122324e-03 -9.612277e-01
    outer loop
      vertex   -2.936932e+01 -2.817038e+01 3.290897e+01
      vertex   -2.984385e+01 -2.817040e+01 3.304511e+01
      vertex   -2.938981e+01 -2.764587e+01 3.291424e+01
    endloop
  endfacet
  facet normal -2.765464e-01 -3.793775e-04 -9.610005e-01
    outer loop
      vertex   -2.938981e+01 -2.764587e+01 3.291424e+01
      vertex   -2.984385e+01 -2.817040e+01 3.304511e+01
      vertex   -2.986664e+01 -2.764276e+01 3.305146e+01
    endloop
  endfacet
  facet normal -2.765490e-01 -8.157361e-04 -9.609995e-01
    outer loop
      vertex   -2.938981e+01 -2.764587e+01 3.291424e+01
      vertex   -2.986664e+01 -2.764276e+01 3.305146e+01
      vertex   -2.938992e+01 -2.709384e+01 3.291380e+01
    endloop
  endfacet
  facet normal -2.766552e-01 -7.158505e-04 -9.609690e-01
    outer loop
      vertex   -2.938992e+01 -2.709384e+01 3.291380e+01
      vertex   -2.986664e+01 -2.764276e+01 3.305146e+01
      vertex   -2.986673e+01 -2.709073e+01 3.305107e+01
    endloop
  endfacet
  facet normal -2.909842e-01 -1.054507e-03 -9.567273e-01
    outer loop
      vertex   -2.984385e+01 -2.817040e+01 3.304511e+01
      vertex   -3.031616e+01 -2.817040e+01 3.318876e+01
      vertex   -2.986664e+01 -2.764276e+01 3.305146e+01
    endloop
  endfacet
  facet normal -2.917605e-01 -3.317541e-04 -9.564913e-01
    outer loop
      vertex   -2.986664e+01 -2.764276e+01 3.305146e+01
      vertex   -3.031616e+01 -2.817040e+01 3.318876e+01
      vertex   -3.033558e+01 -2.763968e+01 3.319450e+01
    endloop
  endfacet
  facet normal -2.917628e-01 -7.151997e-04 -9.564904e-01
    outer loop
      vertex   -2.986664e+01 -2.764276e+01 3.305146e+01
      vertex   -3.033558e+01 -2.763968e+01 3.319450e+01
      vertex   -2.986673e+01 -2.709073e+01 3.305107e+01
    endloop
  endfacet
  facet normal -2.918683e-01 -6.167105e-04 -9.564583e-01
    outer loop
      vertex   -2.986673e+01 -2.709073e+01 3.305107e+01
      vertex   -3.033558e+01 -2.763968e+01 3.319450e+01
      vertex   -3.033564e+01 -2.708765e+01 3.319416e+01
    endloop
  endfacet
  facet normal -3.061428e-01 -9.067956e-04 -9.519852e-01
    outer loop
      vertex   -3.031616e+01 -2.817040e+01 3.318876e+01
      vertex   -3.078608e+01 -2.817039e+01 3.333988e+01
      vertex   -3.033558e+01 -2.763968e+01 3.319450e+01
    endloop
  endfacet
  facet normal -3.068126e-01 -2.792239e-04 -9.517699e-01
    outer loop
      vertex   -3.033558e+01 -2.763968e+01 3.319450e+01
      vertex   -3.078608e+01 -2.817039e+01 3.333988e+01
      vertex   -3.080219e+01 -2.763660e+01 3.334491e+01
    endloop
  endfacet
  facet normal -3.068145e-01 -6.156933e-04 -9.517691e-01
    outer loop
      vertex   -3.033558e+01 -2.763968e+01 3.319450e+01
      vertex   -3.080219e+01 -2.763660e+01 3.334491e+01
      vertex   -3.033564e+01 -2.708765e+01 3.319416e+01
    endloop
  endfacet
  facet normal -3.069193e-01 -5.174078e-04 -9.517354e-01
    outer loop
      vertex   -3.033564e+01 -2.708765e+01 3.319416e+01
      vertex   -3.080219e+01 -2.763660e+01 3.334491e+01
      vertex   -3.080224e+01 -2.708456e+01 3.334463e+01
    endloop
  endfacet
  facet normal -3.212279e-01 -7.594171e-04 -9.470016e-01
    outer loop
      vertex   -3.078608e+01 -2.817039e+01 3.333988e+01
      vertex   -3.125346e+01 -2.817036e+01 3.349841e+01
      vertex   -3.080219e+01 -2.763660e+01 3.334491e+01
    endloop
  endfacet
  facet normal -3.217941e-01 -2.255055e-04 -9.468097e-01
    outer loop
      vertex   -3.080219e+01 -2.763660e+01 3.334491e+01
      vertex   -3.125346e+01 -2.817036e+01 3.349841e+01
      vertex   -3.126638e+01 -2.763351e+01 3.350268e+01
    endloop
  endfacet
  facet normal -3.217958e-01 -5.160447e-04 -9.468090e-01
    outer loop
      vertex   -3.080219e+01 -2.763660e+01 3.334491e+01
      vertex   -3.126638e+01 -2.763351e+01 3.350268e+01
      vertex   -3.080224e+01 -2.708456e+01 3.334463e+01
    endloop
  endfacet
  facet normal -3.218998e-01 -4.179633e-04 -9.467737e-01
    outer loop
      vertex   -3.080224e+01 -2.708456e+01 3.334463e+01
      vertex   -3.126638e+01 -2.763351e+01 3.350268e+01
      vertex   -3.126640e+01 -2.708148e+01 3.350244e+01
    endloop
  endfacet
  facet normal -3.362382e-01 -6.129387e-04 -9.417768e-01
    outer loop
      vertex   -3.125346e+01 -2.817036e+01 3.349841e+01
      vertex   -3.171815e+01 -2.817033e+01 3.366432e+01
      vertex   -3.126638e+01 -2.763351e+01 3.350268e+01
    endloop
  endfacet
  facet normal -3.367049e-01 -1.700190e-04 -9.416102e-01
    outer loop
      vertex   -3.126638e+01 -2.763351e+01 3.350268e+01
      vertex   -3.171815e+01 -2.817033e+01 3.366432e+01
      vertex   -3.172802e+01 -2.763042e+01 3.366775e+01
    endloop
  endfacet
  facet normal -3.367064e-01 -4.162783e-04 -9.416096e-01
    outer loop
      vertex   -3.126638e+01 -2.763351e+01 3.350268e+01
      vertex   -3.172802e+01 -2.763042e+01 3.366775e+01
      vertex   -3.126640e+01 -2.708148e+01 3.350244e+01
    endloop
  endfacet
  facet normal -3.368095e-01 -3.184016e-04 -9.415727e-01
    outer loop
      vertex   -3.126640e+01 -2.708148e+01 3.350244e+01
      vertex   -3.172802e+01 -2.763042e+01 3.366775e+01
      vertex   -3.172801e+01 -2.707838e+01 3.366756e+01
    endloop
  endfacet
  facet normal -3.511725e-01 -4.679451e-04 -9.363107e-01
    outer loop
      vertex   -3.171815e+01 -2.817033e+01 3.366432e+01
      vertex   -3.217999e+01 -2.817028e+01 3.383754e+01
      vertex   -3.172802e+01 -2.763042e+01 3.366775e+01
    endloop
  endfacet
  facet normal -3.515449e-01 -1.121830e-04 -9.361710e-01
    outer loop
      vertex   -3.172802e+01 -2.763042e+01 3.366775e+01
      vertex   -3.217999e+01 -2.817028e+01 3.383754e+01
      vertex   -3.218698e+01 -2.762732e+01 3.384010e+01
    endloop
  endfacet
  facet normal -3.515461e-01 -3.164183e-04 -9.361705e-01
    outer loop
      vertex   -3.172802e+01 -2.763042e+01 3.366775e+01
      vertex   -3.218698e+01 -2.762732e+01 3.384010e+01
      vertex   -3.172801e+01 -2.707838e+01 3.366756e+01
    endloop
  endfacet
  facet normal -3.516485e-01 -2.187471e-04 -9.361321e-01
    outer loop
      vertex   -3.172801e+01 -2.707838e+01 3.366756e+01
      vertex   -3.218698e+01 -2.762732e+01 3.384010e+01
      vertex   -3.218695e+01 -2.707529e+01 3.383996e+01
    endloop
  endfacet
  facet normal -3.660291e-01 -3.250604e-04 -9.306033e-01
    outer loop
      vertex   -3.217999e+01 -2.817028e+01 3.383754e+01
      vertex   -3.263881e+01 -2.817022e+01 3.401800e+01
      vertex   -3.218698e+01 -2.762732e+01 3.384010e+01
    endloop
  endfacet
  facet normal -3.663138e-01 -5.144715e-05 -9.304914e-01
    outer loop
      vertex   -3.218698e+01 -2.762732e+01 3.384010e+01
      vertex   -3.263881e+01 -2.817022e+01 3.401800e+01
      vertex   -3.264317e+01 -2.762423e+01 3.401969e+01
    endloop
  endfacet
  facet normal -3.663148e-01 -2.164890e-04 -9.304910e-01
    outer loop
      vertex   -3.218698e+01 -2.762732e+01 3.384010e+01
      vertex   -3.264317e+01 -2.762423e+01 3.401969e+01
      vertex   -3.218695e+01 -2.707529e+01 3.383996e+01
    endloop
  endfacet
  facet normal -3.664163e-01 -1.190240e-04 -9.304510e-01
    outer loop
      vertex   -3.218695e+01 -2.707529e+01 3.383996e+01
      vertex   -3.264317e+01 -2.762423e+01 3.401969e+01
      vertex   -3.264311e+01 -2.707220e+01 3.401959e+01
    endloop
  endfacet
  facet normal -3.808068e-01 -1.849765e-04 -9.246546e-01
    outer loop
      vertex   -3.263881e+01 -2.817022e+01 3.401800e+01
      vertex   -3.309448e+01 -2.817015e+01 3.420566e+01
      vertex   -3.264317e+01 -2.762423e+01 3.401969e+01
    endloop
  endfacet
  facet normal -3.810112e-01 1.266585e-05 -9.245704e-01
    outer loop
      vertex   -3.264317e+01 -2.762423e+01 3.401969e+01
      vertex   -3.309448e+01 -2.817015e+01 3.420566e+01
      vertex   -3.309645e+01 -2.762113e+01 3.420648e+01
    endloop
  endfacet
  facet normal -3.810119e-01 -1.165147e-04 -9.245701e-01
    outer loop
      vertex   -3.264317e+01 -2.762423e+01 3.401969e+01
      vertex   -3.309645e+01 -2.762113e+01 3.420648e+01
      vertex   -3.264311e+01 -2.707220e+01 3.401959e+01
    endloop
  endfacet
  facet normal -3.811126e-01 -1.925669e-05 -9.245286e-01
    outer loop
      vertex   -3.264311e+01 -2.707220e+01 3.401959e+01
      vertex   -3.309645e+01 -2.762113e+01 3.420648e+01
      vertex   -3.309636e+01 -2.706910e+01 3.420644e+01
    endloop
  endfacet
  facet normal -3.955038e-01 -4.848969e-05 -9.184643e-01
    outer loop
      vertex   -3.309448e+01 -2.817015e+01 3.420566e+01
      vertex   -3.354682e+01 -2.817007e+01 3.440045e+01
      vertex   -3.309645e+01 -2.762113e+01 3.420648e+01
    endloop
  endfacet
  facet normal -3.955366e-01 -1.653877e-05 -9.184502e-01
    outer loop
      vertex   -3.309645e+01 -2.762113e+01 3.420648e+01
      vertex   -3.354682e+01 -2.817007e+01 3.440045e+01
      vertex   -3.309636e+01 -2.706910e+01 3.420644e+01
    endloop
  endfacet
  facet normal -3.955366e-01 -1.655176e-05 -9.184502e-01
    outer loop
      vertex   -3.309602e+01 -2.486096e+01 3.420625e+01
      vertex   -3.354682e+01 -2.817007e+01 3.440045e+01
      vertex   -3.309586e+01 -2.375689e+01 3.420616e+01
    endloop
  endfacet
  facet normal -3.963388e-01 8.065292e-05 -9.181043e-01
    outer loop
      vertex   -3.309586e+01 -2.375689e+01 3.420616e+01
      vertex   -3.354682e+01 -2.817007e+01 3.440045e+01
      vertex   -3.354507e+01 -1.957006e+01 3.440045e+01
    endloop
  endfacet
  facet normal -3.970998e-01 -1.625933e-05 -9.177754e-01
    outer loop
      vertex   -3.309586e+01 -2.375689e+01 3.420616e+01
      vertex   -3.354507e+01 -1.957006e+01 3.440045e+01
      vertex   -3.309552e+01 -2.154876e+01 3.420597e+01
    endloop
  endfacet
  facet normal -3.940849e-01 7.963145e-04 -9.190737e-01
    outer loop
      vertex   -3.309552e+01 -2.154876e+01 3.420597e+01
      vertex   -3.354507e+01 -1.957006e+01 3.440045e+01
      vertex   -3.290826e+01 -1.957017e+01 3.412739e+01
    endloop
  endfacet
  facet normal -3.821279e-01 -5.353300e-04 -9.241093e-01
    outer loop
      vertex   -3.309552e+01 -2.154876e+01 3.420597e+01
      vertex   -3.290826e+01 -1.957017e+01 3.412739e+01
      vertex   -3.264254e+01 -2.155185e+01 3.401866e+01
    endloop
  endfacet
  facet normal -3.733793e-01 8.335983e-04 -9.276784e-01
    outer loop
      vertex   -3.264254e+01 -2.155185e+01 3.401866e+01
      vertex   -3.290826e+01 -1.957017e+01 3.412739e+01
      vertex   -3.226499e+01 -1.957027e+01 3.386848e+01
    endloop
  endfacet
  facet normal -3.674394e-01 -4.776523e-04 -9.300474e-01
    outer loop
      vertex   -3.264254e+01 -2.155185e+01 3.401866e+01
      vertex   -3.226499e+01 -1.957027e+01 3.386848e+01
      vertex   -3.218664e+01 -2.155495e+01 3.383855e+01
    endloop
  endfacet
  facet normal -3.378493e-01 -7.012146e-04 -9.411999e-01
    outer loop
      vertex   -3.172796e+01 -2.155804e+01 3.366568e+01
      vertex   -3.161568e+01 -1.957033e+01 3.362389e+01
      vertex   -3.126660e+01 -2.156114e+01 3.350007e+01
    endloop
  endfacet
  facet normal -3.314965e-01 5.530933e-04 -9.434563e-01
    outer loop
      vertex   -3.126660e+01 -2.156114e+01 3.350007e+01
      vertex   -3.161568e+01 -1.957033e+01 3.362389e+01
      vertex   -3.096077e+01 -1.957038e+01 3.339378e+01
    endloop
  endfacet
  facet normal -3.229481e-01 -9.181469e-04 -9.464162e-01
    outer loop
      vertex   -3.126660e+01 -2.156114e+01 3.350007e+01
      vertex   -3.096077e+01 -1.957038e+01 3.339378e+01
      vertex   -3.080268e+01 -2.156423e+01 3.334177e+01
    endloop
  endfacet
  facet normal -3.180080e-01 -4.828289e-04 -9.480879e-01
    outer loop
      vertex   -3.080268e+01 -2.156423e+01 3.334177e+01
      vertex   -3.096077e+01 -1.957038e+01 3.339378e+01
      vertex   -3.096078e+01 -1.952038e+01 3.339376e+01
    endloop
  endfacet
  facet normal -3.180081e-01 -4.828360e-04 -9.480879e-01
    outer loop
      vertex   -3.080268e+01 -2.156423e+01 3.334177e+01
      vertex   -3.096078e+01 -1.952038e+01 3.339376e+01
      vertex   -3.096079e+01 -1.947038e+01 3.339373e+01
    endloop
  endfacet
  facet normal -3.180080e-01 -4.828338e-04 -9.480879e-01
    outer loop
      vertex   -3.096079e+01 -1.947038e+01 3.339373e+01
      vertex   -3.096080e+01 -1.942038e+01 3.339371e+01
      vertex   -3.080268e+01 -2.156423e+01 3.334177e+01
    endloop
  endfacet
  facet normal -3.180082e-01 -4.828426e-04 -9.480879e-01
    outer loop
      vertex   -3.080268e+01 -2.156423e+01 3.334177e+01
      vertex   -3.096080e+01 -1.942038e+01 3.339371e+01
      vertex   -3.096080e+01 -1.937038e+01 3.339369e+01
    endloop
  endfacet
  facet normal -3.085547e-01 2.723322e-04 -9.512066e-01
    outer loop
      vertex   -3.080268e+01 -2.156423e+01 3.334177e+01
      vertex   -3.096080e+01 -1.937038e+01 3.339369e+01
      vertex   -3.018772e+01 -1.937040e+01 3.314291e+01
    endloop
  endfacet
  facet normal -2.835779e-01 4.538067e-04 -9.589491e-01
    outer loop
      vertex   -2.940834e+01 -1.937039e+01 3.291244e+01
      vertex   -2.986764e+01 -2.157039e+01 3.304722e+01
      vertex   -3.018772e+01 -1.937040e+01 3.314291e+01
    endloop
  endfacet
  facet normal -2.929313e-01 -1.029519e-03 -9.561329e-01
    outer loop
      vertex   -3.018772e+01 -1.937040e+01 3.314291e+01
      vertex   -2.986764e+01 -2.157039e+01 3.304722e+01
      vertex   -3.033632e+01 -2.156731e+01 3.319081e+01
    endloop
  endfacet
  facet normal -3.079689e-01 9.091726e-05 -9.513964e-01
    outer loop
      vertex   -3.018772e+01 -1.937040e+01 3.314291e+01
      vertex   -3.033632e+01 -2.156731e+01 3.319081e+01
      vertex   -3.080268e+01 -2.156423e+01 3.334177e+01
    endloop
  endfacet
  facet normal -3.079725e-01 -5.173862e-04 -9.513951e-01
    outer loop
      vertex   -3.080268e+01 -2.156423e+01 3.334177e+01
      vertex   -3.033632e+01 -2.156731e+01 3.319081e+01
      vertex   -3.080250e+01 -2.377236e+01 3.334291e+01
    endloop
  endfacet
  facet normal -3.225276e-01 -5.160437e-04 -9.465599e-01
    outer loop
      vertex   -3.080268e+01 -2.156423e+01 3.334177e+01
      vertex   -3.080250e+01 -2.377236e+01 3.334291e+01
      vertex   -3.126652e+01 -2.376927e+01 3.350102e+01
    endloop
  endfacet
  facet normal -3.225271e-01 -4.179455e-04 -9.465601e-01
    outer loop
      vertex   -3.126652e+01 -2.376927e+01 3.350102e+01
      vertex   -3.080250e+01 -2.377236e+01 3.334291e+01
      vertex   -3.126648e+01 -2.487334e+01 3.350149e+01
    endloop
  endfacet
  facet normal -3.372252e-01 -4.162676e-04 -9.414239e-01
    outer loop
      vertex   -3.126652e+01 -2.376927e+01 3.350102e+01
      vertex   -3.126648e+01 -2.487334e+01 3.350149e+01
      vertex   -3.172799e+01 -2.487025e+01 3.366681e+01
    endloop
  endfacet
  facet normal -3.372246e-01 -3.183785e-04 -9.414242e-01
    outer loop
      vertex   -3.172799e+01 -2.487025e+01 3.366681e+01
      vertex   -3.126648e+01 -2.487334e+01 3.350149e+01
      vertex   -3.172800e+01 -2.597432e+01 3.366718e+01
    endloop
  endfacet
  facet normal -3.518549e-01 -3.164067e-04 -9.360545e-01
    outer loop
      vertex   -3.172799e+01 -2.487025e+01 3.366681e+01
      vertex   -3.172800e+01 -2.597432e+01 3.366718e+01
      vertex   -3.218689e+01 -2.597122e+01 3.383968e+01
    endloop
  endfacet
  facet normal -3.518544e-01 -2.187315e-04 -9.360547e-01
    outer loop
      vertex   -3.218689e+01 -2.597122e+01 3.383968e+01
      vertex   -3.172800e+01 -2.597432e+01 3.366718e+01
      vertex   -3.218692e+01 -2.652326e+01 3.383982e+01
    endloop
  endfacet
  facet normal -3.665190e-01 -2.164724e-04 -9.304106e-01
    outer loop
      vertex   -3.218689e+01 -2.597122e+01 3.383968e+01
      vertex   -3.218692e+01 -2.652326e+01 3.383982e+01
      vertex   -3.264305e+01 -2.652016e+01 3.401950e+01
    endloop
  endfacet
  facet normal -2.584074e-01 2.046491e-04 -9.660360e-01
    outer loop
      vertex   -2.862320e+01 -1.937034e+01 3.270242e+01
      vertex   -2.891232e+01 -2.157661e+01 3.277929e+01
      vertex   -2.940834e+01 -1.937039e+01 3.291244e+01
    endloop
  endfacet
  facet normal -2.623532e-01 -7.467130e-04 -9.649716e-01
    outer loop
      vertex   -2.940834e+01 -1.937039e+01 3.291244e+01
      vertex   -2.891232e+01 -2.157661e+01 3.277929e+01
      vertex   -2.939105e+01 -2.157350e+01 3.290944e+01
    endloop
  endfacet
  facet normal -2.777240e-01 -8.731860e-04 -9.606605e-01
    outer loop
      vertex   -2.940834e+01 -1.937039e+01 3.291244e+01
      vertex   -2.939105e+01 -2.157350e+01 3.290944e+01
      vertex   -2.986764e+01 -2.157039e+01 3.304722e+01
    endloop
  endfacet
  facet normal -2.777231e-01 -7.158873e-04 -9.606609e-01
    outer loop
      vertex   -2.986764e+01 -2.157039e+01 3.304722e+01
      vertex   -2.939105e+01 -2.157350e+01 3.290944e+01
      vertex   -2.986728e+01 -2.377852e+01 3.304876e+01
    endloop
  endfacet
  facet normal -2.925052e-01 -7.152389e-04 -9.562637e-01
    outer loop
      vertex   -2.986764e+01 -2.157039e+01 3.304722e+01
      vertex   -2.986728e+01 -2.377852e+01 3.304876e+01
      vertex   -3.033605e+01 -2.377544e+01 3.319215e+01
    endloop
  endfacet
  facet normal -2.925047e-01 -6.167308e-04 -9.562639e-01
    outer loop
      vertex   -3.033605e+01 -2.377544e+01 3.319215e+01
      vertex   -2.986728e+01 -2.377852e+01 3.304876e+01
      vertex   -3.033591e+01 -2.487951e+01 3.319282e+01
    endloop
  endfacet
  facet normal -3.073412e-01 -6.157140e-04 -9.515992e-01
    outer loop
      vertex   -3.033605e+01 -2.377544e+01 3.319215e+01
      vertex   -3.033591e+01 -2.487951e+01 3.319282e+01
      vertex   -3.080241e+01 -2.487643e+01 3.334348e+01
    endloop
  endfacet
  facet normal -3.073406e-01 -5.174116e-04 -9.515994e-01
    outer loop
      vertex   -3.080241e+01 -2.487643e+01 3.334348e+01
      vertex   -3.033591e+01 -2.487951e+01 3.319282e+01
      vertex   -3.080233e+01 -2.598050e+01 3.334406e+01
    endloop
  endfacet
  facet normal -3.221094e-01 -5.160544e-04 -9.467023e-01
    outer loop
      vertex   -3.080241e+01 -2.487643e+01 3.334348e+01
      vertex   -3.080233e+01 -2.598050e+01 3.334406e+01
      vertex   -3.126644e+01 -2.597741e+01 3.350197e+01
    endloop
  endfacet
  facet normal -3.221089e-01 -4.179631e-04 -9.467025e-01
    outer loop
      vertex   -3.126644e+01 -2.597741e+01 3.350197e+01
      vertex   -3.080233e+01 -2.598050e+01 3.334406e+01
      vertex   -3.126642e+01 -2.652944e+01 3.350220e+01
    endloop
  endfacet
  facet normal -3.369139e-01 -4.162762e-04 -9.415354e-01
    outer loop
      vertex   -3.126644e+01 -2.597741e+01 3.350197e+01
      vertex   -3.126642e+01 -2.652944e+01 3.350220e+01
      vertex   -3.172800e+01 -2.652635e+01 3.366737e+01
    endloop
  endfacet
  facet normal -2.499788e-01 -9.770598e-04 -9.682508e-01
    outer loop
      vertex   -2.862320e+01 -1.937034e+01 3.270242e+01
      vertex   -2.862314e+01 -1.957034e+01 3.270261e+01
      vertex   -2.891232e+01 -2.157661e+01 3.277929e+01
    endloop
  endfacet
  facet normal -2.469146e-01 -1.448752e-03 -9.690362e-01
    outer loop
      vertex   -2.891232e+01 -2.157661e+01 3.277929e+01
      vertex   -2.862314e+01 -1.957034e+01 3.270261e+01
      vertex   -2.843158e+01 -2.157970e+01 3.265680e+01
    endloop
  endfacet
  facet normal -2.469115e-01 -9.159966e-04 -9.690376e-01
    outer loop
      vertex   -2.891232e+01 -2.157661e+01 3.277929e+01
      vertex   -2.843158e+01 -2.157970e+01 3.265680e+01
      vertex   -2.891178e+01 -2.378474e+01 3.278124e+01
    endloop
  endfacet
  facet normal -2.464795e-01 -1.016297e-03 -9.691475e-01
    outer loop
      vertex   -2.891178e+01 -2.378474e+01 3.278124e+01
      vertex   -2.843158e+01 -2.157970e+01 3.265680e+01
      vertex   -2.843096e+01 -2.378784e+01 3.265896e+01
    endloop
  endfacet
  facet normal -2.464789e-01 -9.159750e-04 -9.691477e-01
    outer loop
      vertex   -2.891178e+01 -2.378474e+01 3.278124e+01
      vertex   -2.843096e+01 -2.378784e+01 3.265896e+01
      vertex   -2.891152e+01 -2.488881e+01 3.278222e+01
    endloop
  endfacet
  facet normal -2.462631e-01 -1.016277e-03 -9.692025e-01
    outer loop
      vertex   -2.891152e+01 -2.488881e+01 3.278222e+01
      vertex   -2.843096e+01 -2.378784e+01 3.265896e+01
      vertex   -2.843065e+01 -2.489190e+01 3.266004e+01
    endloop
  endfacet
  facet normal -2.462625e-01 -9.159542e-04 -9.692027e-01
    outer loop
      vertex   -2.891152e+01 -2.488881e+01 3.278222e+01
      vertex   -2.843065e+01 -2.489190e+01 3.266004e+01
      vertex   -2.891125e+01 -2.599287e+01 3.278319e+01
    endloop
  endfacet
  facet normal -2.460468e-01 -1.016255e-03 -9.692574e-01
    outer loop
      vertex   -2.891125e+01 -2.599287e+01 3.278319e+01
      vertex   -2.843065e+01 -2.489190e+01 3.266004e+01
      vertex   -2.843034e+01 -2.599597e+01 3.266111e+01
    endloop
  endfacet
  facet normal -2.460462e-01 -9.159339e-04 -9.692577e-01
    outer loop
      vertex   -2.891125e+01 -2.599287e+01 3.278319e+01
      vertex   -2.843034e+01 -2.599597e+01 3.266111e+01
      vertex   -2.891111e+01 -2.654491e+01 3.278368e+01
    endloop
  endfacet
  facet normal -2.459386e-01 -1.016236e-03 -9.692849e-01
    outer loop
      vertex   -2.891111e+01 -2.654491e+01 3.278368e+01
      vertex   -2.843034e+01 -2.599597e+01 3.266111e+01
      vertex   -2.843018e+01 -2.654800e+01 3.266165e+01
    endloop
  endfacet
  facet normal -2.352385e-01 -2.694738e-04 -9.719376e-01
    outer loop
      vertex   -2.862314e+01 -1.957034e+01 3.270261e+01
      vertex   -2.797208e+01 -1.957028e+01 3.254503e+01
      vertex   -2.843158e+01 -2.157970e+01 3.265680e+01
    endloop
  endfacet
  facet normal -2.313978e-01 -1.198974e-03 -9.728585e-01
    outer loop
      vertex   -2.843158e+01 -2.157970e+01 3.265680e+01
      vertex   -2.797208e+01 -1.957028e+01 3.254503e+01
      vertex   -2.794894e+01 -2.158279e+01 3.254200e+01
    endloop
  endfacet
  facet normal -2.313967e-01 -1.015692e-03 -9.728590e-01
    outer loop
      vertex   -2.843158e+01 -2.157970e+01 3.265680e+01
      vertex   -2.794894e+01 -2.158279e+01 3.254200e+01
      vertex   -2.843096e+01 -2.378784e+01 3.265896e+01
    endloop
  endfacet
  facet normal -2.309620e-01 -1.116188e-03 -9.729621e-01
    outer loop
      vertex   -2.843096e+01 -2.378784e+01 3.265896e+01
      vertex   -2.794894e+01 -2.158279e+01 3.254200e+01
      vertex   -2.794824e+01 -2.379093e+01 3.254437e+01
    endloop
  endfacet
  facet normal -2.309614e-01 -1.015659e-03 -9.729624e-01
    outer loop
      vertex   -2.843096e+01 -2.378784e+01 3.265896e+01
      vertex   -2.794824e+01 -2.379093e+01 3.254437e+01
      vertex   -2.843065e+01 -2.489190e+01 3.266004e+01
    endloop
  endfacet
  facet normal -2.307444e-01 -1.116164e-03 -9.730138e-01
    outer loop
      vertex   -2.843065e+01 -2.489190e+01 3.266004e+01
      vertex   -2.794824e+01 -2.379093e+01 3.254437e+01
      vertex   -2.794789e+01 -2.489499e+01 3.254556e+01
    endloop
  endfacet
  facet normal -2.307438e-01 -1.015633e-03 -9.730140e-01
    outer loop
      vertex   -2.843065e+01 -2.489190e+01 3.266004e+01
      vertex   -2.794789e+01 -2.489499e+01 3.254556e+01
      vertex   -2.843034e+01 -2.599597e+01 3.266111e+01
    endloop
  endfacet
  facet normal -2.305267e-01 -1.116137e-03 -9.730654e-01
    outer loop
      vertex   -2.843034e+01 -2.599597e+01 3.266111e+01
      vertex   -2.794789e+01 -2.489499e+01 3.254556e+01
      vertex   -2.794754e+01 -2.599906e+01 3.254674e+01
    endloop
  endfacet
  facet normal -2.305261e-01 -1.015607e-03 -9.730656e-01
    outer loop
      vertex   -2.843034e+01 -2.599597e+01 3.266111e+01
      vertex   -2.794754e+01 -2.599906e+01 3.254674e+01
      vertex   -2.843018e+01 -2.654800e+01 3.266165e+01
    endloop
  endfacet
  facet normal -2.304179e-01 -1.116117e-03 -9.730911e-01
    outer loop
      vertex   -2.843018e+01 -2.654800e+01 3.266165e+01
      vertex   -2.794754e+01 -2.599906e+01 3.254674e+01
      vertex   -2.794737e+01 -2.655109e+01 3.254733e+01
    endloop
  endfacet
  facet normal -2.158084e-01 -1.014387e-03 -9.764352e-01
    outer loop
      vertex   -2.794894e+01 -2.158279e+01 3.254200e+01
      vertex   -2.797208e+01 -1.957028e+01 3.254503e+01
      vertex   -2.746453e+01 -2.158588e+01 3.243495e+01
    endloop
  endfacet
  facet normal -2.142029e-01 -5.907976e-04 -9.767890e-01
    outer loop
      vertex   -2.746453e+01 -2.158588e+01 3.243495e+01
      vertex   -2.797208e+01 -1.957028e+01 3.254503e+01
      vertex   -2.731806e+01 -1.957020e+01 3.240161e+01
    endloop
  endfacet
  facet normal -2.001508e-01 -1.661112e-03 -9.797637e-01
    outer loop
      vertex   -2.746453e+01 -2.158588e+01 3.243495e+01
      vertex   -2.731806e+01 -1.957020e+01 3.240161e+01
      vertex   -2.697846e+01 -2.158895e+01 3.233565e+01
    endloop
  endfacet
  facet normal -1.930453e-01 -4.192472e-04 -9.811898e-01
    outer loop
      vertex   -2.697846e+01 -2.158895e+01 3.233565e+01
      vertex   -2.731806e+01 -1.957020e+01 3.240161e+01
      vertex   -2.666149e+01 -1.957009e+01 3.227243e+01
    endloop
  endfacet
  facet normal -1.844172e-01 -1.825818e-03 -9.828464e-01
    outer loop
      vertex   -2.697846e+01 -2.158895e+01 3.233565e+01
      vertex   -2.666149e+01 -1.957009e+01 3.227243e+01
      vertex   -2.649087e+01 -2.159201e+01 3.224417e+01
    endloop
  endfacet
  facet normal -1.717685e-01 -7.264635e-04 -9.851371e-01
    outer loop
      vertex   -2.649087e+01 -2.159201e+01 3.224417e+01
      vertex   -2.666149e+01 -1.957009e+01 3.227243e+01
      vertex   -2.600277e+01 -1.956997e+01 3.215757e+01
    endloop
  endfacet
  facet normal -1.690148e-01 -1.411542e-03 -9.856125e-01
    outer loop
      vertex   -2.649087e+01 -2.159201e+01 3.224417e+01
      vertex   -2.600277e+01 -1.956997e+01 3.215757e+01
      vertex   -2.648995e+01 -2.380014e+01 3.224718e+01
    endloop
  endfacet
  facet normal -1.681628e-01 -1.512747e-03 -9.857581e-01
    outer loop
      vertex   -2.648995e+01 -2.380014e+01 3.224718e+01
      vertex   -2.600277e+01 -1.956997e+01 3.215757e+01
      vertex   -2.599894e+01 -2.816996e+01 3.217012e+01
    endloop
  endfacet
  facet normal -1.672828e-01 -1.411220e-03 -9.859079e-01
    outer loop
      vertex   -2.648995e+01 -2.380014e+01 3.224718e+01
      vertex   -2.599894e+01 -2.816996e+01 3.217012e+01
      vertex   -2.648949e+01 -2.490421e+01 3.224868e+01
    endloop
  endfacet
  facet normal -1.672828e-01 -1.411216e-03 -9.859079e-01
    outer loop
      vertex   -2.648949e+01 -2.490421e+01 3.224868e+01
      vertex   -2.599894e+01 -2.816996e+01 3.217012e+01
      vertex   -2.648903e+01 -2.600827e+01 3.225018e+01
    endloop
  endfacet
  facet normal -1.835298e-01 -1.414032e-03 -9.830131e-01
    outer loop
      vertex   -2.648949e+01 -2.490421e+01 3.224868e+01
      vertex   -2.648903e+01 -2.600827e+01 3.225018e+01
      vertex   -2.697677e+01 -2.600521e+01 3.234124e+01
    endloop
  endfacet
  facet normal -1.835292e-01 -1.312875e-03 -9.830134e-01
    outer loop
      vertex   -2.697677e+01 -2.600521e+01 3.234124e+01
      vertex   -2.648903e+01 -2.600827e+01 3.225018e+01
      vertex   -2.697655e+01 -2.655724e+01 3.234193e+01
    endloop
  endfacet
  facet normal -1.991583e-01 -1.315030e-03 -9.799664e-01
    outer loop
      vertex   -2.697677e+01 -2.600521e+01 3.234124e+01
      vertex   -2.697655e+01 -2.655724e+01 3.234193e+01
      vertex   -2.746278e+01 -2.655417e+01 3.244075e+01
    endloop
  endfacet
  facet normal -1.672828e-01 -1.411211e-03 -9.859079e-01
    outer loop
      vertex   -2.648903e+01 -2.600827e+01 3.225018e+01
      vertex   -2.599894e+01 -2.816996e+01 3.217012e+01
      vertex   -2.648880e+01 -2.656030e+01 3.225093e+01
    endloop
  endfacet
  facet normal -1.844142e-01 -1.313028e-03 -9.828477e-01
    outer loop
      vertex   -2.697846e+01 -2.158895e+01 3.233565e+01
      vertex   -2.649087e+01 -2.159201e+01 3.224417e+01
      vertex   -2.697762e+01 -2.379708e+01 3.233845e+01
    endloop
  endfacet
  facet normal -1.839723e-01 -1.414111e-03 -9.829304e-01
    outer loop
      vertex   -2.697762e+01 -2.379708e+01 3.233845e+01
      vertex   -2.649087e+01 -2.159201e+01 3.224417e+01
      vertex   -2.648995e+01 -2.380014e+01 3.224718e+01
    endloop
  endfacet
  facet normal -1.839717e-01 -1.312957e-03 -9.829307e-01
    outer loop
      vertex   -2.697762e+01 -2.379708e+01 3.233845e+01
      vertex   -2.648995e+01 -2.380014e+01 3.224718e+01
      vertex   -2.697719e+01 -2.490114e+01 3.233984e+01
    endloop
  endfacet
  facet normal -1.837510e-01 -1.414072e-03 -9.829718e-01
    outer loop
      vertex   -2.697719e+01 -2.490114e+01 3.233984e+01
      vertex   -2.648995e+01 -2.380014e+01 3.224718e+01
      vertex   -2.648949e+01 -2.490421e+01 3.224868e+01
    endloop
  endfacet
  facet normal -1.837505e-01 -1.312916e-03 -9.829720e-01
    outer loop
      vertex   -2.697719e+01 -2.490114e+01 3.233984e+01
      vertex   -2.648949e+01 -2.490421e+01 3.224868e+01
      vertex   -2.697677e+01 -2.600521e+01 3.234124e+01
    endloop
  endfacet
  facet normal -2.158090e-01 -1.115114e-03 -9.764350e-01
    outer loop
      vertex   -2.794824e+01 -2.379093e+01 3.254437e+01
      vertex   -2.794894e+01 -2.158279e+01 3.254200e+01
      vertex   -2.746453e+01 -2.158588e+01 3.243495e+01
    endloop
  endfacet
  facet normal -2.001482e-01 -1.214235e-03 -9.797649e-01
    outer loop
      vertex   -2.746453e+01 -2.158588e+01 3.243495e+01
      vertex   -2.697846e+01 -2.158895e+01 3.233565e+01
      vertex   -2.746375e+01 -2.379401e+01 3.243752e+01
    endloop
  endfacet
  facet normal -1.997086e-01 -1.315122e-03 -9.798545e-01
    outer loop
      vertex   -2.746375e+01 -2.379401e+01 3.243752e+01
      vertex   -2.697846e+01 -2.158895e+01 3.233565e+01
      vertex   -2.697762e+01 -2.379708e+01 3.233845e+01
    endloop
  endfacet
  facet normal -1.997080e-01 -1.214176e-03 -9.798547e-01
    outer loop
      vertex   -2.746375e+01 -2.379401e+01 3.243752e+01
      vertex   -2.697762e+01 -2.379708e+01 3.233845e+01
      vertex   -2.746336e+01 -2.489807e+01 3.243881e+01
    endloop
  endfacet
  facet normal -1.994885e-01 -1.315088e-03 -9.798993e-01
    outer loop
      vertex   -2.746336e+01 -2.489807e+01 3.243881e+01
      vertex   -2.697762e+01 -2.379708e+01 3.233845e+01
      vertex   -2.697719e+01 -2.490114e+01 3.233984e+01
    endloop
  endfacet
  facet normal -1.994879e-01 -1.214140e-03 -9.798995e-01
    outer loop
      vertex   -2.746336e+01 -2.489807e+01 3.243881e+01
      vertex   -2.697719e+01 -2.490114e+01 3.233984e+01
      vertex   -2.746298e+01 -2.600214e+01 3.244010e+01
    endloop
  endfacet
  facet normal -1.992684e-01 -1.315052e-03 -9.799441e-01
    outer loop
      vertex   -2.746298e+01 -2.600214e+01 3.244010e+01
      vertex   -2.697719e+01 -2.490114e+01 3.233984e+01
      vertex   -2.697677e+01 -2.600521e+01 3.234124e+01
    endloop
  endfacet
  facet normal -1.992678e-01 -1.214104e-03 -9.799443e-01
    outer loop
      vertex   -2.746298e+01 -2.600214e+01 3.244010e+01
      vertex   -2.697677e+01 -2.600521e+01 3.234124e+01
      vertex   -2.746278e+01 -2.655417e+01 3.244075e+01
    endloop
  endfacet
  facet normal -2.623536e-01 -8.160529e-04 -9.649715e-01
    outer loop
      vertex   -2.939105e+01 -2.157350e+01 3.290944e+01
      vertex   -2.891232e+01 -2.157661e+01 3.277929e+01
      vertex   -2.939060e+01 -2.378164e+01 3.291119e+01
    endloop
  endfacet
  facet normal -2.619242e-01 -9.161566e-04 -9.650880e-01
    outer loop
      vertex   -2.939060e+01 -2.378164e+01 3.291119e+01
      vertex   -2.891232e+01 -2.157661e+01 3.277929e+01
      vertex   -2.891178e+01 -2.378474e+01 3.278124e+01
    endloop
  endfacet
  facet normal -2.619237e-01 -8.160431e-04 -9.650882e-01
    outer loop
      vertex   -2.939060e+01 -2.378164e+01 3.291119e+01
      vertex   -2.891178e+01 -2.378474e+01 3.278124e+01
      vertex   -2.939037e+01 -2.488570e+01 3.291206e+01
    endloop
  endfacet
  facet normal -2.617093e-01 -9.161422e-04 -9.651463e-01
    outer loop
      vertex   -2.939037e+01 -2.488570e+01 3.291206e+01
      vertex   -2.891178e+01 -2.378474e+01 3.278124e+01
      vertex   -2.891152e+01 -2.488881e+01 3.278222e+01
    endloop
  endfacet
  facet normal -2.617087e-01 -8.160278e-04 -9.651466e-01
    outer loop
      vertex   -2.939037e+01 -2.488570e+01 3.291206e+01
      vertex   -2.891152e+01 -2.488881e+01 3.278222e+01
      vertex   -2.939015e+01 -2.598977e+01 3.291293e+01
    endloop
  endfacet
  facet normal -2.614943e-01 -9.161248e-04 -9.652046e-01
    outer loop
      vertex   -2.939015e+01 -2.598977e+01 3.291293e+01
      vertex   -2.891152e+01 -2.488881e+01 3.278222e+01
      vertex   -2.891125e+01 -2.599287e+01 3.278319e+01
    endloop
  endfacet
  facet normal -2.614937e-01 -8.160131e-04 -9.652048e-01
    outer loop
      vertex   -2.939015e+01 -2.598977e+01 3.291293e+01
      vertex   -2.891125e+01 -2.599287e+01 3.278319e+01
      vertex   -2.939003e+01 -2.654180e+01 3.291337e+01
    endloop
  endfacet
  facet normal -2.613868e-01 -9.161084e-04 -9.652337e-01
    outer loop
      vertex   -2.939003e+01 -2.654180e+01 3.291337e+01
      vertex   -2.891125e+01 -2.599287e+01 3.278319e+01
      vertex   -2.891111e+01 -2.654491e+01 3.278368e+01
    endloop
  endfacet
  facet normal -3.075518e-01 -6.157129e-04 -9.515311e-01
    outer loop
      vertex   -3.080250e+01 -2.377236e+01 3.334291e+01
      vertex   -3.033632e+01 -2.156731e+01 3.319081e+01
      vertex   -3.033605e+01 -2.377544e+01 3.319215e+01
    endloop
  endfacet
  facet normal -2.929289e-01 -6.167183e-04 -9.561340e-01
    outer loop
      vertex   -3.033605e+01 -2.377544e+01 3.319215e+01
      vertex   -3.033632e+01 -2.156731e+01 3.319081e+01
      vertex   -2.986764e+01 -2.157039e+01 3.304722e+01
    endloop
  endfacet
  facet normal -3.229453e-01 -4.179119e-04 -9.464175e-01
    outer loop
      vertex   -3.080268e+01 -2.156423e+01 3.334177e+01
      vertex   -3.126652e+01 -2.376927e+01 3.350102e+01
      vertex   -3.126660e+01 -2.156114e+01 3.350007e+01
    endloop
  endfacet
  facet normal -3.374327e-01 -4.162558e-04 -9.413496e-01
    outer loop
      vertex   -3.126660e+01 -2.156114e+01 3.350007e+01
      vertex   -3.126652e+01 -2.376927e+01 3.350102e+01
      vertex   -3.172798e+01 -2.376618e+01 3.366643e+01
    endloop
  endfacet
  facet normal -3.378471e-01 -3.183201e-04 -9.412009e-01
    outer loop
      vertex   -3.126660e+01 -2.156114e+01 3.350007e+01
      vertex   -3.172798e+01 -2.376618e+01 3.366643e+01
      vertex   -3.172796e+01 -2.155804e+01 3.366568e+01
    endloop
  endfacet
  facet normal -3.522667e-01 -3.163735e-04 -9.358996e-01
    outer loop
      vertex   -3.172796e+01 -2.155804e+01 3.366568e+01
      vertex   -3.172798e+01 -2.376618e+01 3.366643e+01
      vertex   -3.218677e+01 -2.376309e+01 3.383911e+01
    endloop
  endfacet
  facet normal -3.821249e-01 -1.908337e-05 -9.241107e-01
    outer loop
      vertex   -3.309586e+01 -2.375689e+01 3.420616e+01
      vertex   -3.309552e+01 -2.154876e+01 3.420597e+01
      vertex   -3.264254e+01 -2.155185e+01 3.401866e+01
    endloop
  endfacet
  facet normal -3.817205e-01 -1.164228e-04 -9.242778e-01
    outer loop
      vertex   -3.309586e+01 -2.375689e+01 3.420616e+01
      vertex   -3.264254e+01 -2.155185e+01 3.401866e+01
      vertex   -3.264276e+01 -2.375999e+01 3.401903e+01
    endloop
  endfacet
  facet normal -3.674373e-01 -1.188814e-04 -9.300483e-01
    outer loop
      vertex   -3.264276e+01 -2.375999e+01 3.401903e+01
      vertex   -3.264254e+01 -2.155185e+01 3.401866e+01
      vertex   -3.218664e+01 -2.155495e+01 3.383855e+01
    endloop
  endfacet
  facet normal -1.834191e-01 -1.414010e-03 -9.830338e-01
    outer loop
      vertex   -2.697655e+01 -2.655724e+01 3.234193e+01
      vertex   -2.648903e+01 -2.600827e+01 3.225018e+01
      vertex   -2.648880e+01 -2.656030e+01 3.225093e+01
    endloop
  endfacet
  facet normal -3.812144e-01 -1.164904e-04 -9.244867e-01
    outer loop
      vertex   -3.264305e+01 -2.652016e+01 3.401950e+01
      vertex   -3.309628e+01 -2.651706e+01 3.420639e+01
      vertex   -3.264299e+01 -2.596813e+01 3.401941e+01
    endloop
  endfacet
  facet normal -3.813150e-01 -1.922450e-05 -9.244452e-01
    outer loop
      vertex   -3.264299e+01 -2.596813e+01 3.401941e+01
      vertex   -3.309628e+01 -2.651706e+01 3.420639e+01
      vertex   -3.309619e+01 -2.596503e+01 3.420634e+01
    endloop
  endfacet
  facet normal -3.813156e-01 -1.164795e-04 -9.244449e-01
    outer loop
      vertex   -3.264299e+01 -2.596813e+01 3.401941e+01
      vertex   -3.309619e+01 -2.596503e+01 3.420634e+01
      vertex   -3.264288e+01 -2.486406e+01 3.401922e+01
    endloop
  endfacet
  facet normal -3.370171e-01 -3.183939e-04 -9.414985e-01
    outer loop
      vertex   -3.126644e+01 -2.597741e+01 3.350197e+01
      vertex   -3.172800e+01 -2.652635e+01 3.366737e+01
      vertex   -3.172800e+01 -2.597432e+01 3.366718e+01
    endloop
  endfacet
  facet normal -3.517520e-01 -3.164091e-04 -9.360932e-01
    outer loop
      vertex   -3.172800e+01 -2.597432e+01 3.366718e+01
      vertex   -3.172800e+01 -2.652635e+01 3.366737e+01
      vertex   -3.218692e+01 -2.652326e+01 3.383982e+01
    endloop
  endfacet
  facet normal -3.220049e-01 -5.160494e-04 -9.467379e-01
    outer loop
      vertex   -3.126642e+01 -2.652944e+01 3.350220e+01
      vertex   -3.080233e+01 -2.598050e+01 3.334406e+01
      vertex   -3.080228e+01 -2.653253e+01 3.334434e+01
    endloop
  endfacet
  facet normal -3.071299e-01 -5.174147e-04 -9.516674e-01
    outer loop
      vertex   -3.080228e+01 -2.653253e+01 3.334434e+01
      vertex   -3.080233e+01 -2.598050e+01 3.334406e+01
      vertex   -3.033578e+01 -2.598358e+01 3.319349e+01
    endloop
  endfacet
  facet normal -3.070252e-01 -6.157043e-04 -9.517012e-01
    outer loop
      vertex   -3.080228e+01 -2.653253e+01 3.334434e+01
      vertex   -3.033578e+01 -2.598358e+01 3.319349e+01
      vertex   -3.033571e+01 -2.653561e+01 3.319382e+01
    endloop
  endfacet
  facet normal -2.920804e-01 -6.167242e-04 -9.563936e-01
    outer loop
      vertex   -3.033571e+01 -2.653561e+01 3.319382e+01
      vertex   -3.033578e+01 -2.598358e+01 3.319349e+01
      vertex   -2.986691e+01 -2.598666e+01 3.305030e+01
    endloop
  endfacet
  facet normal -2.919749e-01 -7.152166e-04 -9.564257e-01
    outer loop
      vertex   -3.033571e+01 -2.653561e+01 3.319382e+01
      vertex   -2.986691e+01 -2.598666e+01 3.305030e+01
      vertex   -2.986682e+01 -2.653869e+01 3.305069e+01
    endloop
  endfacet
  facet normal -2.768688e-01 -7.158704e-04 -9.609075e-01
    outer loop
      vertex   -2.986682e+01 -2.653869e+01 3.305069e+01
      vertex   -2.986691e+01 -2.598666e+01 3.305030e+01
      vertex   -2.939015e+01 -2.598977e+01 3.291293e+01
    endloop
  endfacet
  facet normal -2.767626e-01 -8.157584e-04 -9.609380e-01
    outer loop
      vertex   -2.986682e+01 -2.653869e+01 3.305069e+01
      vertex   -2.939015e+01 -2.598977e+01 3.291293e+01
      vertex   -2.939003e+01 -2.654180e+01 3.291337e+01
    endloop
  endfacet
  facet normal -2.148245e-01 -1.215723e-03 -9.766519e-01
    outer loop
      vertex   -2.746298e+01 -2.600214e+01 3.244010e+01
      vertex   -2.746278e+01 -2.655417e+01 3.244075e+01
      vertex   -2.794737e+01 -2.655109e+01 3.254733e+01
    endloop
  endfacet
  facet normal -2.149334e-01 -1.115006e-03 -9.766281e-01
    outer loop
      vertex   -2.746298e+01 -2.600214e+01 3.244010e+01
      vertex   -2.794737e+01 -2.655109e+01 3.254733e+01
      vertex   -2.794754e+01 -2.599906e+01 3.254674e+01
    endloop
  endfacet
  facet normal -3.666205e-01 -1.190002e-04 -9.303706e-01
    outer loop
      vertex   -3.264305e+01 -2.652016e+01 3.401950e+01
      vertex   -3.264299e+01 -2.596813e+01 3.401941e+01
      vertex   -3.218689e+01 -2.597122e+01 3.383968e+01
    endloop
  endfacet
  facet normal -3.666211e-01 -2.164659e-04 -9.303703e-01
    outer loop
      vertex   -3.218689e+01 -2.597122e+01 3.383968e+01
      vertex   -3.264299e+01 -2.596813e+01 3.401941e+01
      vertex   -3.218683e+01 -2.486715e+01 3.383939e+01
    endloop
  endfacet
  facet normal -3.520603e-01 -2.187098e-04 -9.359773e-01
    outer loop
      vertex   -3.218689e+01 -2.597122e+01 3.383968e+01
      vertex   -3.218683e+01 -2.486715e+01 3.383939e+01
      vertex   -3.172799e+01 -2.487025e+01 3.366681e+01
    endloop
  endfacet
  facet normal -3.520608e-01 -3.163908e-04 -9.359771e-01
    outer loop
      vertex   -3.172799e+01 -2.487025e+01 3.366681e+01
      vertex   -3.218683e+01 -2.486715e+01 3.383939e+01
      vertex   -3.172798e+01 -2.376618e+01 3.366643e+01
    endloop
  endfacet
  facet normal -3.374321e-01 -3.183638e-04 -9.413498e-01
    outer loop
      vertex   -3.172799e+01 -2.487025e+01 3.366681e+01
      vertex   -3.172798e+01 -2.376618e+01 3.366643e+01
      vertex   -3.126652e+01 -2.376927e+01 3.350102e+01
    endloop
  endfacet
  facet normal -3.668247e-01 -1.189722e-04 -9.302901e-01
    outer loop
      vertex   -3.218683e+01 -2.486715e+01 3.383939e+01
      vertex   -3.264299e+01 -2.596813e+01 3.401941e+01
      vertex   -3.264288e+01 -2.486406e+01 3.401922e+01
    endloop
  endfacet
  facet normal -3.223180e-01 -4.179539e-04 -9.466314e-01
    outer loop
      vertex   -3.080241e+01 -2.487643e+01 3.334348e+01
      vertex   -3.126644e+01 -2.597741e+01 3.350197e+01
      vertex   -3.126648e+01 -2.487334e+01 3.350149e+01
    endloop
  endfacet
  facet normal -3.370176e-01 -4.162776e-04 -9.414982e-01
    outer loop
      vertex   -3.126648e+01 -2.487334e+01 3.350149e+01
      vertex   -3.126644e+01 -2.597741e+01 3.350197e+01
      vertex   -3.172800e+01 -2.597432e+01 3.366718e+01
    endloop
  endfacet
  facet normal -3.071305e-01 -6.157126e-04 -9.516672e-01
    outer loop
      vertex   -3.080233e+01 -2.598050e+01 3.334406e+01
      vertex   -3.033591e+01 -2.487951e+01 3.319282e+01
      vertex   -3.033578e+01 -2.598358e+01 3.319349e+01
    endloop
  endfacet
  facet normal -2.922925e-01 -6.167271e-04 -9.563288e-01
    outer loop
      vertex   -3.033578e+01 -2.598358e+01 3.319349e+01
      vertex   -3.033591e+01 -2.487951e+01 3.319282e+01
      vertex   -2.986709e+01 -2.488259e+01 3.304953e+01
    endloop
  endfacet
  facet normal -2.920810e-01 -7.152280e-04 -9.563933e-01
    outer loop
      vertex   -3.033578e+01 -2.598358e+01 3.319349e+01
      vertex   -2.986709e+01 -2.488259e+01 3.304953e+01
      vertex   -2.986691e+01 -2.598666e+01 3.305030e+01
    endloop
  endfacet
  facet normal -2.770823e-01 -7.158793e-04 -9.608459e-01
    outer loop
      vertex   -2.986691e+01 -2.598666e+01 3.305030e+01
      vertex   -2.986709e+01 -2.488259e+01 3.304953e+01
      vertex   -2.939037e+01 -2.488570e+01 3.291206e+01
    endloop
  endfacet
  facet normal -2.768694e-01 -8.157725e-04 -9.609072e-01
    outer loop
      vertex   -2.986691e+01 -2.598666e+01 3.305030e+01
      vertex   -2.939037e+01 -2.488570e+01 3.291206e+01
      vertex   -2.939015e+01 -2.598977e+01 3.291293e+01
    endloop
  endfacet
  facet normal -2.149340e-01 -1.215744e-03 -9.766278e-01
    outer loop
      vertex   -2.746336e+01 -2.489807e+01 3.243881e+01
      vertex   -2.746298e+01 -2.600214e+01 3.244010e+01
      vertex   -2.794754e+01 -2.599906e+01 3.254674e+01
    endloop
  endfacet
  facet normal -2.151523e-01 -1.115037e-03 -9.765799e-01
    outer loop
      vertex   -2.746336e+01 -2.489807e+01 3.243881e+01
      vertex   -2.794754e+01 -2.599906e+01 3.254674e+01
      vertex   -2.794789e+01 -2.489499e+01 3.254556e+01
    endloop
  endfacet
  facet normal -3.817200e-01 -1.915590e-05 -9.242780e-01
    outer loop
      vertex   -3.309586e+01 -2.375689e+01 3.420616e+01
      vertex   -3.264276e+01 -2.375999e+01 3.401903e+01
      vertex   -3.309602e+01 -2.486096e+01 3.420625e+01
    endloop
  endfacet
  facet normal -3.522661e-01 -2.186887e-04 -9.358998e-01
    outer loop
      vertex   -3.172798e+01 -2.376618e+01 3.366643e+01
      vertex   -3.218683e+01 -2.486715e+01 3.383939e+01
      vertex   -3.218677e+01 -2.376309e+01 3.383911e+01
    endloop
  endfacet
  facet normal -3.668253e-01 -2.164439e-04 -9.302898e-01
    outer loop
      vertex   -3.218677e+01 -2.376309e+01 3.383911e+01
      vertex   -3.218683e+01 -2.486715e+01 3.383939e+01
      vertex   -3.264288e+01 -2.486406e+01 3.401922e+01
    endloop
  endfacet
  facet normal -3.075512e-01 -5.174093e-04 -9.515314e-01
    outer loop
      vertex   -3.033605e+01 -2.377544e+01 3.319215e+01
      vertex   -3.080241e+01 -2.487643e+01 3.334348e+01
      vertex   -3.080250e+01 -2.377236e+01 3.334291e+01
    endloop
  endfacet
  facet normal -3.223185e-01 -5.160501e-04 -9.466311e-01
    outer loop
      vertex   -3.080250e+01 -2.377236e+01 3.334291e+01
      vertex   -3.080241e+01 -2.487643e+01 3.334348e+01
      vertex   -3.126648e+01 -2.487334e+01 3.350149e+01
    endloop
  endfacet
  facet normal -2.770829e-01 -8.157847e-04 -9.608457e-01
    outer loop
      vertex   -2.939060e+01 -2.378164e+01 3.291119e+01
      vertex   -2.939037e+01 -2.488570e+01 3.291206e+01
      vertex   -2.986709e+01 -2.488259e+01 3.304953e+01
    endloop
  endfacet
  facet normal -2.772959e-01 -7.158888e-04 -9.607843e-01
    outer loop
      vertex   -2.939060e+01 -2.378164e+01 3.291119e+01
      vertex   -2.986709e+01 -2.488259e+01 3.304953e+01
      vertex   -2.986728e+01 -2.377852e+01 3.304876e+01
    endloop
  endfacet
  facet normal -2.922931e-01 -7.152348e-04 -9.563285e-01
    outer loop
      vertex   -2.986728e+01 -2.377852e+01 3.304876e+01
      vertex   -2.986709e+01 -2.488259e+01 3.304953e+01
      vertex   -3.033591e+01 -2.487951e+01 3.319282e+01
    endloop
  endfacet
  facet normal -2.151529e-01 -1.215776e-03 -9.765796e-01
    outer loop
      vertex   -2.746375e+01 -2.379401e+01 3.243752e+01
      vertex   -2.746336e+01 -2.489807e+01 3.243881e+01
      vertex   -2.794789e+01 -2.489499e+01 3.254556e+01
    endloop
  endfacet
  facet normal -2.153712e-01 -1.115068e-03 -9.765316e-01
    outer loop
      vertex   -2.746375e+01 -2.379401e+01 3.243752e+01
      vertex   -2.794789e+01 -2.489499e+01 3.254556e+01
      vertex   -2.794824e+01 -2.379093e+01 3.254437e+01
    endloop
  endfacet
  facet normal -2.772965e-01 -8.157940e-04 -9.607840e-01
    outer loop
      vertex   -2.939105e+01 -2.157350e+01 3.290944e+01
      vertex   -2.939060e+01 -2.378164e+01 3.291119e+01
      vertex   -2.986728e+01 -2.377852e+01 3.304876e+01
    endloop
  endfacet
  facet normal -2.153718e-01 -1.215805e-03 -9.765314e-01
    outer loop
      vertex   -2.746453e+01 -2.158588e+01 3.243495e+01
      vertex   -2.746375e+01 -2.379401e+01 3.243752e+01
      vertex   -2.794824e+01 -2.379093e+01 3.254437e+01
    endloop
  endfacet
  facet normal -4.446125e-01 8.729014e-01 -2.009050e-01
    outer loop
      vertex   -4.128865e+01 -2.313792e+01 1.413522e+01
      vertex   -4.107455e+01 -2.284122e+01 1.495054e+01
      vertex   -3.798493e+01 -2.135694e+01 1.456204e+01
    endloop
  endfacet
  facet normal -4.446125e-01 8.729014e-01 -2.009050e-01
    outer loop
      vertex   -3.798493e+01 -2.135694e+01 1.456204e+01
      vertex   -4.107455e+01 -2.284122e+01 1.495054e+01
      vertex   -3.736083e+01 -2.045285e+01 1.710902e+01
    endloop
  endfacet
  facet normal -4.446125e-01 8.729014e-01 -2.009050e-01
    outer loop
      vertex   -3.798493e+01 -2.135694e+01 1.456204e+01
      vertex   -3.736083e+01 -2.045285e+01 1.710902e+01
      vertex   -3.731330e+01 -2.039477e+01 1.725618e+01
    endloop
  endfacet
  facet normal -4.446125e-01 8.729014e-01 -2.009050e-01
    outer loop
      vertex   -4.128865e+01 -2.313792e+01 1.413522e+01
      vertex   -4.105238e+01 -2.279945e+01 1.508296e+01
      vertex   -4.107455e+01 -2.284122e+01 1.495054e+01
    endloop
  endfacet
  facet normal 4.731225e-01 7.856944e-01 -3.985466e-01
    outer loop
      vertex   -3.759123e+01 -2.156792e+01 1.461350e+01
      vertex   -3.798493e+01 -2.135694e+01 1.456204e+01
      vertex   -3.686774e+01 -2.053145e+01 1.751566e+01
    endloop
  endfacet
  facet normal 4.731225e-01 7.856944e-01 -3.985466e-01
    outer loop
      vertex   -3.686774e+01 -2.053145e+01 1.751566e+01
      vertex   -3.798493e+01 -2.135694e+01 1.456204e+01
      vertex   -3.731330e+01 -2.039477e+01 1.725618e+01
    endloop
  endfacet
  facet normal 9.702966e-01 7.979022e-05 -2.419182e-01
    outer loop
      vertex   -3.686774e+01 -2.053145e+01 1.751566e+01
      vertex   -3.666469e+01 -3.189491e+01 1.832629e+01
      vertex   -3.759123e+01 -2.156792e+01 1.461350e+01
    endloop
  endfacet
  facet normal 9.702966e-01 7.979022e-05 -2.419182e-01
    outer loop
      vertex   -3.759123e+01 -2.156792e+01 1.461350e+01
      vertex   -3.666469e+01 -3.189491e+01 1.832629e+01
      vertex   -4.010130e+01 -3.191655e+01 4.542562e+00
    endloop
  endfacet
  facet normal 9.702966e-01 7.979022e-05 -2.419182e-01
    outer loop
      vertex   -3.759123e+01 -2.156792e+01 1.461350e+01
      vertex   -4.010130e+01 -3.191655e+01 4.542562e+00
      vertex   -4.001041e+01 -2.158315e+01 4.910545e+00
    endloop
  endfacet
  facet normal 9.702966e-01 7.979022e-05 -2.419182e-01
    outer loop
      vertex   -4.001041e+01 -2.158315e+01 4.910545e+00
      vertex   -4.010130e+01 -3.191655e+01 4.542562e+00
      vertex   -4.007433e+01 -2.167472e+01 4.654146e+00
    endloop
  endfacet
  facet normal 9.702966e-01 7.979028e-05 -2.419182e-01
    outer loop
      vertex   -4.007433e+01 -2.167472e+01 4.654146e+00
      vertex   -4.010130e+01 -3.191655e+01 4.542562e+00
      vertex   -4.010585e+01 -2.172006e+01 4.527690e+00
    endloop
  endfacet
  facet normal 9.702966e-01 7.979022e-05 -2.419182e-01
    outer loop
      vertex   -3.666375e+01 -2.016864e+01 1.833395e+01
      vertex   -3.666991e+01 -2.020134e+01 1.830923e+01
      vertex   -3.686774e+01 -2.053145e+01 1.751566e+01
    endloop
  endfacet
  facet normal 9.702966e-01 7.979022e-05 -2.419182e-01
    outer loop
      vertex   -3.686774e+01 -2.053145e+01 1.751566e+01
      vertex   -3.666991e+01 -2.020134e+01 1.830923e+01
      vertex   -3.666469e+01 -3.189491e+01 1.832629e+01
    endloop
  endfacet
  facet normal 6.864186e-01 -7.070495e-01 -1.700306e-01
    outer loop
      vertex   -4.010130e+01 -3.191655e+01 4.542562e+00
      vertex   -3.666469e+01 -3.189491e+01 1.832629e+01
      vertex   -4.048925e+01 -3.231658e+01 4.639913e+00
    endloop
  endfacet
  facet normal 6.864186e-01 -7.070495e-01 -1.700306e-01
    outer loop
      vertex   -4.048925e+01 -3.231658e+01 4.639913e+00
      vertex   -3.666469e+01 -3.189491e+01 1.832629e+01
      vertex   -3.700955e+01 -3.229467e+01 1.859644e+01
    endloop
  endfacet
endsolid
