ISO-10303-21;
HEADER;
/* Generated by software containing ST-Developer
 * from STEP Tools, Inc. (www.steptools.com) 
 */

FILE_DESCRIPTION(
/* description */ (''),
/* implementation_level */ '2;1');

FILE_NAME(
/* name */ '[ab] Filametrix_Lever_Arm (10mm longer).step',
/* time_stamp */ '2026-08-25T14:14:10+02:00',
/* author */ (''),
/* organization */ (''),
/* preprocessor_version */ 'ST-DEVELOPER v20.1',
/* originating_system */ 'Autodesk Translation Framework v15.8.0.0',
/* authorisation */ '');

FILE_SCHEMA (('AUTOMOTIVE_DESIGN { 1 0 10303 214 3 1 1 }'));
ENDSEC;

DATA;
#10=MECHANICAL_DESIGN_GEOMETRIC_PRESENTATION_REPRESENTATION('',(#13),#4862);
#11=SHAPE_REPRESENTATION_RELATIONSHIP('SRR','None',#4869,#12);
#12=ADVANCED_BREP_SHAPE_REPRESENTATION('',(#14),#4861);
#13=STYLED_ITEM('',(#4879),#14);
#14=MANIFOLD_SOLID_BREP('Body1',#2696);
#15=FACE_BOUND('',#345,.T.);
#16=FACE_BOUND('',#401,.T.);
#17=FACE_BOUND('',#461,.T.);
#18=FACE_BOUND('',#463,.T.);
#19=FACE_BOUND('',#469,.T.);
#20=FACE_BOUND('',#478,.T.);
#21=FACE_BOUND('',#479,.T.);
#22=CONICAL_SURFACE('',#2720,20.6,0.785398163396775);
#23=CONICAL_SURFACE('',#2808,1.39999999999999,0.785398163400632);
#24=CONICAL_SURFACE('',#2810,1.69999999999999,0.785398163400567);
#25=CONICAL_SURFACE('',#2812,1.4,0.78539816340064);
#26=CONICAL_SURFACE('',#2815,1.40000000000001,0.785398163400168);
#27=CONICAL_SURFACE('',#2826,1.90000000000001,0.785398163397455);
#28=CONICAL_SURFACE('',#2829,3.72500000000001,0.785398163397448);
#29=CONICAL_SURFACE('',#2832,1.9,0.785398163397447);
#30=CONICAL_SURFACE('',#2853,1.7,0.785398163397447);
#31=CONICAL_SURFACE('',#2862,0.799999999999824,0.785398163386147);
#32=CONICAL_SURFACE('',#2864,1.60000000000001,0.78539816339743);
#33=CONICAL_SURFACE('',#2866,3.925,0.785398163397436);
#34=CONICAL_SURFACE('',#2868,1.69999999999999,0.78539816339743);
#35=CONICAL_SURFACE('',#2884,1.85,0.785398163397345);
#36=CIRCLE('',#2718,20.8);
#37=CIRCLE('',#2721,20.4);
#38=CIRCLE('',#2722,201.610577088399);
#39=CIRCLE('',#2727,2.3498083977644);
#40=CIRCLE('',#2728,1.75);
#41=CIRCLE('',#2730,2.3498083977644);
#42=CIRCLE('',#2735,1.2);
#43=CIRCLE('',#2737,1.2);
#44=CIRCLE('',#2738,1.5);
#45=CIRCLE('',#2743,0.807332987747686);
#46=CIRCLE('',#2747,1.2);
#47=CIRCLE('',#2748,1.2);
#48=CIRCLE('',#2751,1.2);
#49=CIRCLE('',#2752,1.2);
#50=CIRCLE('',#2753,1.2);
#51=CIRCLE('',#2755,1.5);
#52=CIRCLE('',#2756,1.5);
#53=CIRCLE('',#2758,1.2);
#54=CIRCLE('',#2759,1.2);
#55=CIRCLE('',#2763,1.2);
#56=CIRCLE('',#2764,1.2);
#57=CIRCLE('',#2766,1.5);
#58=CIRCLE('',#2767,1.5);
#59=CIRCLE('',#2769,1.2);
#60=CIRCLE('',#2770,1.2);
#61=CIRCLE('',#2773,1.2);
#62=CIRCLE('',#2774,1.2);
#63=CIRCLE('',#2791,1.5);
#64=CIRCLE('',#2792,1.5);
#65=CIRCLE('',#2801,0.999999999999999);
#66=CIRCLE('',#2802,0.999999999999999);
#67=CIRCLE('',#2805,0.599999999999648);
#68=CIRCLE('',#2806,1.80000000000001);
#69=CIRCLE('',#2809,1.59757716466837);
#70=CIRCLE('',#2811,1.89757716466836);
#71=CIRCLE('',#2813,1.59757716466838);
#72=CIRCLE('',#2816,1.59757716466841);
#73=CIRCLE('',#2823,1.4);
#74=CIRCLE('',#2824,1.4);
#75=CIRCLE('',#2827,1.5);
#76=CIRCLE('',#2828,1.9);
#77=CIRCLE('',#2830,4.125);
#78=CIRCLE('',#2831,3.72500000000006);
#79=CIRCLE('',#2833,1.90000000000001);
#80=CIRCLE('',#2854,1.9);
#81=CIRCLE('',#2856,4.125);
#82=CIRCLE('',#2867,3.72500000000001);
#83=CIRCLE('',#2869,1.89999999999999);
#84=CIRCLE('',#2870,1.5);
#85=CIRCLE('',#2874,2.1);
#86=CIRCLE('',#2880,2.10000000000009);
#87=CIRCLE('',#2881,2.1);
#88=CIRCLE('',#2883,1.75);
#89=CIRCLE('',#2885,2.05);
#90=CIRCLE('',#2896,31.0808352865111);
#91=CYLINDRICAL_SURFACE('',#2717,20.8);
#92=CYLINDRICAL_SURFACE('',#2729,2.3498083977644);
#93=CYLINDRICAL_SURFACE('',#2746,1.2);
#94=CYLINDRICAL_SURFACE('',#2750,1.2);
#95=CYLINDRICAL_SURFACE('',#2754,1.5);
#96=CYLINDRICAL_SURFACE('',#2757,1.2);
#97=CYLINDRICAL_SURFACE('',#2762,1.2);
#98=CYLINDRICAL_SURFACE('',#2765,1.5);
#99=CYLINDRICAL_SURFACE('',#2768,1.2);
#100=CYLINDRICAL_SURFACE('',#2772,1.2);
#101=CYLINDRICAL_SURFACE('',#2790,1.5);
#102=CYLINDRICAL_SURFACE('',#2800,0.999999999999999);
#103=CYLINDRICAL_SURFACE('',#2822,1.4);
#104=CYLINDRICAL_SURFACE('',#2834,0.400000000000004);
#105=CYLINDRICAL_SURFACE('',#2842,0.4);
#106=CYLINDRICAL_SURFACE('',#2844,0.399999999999998);
#107=CYLINDRICAL_SURFACE('',#2846,0.400000000000001);
#108=CYLINDRICAL_SURFACE('',#2848,0.399999999999991);
#109=CYLINDRICAL_SURFACE('',#2850,0.399999999999995);
#110=CYLINDRICAL_SURFACE('',#2855,4.125);
#111=CYLINDRICAL_SURFACE('',#2872,1.5);
#112=CYLINDRICAL_SURFACE('',#2879,2.1);
#113=CYLINDRICAL_SURFACE('',#2882,1.75);
#114=ELLIPSE('',#2715,19.202310568714,16.1037925860632);
#115=ELLIPSE('',#2719,35.9715586710764,20.8);
#116=ELLIPSE('',#2742,0.694336335764875,0.603832021460366);
#117=ELLIPSE('',#2744,0.699833490912823,0.611789216264934);
#118=ELLIPSE('',#2745,0.699833462168473,0.61178916597458);
#119=ELLIPSE('',#2782,0.601058722993683,0.4);
#120=ELLIPSE('',#2788,2.31849460448205,1.40845175623377);
#121=ELLIPSE('',#2789,1.21895113566957,0.935678863842373);
#122=ELLIPSE('',#2799,1.41421356237309,0.999999999999999);
#123=ELLIPSE('',#2835,0.400243817719533,0.400000000000004);
#124=ELLIPSE('',#2837,0.400243817719524,0.399999999999995);
#125=ELLIPSE('',#2838,0.40024381771952,0.399999999999991);
#126=ELLIPSE('',#2839,0.40024381771953,0.400000000000001);
#127=ELLIPSE('',#2840,0.400243817719527,0.399999999999998);
#128=ELLIPSE('',#2841,0.400243817719529,0.4);
#129=ELLIPSE('',#2890,26.8910893070091,23.2630812653813);
#130=ELLIPSE('',#2893,26.9901174524716,23.4333576059526);
#131=ELLIPSE('',#2908,26.9859301307027,23.4261990791323);
#132=B_SPLINE_CURVE_WITH_KNOTS('',3,(#3649,#3650,#3651,#3652,#3653,#3654),
 .UNSPECIFIED.,.F.,.F.,(4,2,4),(-0.96832499967427,-0.477441953640172,-2.25541807452601E-12),
 .UNSPECIFIED.);
#133=B_SPLINE_CURVE_WITH_KNOTS('',3,(#3658,#3659,#3660,#3661),
 .UNSPECIFIED.,.F.,.F.,(4,4),(0.673006424423371,1.12247512639024),
 .UNSPECIFIED.);
#134=B_SPLINE_CURVE_WITH_KNOTS('',3,(#3662,#3663,#3664,#3665,#3666,#3667),
 .UNSPECIFIED.,.F.,.F.,(4,2,4),(0.,0.0299876927555222,0.0561655085736786),
 .UNSPECIFIED.);
#135=B_SPLINE_CURVE_WITH_KNOTS('',3,(#3693,#3694,#3695,#3696),
 .UNSPECIFIED.,.F.,.F.,(4,4),(0.666692584916001,0.673006424424415),
 .UNSPECIFIED.);
#136=B_SPLINE_CURVE_WITH_KNOTS('',3,(#3809,#3810,#3811,#3812,#3813,#3814),
 .UNSPECIFIED.,.F.,.F.,(4,2,4),(0.,0.00128726889364827,0.00257454431758673),
 .UNSPECIFIED.);
#137=B_SPLINE_CURVE_WITH_KNOTS('',3,(#3816,#3817,#3818,#3819,#3820,#3821,
#3822,#3823,#3824,#3825),.UNSPECIFIED.,.F.,.F.,(4,3,3,4),(0.,0.0281746852485817,
0.055323974488615,0.082484678770395),.UNSPECIFIED.);
#138=B_SPLINE_CURVE_WITH_KNOTS('',3,(#3827,#3828,#3829,#3830,#3831,#3832),
 .UNSPECIFIED.,.F.,.F.,(4,2,4),(0.,0.00128727344493939,0.00257454638798034),
 .UNSPECIFIED.);
#139=B_SPLINE_CURVE_WITH_KNOTS('',3,(#3838,#3839,#3840,#3841,#3842,#3843,
#3844,#3845,#3846,#3847),.UNSPECIFIED.,.F.,.F.,(4,2,2,2,4),(0.,0.0191953509504003,
0.0383854013124555,0.0575401445833343,0.07670879054434),.UNSPECIFIED.);
#140=B_SPLINE_CURVE_WITH_KNOTS('',3,(#3849,#3850,#3851,#3852,#3853,#3854),
 .UNSPECIFIED.,.F.,.F.,(4,2,4),(0.,0.00257458656760386,0.00514917253442105),
 .UNSPECIFIED.);
#141=B_SPLINE_CURVE_WITH_KNOTS('',3,(#3860,#3861,#3862,#3863,#3864,#3865,
#3866,#3867,#3868,#3869,#3870,#3871,#3872),.UNSPECIFIED.,.F.,.F.,(4,3,3,
3,4),(0.,0.0246779063820644,0.0288016121160263,0.0507071375709445,0.0725942629338964),
 .UNSPECIFIED.);
#142=B_SPLINE_CURVE_WITH_KNOTS('',3,(#3874,#3875,#3876,#3877,#3878,#3879),
 .UNSPECIFIED.,.F.,.F.,(4,2,4),(0.,0.00128731006419133,0.00257461995245971),
 .UNSPECIFIED.);
#143=B_SPLINE_CURVE_WITH_KNOTS('',3,(#3885,#3886,#3887,#3888,#3889,#3890,
#3891,#3892,#3893,#3894),.UNSPECIFIED.,.F.,.F.,(4,3,3,4),(0.,0.0285589739389223,
0.0511365462628909,0.0737116769903242),.UNSPECIFIED.);
#144=B_SPLINE_CURVE_WITH_KNOTS('',3,(#4044,#4045,#4046,#4047),
 .UNSPECIFIED.,.F.,.F.,(4,4),(0.133327285932288,0.135901867191183),
 .UNSPECIFIED.);
#145=B_SPLINE_CURVE_WITH_KNOTS('',3,(#4089,#4090,#4091,#4092,#4093,#4094,
#4095,#4096,#4097,#4098,#4099,#4100,#4101),.UNSPECIFIED.,.F.,.F.,(4,3,3,
3,4),(-0.0368162696928603,-0.0275661423915982,-0.0184081348464291,-0.00925012730126073,
0.),.UNSPECIFIED.);
#146=B_SPLINE_CURVE_WITH_KNOTS('',3,(#4121,#4122,#4123,#4124),
 .UNSPECIFIED.,.F.,.F.,(4,4),(0.198653246446645,0.20122782770554),
 .UNSPECIFIED.);
#147=B_SPLINE_CURVE_WITH_KNOTS('',3,(#4147,#4148,#4149,#4150),
 .UNSPECIFIED.,.F.,.F.,(4,4),(0.52359877559835,0.595701911280822),
 .UNSPECIFIED.);
#148=B_SPLINE_CURVE_WITH_KNOTS('',3,(#4168,#4169,#4170,#4171,#4172,#4173,
#4174,#4175,#4176,#4177,#4178,#4179,#4180),.UNSPECIFIED.,.F.,.F.,(4,3,3,
3,4),(-0.0370390955632114,-0.0281772933105193,-0.0190657783007888,-0.00967481868696283,
0.),.UNSPECIFIED.);
#149=B_SPLINE_CURVE_WITH_KNOTS('',3,(#4200,#4201,#4202,#4203),
 .UNSPECIFIED.,.F.,.F.,(4,4),(0.290390437098932,0.295539599616722),
 .UNSPECIFIED.);
#150=B_SPLINE_CURVE_WITH_KNOTS('',3,(#4226,#4227,#4228,#4229,#4230,#4231),
 .UNSPECIFIED.,.F.,.F.,(4,2,4),(-0.00515376234720292,-0.00257854978657245,
0.),.UNSPECIFIED.);
#151=B_SPLINE_CURVE_WITH_KNOTS('',3,(#4249,#4250,#4251,#4252,#4253,#4254,
#4255,#4256,#4257,#4258),.UNSPECIFIED.,.F.,.F.,(4,2,2,2,4),(-0.0395820628262951,
-0.0298131431113545,-0.0197894254331254,-0.00996468273138283,0.),
 .UNSPECIFIED.);
#152=B_SPLINE_CURVE_WITH_KNOTS('',3,(#4278,#4279,#4280,#4281),
 .UNSPECIFIED.,.F.,.F.,(4,4),(0.0193267269419507,0.0219013082008454),
 .UNSPECIFIED.);
#153=B_SPLINE_CURVE_WITH_KNOTS('',3,(#4304,#4305,#4306,#4307),
 .UNSPECIFIED.,.F.,.F.,(4,4),(-0.523598775598247,-0.465841362680859),
 .UNSPECIFIED.);
#154=B_SPLINE_CURVE_WITH_KNOTS('',3,(#4325,#4326,#4327,#4328,#4329,#4330,
#4331,#4332,#4333,#4334),.UNSPECIFIED.,.F.,.F.,(4,2,2,2,4),(-0.0419536698641479,
-0.0315051848545943,-0.0209768351195738,-0.0104484853845379,-3.74982711548455E-10),
 .UNSPECIFIED.);
#155=B_SPLINE_CURVE_WITH_KNOTS('',3,(#4354,#4355,#4356,#4357),
 .UNSPECIFIED.,.F.,.F.,(4,4),(0.465841362680967,0.523598775598371),
 .UNSPECIFIED.);
#156=B_SPLINE_CURVE_WITH_KNOTS('',3,(#4463,#4464,#4465,#4466),
 .UNSPECIFIED.,.F.,.F.,(4,4),(-0.055346323832835,-0.000342604478545304),
 .UNSPECIFIED.);
#157=B_SPLINE_CURVE_WITH_KNOTS('',3,(#4470,#4471,#4472,#4473),
 .UNSPECIFIED.,.F.,.F.,(4,4),(-0.0553607679725315,0.),.UNSPECIFIED.);
#158=B_SPLINE_CURVE_WITH_KNOTS('',3,(#4554,#4555,#4556,#4557,#4558,#4559),
 .UNSPECIFIED.,.F.,.F.,(4,2,4),(0.,0.0115835293792601,0.0272018529692415),
 .UNSPECIFIED.);
#159=B_SPLINE_CURVE_WITH_KNOTS('',3,(#4563,#4564,#4565,#4566),
 .UNSPECIFIED.,.F.,.F.,(4,4),(-0.75332276633115,-0.481997834108208),
 .UNSPECIFIED.);
#160=B_SPLINE_CURVE_WITH_KNOTS('',3,(#4585,#4586,#4587,#4588,#4589,#4590,
#4591,#4592),.UNSPECIFIED.,.F.,.F.,(4,2,2,4),(0.,0.0109691447983825,0.0195453934579631,
0.034728752041191),.UNSPECIFIED.);
#161=B_SPLINE_CURVE_WITH_KNOTS('',3,(#4593,#4594,#4595,#4596,#4597,#4598,
#4599,#4600),.UNSPECIFIED.,.F.,.F.,(4,2,2,4),(-0.0307929785629301,-0.01539562493244,
-0.0077336706158098,0.),.UNSPECIFIED.);
#162=B_SPLINE_CURVE_WITH_KNOTS('',3,(#4650,#4651,#4652,#4653),
 .UNSPECIFIED.,.F.,.F.,(4,4),(-0.920209049285942,-0.75332276633091),
 .UNSPECIFIED.);
#163=B_SPLINE_CURVE_WITH_KNOTS('',3,(#4785,#4786,#4787,#4788,#4789,#4790),
 .UNSPECIFIED.,.F.,.F.,(4,2,4),(-0.020029133997275,-0.0100291457790592,
-2.91109214455297E-5),.UNSPECIFIED.);
#164=B_SPLINE_CURVE_WITH_KNOTS('',3,(#4798,#4799,#4800,#4801,#4802,#4803),
 .UNSPECIFIED.,.F.,.F.,(4,2,4),(-0.0200282185167339,-0.0100282255523272,
-2.82314012517968E-5),.UNSPECIFIED.);
#165=B_SPLINE_SURFACE_WITH_KNOTS('',3,3,((#3631,#3632,#3633,#3634),(#3635,
#3636,#3637,#3638),(#3639,#3640,#3641,#3642),(#3643,#3644,#3645,#3646)),
 .UNSPECIFIED.,.F.,.F.,.F.,(4,4),(4,4),(0.,1.),(-1.12247512639024,-0.673006424423371),
 .UNSPECIFIED.);
#166=B_SPLINE_SURFACE_WITH_KNOTS('',3,3,((#3677,#3678,#3679,#3680),(#3681,
#3682,#3683,#3684),(#3685,#3686,#3687,#3688),(#3689,#3690,#3691,#3692)),
 .UNSPECIFIED.,.F.,.F.,.F.,(4,4),(4,4),(0.,1.),(-0.673006424424415,-0.666692584916001),
 .UNSPECIFIED.);
#167=B_SPLINE_SURFACE_WITH_KNOTS('',3,3,((#4026,#4027,#4028,#4029),(#4030,
#4031,#4032,#4033),(#4034,#4035,#4036,#4037),(#4038,#4039,#4040,#4041)),
 .UNSPECIFIED.,.F.,.F.,.F.,(4,4),(4,4),(0.,1.),(0.133327285932288,0.135901867191183),
 .UNSPECIFIED.);
#168=B_SPLINE_SURFACE_WITH_KNOTS('',3,3,((#4048,#4049,#4050,#4051),(#4052,
#4053,#4054,#4055),(#4056,#4057,#4058,#4059),(#4060,#4061,#4062,#4063),
(#4064,#4065,#4066,#4067),(#4068,#4069,#4070,#4071),(#4072,#4073,#4074,
#4075),(#4076,#4077,#4078,#4079),(#4080,#4081,#4082,#4083),(#4084,#4085,
#4086,#4087)),.UNSPECIFIED.,.F.,.F.,.F.,(4,3,3,4),(4,4),(-5.90473593340289,
0.,1.,1.01675911661797),(-0.523598775598256,0.523598775598357),
 .UNSPECIFIED.);
#169=B_SPLINE_SURFACE_WITH_KNOTS('',3,3,((#4103,#4104,#4105,#4106),(#4107,
#4108,#4109,#4110),(#4111,#4112,#4113,#4114),(#4115,#4116,#4117,#4118)),
 .UNSPECIFIED.,.F.,.F.,.F.,(4,4),(4,4),(0.,1.),(0.198653246446645,0.20122782770554),
 .UNSPECIFIED.);
#170=B_SPLINE_SURFACE_WITH_KNOTS('',3,3,((#4129,#4130,#4131,#4132),(#4133,
#4134,#4135,#4136),(#4137,#4138,#4139,#4140),(#4141,#4142,#4143,#4144)),
 .UNSPECIFIED.,.F.,.F.,.F.,(4,4),(4,4),(0.,1.),(0.52359877559835,0.595701911280822),
 .UNSPECIFIED.);
#171=B_SPLINE_SURFACE_WITH_KNOTS('',3,3,((#4151,#4152,#4153,#4154),(#4155,
#4156,#4157,#4158),(#4159,#4160,#4161,#4162),(#4163,#4164,#4165,#4166)),
 .UNSPECIFIED.,.F.,.F.,.F.,(4,4),(4,4),(0.,1.),(0.595701911280598,1.57079632679496),
 .UNSPECIFIED.);
#172=B_SPLINE_SURFACE_WITH_KNOTS('',3,3,((#4182,#4183,#4184,#4185),(#4186,
#4187,#4188,#4189),(#4190,#4191,#4192,#4193),(#4194,#4195,#4196,#4197)),
 .UNSPECIFIED.,.F.,.F.,.F.,(4,4),(4,4),(0.,1.),(0.290390437098932,0.295539599616722),
 .UNSPECIFIED.);
#173=B_SPLINE_SURFACE_WITH_KNOTS('',3,3,((#4208,#4209,#4210,#4211),(#4212,
#4213,#4214,#4215),(#4216,#4217,#4218,#4219),(#4220,#4221,#4222,#4223)),
 .UNSPECIFIED.,.F.,.F.,.F.,(4,4),(4,4),(0.,1.),(-1.57079632679489,-1.44379552239054),
 .UNSPECIFIED.);
#174=B_SPLINE_SURFACE_WITH_KNOTS('',3,3,((#4232,#4233,#4234,#4235),(#4236,
#4237,#4238,#4239),(#4240,#4241,#4242,#4243),(#4244,#4245,#4246,#4247)),
 .UNSPECIFIED.,.F.,.F.,.F.,(4,4),(4,4),(0.,1.),(-1.44379552279754,-0.523598775598279),
 .UNSPECIFIED.);
#175=B_SPLINE_SURFACE_WITH_KNOTS('',3,3,((#4260,#4261,#4262,#4263),(#4264,
#4265,#4266,#4267),(#4268,#4269,#4270,#4271),(#4272,#4273,#4274,#4275)),
 .UNSPECIFIED.,.F.,.F.,.F.,(4,4),(4,4),(0.,1.),(0.0193267269419507,0.0219013082008454),
 .UNSPECIFIED.);
#176=B_SPLINE_SURFACE_WITH_KNOTS('',3,3,((#4286,#4287,#4288,#4289),(#4290,
#4291,#4292,#4293),(#4294,#4295,#4296,#4297),(#4298,#4299,#4300,#4301)),
 .UNSPECIFIED.,.F.,.F.,.F.,(4,4),(4,4),(0.,1.),(-0.523598775598247,-0.465841362680859),
 .UNSPECIFIED.);
#177=B_SPLINE_SURFACE_WITH_KNOTS('',3,3,((#4308,#4309,#4310,#4311),(#4312,
#4313,#4314,#4315),(#4316,#4317,#4318,#4319),(#4320,#4321,#4322,#4323)),
 .UNSPECIFIED.,.F.,.F.,.F.,(4,4),(4,4),(0.,1.),(-0.465841362725576,0.465841362725682),
 .UNSPECIFIED.);
#178=B_SPLINE_SURFACE_WITH_KNOTS('',3,3,((#4336,#4337,#4338,#4339),(#4340,
#4341,#4342,#4343),(#4344,#4345,#4346,#4347),(#4348,#4349,#4350,#4351)),
 .UNSPECIFIED.,.F.,.F.,.F.,(4,4),(4,4),(0.,1.),(0.465841362680967,0.523598775598371),
 .UNSPECIFIED.);
#179=B_SPLINE_SURFACE_WITH_KNOTS('',3,3,((#4537,#4538,#4539,#4540),(#4541,
#4542,#4543,#4544),(#4545,#4546,#4547,#4548),(#4549,#4550,#4551,#4552)),
 .UNSPECIFIED.,.F.,.F.,.F.,(4,4),(4,4),(0.,1.00000000000235),(-0.75332276633115,
-0.481997834108208),.UNSPECIFIED.);
#180=B_SPLINE_SURFACE_WITH_KNOTS('',3,3,((#4568,#4569,#4570,#4571),(#4572,
#4573,#4574,#4575),(#4576,#4577,#4578,#4579),(#4580,#4581,#4582,#4583)),
 .UNSPECIFIED.,.F.,.F.,.F.,(4,4),(4,4),(0.436354947008479,1.),(-0.481997834108536,
-0.0913149433148112),.UNSPECIFIED.);
#181=B_SPLINE_SURFACE_WITH_KNOTS('',3,3,((#4657,#4658,#4659,#4660),(#4661,
#4662,#4663,#4664),(#4665,#4666,#4667,#4668),(#4669,#4670,#4671,#4672)),
 .UNSPECIFIED.,.F.,.F.,.F.,(4,4),(4,4),(0.,1.),(-0.920209049285942,-0.75332276633091),
 .UNSPECIFIED.);
#182=B_SPLINE_SURFACE_WITH_KNOTS('',3,3,((#4836,#4837,#4838,#4839),(#4840,
#4841,#4842,#4843),(#4844,#4845,#4846,#4847),(#4848,#4849,#4850,#4851)),
 .UNSPECIFIED.,.F.,.F.,.F.,(4,4),(4,4),(0.,1.),(3.1007516189553,3.98402305862675),
 .UNSPECIFIED.);
#183=FACE_OUTER_BOUND('',#331,.T.);
#184=FACE_OUTER_BOUND('',#332,.T.);
#185=FACE_OUTER_BOUND('',#333,.T.);
#186=FACE_OUTER_BOUND('',#334,.T.);
#187=FACE_OUTER_BOUND('',#335,.T.);
#188=FACE_OUTER_BOUND('',#336,.T.);
#189=FACE_OUTER_BOUND('',#337,.T.);
#190=FACE_OUTER_BOUND('',#338,.T.);
#191=FACE_OUTER_BOUND('',#339,.T.);
#192=FACE_OUTER_BOUND('',#340,.T.);
#193=FACE_OUTER_BOUND('',#341,.T.);
#194=FACE_OUTER_BOUND('',#342,.T.);
#195=FACE_OUTER_BOUND('',#343,.T.);
#196=FACE_OUTER_BOUND('',#344,.T.);
#197=FACE_OUTER_BOUND('',#346,.T.);
#198=FACE_OUTER_BOUND('',#347,.T.);
#199=FACE_OUTER_BOUND('',#348,.T.);
#200=FACE_OUTER_BOUND('',#349,.T.);
#201=FACE_OUTER_BOUND('',#350,.T.);
#202=FACE_OUTER_BOUND('',#351,.T.);
#203=FACE_OUTER_BOUND('',#352,.T.);
#204=FACE_OUTER_BOUND('',#353,.T.);
#205=FACE_OUTER_BOUND('',#354,.T.);
#206=FACE_OUTER_BOUND('',#355,.T.);
#207=FACE_OUTER_BOUND('',#356,.T.);
#208=FACE_OUTER_BOUND('',#357,.T.);
#209=FACE_OUTER_BOUND('',#358,.T.);
#210=FACE_OUTER_BOUND('',#359,.T.);
#211=FACE_OUTER_BOUND('',#360,.T.);
#212=FACE_OUTER_BOUND('',#361,.T.);
#213=FACE_OUTER_BOUND('',#362,.T.);
#214=FACE_OUTER_BOUND('',#363,.T.);
#215=FACE_OUTER_BOUND('',#364,.T.);
#216=FACE_OUTER_BOUND('',#365,.T.);
#217=FACE_OUTER_BOUND('',#366,.T.);
#218=FACE_OUTER_BOUND('',#367,.T.);
#219=FACE_OUTER_BOUND('',#368,.T.);
#220=FACE_OUTER_BOUND('',#369,.T.);
#221=FACE_OUTER_BOUND('',#370,.T.);
#222=FACE_OUTER_BOUND('',#371,.T.);
#223=FACE_OUTER_BOUND('',#372,.T.);
#224=FACE_OUTER_BOUND('',#373,.T.);
#225=FACE_OUTER_BOUND('',#374,.T.);
#226=FACE_OUTER_BOUND('',#375,.T.);
#227=FACE_OUTER_BOUND('',#376,.T.);
#228=FACE_OUTER_BOUND('',#377,.T.);
#229=FACE_OUTER_BOUND('',#378,.T.);
#230=FACE_OUTER_BOUND('',#379,.T.);
#231=FACE_OUTER_BOUND('',#380,.T.);
#232=FACE_OUTER_BOUND('',#381,.T.);
#233=FACE_OUTER_BOUND('',#382,.T.);
#234=FACE_OUTER_BOUND('',#383,.T.);
#235=FACE_OUTER_BOUND('',#384,.T.);
#236=FACE_OUTER_BOUND('',#385,.T.);
#237=FACE_OUTER_BOUND('',#386,.T.);
#238=FACE_OUTER_BOUND('',#387,.T.);
#239=FACE_OUTER_BOUND('',#388,.T.);
#240=FACE_OUTER_BOUND('',#389,.T.);
#241=FACE_OUTER_BOUND('',#390,.T.);
#242=FACE_OUTER_BOUND('',#391,.T.);
#243=FACE_OUTER_BOUND('',#392,.T.);
#244=FACE_OUTER_BOUND('',#393,.T.);
#245=FACE_OUTER_BOUND('',#394,.T.);
#246=FACE_OUTER_BOUND('',#395,.T.);
#247=FACE_OUTER_BOUND('',#396,.T.);
#248=FACE_OUTER_BOUND('',#397,.T.);
#249=FACE_OUTER_BOUND('',#398,.T.);
#250=FACE_OUTER_BOUND('',#399,.T.);
#251=FACE_OUTER_BOUND('',#400,.T.);
#252=FACE_OUTER_BOUND('',#402,.T.);
#253=FACE_OUTER_BOUND('',#403,.T.);
#254=FACE_OUTER_BOUND('',#404,.T.);
#255=FACE_OUTER_BOUND('',#405,.T.);
#256=FACE_OUTER_BOUND('',#406,.T.);
#257=FACE_OUTER_BOUND('',#407,.T.);
#258=FACE_OUTER_BOUND('',#408,.T.);
#259=FACE_OUTER_BOUND('',#409,.T.);
#260=FACE_OUTER_BOUND('',#410,.T.);
#261=FACE_OUTER_BOUND('',#411,.T.);
#262=FACE_OUTER_BOUND('',#412,.T.);
#263=FACE_OUTER_BOUND('',#413,.T.);
#264=FACE_OUTER_BOUND('',#414,.T.);
#265=FACE_OUTER_BOUND('',#415,.T.);
#266=FACE_OUTER_BOUND('',#416,.T.);
#267=FACE_OUTER_BOUND('',#417,.T.);
#268=FACE_OUTER_BOUND('',#418,.T.);
#269=FACE_OUTER_BOUND('',#419,.T.);
#270=FACE_OUTER_BOUND('',#420,.T.);
#271=FACE_OUTER_BOUND('',#421,.T.);
#272=FACE_OUTER_BOUND('',#422,.T.);
#273=FACE_OUTER_BOUND('',#423,.T.);
#274=FACE_OUTER_BOUND('',#424,.T.);
#275=FACE_OUTER_BOUND('',#425,.T.);
#276=FACE_OUTER_BOUND('',#426,.T.);
#277=FACE_OUTER_BOUND('',#427,.T.);
#278=FACE_OUTER_BOUND('',#428,.T.);
#279=FACE_OUTER_BOUND('',#429,.T.);
#280=FACE_OUTER_BOUND('',#430,.T.);
#281=FACE_OUTER_BOUND('',#431,.T.);
#282=FACE_OUTER_BOUND('',#432,.T.);
#283=FACE_OUTER_BOUND('',#433,.T.);
#284=FACE_OUTER_BOUND('',#434,.T.);
#285=FACE_OUTER_BOUND('',#435,.T.);
#286=FACE_OUTER_BOUND('',#436,.T.);
#287=FACE_OUTER_BOUND('',#437,.T.);
#288=FACE_OUTER_BOUND('',#438,.T.);
#289=FACE_OUTER_BOUND('',#439,.T.);
#290=FACE_OUTER_BOUND('',#440,.T.);
#291=FACE_OUTER_BOUND('',#441,.T.);
#292=FACE_OUTER_BOUND('',#442,.T.);
#293=FACE_OUTER_BOUND('',#443,.T.);
#294=FACE_OUTER_BOUND('',#444,.T.);
#295=FACE_OUTER_BOUND('',#445,.T.);
#296=FACE_OUTER_BOUND('',#446,.T.);
#297=FACE_OUTER_BOUND('',#447,.T.);
#298=FACE_OUTER_BOUND('',#448,.T.);
#299=FACE_OUTER_BOUND('',#449,.T.);
#300=FACE_OUTER_BOUND('',#450,.T.);
#301=FACE_OUTER_BOUND('',#451,.T.);
#302=FACE_OUTER_BOUND('',#452,.T.);
#303=FACE_OUTER_BOUND('',#453,.T.);
#304=FACE_OUTER_BOUND('',#454,.T.);
#305=FACE_OUTER_BOUND('',#455,.T.);
#306=FACE_OUTER_BOUND('',#456,.T.);
#307=FACE_OUTER_BOUND('',#457,.T.);
#308=FACE_OUTER_BOUND('',#458,.T.);
#309=FACE_OUTER_BOUND('',#459,.T.);
#310=FACE_OUTER_BOUND('',#460,.T.);
#311=FACE_OUTER_BOUND('',#462,.T.);
#312=FACE_OUTER_BOUND('',#464,.T.);
#313=FACE_OUTER_BOUND('',#465,.T.);
#314=FACE_OUTER_BOUND('',#466,.T.);
#315=FACE_OUTER_BOUND('',#467,.T.);
#316=FACE_OUTER_BOUND('',#468,.T.);
#317=FACE_OUTER_BOUND('',#470,.T.);
#318=FACE_OUTER_BOUND('',#471,.T.);
#319=FACE_OUTER_BOUND('',#472,.T.);
#320=FACE_OUTER_BOUND('',#473,.T.);
#321=FACE_OUTER_BOUND('',#474,.T.);
#322=FACE_OUTER_BOUND('',#475,.T.);
#323=FACE_OUTER_BOUND('',#476,.T.);
#324=FACE_OUTER_BOUND('',#477,.T.);
#325=FACE_OUTER_BOUND('',#480,.T.);
#326=FACE_OUTER_BOUND('',#481,.T.);
#327=FACE_OUTER_BOUND('',#482,.T.);
#328=FACE_OUTER_BOUND('',#483,.T.);
#329=FACE_OUTER_BOUND('',#484,.T.);
#330=FACE_OUTER_BOUND('',#485,.T.);
#331=EDGE_LOOP('',(#1679,#1680,#1681,#1682));
#332=EDGE_LOOP('',(#1683,#1684,#1685,#1686));
#333=EDGE_LOOP('',(#1687,#1688,#1689,#1690));
#334=EDGE_LOOP('',(#1691,#1692,#1693,#1694));
#335=EDGE_LOOP('',(#1695,#1696,#1697,#1698));
#336=EDGE_LOOP('',(#1699,#1700,#1701,#1702,#1703,#1704));
#337=EDGE_LOOP('',(#1705,#1706,#1707,#1708));
#338=EDGE_LOOP('',(#1709,#1710,#1711,#1712));
#339=EDGE_LOOP('',(#1713,#1714,#1715,#1716,#1717));
#340=EDGE_LOOP('',(#1718,#1719,#1720,#1721));
#341=EDGE_LOOP('',(#1722,#1723,#1724,#1725));
#342=EDGE_LOOP('',(#1726,#1727,#1728,#1729));
#343=EDGE_LOOP('',(#1730,#1731,#1732,#1733,#1734,#1735));
#344=EDGE_LOOP('',(#1736));
#345=EDGE_LOOP('',(#1737));
#346=EDGE_LOOP('',(#1738,#1739,#1740,#1741));
#347=EDGE_LOOP('',(#1742,#1743,#1744,#1745,#1746,#1747));
#348=EDGE_LOOP('',(#1748,#1749,#1750,#1751));
#349=EDGE_LOOP('',(#1752,#1753,#1754,#1755,#1756));
#350=EDGE_LOOP('',(#1757,#1758,#1759,#1760));
#351=EDGE_LOOP('',(#1761,#1762,#1763,#1764));
#352=EDGE_LOOP('',(#1765,#1766,#1767,#1768));
#353=EDGE_LOOP('',(#1769,#1770,#1771,#1772,#1773,#1774,#1775,#1776));
#354=EDGE_LOOP('',(#1777,#1778,#1779,#1780,#1781,#1782,#1783,#1784,#1785,
#1786,#1787,#1788,#1789,#1790,#1791,#1792,#1793,#1794,#1795,#1796,#1797,
#1798,#1799,#1800,#1801,#1802,#1803,#1804));
#355=EDGE_LOOP('',(#1805,#1806,#1807,#1808,#1809));
#356=EDGE_LOOP('',(#1810,#1811,#1812,#1813,#1814));
#357=EDGE_LOOP('',(#1815,#1816,#1817,#1818,#1819));
#358=EDGE_LOOP('',(#1820,#1821,#1822,#1823,#1824,#1825));
#359=EDGE_LOOP('',(#1826,#1827,#1828,#1829,#1830));
#360=EDGE_LOOP('',(#1831,#1832,#1833,#1834,#1835));
#361=EDGE_LOOP('',(#1836,#1837,#1838,#1839));
#362=EDGE_LOOP('',(#1840,#1841,#1842,#1843));
#363=EDGE_LOOP('',(#1844,#1845,#1846,#1847));
#364=EDGE_LOOP('',(#1848,#1849,#1850,#1851));
#365=EDGE_LOOP('',(#1852,#1853,#1854,#1855));
#366=EDGE_LOOP('',(#1856,#1857,#1858,#1859));
#367=EDGE_LOOP('',(#1860,#1861,#1862,#1863));
#368=EDGE_LOOP('',(#1864,#1865,#1866,#1867));
#369=EDGE_LOOP('',(#1868,#1869,#1870,#1871));
#370=EDGE_LOOP('',(#1872,#1873,#1874,#1875));
#371=EDGE_LOOP('',(#1876,#1877,#1878,#1879));
#372=EDGE_LOOP('',(#1880,#1881,#1882,#1883));
#373=EDGE_LOOP('',(#1884,#1885,#1886,#1887,#1888));
#374=EDGE_LOOP('',(#1889,#1890,#1891,#1892));
#375=EDGE_LOOP('',(#1893,#1894,#1895,#1896));
#376=EDGE_LOOP('',(#1897,#1898,#1899,#1900));
#377=EDGE_LOOP('',(#1901,#1902,#1903,#1904));
#378=EDGE_LOOP('',(#1905,#1906,#1907,#1908));
#379=EDGE_LOOP('',(#1909,#1910,#1911,#1912));
#380=EDGE_LOOP('',(#1913,#1914,#1915,#1916));
#381=EDGE_LOOP('',(#1917,#1918,#1919,#1920));
#382=EDGE_LOOP('',(#1921,#1922,#1923,#1924));
#383=EDGE_LOOP('',(#1925,#1926,#1927,#1928));
#384=EDGE_LOOP('',(#1929,#1930,#1931,#1932));
#385=EDGE_LOOP('',(#1933,#1934,#1935,#1936));
#386=EDGE_LOOP('',(#1937,#1938,#1939,#1940));
#387=EDGE_LOOP('',(#1941,#1942,#1943,#1944));
#388=EDGE_LOOP('',(#1945,#1946,#1947,#1948));
#389=EDGE_LOOP('',(#1949,#1950,#1951,#1952,#1953));
#390=EDGE_LOOP('',(#1954,#1955,#1956,#1957,#1958,#1959,#1960));
#391=EDGE_LOOP('',(#1961,#1962,#1963,#1964));
#392=EDGE_LOOP('',(#1965,#1966,#1967,#1968));
#393=EDGE_LOOP('',(#1969,#1970,#1971,#1972,#1973));
#394=EDGE_LOOP('',(#1974,#1975,#1976,#1977,#1978,#1979,#1980,#1981,#1982));
#395=EDGE_LOOP('',(#1983,#1984,#1985,#1986));
#396=EDGE_LOOP('',(#1987,#1988,#1989,#1990));
#397=EDGE_LOOP('',(#1991,#1992,#1993,#1994));
#398=EDGE_LOOP('',(#1995,#1996,#1997,#1998,#1999));
#399=EDGE_LOOP('',(#2000,#2001,#2002,#2003,#2004));
#400=EDGE_LOOP('',(#2005,#2006,#2007,#2008,#2009,#2010,#2011,#2012,#2013,
#2014));
#401=EDGE_LOOP('',(#2015,#2016,#2017,#2018,#2019,#2020));
#402=EDGE_LOOP('',(#2021,#2022,#2023,#2024));
#403=EDGE_LOOP('',(#2025,#2026,#2027,#2028));
#404=EDGE_LOOP('',(#2029,#2030,#2031,#2032));
#405=EDGE_LOOP('',(#2033,#2034,#2035,#2036));
#406=EDGE_LOOP('',(#2037,#2038,#2039,#2040));
#407=EDGE_LOOP('',(#2041,#2042,#2043,#2044));
#408=EDGE_LOOP('',(#2045,#2046,#2047,#2048));
#409=EDGE_LOOP('',(#2049,#2050,#2051,#2052,#2053));
#410=EDGE_LOOP('',(#2054,#2055,#2056,#2057,#2058));
#411=EDGE_LOOP('',(#2059,#2060,#2061,#2062));
#412=EDGE_LOOP('',(#2063,#2064,#2065,#2066));
#413=EDGE_LOOP('',(#2067,#2068,#2069,#2070));
#414=EDGE_LOOP('',(#2071,#2072,#2073,#2074));
#415=EDGE_LOOP('',(#2075,#2076,#2077,#2078));
#416=EDGE_LOOP('',(#2079,#2080,#2081,#2082));
#417=EDGE_LOOP('',(#2083,#2084,#2085,#2086));
#418=EDGE_LOOP('',(#2087,#2088,#2089,#2090,#2091));
#419=EDGE_LOOP('',(#2092,#2093,#2094));
#420=EDGE_LOOP('',(#2095,#2096,#2097,#2098));
#421=EDGE_LOOP('',(#2099,#2100,#2101,#2102,#2103,#2104,#2105,#2106,#2107,
#2108,#2109,#2110));
#422=EDGE_LOOP('',(#2111,#2112,#2113,#2114));
#423=EDGE_LOOP('',(#2115,#2116,#2117,#2118));
#424=EDGE_LOOP('',(#2119,#2120,#2121,#2122,#2123,#2124));
#425=EDGE_LOOP('',(#2125,#2126,#2127,#2128,#2129));
#426=EDGE_LOOP('',(#2130,#2131,#2132,#2133,#2134));
#427=EDGE_LOOP('',(#2135,#2136,#2137,#2138,#2139));
#428=EDGE_LOOP('',(#2140,#2141,#2142,#2143,#2144));
#429=EDGE_LOOP('',(#2145,#2146,#2147,#2148,#2149));
#430=EDGE_LOOP('',(#2150,#2151,#2152,#2153));
#431=EDGE_LOOP('',(#2154,#2155,#2156,#2157,#2158,#2159,#2160,#2161));
#432=EDGE_LOOP('',(#2162,#2163,#2164,#2165));
#433=EDGE_LOOP('',(#2166,#2167,#2168,#2169));
#434=EDGE_LOOP('',(#2170,#2171,#2172,#2173));
#435=EDGE_LOOP('',(#2174,#2175,#2176,#2177));
#436=EDGE_LOOP('',(#2178,#2179,#2180,#2181,#2182,#2183,#2184,#2185));
#437=EDGE_LOOP('',(#2186,#2187,#2188,#2189,#2190));
#438=EDGE_LOOP('',(#2191,#2192,#2193,#2194));
#439=EDGE_LOOP('',(#2195,#2196,#2197,#2198));
#440=EDGE_LOOP('',(#2199,#2200,#2201,#2202));
#441=EDGE_LOOP('',(#2203,#2204,#2205,#2206));
#442=EDGE_LOOP('',(#2207,#2208,#2209,#2210));
#443=EDGE_LOOP('',(#2211,#2212,#2213,#2214));
#444=EDGE_LOOP('',(#2215,#2216,#2217,#2218));
#445=EDGE_LOOP('',(#2219,#2220,#2221,#2222));
#446=EDGE_LOOP('',(#2223,#2224,#2225,#2226));
#447=EDGE_LOOP('',(#2227,#2228,#2229,#2230,#2231));
#448=EDGE_LOOP('',(#2232,#2233,#2234,#2235));
#449=EDGE_LOOP('',(#2236,#2237,#2238,#2239,#2240));
#450=EDGE_LOOP('',(#2241,#2242,#2243,#2244));
#451=EDGE_LOOP('',(#2245,#2246,#2247));
#452=EDGE_LOOP('',(#2248,#2249,#2250,#2251));
#453=EDGE_LOOP('',(#2252,#2253,#2254));
#454=EDGE_LOOP('',(#2255,#2256,#2257,#2258,#2259,#2260));
#455=EDGE_LOOP('',(#2261,#2262,#2263,#2264));
#456=EDGE_LOOP('',(#2265,#2266,#2267,#2268));
#457=EDGE_LOOP('',(#2269,#2270,#2271,#2272,#2273,#2274));
#458=EDGE_LOOP('',(#2275,#2276,#2277,#2278));
#459=EDGE_LOOP('',(#2279,#2280,#2281,#2282,#2283));
#460=EDGE_LOOP('',(#2284,#2285,#2286,#2287,#2288,#2289,#2290,#2291,#2292,
#2293));
#461=EDGE_LOOP('',(#2294,#2295,#2296,#2297,#2298,#2299));
#462=EDGE_LOOP('',(#2300,#2301,#2302,#2303,#2304,#2305,#2306));
#463=EDGE_LOOP('',(#2307,#2308,#2309,#2310));
#464=EDGE_LOOP('',(#2311,#2312,#2313,#2314,#2315,#2316,#2317));
#465=EDGE_LOOP('',(#2318,#2319,#2320,#2321,#2322,#2323,#2324,#2325,#2326,
#2327));
#466=EDGE_LOOP('',(#2328,#2329,#2330,#2331));
#467=EDGE_LOOP('',(#2332,#2333,#2334,#2335,#2336,#2337,#2338,#2339,#2340,
#2341));
#468=EDGE_LOOP('',(#2342,#2343,#2344,#2345,#2346,#2347,#2348,#2349,#2350,
#2351,#2352,#2353,#2354,#2355,#2356,#2357,#2358,#2359,#2360,#2361,#2362));
#469=EDGE_LOOP('',(#2363));
#470=EDGE_LOOP('',(#2364,#2365,#2366,#2367));
#471=EDGE_LOOP('',(#2368,#2369,#2370,#2371));
#472=EDGE_LOOP('',(#2372,#2373,#2374,#2375));
#473=EDGE_LOOP('',(#2376,#2377,#2378,#2379));
#474=EDGE_LOOP('',(#2380,#2381,#2382,#2383,#2384,#2385,#2386,#2387));
#475=EDGE_LOOP('',(#2388,#2389,#2390,#2391));
#476=EDGE_LOOP('',(#2392,#2393,#2394,#2395));
#477=EDGE_LOOP('',(#2396,#2397,#2398,#2399,#2400,#2401,#2402,#2403,#2404,
#2405,#2406,#2407,#2408,#2409,#2410));
#478=EDGE_LOOP('',(#2411));
#479=EDGE_LOOP('',(#2412,#2413,#2414,#2415,#2416,#2417));
#480=EDGE_LOOP('',(#2418,#2419,#2420,#2421,#2422,#2423));
#481=EDGE_LOOP('',(#2424,#2425,#2426,#2427,#2428,#2429,#2430,#2431));
#482=EDGE_LOOP('',(#2432,#2433,#2434,#2435,#2436,#2437));
#483=EDGE_LOOP('',(#2438,#2439,#2440,#2441));
#484=EDGE_LOOP('',(#2442,#2443,#2444,#2445,#2446,#2447,#2448,#2449,#2450));
#485=EDGE_LOOP('',(#2451,#2452,#2453,#2454));
#486=LINE('',#3607,#768);
#487=LINE('',#3609,#769);
#488=LINE('',#3611,#770);
#489=LINE('',#3612,#771);
#490=LINE('',#3616,#772);
#491=LINE('',#3618,#773);
#492=LINE('',#3620,#774);
#493=LINE('',#3621,#775);
#494=LINE('',#3623,#776);
#495=LINE('',#3624,#777);
#496=LINE('',#3627,#778);
#497=LINE('',#3629,#779);
#498=LINE('',#3630,#780);
#499=LINE('',#3656,#781);
#500=LINE('',#3670,#782);
#501=LINE('',#3672,#783);
#502=LINE('',#3675,#784);
#503=LINE('',#3676,#785);
#504=LINE('',#3699,#786);
#505=LINE('',#3703,#787);
#506=LINE('',#3707,#788);
#507=LINE('',#3713,#789);
#508=LINE('',#3715,#790);
#509=LINE('',#3716,#791);
#510=LINE('',#3719,#792);
#511=LINE('',#3720,#793);
#512=LINE('',#3722,#794);
#513=LINE('',#3730,#795);
#514=LINE('',#3735,#796);
#515=LINE('',#3737,#797);
#516=LINE('',#3739,#798);
#517=LINE('',#3741,#799);
#518=LINE('',#3743,#800);
#519=LINE('',#3744,#801);
#520=LINE('',#3748,#802);
#521=LINE('',#3750,#803);
#522=LINE('',#3752,#804);
#523=LINE('',#3753,#805);
#524=LINE('',#3757,#806);
#525=LINE('',#3759,#807);
#526=LINE('',#3761,#808);
#527=LINE('',#3763,#809);
#528=LINE('',#3764,#810);
#529=LINE('',#3768,#811);
#530=LINE('',#3769,#812);
#531=LINE('',#3775,#813);
#532=LINE('',#3779,#814);
#533=LINE('',#3781,#815);
#534=LINE('',#3782,#816);
#535=LINE('',#3785,#817);
#536=LINE('',#3787,#818);
#537=LINE('',#3789,#819);
#538=LINE('',#3791,#820);
#539=LINE('',#3793,#821);
#540=LINE('',#3795,#822);
#541=LINE('',#3796,#823);
#542=LINE('',#3799,#824);
#543=LINE('',#3801,#825);
#544=LINE('',#3803,#826);
#545=LINE('',#3805,#827);
#546=LINE('',#3807,#828);
#547=LINE('',#3834,#829);
#548=LINE('',#3856,#830);
#549=LINE('',#3881,#831);
#550=LINE('',#3898,#832);
#551=LINE('',#3900,#833);
#552=LINE('',#3902,#834);
#553=LINE('',#3903,#835);
#554=LINE('',#3905,#836);
#555=LINE('',#3906,#837);
#556=LINE('',#3911,#838);
#557=LINE('',#3914,#839);
#558=LINE('',#3918,#840);
#559=LINE('',#3919,#841);
#560=LINE('',#3920,#842);
#561=LINE('',#3928,#843);
#562=LINE('',#3933,#844);
#563=LINE('',#3939,#845);
#564=LINE('',#3942,#846);
#565=LINE('',#3943,#847);
#566=LINE('',#3944,#848);
#567=LINE('',#3948,#849);
#568=LINE('',#3950,#850);
#569=LINE('',#3952,#851);
#570=LINE('',#3953,#852);
#571=LINE('',#3959,#853);
#572=LINE('',#3965,#854);
#573=LINE('',#3971,#855);
#574=LINE('',#3974,#856);
#575=LINE('',#3976,#857);
#576=LINE('',#3977,#858);
#577=LINE('',#3984,#859);
#578=LINE('',#3986,#860);
#579=LINE('',#3988,#861);
#580=LINE('',#3989,#862);
#581=LINE('',#3992,#863);
#582=LINE('',#3994,#864);
#583=LINE('',#3995,#865);
#584=LINE('',#3999,#866);
#585=LINE('',#4000,#867);
#586=LINE('',#4001,#868);
#587=LINE('',#4005,#869);
#588=LINE('',#4006,#870);
#589=LINE('',#4007,#871);
#590=LINE('',#4010,#872);
#591=LINE('',#4011,#873);
#592=LINE('',#4014,#874);
#593=LINE('',#4016,#875);
#594=LINE('',#4017,#876);
#595=LINE('',#4020,#877);
#596=LINE('',#4024,#878);
#597=LINE('',#4025,#879);
#598=LINE('',#4043,#880);
#599=LINE('',#4102,#881);
#600=LINE('',#4120,#882);
#601=LINE('',#4127,#883);
#602=LINE('',#4128,#884);
#603=LINE('',#4146,#885);
#604=LINE('',#4181,#886);
#605=LINE('',#4199,#887);
#606=LINE('',#4206,#888);
#607=LINE('',#4207,#889);
#608=LINE('',#4225,#890);
#609=LINE('',#4259,#891);
#610=LINE('',#4277,#892);
#611=LINE('',#4284,#893);
#612=LINE('',#4285,#894);
#613=LINE('',#4303,#895);
#614=LINE('',#4335,#896);
#615=LINE('',#4353,#897);
#616=LINE('',#4360,#898);
#617=LINE('',#4362,#899);
#618=LINE('',#4363,#900);
#619=LINE('',#4371,#901);
#620=LINE('',#4372,#902);
#621=LINE('',#4373,#903);
#622=LINE('',#4379,#904);
#623=LINE('',#4382,#905);
#624=LINE('',#4383,#906);
#625=LINE('',#4387,#907);
#626=LINE('',#4389,#908);
#627=LINE('',#4391,#909);
#628=LINE('',#4393,#910);
#629=LINE('',#4394,#911);
#630=LINE('',#4397,#912);
#631=LINE('',#4398,#913);
#632=LINE('',#4400,#914);
#633=LINE('',#4401,#915);
#634=LINE('',#4404,#916);
#635=LINE('',#4406,#917);
#636=LINE('',#4408,#918);
#637=LINE('',#4409,#919);
#638=LINE('',#4412,#920);
#639=LINE('',#4414,#921);
#640=LINE('',#4416,#922);
#641=LINE('',#4417,#923);
#642=LINE('',#4420,#924);
#643=LINE('',#4422,#925);
#644=LINE('',#4424,#926);
#645=LINE('',#4429,#927);
#646=LINE('',#4432,#928);
#647=LINE('',#4435,#929);
#648=LINE('',#4437,#930);
#649=LINE('',#4439,#931);
#650=LINE('',#4440,#932);
#651=LINE('',#4445,#933);
#652=LINE('',#4449,#934);
#653=LINE('',#4450,#935);
#654=LINE('',#4452,#936);
#655=LINE('',#4453,#937);
#656=LINE('',#4456,#938);
#657=LINE('',#4458,#939);
#658=LINE('',#4459,#940);
#659=LINE('',#4477,#941);
#660=LINE('',#4480,#942);
#661=LINE('',#4481,#943);
#662=LINE('',#4486,#944);
#663=LINE('',#4488,#945);
#664=LINE('',#4489,#946);
#665=LINE('',#4493,#947);
#666=LINE('',#4495,#948);
#667=LINE('',#4497,#949);
#668=LINE('',#4499,#950);
#669=LINE('',#4500,#951);
#670=LINE('',#4502,#952);
#671=LINE('',#4503,#953);
#672=LINE('',#4505,#954);
#673=LINE('',#4508,#955);
#674=LINE('',#4510,#956);
#675=LINE('',#4511,#957);
#676=LINE('',#4516,#958);
#677=LINE('',#4519,#959);
#678=LINE('',#4520,#960);
#679=LINE('',#4524,#961);
#680=LINE('',#4528,#962);
#681=LINE('',#4533,#963);
#682=LINE('',#4561,#964);
#683=LINE('',#4567,#965);
#684=LINE('',#4603,#966);
#685=LINE('',#4606,#967);
#686=LINE('',#4609,#968);
#687=LINE('',#4611,#969);
#688=LINE('',#4615,#970);
#689=LINE('',#4619,#971);
#690=LINE('',#4623,#972);
#691=LINE('',#4627,#973);
#692=LINE('',#4630,#974);
#693=LINE('',#4631,#975);
#694=LINE('',#4633,#976);
#695=LINE('',#4635,#977);
#696=LINE('',#4637,#978);
#697=LINE('',#4639,#979);
#698=LINE('',#4641,#980);
#699=LINE('',#4643,#981);
#700=LINE('',#4645,#982);
#701=LINE('',#4647,#983);
#702=LINE('',#4654,#984);
#703=LINE('',#4656,#985);
#704=LINE('',#4675,#986);
#705=LINE('',#4680,#987);
#706=LINE('',#4683,#988);
#707=LINE('',#4685,#989);
#708=LINE('',#4686,#990);
#709=LINE('',#4689,#991);
#710=LINE('',#4690,#992);
#711=LINE('',#4692,#993);
#712=LINE('',#4694,#994);
#713=LINE('',#4698,#995);
#714=LINE('',#4699,#996);
#715=LINE('',#4700,#997);
#716=LINE('',#4702,#998);
#717=LINE('',#4704,#999);
#718=LINE('',#4706,#1000);
#719=LINE('',#4710,#1001);
#720=LINE('',#4715,#1002);
#721=LINE('',#4720,#1003);
#722=LINE('',#4722,#1004);
#723=LINE('',#4723,#1005);
#724=LINE('',#4725,#1006);
#725=LINE('',#4728,#1007);
#726=LINE('',#4730,#1008);
#727=LINE('',#4733,#1009);
#728=LINE('',#4735,#1010);
#729=LINE('',#4737,#1011);
#730=LINE('',#4739,#1012);
#731=LINE('',#4741,#1013);
#732=LINE('',#4744,#1014);
#733=LINE('',#4748,#1015);
#734=LINE('',#4752,#1016);
#735=LINE('',#4755,#1017);
#736=LINE('',#4759,#1018);
#737=LINE('',#4760,#1019);
#738=LINE('',#4761,#1020);
#739=LINE('',#4765,#1021);
#740=LINE('',#4766,#1022);
#741=LINE('',#4767,#1023);
#742=LINE('',#4769,#1024);
#743=LINE('',#4773,#1025);
#744=LINE('',#4776,#1026);
#745=LINE('',#4777,#1027);
#746=LINE('',#4781,#1028);
#747=LINE('',#4791,#1029);
#748=LINE('',#4792,#1030);
#749=LINE('',#4796,#1031);
#750=LINE('',#4807,#1032);
#751=LINE('',#4808,#1033);
#752=LINE('',#4810,#1034);
#753=LINE('',#4811,#1035);
#754=LINE('',#4813,#1036);
#755=LINE('',#4815,#1037);
#756=LINE('',#4817,#1038);
#757=LINE('',#4820,#1039);
#758=LINE('',#4821,#1040);
#759=LINE('',#4824,#1041);
#760=LINE('',#4825,#1042);
#761=LINE('',#4828,#1043);
#762=LINE('',#4829,#1044);
#763=LINE('',#4831,#1045);
#764=LINE('',#4833,#1046);
#765=LINE('',#4853,#1047);
#766=LINE('',#4855,#1048);
#767=LINE('',#4857,#1049);
#768=VECTOR('',#2917,10.);
#769=VECTOR('',#2918,10.);
#770=VECTOR('',#2919,10.);
#771=VECTOR('',#2920,10.);
#772=VECTOR('',#2923,10.);
#773=VECTOR('',#2924,10.);
#774=VECTOR('',#2925,10.);
#775=VECTOR('',#2926,10.);
#776=VECTOR('',#2929,10.);
#777=VECTOR('',#2930,10.);
#778=VECTOR('',#2933,10.);
#779=VECTOR('',#2934,10.);
#780=VECTOR('',#2935,10.);
#781=VECTOR('',#2936,10.);
#782=VECTOR('',#2939,10.);
#783=VECTOR('',#2942,10.);
#784=VECTOR('',#2945,10.);
#785=VECTOR('',#2946,10.);
#786=VECTOR('',#2949,20.8);
#787=VECTOR('',#2952,10.);
#788=VECTOR('',#2957,10.);
#789=VECTOR('',#2964,10.);
#790=VECTOR('',#2965,10.);
#791=VECTOR('',#2966,10.);
#792=VECTOR('',#2969,10.);
#793=VECTOR('',#2970,10.);
#794=VECTOR('',#2973,10.);
#795=VECTOR('',#2982,2.3498083977644);
#796=VECTOR('',#2987,10.);
#797=VECTOR('',#2988,10.);
#798=VECTOR('',#2989,10.);
#799=VECTOR('',#2990,10.);
#800=VECTOR('',#2991,10.);
#801=VECTOR('',#2992,10.);
#802=VECTOR('',#2995,10.);
#803=VECTOR('',#2996,10.);
#804=VECTOR('',#2997,10.);
#805=VECTOR('',#2998,10.);
#806=VECTOR('',#3001,10.);
#807=VECTOR('',#3002,10.);
#808=VECTOR('',#3003,10.);
#809=VECTOR('',#3004,10.);
#810=VECTOR('',#3005,10.);
#811=VECTOR('',#3008,10.);
#812=VECTOR('',#3009,10.);
#813=VECTOR('',#3016,10.);
#814=VECTOR('',#3021,10.);
#815=VECTOR('',#3022,10.);
#816=VECTOR('',#3023,10.);
#817=VECTOR('',#3026,10.);
#818=VECTOR('',#3027,10.);
#819=VECTOR('',#3028,10.);
#820=VECTOR('',#3029,10.);
#821=VECTOR('',#3030,10.);
#822=VECTOR('',#3031,10.);
#823=VECTOR('',#3032,10.);
#824=VECTOR('',#3035,10.);
#825=VECTOR('',#3036,10.);
#826=VECTOR('',#3037,10.);
#827=VECTOR('',#3038,10.);
#828=VECTOR('',#3039,10.);
#829=VECTOR('',#3040,10.);
#830=VECTOR('',#3043,10.);
#831=VECTOR('',#3046,10.);
#832=VECTOR('',#3051,10.);
#833=VECTOR('',#3052,1000.);
#834=VECTOR('',#3053,1000.);
#835=VECTOR('',#3054,10.);
#836=VECTOR('',#3055,10.);
#837=VECTOR('',#3056,10.);
#838=VECTOR('',#3061,10.);
#839=VECTOR('',#3064,10.);
#840=VECTOR('',#3067,10.);
#841=VECTOR('',#3068,10.);
#842=VECTOR('',#3069,10.);
#843=VECTOR('',#3078,10.);
#844=VECTOR('',#3085,10.);
#845=VECTOR('',#3092,10.);
#846=VECTOR('',#3095,10.);
#847=VECTOR('',#3096,10.);
#848=VECTOR('',#3097,10.);
#849=VECTOR('',#3100,10.);
#850=VECTOR('',#3101,10.);
#851=VECTOR('',#3102,10.);
#852=VECTOR('',#3103,10.);
#853=VECTOR('',#3110,10.);
#854=VECTOR('',#3117,10.);
#855=VECTOR('',#3124,10.);
#856=VECTOR('',#3127,10.);
#857=VECTOR('',#3128,10.);
#858=VECTOR('',#3129,10.);
#859=VECTOR('',#3138,10.);
#860=VECTOR('',#3139,10.);
#861=VECTOR('',#3140,10.);
#862=VECTOR('',#3141,10.);
#863=VECTOR('',#3144,10.);
#864=VECTOR('',#3145,10.);
#865=VECTOR('',#3146,10.);
#866=VECTOR('',#3149,10.);
#867=VECTOR('',#3150,10.);
#868=VECTOR('',#3151,10.);
#869=VECTOR('',#3154,10.);
#870=VECTOR('',#3155,10.);
#871=VECTOR('',#3156,10.);
#872=VECTOR('',#3159,10.);
#873=VECTOR('',#3160,10.);
#874=VECTOR('',#3163,10.);
#875=VECTOR('',#3164,10.);
#876=VECTOR('',#3165,10.);
#877=VECTOR('',#3168,10.);
#878=VECTOR('',#3171,10.);
#879=VECTOR('',#3172,10.);
#880=VECTOR('',#3173,10.);
#881=VECTOR('',#3174,10.);
#882=VECTOR('',#3175,10.);
#883=VECTOR('',#3178,10.);
#884=VECTOR('',#3179,10.);
#885=VECTOR('',#3180,10.);
#886=VECTOR('',#3181,10.);
#887=VECTOR('',#3182,10.);
#888=VECTOR('',#3185,10.);
#889=VECTOR('',#3186,10.);
#890=VECTOR('',#3187,10.);
#891=VECTOR('',#3188,9.99999999999999);
#892=VECTOR('',#3189,10.);
#893=VECTOR('',#3192,10.);
#894=VECTOR('',#3193,10.);
#895=VECTOR('',#3194,10.);
#896=VECTOR('',#3195,10.);
#897=VECTOR('',#3196,10.);
#898=VECTOR('',#3199,10.);
#899=VECTOR('',#3200,10.);
#900=VECTOR('',#3201,10.);
#901=VECTOR('',#3208,1000.);
#902=VECTOR('',#3209,1000.);
#903=VECTOR('',#3210,10.);
#904=VECTOR('',#3217,1000.);
#905=VECTOR('',#3220,10.);
#906=VECTOR('',#3221,10.);
#907=VECTOR('',#3224,10.);
#908=VECTOR('',#3225,10.);
#909=VECTOR('',#3226,10.);
#910=VECTOR('',#3227,10.);
#911=VECTOR('',#3228,10.);
#912=VECTOR('',#3231,10.);
#913=VECTOR('',#3232,10.);
#914=VECTOR('',#3233,10.);
#915=VECTOR('',#3234,10.);
#916=VECTOR('',#3237,10.);
#917=VECTOR('',#3238,10.);
#918=VECTOR('',#3239,10.);
#919=VECTOR('',#3240,10.);
#920=VECTOR('',#3243,10.);
#921=VECTOR('',#3244,10.);
#922=VECTOR('',#3245,1000.);
#923=VECTOR('',#3246,1000.);
#924=VECTOR('',#3249,1000.);
#925=VECTOR('',#3250,1000.);
#926=VECTOR('',#3251,1000.);
#927=VECTOR('',#3256,1.);
#928=VECTOR('',#3259,1.);
#929=VECTOR('',#3264,10.);
#930=VECTOR('',#3265,10.);
#931=VECTOR('',#3266,10.);
#932=VECTOR('',#3267,10.);
#933=VECTOR('',#3272,10.);
#934=VECTOR('',#3275,10.);
#935=VECTOR('',#3276,10.);
#936=VECTOR('',#3277,10.);
#937=VECTOR('',#3278,10.);
#938=VECTOR('',#3281,10.);
#939=VECTOR('',#3282,10.);
#940=VECTOR('',#3283,10.);
#941=VECTOR('',#3296,10.);
#942=VECTOR('',#3299,10.);
#943=VECTOR('',#3300,10.);
#944=VECTOR('',#3307,10.);
#945=VECTOR('',#3308,10.);
#946=VECTOR('',#3309,10.);
#947=VECTOR('',#3312,10.);
#948=VECTOR('',#3313,10.);
#949=VECTOR('',#3314,10.);
#950=VECTOR('',#3315,10.);
#951=VECTOR('',#3316,10.);
#952=VECTOR('',#3319,10.);
#953=VECTOR('',#3320,10.);
#954=VECTOR('',#3323,10.);
#955=VECTOR('',#3326,10.);
#956=VECTOR('',#3327,10.);
#957=VECTOR('',#3328,10.);
#958=VECTOR('',#3333,10.);
#959=VECTOR('',#3338,10.);
#960=VECTOR('',#3339,10.);
#961=VECTOR('',#3342,1000.);
#962=VECTOR('',#3345,1000.);
#963=VECTOR('',#3352,1000.);
#964=VECTOR('',#3359,10.);
#965=VECTOR('',#3360,10.);
#966=VECTOR('',#3363,10.);
#967=VECTOR('',#3366,10.);
#968=VECTOR('',#3369,10.);
#969=VECTOR('',#3370,10.);
#970=VECTOR('',#3373,10.);
#971=VECTOR('',#3376,10.);
#972=VECTOR('',#3379,10.);
#973=VECTOR('',#3382,10.);
#974=VECTOR('',#3387,10.);
#975=VECTOR('',#3388,10.);
#976=VECTOR('',#3391,10.);
#977=VECTOR('',#3394,10.);
#978=VECTOR('',#3397,10.);
#979=VECTOR('',#3400,10.);
#980=VECTOR('',#3403,10.);
#981=VECTOR('',#3406,10.);
#982=VECTOR('',#3409,10.);
#983=VECTOR('',#3412,10.);
#984=VECTOR('',#3415,10.);
#985=VECTOR('',#3418,10.);
#986=VECTOR('',#3421,10.);
#987=VECTOR('',#3428,1000.);
#988=VECTOR('',#3431,10.);
#989=VECTOR('',#3432,10.);
#990=VECTOR('',#3433,10.);
#991=VECTOR('',#3436,10.);
#992=VECTOR('',#3437,10.);
#993=VECTOR('',#3440,10.);
#994=VECTOR('',#3443,10.);
#995=VECTOR('',#3446,10.);
#996=VECTOR('',#3447,10.);
#997=VECTOR('',#3448,10.);
#998=VECTOR('',#3451,10.);
#999=VECTOR('',#3454,10.);
#1000=VECTOR('',#3457,10.);
#1001=VECTOR('',#3462,10.);
#1002=VECTOR('',#3467,10.);
#1003=VECTOR('',#3474,10.);
#1004=VECTOR('',#3475,10.);
#1005=VECTOR('',#3476,10.);
#1006=VECTOR('',#3479,1000.);
#1007=VECTOR('',#3482,10.);
#1008=VECTOR('',#3483,10.);
#1009=VECTOR('',#3486,9.99999999999999);
#1010=VECTOR('',#3489,10.);
#1011=VECTOR('',#3492,10.);
#1012=VECTOR('',#3495,10.);
#1013=VECTOR('',#3498,10.);
#1014=VECTOR('',#3501,10.);
#1015=VECTOR('',#3506,10.);
#1016=VECTOR('',#3511,1.75);
#1017=VECTOR('',#3514,1.85);
#1018=VECTOR('',#3519,10.);
#1019=VECTOR('',#3520,10.);
#1020=VECTOR('',#3521,10.);
#1021=VECTOR('',#3524,10.);
#1022=VECTOR('',#3525,10.);
#1023=VECTOR('',#3526,1000.);
#1024=VECTOR('',#3529,10.);
#1025=VECTOR('',#3534,10.);
#1026=VECTOR('',#3537,10.);
#1027=VECTOR('',#3538,10.);
#1028=VECTOR('',#3543,9.99999999999999);
#1029=VECTOR('',#3546,10.);
#1030=VECTOR('',#3547,10.);
#1031=VECTOR('',#3552,10.);
#1032=VECTOR('',#3557,10.);
#1033=VECTOR('',#3558,1000.);
#1034=VECTOR('',#3559,1000.);
#1035=VECTOR('',#3560,10.);
#1036=VECTOR('',#3563,10.);
#1037=VECTOR('',#3566,10.);
#1038=VECTOR('',#3569,10.);
#1039=VECTOR('',#3572,10.);
#1040=VECTOR('',#3573,10.);
#1041=VECTOR('',#3576,10.);
#1042=VECTOR('',#3577,10.);
#1043=VECTOR('',#3580,10.);
#1044=VECTOR('',#3581,10.);
#1045=VECTOR('',#3584,10.);
#1046=VECTOR('',#3587,10.);
#1047=VECTOR('',#3594,10.);
#1048=VECTOR('',#3597,10.);
#1049=VECTOR('',#3600,10.);
#1050=VERTEX_POINT('',#3605);
#1051=VERTEX_POINT('',#3606);
#1052=VERTEX_POINT('',#3608);
#1053=VERTEX_POINT('',#3610);
#1054=VERTEX_POINT('',#3614);
#1055=VERTEX_POINT('',#3615);
#1056=VERTEX_POINT('',#3617);
#1057=VERTEX_POINT('',#3619);
#1058=VERTEX_POINT('',#3626);
#1059=VERTEX_POINT('',#3628);
#1060=VERTEX_POINT('',#3647);
#1061=VERTEX_POINT('',#3648);
#1062=VERTEX_POINT('',#3655);
#1063=VERTEX_POINT('',#3657);
#1064=VERTEX_POINT('',#3669);
#1065=VERTEX_POINT('',#3674);
#1066=VERTEX_POINT('',#3698);
#1067=VERTEX_POINT('',#3700);
#1068=VERTEX_POINT('',#3702);
#1069=VERTEX_POINT('',#3706);
#1070=VERTEX_POINT('',#3708);
#1071=VERTEX_POINT('',#3712);
#1072=VERTEX_POINT('',#3714);
#1073=VERTEX_POINT('',#3718);
#1074=VERTEX_POINT('',#3724);
#1075=VERTEX_POINT('',#3726);
#1076=VERTEX_POINT('',#3729);
#1077=VERTEX_POINT('',#3733);
#1078=VERTEX_POINT('',#3734);
#1079=VERTEX_POINT('',#3736);
#1080=VERTEX_POINT('',#3738);
#1081=VERTEX_POINT('',#3740);
#1082=VERTEX_POINT('',#3742);
#1083=VERTEX_POINT('',#3746);
#1084=VERTEX_POINT('',#3747);
#1085=VERTEX_POINT('',#3749);
#1086=VERTEX_POINT('',#3751);
#1087=VERTEX_POINT('',#3755);
#1088=VERTEX_POINT('',#3756);
#1089=VERTEX_POINT('',#3758);
#1090=VERTEX_POINT('',#3760);
#1091=VERTEX_POINT('',#3762);
#1092=VERTEX_POINT('',#3766);
#1093=VERTEX_POINT('',#3767);
#1094=VERTEX_POINT('',#3772);
#1095=VERTEX_POINT('',#3773);
#1096=VERTEX_POINT('',#3778);
#1097=VERTEX_POINT('',#3780);
#1098=VERTEX_POINT('',#3784);
#1099=VERTEX_POINT('',#3786);
#1100=VERTEX_POINT('',#3788);
#1101=VERTEX_POINT('',#3790);
#1102=VERTEX_POINT('',#3792);
#1103=VERTEX_POINT('',#3794);
#1104=VERTEX_POINT('',#3798);
#1105=VERTEX_POINT('',#3800);
#1106=VERTEX_POINT('',#3802);
#1107=VERTEX_POINT('',#3804);
#1108=VERTEX_POINT('',#3806);
#1109=VERTEX_POINT('',#3808);
#1110=VERTEX_POINT('',#3815);
#1111=VERTEX_POINT('',#3826);
#1112=VERTEX_POINT('',#3833);
#1113=VERTEX_POINT('',#3835);
#1114=VERTEX_POINT('',#3837);
#1115=VERTEX_POINT('',#3848);
#1116=VERTEX_POINT('',#3855);
#1117=VERTEX_POINT('',#3857);
#1118=VERTEX_POINT('',#3859);
#1119=VERTEX_POINT('',#3873);
#1120=VERTEX_POINT('',#3880);
#1121=VERTEX_POINT('',#3882);
#1122=VERTEX_POINT('',#3884);
#1123=VERTEX_POINT('',#3895);
#1124=VERTEX_POINT('',#3897);
#1125=VERTEX_POINT('',#3899);
#1126=VERTEX_POINT('',#3901);
#1127=VERTEX_POINT('',#3904);
#1128=VERTEX_POINT('',#3908);
#1129=VERTEX_POINT('',#3910);
#1130=VERTEX_POINT('',#3912);
#1131=VERTEX_POINT('',#3916);
#1132=VERTEX_POINT('',#3917);
#1133=VERTEX_POINT('',#3922);
#1134=VERTEX_POINT('',#3923);
#1135=VERTEX_POINT('',#3926);
#1136=VERTEX_POINT('',#3931);
#1137=VERTEX_POINT('',#3935);
#1138=VERTEX_POINT('',#3937);
#1139=VERTEX_POINT('',#3941);
#1140=VERTEX_POINT('',#3946);
#1141=VERTEX_POINT('',#3947);
#1142=VERTEX_POINT('',#3949);
#1143=VERTEX_POINT('',#3951);
#1144=VERTEX_POINT('',#3955);
#1145=VERTEX_POINT('',#3957);
#1146=VERTEX_POINT('',#3961);
#1147=VERTEX_POINT('',#3963);
#1148=VERTEX_POINT('',#3967);
#1149=VERTEX_POINT('',#3969);
#1150=VERTEX_POINT('',#3973);
#1151=VERTEX_POINT('',#3975);
#1152=VERTEX_POINT('',#3982);
#1153=VERTEX_POINT('',#3983);
#1154=VERTEX_POINT('',#3985);
#1155=VERTEX_POINT('',#3987);
#1156=VERTEX_POINT('',#3991);
#1157=VERTEX_POINT('',#3993);
#1158=VERTEX_POINT('',#3997);
#1159=VERTEX_POINT('',#3998);
#1160=VERTEX_POINT('',#4003);
#1161=VERTEX_POINT('',#4004);
#1162=VERTEX_POINT('',#4009);
#1163=VERTEX_POINT('',#4013);
#1164=VERTEX_POINT('',#4015);
#1165=VERTEX_POINT('',#4019);
#1166=VERTEX_POINT('',#4021);
#1167=VERTEX_POINT('',#4023);
#1168=VERTEX_POINT('',#4042);
#1169=VERTEX_POINT('',#4088);
#1170=VERTEX_POINT('',#4119);
#1171=VERTEX_POINT('',#4126);
#1172=VERTEX_POINT('',#4145);
#1173=VERTEX_POINT('',#4167);
#1174=VERTEX_POINT('',#4198);
#1175=VERTEX_POINT('',#4205);
#1176=VERTEX_POINT('',#4224);
#1177=VERTEX_POINT('',#4248);
#1178=VERTEX_POINT('',#4276);
#1179=VERTEX_POINT('',#4283);
#1180=VERTEX_POINT('',#4302);
#1181=VERTEX_POINT('',#4324);
#1182=VERTEX_POINT('',#4352);
#1183=VERTEX_POINT('',#4359);
#1184=VERTEX_POINT('',#4361);
#1185=VERTEX_POINT('',#4365);
#1186=VERTEX_POINT('',#4366);
#1187=VERTEX_POINT('',#4368);
#1188=VERTEX_POINT('',#4370);
#1189=VERTEX_POINT('',#4375);
#1190=VERTEX_POINT('',#4377);
#1191=VERTEX_POINT('',#4381);
#1192=VERTEX_POINT('',#4385);
#1193=VERTEX_POINT('',#4386);
#1194=VERTEX_POINT('',#4388);
#1195=VERTEX_POINT('',#4390);
#1196=VERTEX_POINT('',#4392);
#1197=VERTEX_POINT('',#4396);
#1198=VERTEX_POINT('',#4399);
#1199=VERTEX_POINT('',#4403);
#1200=VERTEX_POINT('',#4405);
#1201=VERTEX_POINT('',#4407);
#1202=VERTEX_POINT('',#4411);
#1203=VERTEX_POINT('',#4413);
#1204=VERTEX_POINT('',#4415);
#1205=VERTEX_POINT('',#4419);
#1206=VERTEX_POINT('',#4421);
#1207=VERTEX_POINT('',#4423);
#1208=VERTEX_POINT('',#4427);
#1209=VERTEX_POINT('',#4428);
#1210=VERTEX_POINT('',#4430);
#1211=VERTEX_POINT('',#4436);
#1212=VERTEX_POINT('',#4438);
#1213=VERTEX_POINT('',#4442);
#1214=VERTEX_POINT('',#4444);
#1215=VERTEX_POINT('',#4446);
#1216=VERTEX_POINT('',#4448);
#1217=VERTEX_POINT('',#4451);
#1218=VERTEX_POINT('',#4455);
#1219=VERTEX_POINT('',#4457);
#1220=VERTEX_POINT('',#4461);
#1221=VERTEX_POINT('',#4468);
#1222=VERTEX_POINT('',#4475);
#1223=VERTEX_POINT('',#4479);
#1224=VERTEX_POINT('',#4485);
#1225=VERTEX_POINT('',#4487);
#1226=VERTEX_POINT('',#4491);
#1227=VERTEX_POINT('',#4492);
#1228=VERTEX_POINT('',#4494);
#1229=VERTEX_POINT('',#4496);
#1230=VERTEX_POINT('',#4498);
#1231=VERTEX_POINT('',#4507);
#1232=VERTEX_POINT('',#4509);
#1233=VERTEX_POINT('',#4513);
#1234=VERTEX_POINT('',#4515);
#1235=VERTEX_POINT('',#4522);
#1236=VERTEX_POINT('',#4523);
#1237=VERTEX_POINT('',#4525);
#1238=VERTEX_POINT('',#4527);
#1239=VERTEX_POINT('',#4532);
#1240=VERTEX_POINT('',#4553);
#1241=VERTEX_POINT('',#4560);
#1242=VERTEX_POINT('',#4562);
#1243=VERTEX_POINT('',#4584);
#1244=VERTEX_POINT('',#4602);
#1245=VERTEX_POINT('',#4604);
#1246=VERTEX_POINT('',#4608);
#1247=VERTEX_POINT('',#4610);
#1248=VERTEX_POINT('',#4612);
#1249=VERTEX_POINT('',#4614);
#1250=VERTEX_POINT('',#4616);
#1251=VERTEX_POINT('',#4618);
#1252=VERTEX_POINT('',#4620);
#1253=VERTEX_POINT('',#4622);
#1254=VERTEX_POINT('',#4624);
#1255=VERTEX_POINT('',#4626);
#1256=VERTEX_POINT('',#4649);
#1257=VERTEX_POINT('',#4674);
#1258=VERTEX_POINT('',#4678);
#1259=VERTEX_POINT('',#4682);
#1260=VERTEX_POINT('',#4684);
#1261=VERTEX_POINT('',#4688);
#1262=VERTEX_POINT('',#4696);
#1263=VERTEX_POINT('',#4697);
#1264=VERTEX_POINT('',#4709);
#1265=VERTEX_POINT('',#4713);
#1266=VERTEX_POINT('',#4714);
#1267=VERTEX_POINT('',#4719);
#1268=VERTEX_POINT('',#4721);
#1269=VERTEX_POINT('',#4727);
#1270=VERTEX_POINT('',#4729);
#1271=VERTEX_POINT('',#4731);
#1272=VERTEX_POINT('',#4743);
#1273=VERTEX_POINT('',#4746);
#1274=VERTEX_POINT('',#4750);
#1275=VERTEX_POINT('',#4754);
#1276=VERTEX_POINT('',#4758);
#1277=VERTEX_POINT('',#4763);
#1278=VERTEX_POINT('',#4764);
#1279=VERTEX_POINT('',#4771);
#1280=VERTEX_POINT('',#4775);
#1281=VERTEX_POINT('',#4779);
#1282=VERTEX_POINT('',#4783);
#1283=VERTEX_POINT('',#4784);
#1284=VERTEX_POINT('',#4794);
#1285=VERTEX_POINT('',#4805);
#1286=VERTEX_POINT('',#4806);
#1287=VERTEX_POINT('',#4809);
#1288=VERTEX_POINT('',#4819);
#1289=VERTEX_POINT('',#4823);
#1290=VERTEX_POINT('',#4827);
#1291=EDGE_CURVE('',#1050,#1051,#486,.T.);
#1292=EDGE_CURVE('',#1050,#1052,#487,.T.);
#1293=EDGE_CURVE('',#1052,#1053,#488,.T.);
#1294=EDGE_CURVE('',#1051,#1053,#489,.T.);
#1295=EDGE_CURVE('',#1054,#1055,#490,.T.);
#1296=EDGE_CURVE('',#1054,#1056,#491,.T.);
#1297=EDGE_CURVE('',#1056,#1057,#492,.T.);
#1298=EDGE_CURVE('',#1055,#1057,#493,.T.);
#1299=EDGE_CURVE('',#1055,#1050,#494,.T.);
#1300=EDGE_CURVE('',#1057,#1052,#495,.T.);
#1301=EDGE_CURVE('',#1055,#1058,#496,.T.);
#1302=EDGE_CURVE('',#1058,#1059,#497,.T.);
#1303=EDGE_CURVE('',#1059,#1054,#498,.T.);
#1304=EDGE_CURVE('',#1060,#1061,#132,.T.);
#1305=EDGE_CURVE('',#1061,#1062,#499,.T.);
#1306=EDGE_CURVE('',#1062,#1063,#133,.T.);
#1307=EDGE_CURVE('',#1063,#1060,#134,.T.);
#1308=EDGE_CURVE('',#1064,#1050,#500,.T.);
#1309=EDGE_CURVE('',#1061,#1064,#114,.T.);
#1310=EDGE_CURVE('',#1058,#1060,#501,.T.);
#1311=EDGE_CURVE('',#1051,#1065,#502,.T.);
#1312=EDGE_CURVE('',#1065,#1064,#503,.T.);
#1313=EDGE_CURVE('',#1065,#1062,#135,.T.);
#1314=EDGE_CURVE('',#1062,#1066,#504,.T.);
#1315=EDGE_CURVE('',#1067,#1066,#36,.T.);
#1316=EDGE_CURVE('',#1067,#1068,#505,.T.);
#1317=EDGE_CURVE('',#1063,#1068,#115,.T.);
#1318=EDGE_CURVE('',#1069,#1066,#506,.T.);
#1319=EDGE_CURVE('',#1069,#1070,#37,.T.);
#1320=EDGE_CURVE('',#1070,#1067,#38,.T.);
#1321=EDGE_CURVE('',#1070,#1071,#507,.T.);
#1322=EDGE_CURVE('',#1071,#1072,#508,.T.);
#1323=EDGE_CURVE('',#1072,#1067,#509,.T.);
#1324=EDGE_CURVE('',#1068,#1073,#510,.T.);
#1325=EDGE_CURVE('',#1073,#1072,#511,.T.);
#1326=EDGE_CURVE('',#1073,#1059,#512,.T.);
#1327=EDGE_CURVE('',#1074,#1074,#39,.T.);
#1328=EDGE_CURVE('',#1075,#1075,#40,.F.);
#1329=EDGE_CURVE('',#1074,#1076,#513,.T.);
#1330=EDGE_CURVE('',#1076,#1076,#41,.F.);
#1331=EDGE_CURVE('',#1077,#1078,#514,.T.);
#1332=EDGE_CURVE('',#1078,#1079,#515,.F.);
#1333=EDGE_CURVE('',#1079,#1080,#516,.F.);
#1334=EDGE_CURVE('',#1080,#1081,#517,.F.);
#1335=EDGE_CURVE('',#1082,#1081,#518,.F.);
#1336=EDGE_CURVE('',#1077,#1082,#519,.T.);
#1337=EDGE_CURVE('',#1083,#1084,#520,.T.);
#1338=EDGE_CURVE('',#1085,#1084,#521,.T.);
#1339=EDGE_CURVE('',#1086,#1085,#522,.F.);
#1340=EDGE_CURVE('',#1086,#1083,#523,.T.);
#1341=EDGE_CURVE('',#1087,#1088,#524,.F.);
#1342=EDGE_CURVE('',#1088,#1089,#525,.F.);
#1343=EDGE_CURVE('',#1090,#1089,#526,.F.);
#1344=EDGE_CURVE('',#1090,#1091,#527,.F.);
#1345=EDGE_CURVE('',#1091,#1087,#528,.T.);
#1346=EDGE_CURVE('',#1092,#1093,#529,.T.);
#1347=EDGE_CURVE('',#1089,#1092,#530,.F.);
#1348=EDGE_CURVE('',#1093,#1088,#42,.T.);
#1349=EDGE_CURVE('',#1094,#1095,#43,.T.);
#1350=EDGE_CURVE('',#1081,#1094,#531,.F.);
#1351=EDGE_CURVE('',#1095,#1080,#44,.T.);
#1352=EDGE_CURVE('',#1086,#1096,#532,.F.);
#1353=EDGE_CURVE('',#1097,#1096,#533,.T.);
#1354=EDGE_CURVE('',#1097,#1083,#534,.T.);
#1355=EDGE_CURVE('',#1098,#1097,#535,.T.);
#1356=EDGE_CURVE('',#1096,#1099,#536,.T.);
#1357=EDGE_CURVE('',#1099,#1100,#537,.T.);
#1358=EDGE_CURVE('',#1101,#1100,#538,.T.);
#1359=EDGE_CURVE('',#1102,#1101,#539,.T.);
#1360=EDGE_CURVE('',#1103,#1102,#540,.T.);
#1361=EDGE_CURVE('',#1103,#1098,#541,.T.);
#1362=EDGE_CURVE('',#1104,#1098,#542,.T.);
#1363=EDGE_CURVE('',#1105,#1103,#543,.T.);
#1364=EDGE_CURVE('',#1106,#1105,#544,.T.);
#1365=EDGE_CURVE('',#1107,#1106,#545,.T.);
#1366=EDGE_CURVE('',#1108,#1107,#546,.T.);
#1367=EDGE_CURVE('',#1109,#1108,#136,.T.);
#1368=EDGE_CURVE('',#1110,#1109,#137,.T.);
#1369=EDGE_CURVE('',#1111,#1110,#138,.T.);
#1370=EDGE_CURVE('',#1112,#1111,#547,.T.);
#1371=EDGE_CURVE('',#1113,#1112,#116,.T.);
#1372=EDGE_CURVE('',#1114,#1113,#139,.T.);
#1373=EDGE_CURVE('',#1115,#1114,#140,.T.);
#1374=EDGE_CURVE('',#1116,#1115,#548,.T.);
#1375=EDGE_CURVE('',#1117,#1116,#45,.T.);
#1376=EDGE_CURVE('',#1118,#1117,#141,.T.);
#1377=EDGE_CURVE('',#1119,#1118,#142,.T.);
#1378=EDGE_CURVE('',#1120,#1119,#549,.T.);
#1379=EDGE_CURVE('',#1121,#1120,#117,.T.);
#1380=EDGE_CURVE('',#1122,#1121,#143,.T.);
#1381=EDGE_CURVE('',#1123,#1122,#118,.T.);
#1382=EDGE_CURVE('',#1124,#1123,#550,.T.);
#1383=EDGE_CURVE('',#1124,#1125,#551,.T.);
#1384=EDGE_CURVE('',#1125,#1126,#552,.T.);
#1385=EDGE_CURVE('',#1100,#1126,#553,.T.);
#1386=EDGE_CURVE('',#1099,#1127,#554,.T.);
#1387=EDGE_CURVE('',#1104,#1127,#555,.T.);
#1388=EDGE_CURVE('',#1088,#1128,#46,.T.);
#1389=EDGE_CURVE('',#1129,#1128,#556,.T.);
#1390=EDGE_CURVE('',#1130,#1129,#47,.T.);
#1391=EDGE_CURVE('',#1130,#1093,#557,.T.);
#1392=EDGE_CURVE('',#1131,#1132,#558,.T.);
#1393=EDGE_CURVE('',#1132,#1092,#559,.T.);
#1394=EDGE_CURVE('',#1131,#1130,#560,.T.);
#1395=EDGE_CURVE('',#1133,#1134,#48,.T.);
#1396=EDGE_CURVE('',#1134,#1132,#49,.T.);
#1397=EDGE_CURVE('',#1135,#1131,#50,.T.);
#1398=EDGE_CURVE('',#1133,#1135,#561,.T.);
#1399=EDGE_CURVE('',#1079,#1133,#51,.T.);
#1400=EDGE_CURVE('',#1136,#1135,#52,.T.);
#1401=EDGE_CURVE('',#1136,#1095,#562,.T.);
#1402=EDGE_CURVE('',#1137,#1094,#53,.T.);
#1403=EDGE_CURVE('',#1138,#1136,#54,.T.);
#1404=EDGE_CURVE('',#1138,#1137,#563,.T.);
#1405=EDGE_CURVE('',#1128,#1139,#564,.T.);
#1406=EDGE_CURVE('',#1139,#1137,#565,.T.);
#1407=EDGE_CURVE('',#1129,#1138,#566,.T.);
#1408=EDGE_CURVE('',#1140,#1141,#567,.F.);
#1409=EDGE_CURVE('',#1141,#1142,#568,.T.);
#1410=EDGE_CURVE('',#1143,#1142,#569,.T.);
#1411=EDGE_CURVE('',#1140,#1143,#570,.T.);
#1412=EDGE_CURVE('',#1144,#1140,#55,.F.);
#1413=EDGE_CURVE('',#1145,#1143,#56,.T.);
#1414=EDGE_CURVE('',#1144,#1145,#571,.T.);
#1415=EDGE_CURVE('',#1146,#1144,#57,.F.);
#1416=EDGE_CURVE('',#1147,#1145,#58,.T.);
#1417=EDGE_CURVE('',#1147,#1146,#572,.T.);
#1418=EDGE_CURVE('',#1148,#1146,#59,.F.);
#1419=EDGE_CURVE('',#1149,#1147,#60,.T.);
#1420=EDGE_CURVE('',#1148,#1149,#573,.T.);
#1421=EDGE_CURVE('',#1150,#1148,#574,.F.);
#1422=EDGE_CURVE('',#1151,#1149,#575,.T.);
#1423=EDGE_CURVE('',#1150,#1151,#576,.T.);
#1424=EDGE_CURVE('',#1141,#1150,#61,.F.);
#1425=EDGE_CURVE('',#1142,#1151,#62,.T.);
#1426=EDGE_CURVE('',#1152,#1153,#577,.F.);
#1427=EDGE_CURVE('',#1152,#1154,#578,.T.);
#1428=EDGE_CURVE('',#1154,#1155,#579,.T.);
#1429=EDGE_CURVE('',#1153,#1155,#580,.T.);
#1430=EDGE_CURVE('',#1153,#1156,#581,.T.);
#1431=EDGE_CURVE('',#1155,#1157,#582,.T.);
#1432=EDGE_CURVE('',#1156,#1157,#583,.T.);
#1433=EDGE_CURVE('',#1158,#1159,#584,.T.);
#1434=EDGE_CURVE('',#1159,#1101,#585,.T.);
#1435=EDGE_CURVE('',#1158,#1100,#586,.T.);
#1436=EDGE_CURVE('',#1160,#1161,#587,.T.);
#1437=EDGE_CURVE('',#1161,#1103,#588,.T.);
#1438=EDGE_CURVE('',#1160,#1102,#589,.T.);
#1439=EDGE_CURVE('',#1161,#1162,#590,.T.);
#1440=EDGE_CURVE('',#1162,#1105,#591,.T.);
#1441=EDGE_CURVE('',#1163,#1105,#592,.T.);
#1442=EDGE_CURVE('',#1163,#1164,#593,.T.);
#1443=EDGE_CURVE('',#1164,#1106,#594,.F.);
#1444=EDGE_CURVE('',#1107,#1165,#595,.T.);
#1445=EDGE_CURVE('',#1166,#1165,#119,.T.);
#1446=EDGE_CURVE('',#1166,#1167,#596,.T.);
#1447=EDGE_CURVE('',#1167,#1108,#597,.T.);
#1448=EDGE_CURVE('',#1109,#1168,#598,.T.);
#1449=EDGE_CURVE('',#1167,#1168,#144,.T.);
#1450=EDGE_CURVE('',#1168,#1169,#145,.T.);
#1451=EDGE_CURVE('',#1169,#1110,#599,.T.);
#1452=EDGE_CURVE('',#1111,#1170,#600,.T.);
#1453=EDGE_CURVE('',#1169,#1170,#146,.T.);
#1454=EDGE_CURVE('',#1170,#1171,#601,.T.);
#1455=EDGE_CURVE('',#1171,#1112,#602,.T.);
#1456=EDGE_CURVE('',#1113,#1172,#603,.T.);
#1457=EDGE_CURVE('',#1171,#1172,#147,.T.);
#1458=EDGE_CURVE('',#1172,#1173,#148,.T.);
#1459=EDGE_CURVE('',#1173,#1114,#604,.T.);
#1460=EDGE_CURVE('',#1115,#1174,#605,.T.);
#1461=EDGE_CURVE('',#1173,#1174,#149,.T.);
#1462=EDGE_CURVE('',#1174,#1175,#606,.T.);
#1463=EDGE_CURVE('',#1175,#1116,#607,.T.);
#1464=EDGE_CURVE('',#1117,#1176,#608,.T.);
#1465=EDGE_CURVE('',#1175,#1176,#150,.T.);
#1466=EDGE_CURVE('',#1176,#1177,#151,.T.);
#1467=EDGE_CURVE('',#1177,#1118,#609,.T.);
#1468=EDGE_CURVE('',#1119,#1178,#610,.T.);
#1469=EDGE_CURVE('',#1177,#1178,#152,.T.);
#1470=EDGE_CURVE('',#1178,#1179,#611,.T.);
#1471=EDGE_CURVE('',#1179,#1120,#612,.T.);
#1472=EDGE_CURVE('',#1121,#1180,#613,.T.);
#1473=EDGE_CURVE('',#1179,#1180,#153,.T.);
#1474=EDGE_CURVE('',#1180,#1181,#154,.T.);
#1475=EDGE_CURVE('',#1181,#1122,#614,.T.);
#1476=EDGE_CURVE('',#1123,#1182,#615,.T.);
#1477=EDGE_CURVE('',#1181,#1182,#155,.T.);
#1478=EDGE_CURVE('',#1182,#1183,#616,.T.);
#1479=EDGE_CURVE('',#1183,#1184,#617,.T.);
#1480=EDGE_CURVE('',#1184,#1124,#618,.T.);
#1481=EDGE_CURVE('',#1185,#1186,#120,.T.);
#1482=EDGE_CURVE('',#1185,#1187,#121,.T.);
#1483=EDGE_CURVE('',#1188,#1187,#619,.T.);
#1484=EDGE_CURVE('',#1188,#1125,#620,.T.);
#1485=EDGE_CURVE('',#1186,#1184,#621,.T.);
#1486=EDGE_CURVE('',#1126,#1189,#63,.T.);
#1487=EDGE_CURVE('',#1125,#1190,#64,.T.);
#1488=EDGE_CURVE('',#1189,#1190,#622,.T.);
#1489=EDGE_CURVE('',#1126,#1191,#623,.T.);
#1490=EDGE_CURVE('',#1191,#1158,#624,.T.);
#1491=EDGE_CURVE('',#1192,#1193,#625,.T.);
#1492=EDGE_CURVE('',#1194,#1193,#626,.T.);
#1493=EDGE_CURVE('',#1194,#1195,#627,.T.);
#1494=EDGE_CURVE('',#1196,#1195,#628,.T.);
#1495=EDGE_CURVE('',#1196,#1192,#629,.T.);
#1496=EDGE_CURVE('',#1197,#1072,#630,.T.);
#1497=EDGE_CURVE('',#1197,#1192,#631,.T.);
#1498=EDGE_CURVE('',#1198,#1196,#632,.T.);
#1499=EDGE_CURVE('',#1056,#1198,#633,.T.);
#1500=EDGE_CURVE('',#1199,#1197,#634,.T.);
#1501=EDGE_CURVE('',#1200,#1197,#635,.T.);
#1502=EDGE_CURVE('',#1200,#1201,#636,.T.);
#1503=EDGE_CURVE('',#1201,#1199,#637,.T.);
#1504=EDGE_CURVE('',#1202,#1199,#638,.T.);
#1505=EDGE_CURVE('',#1202,#1203,#639,.F.);
#1506=EDGE_CURVE('',#1204,#1203,#640,.T.);
#1507=EDGE_CURVE('',#1204,#1199,#641,.T.);
#1508=EDGE_CURVE('',#1204,#1205,#642,.T.);
#1509=EDGE_CURVE('',#1206,#1204,#643,.T.);
#1510=EDGE_CURVE('',#1207,#1206,#644,.T.);
#1511=EDGE_CURVE('',#1205,#1207,#122,.F.);
#1512=EDGE_CURVE('',#1208,#1209,#645,.T.);
#1513=EDGE_CURVE('',#1210,#1209,#65,.T.);
#1514=EDGE_CURVE('',#1210,#1205,#646,.T.);
#1515=EDGE_CURVE('',#1207,#1208,#66,.F.);
#1516=EDGE_CURVE('',#1193,#1210,#647,.T.);
#1517=EDGE_CURVE('',#1210,#1211,#648,.T.);
#1518=EDGE_CURVE('',#1211,#1212,#649,.T.);
#1519=EDGE_CURVE('',#1212,#1194,#650,.T.);
#1520=EDGE_CURVE('',#1213,#1211,#67,.T.);
#1521=EDGE_CURVE('',#1214,#1213,#651,.T.);
#1522=EDGE_CURVE('',#1215,#1214,#68,.T.);
#1523=EDGE_CURVE('',#1216,#1215,#652,.T.);
#1524=EDGE_CURVE('',#1162,#1216,#653,.T.);
#1525=EDGE_CURVE('',#1217,#1160,#654,.T.);
#1526=EDGE_CURVE('',#1217,#1212,#655,.T.);
#1527=EDGE_CURVE('',#1142,#1218,#656,.T.);
#1528=EDGE_CURVE('',#1218,#1219,#657,.T.);
#1529=EDGE_CURVE('',#1143,#1219,#658,.T.);
#1530=EDGE_CURVE('',#1219,#1220,#69,.T.);
#1531=EDGE_CURVE('',#1145,#1220,#156,.T.);
#1532=EDGE_CURVE('',#1220,#1221,#70,.T.);
#1533=EDGE_CURVE('',#1221,#1147,#157,.T.);
#1534=EDGE_CURVE('',#1221,#1222,#71,.T.);
#1535=EDGE_CURVE('',#1149,#1222,#659,.T.);
#1536=EDGE_CURVE('',#1222,#1223,#660,.T.);
#1537=EDGE_CURVE('',#1151,#1223,#661,.T.);
#1538=EDGE_CURVE('',#1223,#1218,#72,.T.);
#1539=EDGE_CURVE('',#1159,#1224,#662,.T.);
#1540=EDGE_CURVE('',#1224,#1225,#663,.T.);
#1541=EDGE_CURVE('',#1225,#1101,#664,.T.);
#1542=EDGE_CURVE('',#1226,#1227,#665,.T.);
#1543=EDGE_CURVE('',#1228,#1227,#666,.T.);
#1544=EDGE_CURVE('',#1228,#1229,#667,.T.);
#1545=EDGE_CURVE('',#1229,#1230,#668,.T.);
#1546=EDGE_CURVE('',#1230,#1226,#669,.T.);
#1547=EDGE_CURVE('',#1102,#1228,#670,.T.);
#1548=EDGE_CURVE('',#1227,#1217,#671,.T.);
#1549=EDGE_CURVE('',#1216,#1163,#672,.T.);
#1550=EDGE_CURVE('',#1231,#1163,#673,.T.);
#1551=EDGE_CURVE('',#1232,#1231,#674,.T.);
#1552=EDGE_CURVE('',#1164,#1232,#675,.T.);
#1553=EDGE_CURVE('',#1233,#1231,#73,.T.);
#1554=EDGE_CURVE('',#1233,#1234,#676,.T.);
#1555=EDGE_CURVE('',#1232,#1234,#74,.T.);
#1556=EDGE_CURVE('',#1209,#1233,#677,.T.);
#1557=EDGE_CURVE('',#1234,#1208,#678,.T.);
#1558=EDGE_CURVE('',#1235,#1236,#679,.T.);
#1559=EDGE_CURVE('',#1237,#1236,#75,.T.);
#1560=EDGE_CURVE('',#1238,#1237,#680,.T.);
#1561=EDGE_CURVE('',#1235,#1238,#76,.T.);
#1562=EDGE_CURVE('',#1190,#1237,#77,.T.);
#1563=EDGE_CURVE('',#1239,#1190,#681,.T.);
#1564=EDGE_CURVE('',#1238,#1239,#78,.T.);
#1565=EDGE_CURVE('',#1239,#1188,#79,.T.);
#1566=EDGE_CURVE('',#1240,#1187,#158,.T.);
#1567=EDGE_CURVE('',#1241,#1185,#682,.T.);
#1568=EDGE_CURVE('',#1241,#1242,#159,.T.);
#1569=EDGE_CURVE('',#1242,#1240,#683,.T.);
#1570=EDGE_CURVE('',#1243,#1240,#160,.T.);
#1571=EDGE_CURVE('',#1242,#1243,#161,.T.);
#1572=EDGE_CURVE('',#1242,#1244,#684,.T.);
#1573=EDGE_CURVE('',#1244,#1245,#123,.T.);
#1574=EDGE_CURVE('',#1243,#1245,#685,.T.);
#1575=EDGE_CURVE('',#1245,#1246,#686,.T.);
#1576=EDGE_CURVE('',#1247,#1244,#687,.T.);
#1577=EDGE_CURVE('',#1248,#1247,#124,.T.);
#1578=EDGE_CURVE('',#1249,#1248,#688,.T.);
#1579=EDGE_CURVE('',#1250,#1249,#125,.T.);
#1580=EDGE_CURVE('',#1251,#1250,#689,.F.);
#1581=EDGE_CURVE('',#1252,#1251,#126,.T.);
#1582=EDGE_CURVE('',#1253,#1252,#690,.T.);
#1583=EDGE_CURVE('',#1254,#1253,#127,.T.);
#1584=EDGE_CURVE('',#1255,#1254,#691,.T.);
#1585=EDGE_CURVE('',#1246,#1255,#128,.T.);
#1586=EDGE_CURVE('',#1246,#1165,#692,.T.);
#1587=EDGE_CURVE('',#1166,#1255,#693,.T.);
#1588=EDGE_CURVE('',#1167,#1254,#694,.T.);
#1589=EDGE_CURVE('',#1170,#1253,#695,.T.);
#1590=EDGE_CURVE('',#1172,#1252,#696,.T.);
#1591=EDGE_CURVE('',#1174,#1251,#697,.T.);
#1592=EDGE_CURVE('',#1176,#1250,#698,.T.);
#1593=EDGE_CURVE('',#1178,#1249,#699,.T.);
#1594=EDGE_CURVE('',#1180,#1248,#700,.T.);
#1595=EDGE_CURVE('',#1181,#1247,#701,.T.);
#1596=EDGE_CURVE('',#1256,#1241,#162,.T.);
#1597=EDGE_CURVE('',#1183,#1256,#702,.T.);
#1598=EDGE_CURVE('',#1256,#1186,#703,.T.);
#1599=EDGE_CURVE('',#1189,#1257,#704,.T.);
#1600=EDGE_CURVE('',#1257,#1191,#80,.T.);
#1601=EDGE_CURVE('',#1189,#1258,#81,.T.);
#1602=EDGE_CURVE('',#1237,#1258,#705,.T.);
#1603=EDGE_CURVE('',#1259,#1226,#706,.T.);
#1604=EDGE_CURVE('',#1259,#1260,#707,.F.);
#1605=EDGE_CURVE('',#1195,#1260,#708,.T.);
#1606=EDGE_CURVE('',#1260,#1261,#709,.T.);
#1607=EDGE_CURVE('',#1198,#1261,#710,.T.);
#1608=EDGE_CURVE('',#1071,#1200,#711,.T.);
#1609=EDGE_CURVE('',#1261,#1057,#712,.T.);
#1610=EDGE_CURVE('',#1262,#1263,#713,.T.);
#1611=EDGE_CURVE('',#1203,#1263,#714,.T.);
#1612=EDGE_CURVE('',#1262,#1202,#715,.T.);
#1613=EDGE_CURVE('',#1209,#1213,#716,.T.);
#1614=EDGE_CURVE('',#1233,#1214,#717,.T.);
#1615=EDGE_CURVE('',#1231,#1215,#718,.T.);
#1616=EDGE_CURVE('',#1258,#1264,#719,.T.);
#1617=EDGE_CURVE('',#1264,#1257,#82,.T.);
#1618=EDGE_CURVE('',#1265,#1266,#720,.T.);
#1619=EDGE_CURVE('',#1266,#1264,#83,.T.);
#1620=EDGE_CURVE('',#1258,#1265,#84,.T.);
#1621=EDGE_CURVE('',#1267,#1230,#721,.T.);
#1622=EDGE_CURVE('',#1267,#1268,#722,.T.);
#1623=EDGE_CURVE('',#1268,#1259,#723,.T.);
#1624=EDGE_CURVE('',#1265,#1236,#724,.T.);
#1625=EDGE_CURVE('',#1269,#1077,#725,.F.);
#1626=EDGE_CURVE('',#1270,#1082,#726,.T.);
#1627=EDGE_CURVE('',#1270,#1271,#85,.T.);
#1628=EDGE_CURVE('',#1269,#1271,#727,.T.);
#1629=EDGE_CURVE('',#1139,#1087,#728,.F.);
#1630=EDGE_CURVE('',#1094,#1139,#729,.F.);
#1631=EDGE_CURVE('',#1134,#1078,#730,.F.);
#1632=EDGE_CURVE('',#1092,#1134,#731,.F.);
#1633=EDGE_CURVE('',#1270,#1272,#732,.T.);
#1634=EDGE_CURVE('',#1272,#1154,#86,.T.);
#1635=EDGE_CURVE('',#1273,#1152,#87,.T.);
#1636=EDGE_CURVE('',#1273,#1271,#733,.T.);
#1637=EDGE_CURVE('',#1274,#1274,#88,.T.);
#1638=EDGE_CURVE('',#1274,#1075,#734,.T.);
#1639=EDGE_CURVE('',#1274,#1275,#735,.T.);
#1640=EDGE_CURVE('',#1275,#1275,#89,.T.);
#1641=EDGE_CURVE('',#1269,#1276,#736,.T.);
#1642=EDGE_CURVE('',#1085,#1273,#737,.T.);
#1643=EDGE_CURVE('',#1276,#1084,#738,.T.);
#1644=EDGE_CURVE('',#1277,#1278,#739,.T.);
#1645=EDGE_CURVE('',#1265,#1278,#740,.T.);
#1646=EDGE_CURVE('',#1236,#1277,#741,.T.);
#1647=EDGE_CURVE('',#1229,#1225,#742,.T.);
#1648=EDGE_CURVE('',#1279,#1127,#129,.T.);
#1649=EDGE_CURVE('',#1279,#1156,#743,.T.);
#1650=EDGE_CURVE('',#1279,#1280,#744,.T.);
#1651=EDGE_CURVE('',#1280,#1157,#745,.T.);
#1652=EDGE_CURVE('',#1104,#1281,#130,.T.);
#1653=EDGE_CURVE('',#1276,#1281,#746,.F.);
#1654=EDGE_CURVE('',#1282,#1283,#163,.T.);
#1655=EDGE_CURVE('',#1282,#1272,#747,.T.);
#1656=EDGE_CURVE('',#1283,#1091,#748,.F.);
#1657=EDGE_CURVE('',#1283,#1284,#90,.T.);
#1658=EDGE_CURVE('',#1284,#1090,#749,.T.);
#1659=EDGE_CURVE('',#1284,#1281,#164,.T.);
#1660=EDGE_CURVE('',#1285,#1286,#750,.T.);
#1661=EDGE_CURVE('',#1286,#1235,#751,.T.);
#1662=EDGE_CURVE('',#1287,#1206,#752,.T.);
#1663=EDGE_CURVE('',#1287,#1285,#753,.T.);
#1664=EDGE_CURVE('',#1286,#1277,#754,.T.);
#1665=EDGE_CURVE('',#1287,#1203,#755,.T.);
#1666=EDGE_CURVE('',#1263,#1285,#756,.T.);
#1667=EDGE_CURVE('',#1288,#1266,#757,.T.);
#1668=EDGE_CURVE('',#1288,#1278,#758,.T.);
#1669=EDGE_CURVE('',#1289,#1288,#759,.T.);
#1670=EDGE_CURVE('',#1262,#1289,#760,.T.);
#1671=EDGE_CURVE('',#1290,#1289,#761,.T.);
#1672=EDGE_CURVE('',#1290,#1202,#762,.T.);
#1673=EDGE_CURVE('',#1201,#1290,#763,.T.);
#1674=EDGE_CURVE('',#1224,#1069,#764,.T.);
#1675=EDGE_CURVE('',#1282,#1280,#131,.F.);
#1676=EDGE_CURVE('',#1052,#1268,#765,.T.);
#1677=EDGE_CURVE('',#1267,#1053,#766,.T.);
#1678=EDGE_CURVE('',#1066,#1225,#767,.T.);
#1679=ORIENTED_EDGE('',*,*,#1291,.F.);
#1680=ORIENTED_EDGE('',*,*,#1292,.T.);
#1681=ORIENTED_EDGE('',*,*,#1293,.T.);
#1682=ORIENTED_EDGE('',*,*,#1294,.F.);
#1683=ORIENTED_EDGE('',*,*,#1295,.F.);
#1684=ORIENTED_EDGE('',*,*,#1296,.T.);
#1685=ORIENTED_EDGE('',*,*,#1297,.T.);
#1686=ORIENTED_EDGE('',*,*,#1298,.F.);
#1687=ORIENTED_EDGE('',*,*,#1299,.F.);
#1688=ORIENTED_EDGE('',*,*,#1298,.T.);
#1689=ORIENTED_EDGE('',*,*,#1300,.T.);
#1690=ORIENTED_EDGE('',*,*,#1292,.F.);
#1691=ORIENTED_EDGE('',*,*,#1295,.T.);
#1692=ORIENTED_EDGE('',*,*,#1301,.T.);
#1693=ORIENTED_EDGE('',*,*,#1302,.T.);
#1694=ORIENTED_EDGE('',*,*,#1303,.T.);
#1695=ORIENTED_EDGE('',*,*,#1304,.T.);
#1696=ORIENTED_EDGE('',*,*,#1305,.T.);
#1697=ORIENTED_EDGE('',*,*,#1306,.T.);
#1698=ORIENTED_EDGE('',*,*,#1307,.T.);
#1699=ORIENTED_EDGE('',*,*,#1299,.T.);
#1700=ORIENTED_EDGE('',*,*,#1308,.F.);
#1701=ORIENTED_EDGE('',*,*,#1309,.F.);
#1702=ORIENTED_EDGE('',*,*,#1304,.F.);
#1703=ORIENTED_EDGE('',*,*,#1310,.F.);
#1704=ORIENTED_EDGE('',*,*,#1301,.F.);
#1705=ORIENTED_EDGE('',*,*,#1291,.T.);
#1706=ORIENTED_EDGE('',*,*,#1311,.T.);
#1707=ORIENTED_EDGE('',*,*,#1312,.T.);
#1708=ORIENTED_EDGE('',*,*,#1308,.T.);
#1709=ORIENTED_EDGE('',*,*,#1312,.F.);
#1710=ORIENTED_EDGE('',*,*,#1313,.T.);
#1711=ORIENTED_EDGE('',*,*,#1305,.F.);
#1712=ORIENTED_EDGE('',*,*,#1309,.T.);
#1713=ORIENTED_EDGE('',*,*,#1306,.F.);
#1714=ORIENTED_EDGE('',*,*,#1314,.T.);
#1715=ORIENTED_EDGE('',*,*,#1315,.F.);
#1716=ORIENTED_EDGE('',*,*,#1316,.T.);
#1717=ORIENTED_EDGE('',*,*,#1317,.F.);
#1718=ORIENTED_EDGE('',*,*,#1315,.T.);
#1719=ORIENTED_EDGE('',*,*,#1318,.F.);
#1720=ORIENTED_EDGE('',*,*,#1319,.T.);
#1721=ORIENTED_EDGE('',*,*,#1320,.T.);
#1722=ORIENTED_EDGE('',*,*,#1321,.T.);
#1723=ORIENTED_EDGE('',*,*,#1322,.T.);
#1724=ORIENTED_EDGE('',*,*,#1323,.T.);
#1725=ORIENTED_EDGE('',*,*,#1320,.F.);
#1726=ORIENTED_EDGE('',*,*,#1324,.F.);
#1727=ORIENTED_EDGE('',*,*,#1316,.F.);
#1728=ORIENTED_EDGE('',*,*,#1323,.F.);
#1729=ORIENTED_EDGE('',*,*,#1325,.F.);
#1730=ORIENTED_EDGE('',*,*,#1324,.T.);
#1731=ORIENTED_EDGE('',*,*,#1326,.T.);
#1732=ORIENTED_EDGE('',*,*,#1302,.F.);
#1733=ORIENTED_EDGE('',*,*,#1310,.T.);
#1734=ORIENTED_EDGE('',*,*,#1307,.F.);
#1735=ORIENTED_EDGE('',*,*,#1317,.T.);
#1736=ORIENTED_EDGE('',*,*,#1327,.T.);
#1737=ORIENTED_EDGE('',*,*,#1328,.T.);
#1738=ORIENTED_EDGE('',*,*,#1327,.F.);
#1739=ORIENTED_EDGE('',*,*,#1329,.T.);
#1740=ORIENTED_EDGE('',*,*,#1330,.F.);
#1741=ORIENTED_EDGE('',*,*,#1329,.F.);
#1742=ORIENTED_EDGE('',*,*,#1331,.T.);
#1743=ORIENTED_EDGE('',*,*,#1332,.T.);
#1744=ORIENTED_EDGE('',*,*,#1333,.T.);
#1745=ORIENTED_EDGE('',*,*,#1334,.T.);
#1746=ORIENTED_EDGE('',*,*,#1335,.F.);
#1747=ORIENTED_EDGE('',*,*,#1336,.F.);
#1748=ORIENTED_EDGE('',*,*,#1337,.T.);
#1749=ORIENTED_EDGE('',*,*,#1338,.F.);
#1750=ORIENTED_EDGE('',*,*,#1339,.F.);
#1751=ORIENTED_EDGE('',*,*,#1340,.T.);
#1752=ORIENTED_EDGE('',*,*,#1341,.T.);
#1753=ORIENTED_EDGE('',*,*,#1342,.T.);
#1754=ORIENTED_EDGE('',*,*,#1343,.F.);
#1755=ORIENTED_EDGE('',*,*,#1344,.T.);
#1756=ORIENTED_EDGE('',*,*,#1345,.T.);
#1757=ORIENTED_EDGE('',*,*,#1346,.F.);
#1758=ORIENTED_EDGE('',*,*,#1347,.F.);
#1759=ORIENTED_EDGE('',*,*,#1342,.F.);
#1760=ORIENTED_EDGE('',*,*,#1348,.F.);
#1761=ORIENTED_EDGE('',*,*,#1349,.F.);
#1762=ORIENTED_EDGE('',*,*,#1350,.F.);
#1763=ORIENTED_EDGE('',*,*,#1334,.F.);
#1764=ORIENTED_EDGE('',*,*,#1351,.F.);
#1765=ORIENTED_EDGE('',*,*,#1352,.T.);
#1766=ORIENTED_EDGE('',*,*,#1353,.F.);
#1767=ORIENTED_EDGE('',*,*,#1354,.T.);
#1768=ORIENTED_EDGE('',*,*,#1340,.F.);
#1769=ORIENTED_EDGE('',*,*,#1355,.T.);
#1770=ORIENTED_EDGE('',*,*,#1353,.T.);
#1771=ORIENTED_EDGE('',*,*,#1356,.T.);
#1772=ORIENTED_EDGE('',*,*,#1357,.T.);
#1773=ORIENTED_EDGE('',*,*,#1358,.F.);
#1774=ORIENTED_EDGE('',*,*,#1359,.F.);
#1775=ORIENTED_EDGE('',*,*,#1360,.F.);
#1776=ORIENTED_EDGE('',*,*,#1361,.T.);
#1777=ORIENTED_EDGE('',*,*,#1362,.T.);
#1778=ORIENTED_EDGE('',*,*,#1361,.F.);
#1779=ORIENTED_EDGE('',*,*,#1363,.F.);
#1780=ORIENTED_EDGE('',*,*,#1364,.F.);
#1781=ORIENTED_EDGE('',*,*,#1365,.F.);
#1782=ORIENTED_EDGE('',*,*,#1366,.F.);
#1783=ORIENTED_EDGE('',*,*,#1367,.F.);
#1784=ORIENTED_EDGE('',*,*,#1368,.F.);
#1785=ORIENTED_EDGE('',*,*,#1369,.F.);
#1786=ORIENTED_EDGE('',*,*,#1370,.F.);
#1787=ORIENTED_EDGE('',*,*,#1371,.F.);
#1788=ORIENTED_EDGE('',*,*,#1372,.F.);
#1789=ORIENTED_EDGE('',*,*,#1373,.F.);
#1790=ORIENTED_EDGE('',*,*,#1374,.F.);
#1791=ORIENTED_EDGE('',*,*,#1375,.F.);
#1792=ORIENTED_EDGE('',*,*,#1376,.F.);
#1793=ORIENTED_EDGE('',*,*,#1377,.F.);
#1794=ORIENTED_EDGE('',*,*,#1378,.F.);
#1795=ORIENTED_EDGE('',*,*,#1379,.F.);
#1796=ORIENTED_EDGE('',*,*,#1380,.F.);
#1797=ORIENTED_EDGE('',*,*,#1381,.F.);
#1798=ORIENTED_EDGE('',*,*,#1382,.F.);
#1799=ORIENTED_EDGE('',*,*,#1383,.T.);
#1800=ORIENTED_EDGE('',*,*,#1384,.T.);
#1801=ORIENTED_EDGE('',*,*,#1385,.F.);
#1802=ORIENTED_EDGE('',*,*,#1357,.F.);
#1803=ORIENTED_EDGE('',*,*,#1386,.T.);
#1804=ORIENTED_EDGE('',*,*,#1387,.F.);
#1805=ORIENTED_EDGE('',*,*,#1348,.T.);
#1806=ORIENTED_EDGE('',*,*,#1388,.T.);
#1807=ORIENTED_EDGE('',*,*,#1389,.F.);
#1808=ORIENTED_EDGE('',*,*,#1390,.F.);
#1809=ORIENTED_EDGE('',*,*,#1391,.T.);
#1810=ORIENTED_EDGE('',*,*,#1392,.T.);
#1811=ORIENTED_EDGE('',*,*,#1393,.T.);
#1812=ORIENTED_EDGE('',*,*,#1346,.T.);
#1813=ORIENTED_EDGE('',*,*,#1391,.F.);
#1814=ORIENTED_EDGE('',*,*,#1394,.F.);
#1815=ORIENTED_EDGE('',*,*,#1395,.T.);
#1816=ORIENTED_EDGE('',*,*,#1396,.T.);
#1817=ORIENTED_EDGE('',*,*,#1392,.F.);
#1818=ORIENTED_EDGE('',*,*,#1397,.F.);
#1819=ORIENTED_EDGE('',*,*,#1398,.F.);
#1820=ORIENTED_EDGE('',*,*,#1351,.T.);
#1821=ORIENTED_EDGE('',*,*,#1333,.F.);
#1822=ORIENTED_EDGE('',*,*,#1399,.T.);
#1823=ORIENTED_EDGE('',*,*,#1398,.T.);
#1824=ORIENTED_EDGE('',*,*,#1400,.F.);
#1825=ORIENTED_EDGE('',*,*,#1401,.T.);
#1826=ORIENTED_EDGE('',*,*,#1402,.T.);
#1827=ORIENTED_EDGE('',*,*,#1349,.T.);
#1828=ORIENTED_EDGE('',*,*,#1401,.F.);
#1829=ORIENTED_EDGE('',*,*,#1403,.F.);
#1830=ORIENTED_EDGE('',*,*,#1404,.T.);
#1831=ORIENTED_EDGE('',*,*,#1405,.T.);
#1832=ORIENTED_EDGE('',*,*,#1406,.T.);
#1833=ORIENTED_EDGE('',*,*,#1404,.F.);
#1834=ORIENTED_EDGE('',*,*,#1407,.F.);
#1835=ORIENTED_EDGE('',*,*,#1389,.T.);
#1836=ORIENTED_EDGE('',*,*,#1408,.T.);
#1837=ORIENTED_EDGE('',*,*,#1409,.T.);
#1838=ORIENTED_EDGE('',*,*,#1410,.F.);
#1839=ORIENTED_EDGE('',*,*,#1411,.F.);
#1840=ORIENTED_EDGE('',*,*,#1412,.T.);
#1841=ORIENTED_EDGE('',*,*,#1411,.T.);
#1842=ORIENTED_EDGE('',*,*,#1413,.F.);
#1843=ORIENTED_EDGE('',*,*,#1414,.F.);
#1844=ORIENTED_EDGE('',*,*,#1415,.T.);
#1845=ORIENTED_EDGE('',*,*,#1414,.T.);
#1846=ORIENTED_EDGE('',*,*,#1416,.F.);
#1847=ORIENTED_EDGE('',*,*,#1417,.T.);
#1848=ORIENTED_EDGE('',*,*,#1418,.T.);
#1849=ORIENTED_EDGE('',*,*,#1417,.F.);
#1850=ORIENTED_EDGE('',*,*,#1419,.F.);
#1851=ORIENTED_EDGE('',*,*,#1420,.F.);
#1852=ORIENTED_EDGE('',*,*,#1421,.T.);
#1853=ORIENTED_EDGE('',*,*,#1420,.T.);
#1854=ORIENTED_EDGE('',*,*,#1422,.F.);
#1855=ORIENTED_EDGE('',*,*,#1423,.F.);
#1856=ORIENTED_EDGE('',*,*,#1424,.T.);
#1857=ORIENTED_EDGE('',*,*,#1423,.T.);
#1858=ORIENTED_EDGE('',*,*,#1425,.F.);
#1859=ORIENTED_EDGE('',*,*,#1409,.F.);
#1860=ORIENTED_EDGE('',*,*,#1426,.F.);
#1861=ORIENTED_EDGE('',*,*,#1427,.T.);
#1862=ORIENTED_EDGE('',*,*,#1428,.T.);
#1863=ORIENTED_EDGE('',*,*,#1429,.F.);
#1864=ORIENTED_EDGE('',*,*,#1430,.F.);
#1865=ORIENTED_EDGE('',*,*,#1429,.T.);
#1866=ORIENTED_EDGE('',*,*,#1431,.T.);
#1867=ORIENTED_EDGE('',*,*,#1432,.F.);
#1868=ORIENTED_EDGE('',*,*,#1433,.T.);
#1869=ORIENTED_EDGE('',*,*,#1434,.T.);
#1870=ORIENTED_EDGE('',*,*,#1358,.T.);
#1871=ORIENTED_EDGE('',*,*,#1435,.F.);
#1872=ORIENTED_EDGE('',*,*,#1436,.T.);
#1873=ORIENTED_EDGE('',*,*,#1437,.T.);
#1874=ORIENTED_EDGE('',*,*,#1360,.T.);
#1875=ORIENTED_EDGE('',*,*,#1438,.F.);
#1876=ORIENTED_EDGE('',*,*,#1439,.T.);
#1877=ORIENTED_EDGE('',*,*,#1440,.T.);
#1878=ORIENTED_EDGE('',*,*,#1363,.T.);
#1879=ORIENTED_EDGE('',*,*,#1437,.F.);
#1880=ORIENTED_EDGE('',*,*,#1441,.F.);
#1881=ORIENTED_EDGE('',*,*,#1442,.T.);
#1882=ORIENTED_EDGE('',*,*,#1443,.T.);
#1883=ORIENTED_EDGE('',*,*,#1364,.T.);
#1884=ORIENTED_EDGE('',*,*,#1444,.T.);
#1885=ORIENTED_EDGE('',*,*,#1445,.F.);
#1886=ORIENTED_EDGE('',*,*,#1446,.T.);
#1887=ORIENTED_EDGE('',*,*,#1447,.T.);
#1888=ORIENTED_EDGE('',*,*,#1366,.T.);
#1889=ORIENTED_EDGE('',*,*,#1448,.F.);
#1890=ORIENTED_EDGE('',*,*,#1367,.T.);
#1891=ORIENTED_EDGE('',*,*,#1447,.F.);
#1892=ORIENTED_EDGE('',*,*,#1449,.T.);
#1893=ORIENTED_EDGE('',*,*,#1368,.T.);
#1894=ORIENTED_EDGE('',*,*,#1448,.T.);
#1895=ORIENTED_EDGE('',*,*,#1450,.T.);
#1896=ORIENTED_EDGE('',*,*,#1451,.T.);
#1897=ORIENTED_EDGE('',*,*,#1452,.F.);
#1898=ORIENTED_EDGE('',*,*,#1369,.T.);
#1899=ORIENTED_EDGE('',*,*,#1451,.F.);
#1900=ORIENTED_EDGE('',*,*,#1453,.T.);
#1901=ORIENTED_EDGE('',*,*,#1452,.T.);
#1902=ORIENTED_EDGE('',*,*,#1454,.T.);
#1903=ORIENTED_EDGE('',*,*,#1455,.T.);
#1904=ORIENTED_EDGE('',*,*,#1370,.T.);
#1905=ORIENTED_EDGE('',*,*,#1456,.F.);
#1906=ORIENTED_EDGE('',*,*,#1371,.T.);
#1907=ORIENTED_EDGE('',*,*,#1455,.F.);
#1908=ORIENTED_EDGE('',*,*,#1457,.T.);
#1909=ORIENTED_EDGE('',*,*,#1456,.T.);
#1910=ORIENTED_EDGE('',*,*,#1458,.T.);
#1911=ORIENTED_EDGE('',*,*,#1459,.T.);
#1912=ORIENTED_EDGE('',*,*,#1372,.T.);
#1913=ORIENTED_EDGE('',*,*,#1460,.F.);
#1914=ORIENTED_EDGE('',*,*,#1373,.T.);
#1915=ORIENTED_EDGE('',*,*,#1459,.F.);
#1916=ORIENTED_EDGE('',*,*,#1461,.T.);
#1917=ORIENTED_EDGE('',*,*,#1460,.T.);
#1918=ORIENTED_EDGE('',*,*,#1462,.T.);
#1919=ORIENTED_EDGE('',*,*,#1463,.T.);
#1920=ORIENTED_EDGE('',*,*,#1374,.T.);
#1921=ORIENTED_EDGE('',*,*,#1464,.F.);
#1922=ORIENTED_EDGE('',*,*,#1375,.T.);
#1923=ORIENTED_EDGE('',*,*,#1463,.F.);
#1924=ORIENTED_EDGE('',*,*,#1465,.T.);
#1925=ORIENTED_EDGE('',*,*,#1464,.T.);
#1926=ORIENTED_EDGE('',*,*,#1466,.T.);
#1927=ORIENTED_EDGE('',*,*,#1467,.T.);
#1928=ORIENTED_EDGE('',*,*,#1376,.T.);
#1929=ORIENTED_EDGE('',*,*,#1468,.F.);
#1930=ORIENTED_EDGE('',*,*,#1377,.T.);
#1931=ORIENTED_EDGE('',*,*,#1467,.F.);
#1932=ORIENTED_EDGE('',*,*,#1469,.T.);
#1933=ORIENTED_EDGE('',*,*,#1468,.T.);
#1934=ORIENTED_EDGE('',*,*,#1470,.T.);
#1935=ORIENTED_EDGE('',*,*,#1471,.T.);
#1936=ORIENTED_EDGE('',*,*,#1378,.T.);
#1937=ORIENTED_EDGE('',*,*,#1472,.F.);
#1938=ORIENTED_EDGE('',*,*,#1379,.T.);
#1939=ORIENTED_EDGE('',*,*,#1471,.F.);
#1940=ORIENTED_EDGE('',*,*,#1473,.T.);
#1941=ORIENTED_EDGE('',*,*,#1472,.T.);
#1942=ORIENTED_EDGE('',*,*,#1474,.T.);
#1943=ORIENTED_EDGE('',*,*,#1475,.T.);
#1944=ORIENTED_EDGE('',*,*,#1380,.T.);
#1945=ORIENTED_EDGE('',*,*,#1476,.F.);
#1946=ORIENTED_EDGE('',*,*,#1381,.T.);
#1947=ORIENTED_EDGE('',*,*,#1475,.F.);
#1948=ORIENTED_EDGE('',*,*,#1477,.T.);
#1949=ORIENTED_EDGE('',*,*,#1382,.T.);
#1950=ORIENTED_EDGE('',*,*,#1476,.T.);
#1951=ORIENTED_EDGE('',*,*,#1478,.T.);
#1952=ORIENTED_EDGE('',*,*,#1479,.T.);
#1953=ORIENTED_EDGE('',*,*,#1480,.T.);
#1954=ORIENTED_EDGE('',*,*,#1481,.F.);
#1955=ORIENTED_EDGE('',*,*,#1482,.T.);
#1956=ORIENTED_EDGE('',*,*,#1483,.F.);
#1957=ORIENTED_EDGE('',*,*,#1484,.T.);
#1958=ORIENTED_EDGE('',*,*,#1383,.F.);
#1959=ORIENTED_EDGE('',*,*,#1480,.F.);
#1960=ORIENTED_EDGE('',*,*,#1485,.F.);
#1961=ORIENTED_EDGE('',*,*,#1486,.F.);
#1962=ORIENTED_EDGE('',*,*,#1384,.F.);
#1963=ORIENTED_EDGE('',*,*,#1487,.T.);
#1964=ORIENTED_EDGE('',*,*,#1488,.F.);
#1965=ORIENTED_EDGE('',*,*,#1385,.T.);
#1966=ORIENTED_EDGE('',*,*,#1489,.T.);
#1967=ORIENTED_EDGE('',*,*,#1490,.T.);
#1968=ORIENTED_EDGE('',*,*,#1435,.T.);
#1969=ORIENTED_EDGE('',*,*,#1491,.T.);
#1970=ORIENTED_EDGE('',*,*,#1492,.F.);
#1971=ORIENTED_EDGE('',*,*,#1493,.T.);
#1972=ORIENTED_EDGE('',*,*,#1494,.F.);
#1973=ORIENTED_EDGE('',*,*,#1495,.T.);
#1974=ORIENTED_EDGE('',*,*,#1496,.F.);
#1975=ORIENTED_EDGE('',*,*,#1497,.T.);
#1976=ORIENTED_EDGE('',*,*,#1495,.F.);
#1977=ORIENTED_EDGE('',*,*,#1498,.F.);
#1978=ORIENTED_EDGE('',*,*,#1499,.F.);
#1979=ORIENTED_EDGE('',*,*,#1296,.F.);
#1980=ORIENTED_EDGE('',*,*,#1303,.F.);
#1981=ORIENTED_EDGE('',*,*,#1326,.F.);
#1982=ORIENTED_EDGE('',*,*,#1325,.T.);
#1983=ORIENTED_EDGE('',*,*,#1500,.T.);
#1984=ORIENTED_EDGE('',*,*,#1501,.F.);
#1985=ORIENTED_EDGE('',*,*,#1502,.T.);
#1986=ORIENTED_EDGE('',*,*,#1503,.T.);
#1987=ORIENTED_EDGE('',*,*,#1504,.F.);
#1988=ORIENTED_EDGE('',*,*,#1505,.T.);
#1989=ORIENTED_EDGE('',*,*,#1506,.F.);
#1990=ORIENTED_EDGE('',*,*,#1507,.T.);
#1991=ORIENTED_EDGE('',*,*,#1508,.F.);
#1992=ORIENTED_EDGE('',*,*,#1509,.F.);
#1993=ORIENTED_EDGE('',*,*,#1510,.F.);
#1994=ORIENTED_EDGE('',*,*,#1511,.F.);
#1995=ORIENTED_EDGE('',*,*,#1512,.T.);
#1996=ORIENTED_EDGE('',*,*,#1513,.F.);
#1997=ORIENTED_EDGE('',*,*,#1514,.T.);
#1998=ORIENTED_EDGE('',*,*,#1511,.T.);
#1999=ORIENTED_EDGE('',*,*,#1515,.T.);
#2000=ORIENTED_EDGE('',*,*,#1516,.T.);
#2001=ORIENTED_EDGE('',*,*,#1517,.T.);
#2002=ORIENTED_EDGE('',*,*,#1518,.T.);
#2003=ORIENTED_EDGE('',*,*,#1519,.T.);
#2004=ORIENTED_EDGE('',*,*,#1492,.T.);
#2005=ORIENTED_EDGE('',*,*,#1518,.F.);
#2006=ORIENTED_EDGE('',*,*,#1520,.F.);
#2007=ORIENTED_EDGE('',*,*,#1521,.F.);
#2008=ORIENTED_EDGE('',*,*,#1522,.F.);
#2009=ORIENTED_EDGE('',*,*,#1523,.F.);
#2010=ORIENTED_EDGE('',*,*,#1524,.F.);
#2011=ORIENTED_EDGE('',*,*,#1439,.F.);
#2012=ORIENTED_EDGE('',*,*,#1436,.F.);
#2013=ORIENTED_EDGE('',*,*,#1525,.F.);
#2014=ORIENTED_EDGE('',*,*,#1526,.T.);
#2015=ORIENTED_EDGE('',*,*,#1403,.T.);
#2016=ORIENTED_EDGE('',*,*,#1400,.T.);
#2017=ORIENTED_EDGE('',*,*,#1397,.T.);
#2018=ORIENTED_EDGE('',*,*,#1394,.T.);
#2019=ORIENTED_EDGE('',*,*,#1390,.T.);
#2020=ORIENTED_EDGE('',*,*,#1407,.T.);
#2021=ORIENTED_EDGE('',*,*,#1527,.T.);
#2022=ORIENTED_EDGE('',*,*,#1528,.T.);
#2023=ORIENTED_EDGE('',*,*,#1529,.F.);
#2024=ORIENTED_EDGE('',*,*,#1410,.T.);
#2025=ORIENTED_EDGE('',*,*,#1413,.T.);
#2026=ORIENTED_EDGE('',*,*,#1529,.T.);
#2027=ORIENTED_EDGE('',*,*,#1530,.T.);
#2028=ORIENTED_EDGE('',*,*,#1531,.F.);
#2029=ORIENTED_EDGE('',*,*,#1416,.T.);
#2030=ORIENTED_EDGE('',*,*,#1531,.T.);
#2031=ORIENTED_EDGE('',*,*,#1532,.T.);
#2032=ORIENTED_EDGE('',*,*,#1533,.T.);
#2033=ORIENTED_EDGE('',*,*,#1534,.T.);
#2034=ORIENTED_EDGE('',*,*,#1535,.F.);
#2035=ORIENTED_EDGE('',*,*,#1419,.T.);
#2036=ORIENTED_EDGE('',*,*,#1533,.F.);
#2037=ORIENTED_EDGE('',*,*,#1535,.T.);
#2038=ORIENTED_EDGE('',*,*,#1536,.T.);
#2039=ORIENTED_EDGE('',*,*,#1537,.F.);
#2040=ORIENTED_EDGE('',*,*,#1422,.T.);
#2041=ORIENTED_EDGE('',*,*,#1537,.T.);
#2042=ORIENTED_EDGE('',*,*,#1538,.T.);
#2043=ORIENTED_EDGE('',*,*,#1527,.F.);
#2044=ORIENTED_EDGE('',*,*,#1425,.T.);
#2045=ORIENTED_EDGE('',*,*,#1539,.T.);
#2046=ORIENTED_EDGE('',*,*,#1540,.T.);
#2047=ORIENTED_EDGE('',*,*,#1541,.T.);
#2048=ORIENTED_EDGE('',*,*,#1434,.F.);
#2049=ORIENTED_EDGE('',*,*,#1542,.T.);
#2050=ORIENTED_EDGE('',*,*,#1543,.F.);
#2051=ORIENTED_EDGE('',*,*,#1544,.T.);
#2052=ORIENTED_EDGE('',*,*,#1545,.T.);
#2053=ORIENTED_EDGE('',*,*,#1546,.T.);
#2054=ORIENTED_EDGE('',*,*,#1525,.T.);
#2055=ORIENTED_EDGE('',*,*,#1438,.T.);
#2056=ORIENTED_EDGE('',*,*,#1547,.T.);
#2057=ORIENTED_EDGE('',*,*,#1543,.T.);
#2058=ORIENTED_EDGE('',*,*,#1548,.T.);
#2059=ORIENTED_EDGE('',*,*,#1524,.T.);
#2060=ORIENTED_EDGE('',*,*,#1549,.T.);
#2061=ORIENTED_EDGE('',*,*,#1441,.T.);
#2062=ORIENTED_EDGE('',*,*,#1440,.F.);
#2063=ORIENTED_EDGE('',*,*,#1550,.F.);
#2064=ORIENTED_EDGE('',*,*,#1551,.F.);
#2065=ORIENTED_EDGE('',*,*,#1552,.F.);
#2066=ORIENTED_EDGE('',*,*,#1442,.F.);
#2067=ORIENTED_EDGE('',*,*,#1553,.F.);
#2068=ORIENTED_EDGE('',*,*,#1554,.T.);
#2069=ORIENTED_EDGE('',*,*,#1555,.F.);
#2070=ORIENTED_EDGE('',*,*,#1551,.T.);
#2071=ORIENTED_EDGE('',*,*,#1556,.F.);
#2072=ORIENTED_EDGE('',*,*,#1512,.F.);
#2073=ORIENTED_EDGE('',*,*,#1557,.F.);
#2074=ORIENTED_EDGE('',*,*,#1554,.F.);
#2075=ORIENTED_EDGE('',*,*,#1558,.T.);
#2076=ORIENTED_EDGE('',*,*,#1559,.F.);
#2077=ORIENTED_EDGE('',*,*,#1560,.F.);
#2078=ORIENTED_EDGE('',*,*,#1561,.F.);
#2079=ORIENTED_EDGE('',*,*,#1560,.T.);
#2080=ORIENTED_EDGE('',*,*,#1562,.F.);
#2081=ORIENTED_EDGE('',*,*,#1563,.F.);
#2082=ORIENTED_EDGE('',*,*,#1564,.F.);
#2083=ORIENTED_EDGE('',*,*,#1563,.T.);
#2084=ORIENTED_EDGE('',*,*,#1487,.F.);
#2085=ORIENTED_EDGE('',*,*,#1484,.F.);
#2086=ORIENTED_EDGE('',*,*,#1565,.F.);
#2087=ORIENTED_EDGE('',*,*,#1566,.T.);
#2088=ORIENTED_EDGE('',*,*,#1482,.F.);
#2089=ORIENTED_EDGE('',*,*,#1567,.F.);
#2090=ORIENTED_EDGE('',*,*,#1568,.T.);
#2091=ORIENTED_EDGE('',*,*,#1569,.T.);
#2092=ORIENTED_EDGE('',*,*,#1570,.T.);
#2093=ORIENTED_EDGE('',*,*,#1569,.F.);
#2094=ORIENTED_EDGE('',*,*,#1571,.T.);
#2095=ORIENTED_EDGE('',*,*,#1571,.F.);
#2096=ORIENTED_EDGE('',*,*,#1572,.T.);
#2097=ORIENTED_EDGE('',*,*,#1573,.T.);
#2098=ORIENTED_EDGE('',*,*,#1574,.F.);
#2099=ORIENTED_EDGE('',*,*,#1575,.F.);
#2100=ORIENTED_EDGE('',*,*,#1573,.F.);
#2101=ORIENTED_EDGE('',*,*,#1576,.F.);
#2102=ORIENTED_EDGE('',*,*,#1577,.F.);
#2103=ORIENTED_EDGE('',*,*,#1578,.F.);
#2104=ORIENTED_EDGE('',*,*,#1579,.F.);
#2105=ORIENTED_EDGE('',*,*,#1580,.F.);
#2106=ORIENTED_EDGE('',*,*,#1581,.F.);
#2107=ORIENTED_EDGE('',*,*,#1582,.F.);
#2108=ORIENTED_EDGE('',*,*,#1583,.F.);
#2109=ORIENTED_EDGE('',*,*,#1584,.F.);
#2110=ORIENTED_EDGE('',*,*,#1585,.F.);
#2111=ORIENTED_EDGE('',*,*,#1586,.F.);
#2112=ORIENTED_EDGE('',*,*,#1585,.T.);
#2113=ORIENTED_EDGE('',*,*,#1587,.F.);
#2114=ORIENTED_EDGE('',*,*,#1445,.T.);
#2115=ORIENTED_EDGE('',*,*,#1446,.F.);
#2116=ORIENTED_EDGE('',*,*,#1587,.T.);
#2117=ORIENTED_EDGE('',*,*,#1584,.T.);
#2118=ORIENTED_EDGE('',*,*,#1588,.F.);
#2119=ORIENTED_EDGE('',*,*,#1449,.F.);
#2120=ORIENTED_EDGE('',*,*,#1588,.T.);
#2121=ORIENTED_EDGE('',*,*,#1583,.T.);
#2122=ORIENTED_EDGE('',*,*,#1589,.F.);
#2123=ORIENTED_EDGE('',*,*,#1453,.F.);
#2124=ORIENTED_EDGE('',*,*,#1450,.F.);
#2125=ORIENTED_EDGE('',*,*,#1454,.F.);
#2126=ORIENTED_EDGE('',*,*,#1589,.T.);
#2127=ORIENTED_EDGE('',*,*,#1582,.T.);
#2128=ORIENTED_EDGE('',*,*,#1590,.F.);
#2129=ORIENTED_EDGE('',*,*,#1457,.F.);
#2130=ORIENTED_EDGE('',*,*,#1458,.F.);
#2131=ORIENTED_EDGE('',*,*,#1590,.T.);
#2132=ORIENTED_EDGE('',*,*,#1581,.T.);
#2133=ORIENTED_EDGE('',*,*,#1591,.F.);
#2134=ORIENTED_EDGE('',*,*,#1461,.F.);
#2135=ORIENTED_EDGE('',*,*,#1462,.F.);
#2136=ORIENTED_EDGE('',*,*,#1591,.T.);
#2137=ORIENTED_EDGE('',*,*,#1580,.T.);
#2138=ORIENTED_EDGE('',*,*,#1592,.F.);
#2139=ORIENTED_EDGE('',*,*,#1465,.F.);
#2140=ORIENTED_EDGE('',*,*,#1466,.F.);
#2141=ORIENTED_EDGE('',*,*,#1592,.T.);
#2142=ORIENTED_EDGE('',*,*,#1579,.T.);
#2143=ORIENTED_EDGE('',*,*,#1593,.F.);
#2144=ORIENTED_EDGE('',*,*,#1469,.F.);
#2145=ORIENTED_EDGE('',*,*,#1470,.F.);
#2146=ORIENTED_EDGE('',*,*,#1593,.T.);
#2147=ORIENTED_EDGE('',*,*,#1578,.T.);
#2148=ORIENTED_EDGE('',*,*,#1594,.F.);
#2149=ORIENTED_EDGE('',*,*,#1473,.F.);
#2150=ORIENTED_EDGE('',*,*,#1474,.F.);
#2151=ORIENTED_EDGE('',*,*,#1594,.T.);
#2152=ORIENTED_EDGE('',*,*,#1577,.T.);
#2153=ORIENTED_EDGE('',*,*,#1595,.F.);
#2154=ORIENTED_EDGE('',*,*,#1477,.F.);
#2155=ORIENTED_EDGE('',*,*,#1595,.T.);
#2156=ORIENTED_EDGE('',*,*,#1576,.T.);
#2157=ORIENTED_EDGE('',*,*,#1572,.F.);
#2158=ORIENTED_EDGE('',*,*,#1568,.F.);
#2159=ORIENTED_EDGE('',*,*,#1596,.F.);
#2160=ORIENTED_EDGE('',*,*,#1597,.F.);
#2161=ORIENTED_EDGE('',*,*,#1478,.F.);
#2162=ORIENTED_EDGE('',*,*,#1597,.T.);
#2163=ORIENTED_EDGE('',*,*,#1598,.T.);
#2164=ORIENTED_EDGE('',*,*,#1485,.T.);
#2165=ORIENTED_EDGE('',*,*,#1479,.F.);
#2166=ORIENTED_EDGE('',*,*,#1567,.T.);
#2167=ORIENTED_EDGE('',*,*,#1481,.T.);
#2168=ORIENTED_EDGE('',*,*,#1598,.F.);
#2169=ORIENTED_EDGE('',*,*,#1596,.T.);
#2170=ORIENTED_EDGE('',*,*,#1599,.T.);
#2171=ORIENTED_EDGE('',*,*,#1600,.T.);
#2172=ORIENTED_EDGE('',*,*,#1489,.F.);
#2173=ORIENTED_EDGE('',*,*,#1486,.T.);
#2174=ORIENTED_EDGE('',*,*,#1601,.F.);
#2175=ORIENTED_EDGE('',*,*,#1488,.T.);
#2176=ORIENTED_EDGE('',*,*,#1562,.T.);
#2177=ORIENTED_EDGE('',*,*,#1602,.T.);
#2178=ORIENTED_EDGE('',*,*,#1519,.F.);
#2179=ORIENTED_EDGE('',*,*,#1526,.F.);
#2180=ORIENTED_EDGE('',*,*,#1548,.F.);
#2181=ORIENTED_EDGE('',*,*,#1542,.F.);
#2182=ORIENTED_EDGE('',*,*,#1603,.F.);
#2183=ORIENTED_EDGE('',*,*,#1604,.T.);
#2184=ORIENTED_EDGE('',*,*,#1605,.F.);
#2185=ORIENTED_EDGE('',*,*,#1493,.F.);
#2186=ORIENTED_EDGE('',*,*,#1498,.T.);
#2187=ORIENTED_EDGE('',*,*,#1494,.T.);
#2188=ORIENTED_EDGE('',*,*,#1605,.T.);
#2189=ORIENTED_EDGE('',*,*,#1606,.T.);
#2190=ORIENTED_EDGE('',*,*,#1607,.F.);
#2191=ORIENTED_EDGE('',*,*,#1608,.T.);
#2192=ORIENTED_EDGE('',*,*,#1501,.T.);
#2193=ORIENTED_EDGE('',*,*,#1496,.T.);
#2194=ORIENTED_EDGE('',*,*,#1322,.F.);
#2195=ORIENTED_EDGE('',*,*,#1297,.F.);
#2196=ORIENTED_EDGE('',*,*,#1499,.T.);
#2197=ORIENTED_EDGE('',*,*,#1607,.T.);
#2198=ORIENTED_EDGE('',*,*,#1609,.T.);
#2199=ORIENTED_EDGE('',*,*,#1610,.T.);
#2200=ORIENTED_EDGE('',*,*,#1611,.F.);
#2201=ORIENTED_EDGE('',*,*,#1505,.F.);
#2202=ORIENTED_EDGE('',*,*,#1612,.F.);
#2203=ORIENTED_EDGE('',*,*,#1517,.F.);
#2204=ORIENTED_EDGE('',*,*,#1513,.T.);
#2205=ORIENTED_EDGE('',*,*,#1613,.T.);
#2206=ORIENTED_EDGE('',*,*,#1520,.T.);
#2207=ORIENTED_EDGE('',*,*,#1614,.T.);
#2208=ORIENTED_EDGE('',*,*,#1521,.T.);
#2209=ORIENTED_EDGE('',*,*,#1613,.F.);
#2210=ORIENTED_EDGE('',*,*,#1556,.T.);
#2211=ORIENTED_EDGE('',*,*,#1614,.F.);
#2212=ORIENTED_EDGE('',*,*,#1553,.T.);
#2213=ORIENTED_EDGE('',*,*,#1615,.T.);
#2214=ORIENTED_EDGE('',*,*,#1522,.T.);
#2215=ORIENTED_EDGE('',*,*,#1523,.T.);
#2216=ORIENTED_EDGE('',*,*,#1615,.F.);
#2217=ORIENTED_EDGE('',*,*,#1550,.T.);
#2218=ORIENTED_EDGE('',*,*,#1549,.F.);
#2219=ORIENTED_EDGE('',*,*,#1616,.T.);
#2220=ORIENTED_EDGE('',*,*,#1617,.T.);
#2221=ORIENTED_EDGE('',*,*,#1599,.F.);
#2222=ORIENTED_EDGE('',*,*,#1601,.T.);
#2223=ORIENTED_EDGE('',*,*,#1618,.T.);
#2224=ORIENTED_EDGE('',*,*,#1619,.T.);
#2225=ORIENTED_EDGE('',*,*,#1616,.F.);
#2226=ORIENTED_EDGE('',*,*,#1620,.T.);
#2227=ORIENTED_EDGE('',*,*,#1621,.F.);
#2228=ORIENTED_EDGE('',*,*,#1622,.T.);
#2229=ORIENTED_EDGE('',*,*,#1623,.T.);
#2230=ORIENTED_EDGE('',*,*,#1603,.T.);
#2231=ORIENTED_EDGE('',*,*,#1546,.F.);
#2232=ORIENTED_EDGE('',*,*,#1620,.F.);
#2233=ORIENTED_EDGE('',*,*,#1602,.F.);
#2234=ORIENTED_EDGE('',*,*,#1559,.T.);
#2235=ORIENTED_EDGE('',*,*,#1624,.F.);
#2236=ORIENTED_EDGE('',*,*,#1625,.T.);
#2237=ORIENTED_EDGE('',*,*,#1336,.T.);
#2238=ORIENTED_EDGE('',*,*,#1626,.F.);
#2239=ORIENTED_EDGE('',*,*,#1627,.T.);
#2240=ORIENTED_EDGE('',*,*,#1628,.F.);
#2241=ORIENTED_EDGE('',*,*,#1629,.F.);
#2242=ORIENTED_EDGE('',*,*,#1405,.F.);
#2243=ORIENTED_EDGE('',*,*,#1388,.F.);
#2244=ORIENTED_EDGE('',*,*,#1341,.F.);
#2245=ORIENTED_EDGE('',*,*,#1406,.F.);
#2246=ORIENTED_EDGE('',*,*,#1630,.F.);
#2247=ORIENTED_EDGE('',*,*,#1402,.F.);
#2248=ORIENTED_EDGE('',*,*,#1631,.F.);
#2249=ORIENTED_EDGE('',*,*,#1395,.F.);
#2250=ORIENTED_EDGE('',*,*,#1399,.F.);
#2251=ORIENTED_EDGE('',*,*,#1332,.F.);
#2252=ORIENTED_EDGE('',*,*,#1396,.F.);
#2253=ORIENTED_EDGE('',*,*,#1632,.F.);
#2254=ORIENTED_EDGE('',*,*,#1393,.F.);
#2255=ORIENTED_EDGE('',*,*,#1627,.F.);
#2256=ORIENTED_EDGE('',*,*,#1633,.T.);
#2257=ORIENTED_EDGE('',*,*,#1634,.T.);
#2258=ORIENTED_EDGE('',*,*,#1427,.F.);
#2259=ORIENTED_EDGE('',*,*,#1635,.F.);
#2260=ORIENTED_EDGE('',*,*,#1636,.T.);
#2261=ORIENTED_EDGE('',*,*,#1637,.F.);
#2262=ORIENTED_EDGE('',*,*,#1638,.T.);
#2263=ORIENTED_EDGE('',*,*,#1328,.F.);
#2264=ORIENTED_EDGE('',*,*,#1638,.F.);
#2265=ORIENTED_EDGE('',*,*,#1637,.T.);
#2266=ORIENTED_EDGE('',*,*,#1639,.T.);
#2267=ORIENTED_EDGE('',*,*,#1640,.T.);
#2268=ORIENTED_EDGE('',*,*,#1639,.F.);
#2269=ORIENTED_EDGE('',*,*,#1641,.F.);
#2270=ORIENTED_EDGE('',*,*,#1628,.T.);
#2271=ORIENTED_EDGE('',*,*,#1636,.F.);
#2272=ORIENTED_EDGE('',*,*,#1642,.F.);
#2273=ORIENTED_EDGE('',*,*,#1338,.T.);
#2274=ORIENTED_EDGE('',*,*,#1643,.F.);
#2275=ORIENTED_EDGE('',*,*,#1644,.T.);
#2276=ORIENTED_EDGE('',*,*,#1645,.F.);
#2277=ORIENTED_EDGE('',*,*,#1624,.T.);
#2278=ORIENTED_EDGE('',*,*,#1646,.T.);
#2279=ORIENTED_EDGE('',*,*,#1359,.T.);
#2280=ORIENTED_EDGE('',*,*,#1541,.F.);
#2281=ORIENTED_EDGE('',*,*,#1647,.F.);
#2282=ORIENTED_EDGE('',*,*,#1544,.F.);
#2283=ORIENTED_EDGE('',*,*,#1547,.F.);
#2284=ORIENTED_EDGE('',*,*,#1648,.T.);
#2285=ORIENTED_EDGE('',*,*,#1386,.F.);
#2286=ORIENTED_EDGE('',*,*,#1356,.F.);
#2287=ORIENTED_EDGE('',*,*,#1352,.F.);
#2288=ORIENTED_EDGE('',*,*,#1339,.T.);
#2289=ORIENTED_EDGE('',*,*,#1642,.T.);
#2290=ORIENTED_EDGE('',*,*,#1635,.T.);
#2291=ORIENTED_EDGE('',*,*,#1426,.T.);
#2292=ORIENTED_EDGE('',*,*,#1430,.T.);
#2293=ORIENTED_EDGE('',*,*,#1649,.F.);
#2294=ORIENTED_EDGE('',*,*,#1408,.F.);
#2295=ORIENTED_EDGE('',*,*,#1412,.F.);
#2296=ORIENTED_EDGE('',*,*,#1415,.F.);
#2297=ORIENTED_EDGE('',*,*,#1418,.F.);
#2298=ORIENTED_EDGE('',*,*,#1421,.F.);
#2299=ORIENTED_EDGE('',*,*,#1424,.F.);
#2300=ORIENTED_EDGE('',*,*,#1514,.F.);
#2301=ORIENTED_EDGE('',*,*,#1516,.F.);
#2302=ORIENTED_EDGE('',*,*,#1491,.F.);
#2303=ORIENTED_EDGE('',*,*,#1497,.F.);
#2304=ORIENTED_EDGE('',*,*,#1500,.F.);
#2305=ORIENTED_EDGE('',*,*,#1507,.F.);
#2306=ORIENTED_EDGE('',*,*,#1508,.T.);
#2307=ORIENTED_EDGE('',*,*,#1650,.F.);
#2308=ORIENTED_EDGE('',*,*,#1649,.T.);
#2309=ORIENTED_EDGE('',*,*,#1432,.T.);
#2310=ORIENTED_EDGE('',*,*,#1651,.F.);
#2311=ORIENTED_EDGE('',*,*,#1652,.T.);
#2312=ORIENTED_EDGE('',*,*,#1653,.F.);
#2313=ORIENTED_EDGE('',*,*,#1643,.T.);
#2314=ORIENTED_EDGE('',*,*,#1337,.F.);
#2315=ORIENTED_EDGE('',*,*,#1354,.F.);
#2316=ORIENTED_EDGE('',*,*,#1355,.F.);
#2317=ORIENTED_EDGE('',*,*,#1362,.F.);
#2318=ORIENTED_EDGE('',*,*,#1654,.F.);
#2319=ORIENTED_EDGE('',*,*,#1655,.T.);
#2320=ORIENTED_EDGE('',*,*,#1633,.F.);
#2321=ORIENTED_EDGE('',*,*,#1626,.T.);
#2322=ORIENTED_EDGE('',*,*,#1335,.T.);
#2323=ORIENTED_EDGE('',*,*,#1350,.T.);
#2324=ORIENTED_EDGE('',*,*,#1630,.T.);
#2325=ORIENTED_EDGE('',*,*,#1629,.T.);
#2326=ORIENTED_EDGE('',*,*,#1345,.F.);
#2327=ORIENTED_EDGE('',*,*,#1656,.F.);
#2328=ORIENTED_EDGE('',*,*,#1657,.F.);
#2329=ORIENTED_EDGE('',*,*,#1656,.T.);
#2330=ORIENTED_EDGE('',*,*,#1344,.F.);
#2331=ORIENTED_EDGE('',*,*,#1658,.F.);
#2332=ORIENTED_EDGE('',*,*,#1659,.F.);
#2333=ORIENTED_EDGE('',*,*,#1658,.T.);
#2334=ORIENTED_EDGE('',*,*,#1343,.T.);
#2335=ORIENTED_EDGE('',*,*,#1347,.T.);
#2336=ORIENTED_EDGE('',*,*,#1632,.T.);
#2337=ORIENTED_EDGE('',*,*,#1631,.T.);
#2338=ORIENTED_EDGE('',*,*,#1331,.F.);
#2339=ORIENTED_EDGE('',*,*,#1625,.F.);
#2340=ORIENTED_EDGE('',*,*,#1641,.T.);
#2341=ORIENTED_EDGE('',*,*,#1653,.T.);
#2342=ORIENTED_EDGE('',*,*,#1660,.T.);
#2343=ORIENTED_EDGE('',*,*,#1661,.T.);
#2344=ORIENTED_EDGE('',*,*,#1561,.T.);
#2345=ORIENTED_EDGE('',*,*,#1564,.T.);
#2346=ORIENTED_EDGE('',*,*,#1565,.T.);
#2347=ORIENTED_EDGE('',*,*,#1483,.T.);
#2348=ORIENTED_EDGE('',*,*,#1566,.F.);
#2349=ORIENTED_EDGE('',*,*,#1570,.F.);
#2350=ORIENTED_EDGE('',*,*,#1574,.T.);
#2351=ORIENTED_EDGE('',*,*,#1575,.T.);
#2352=ORIENTED_EDGE('',*,*,#1586,.T.);
#2353=ORIENTED_EDGE('',*,*,#1444,.F.);
#2354=ORIENTED_EDGE('',*,*,#1365,.T.);
#2355=ORIENTED_EDGE('',*,*,#1443,.F.);
#2356=ORIENTED_EDGE('',*,*,#1552,.T.);
#2357=ORIENTED_EDGE('',*,*,#1555,.T.);
#2358=ORIENTED_EDGE('',*,*,#1557,.T.);
#2359=ORIENTED_EDGE('',*,*,#1515,.F.);
#2360=ORIENTED_EDGE('',*,*,#1510,.T.);
#2361=ORIENTED_EDGE('',*,*,#1662,.F.);
#2362=ORIENTED_EDGE('',*,*,#1663,.T.);
#2363=ORIENTED_EDGE('',*,*,#1330,.T.);
#2364=ORIENTED_EDGE('',*,*,#1664,.T.);
#2365=ORIENTED_EDGE('',*,*,#1646,.F.);
#2366=ORIENTED_EDGE('',*,*,#1558,.F.);
#2367=ORIENTED_EDGE('',*,*,#1661,.F.);
#2368=ORIENTED_EDGE('',*,*,#1665,.F.);
#2369=ORIENTED_EDGE('',*,*,#1662,.T.);
#2370=ORIENTED_EDGE('',*,*,#1509,.T.);
#2371=ORIENTED_EDGE('',*,*,#1506,.T.);
#2372=ORIENTED_EDGE('',*,*,#1666,.T.);
#2373=ORIENTED_EDGE('',*,*,#1663,.F.);
#2374=ORIENTED_EDGE('',*,*,#1665,.T.);
#2375=ORIENTED_EDGE('',*,*,#1611,.T.);
#2376=ORIENTED_EDGE('',*,*,#1667,.T.);
#2377=ORIENTED_EDGE('',*,*,#1618,.F.);
#2378=ORIENTED_EDGE('',*,*,#1645,.T.);
#2379=ORIENTED_EDGE('',*,*,#1668,.F.);
#2380=ORIENTED_EDGE('',*,*,#1669,.T.);
#2381=ORIENTED_EDGE('',*,*,#1668,.T.);
#2382=ORIENTED_EDGE('',*,*,#1644,.F.);
#2383=ORIENTED_EDGE('',*,*,#1664,.F.);
#2384=ORIENTED_EDGE('',*,*,#1660,.F.);
#2385=ORIENTED_EDGE('',*,*,#1666,.F.);
#2386=ORIENTED_EDGE('',*,*,#1610,.F.);
#2387=ORIENTED_EDGE('',*,*,#1670,.T.);
#2388=ORIENTED_EDGE('',*,*,#1671,.T.);
#2389=ORIENTED_EDGE('',*,*,#1670,.F.);
#2390=ORIENTED_EDGE('',*,*,#1612,.T.);
#2391=ORIENTED_EDGE('',*,*,#1672,.F.);
#2392=ORIENTED_EDGE('',*,*,#1673,.T.);
#2393=ORIENTED_EDGE('',*,*,#1672,.T.);
#2394=ORIENTED_EDGE('',*,*,#1504,.T.);
#2395=ORIENTED_EDGE('',*,*,#1503,.F.);
#2396=ORIENTED_EDGE('',*,*,#1674,.F.);
#2397=ORIENTED_EDGE('',*,*,#1539,.F.);
#2398=ORIENTED_EDGE('',*,*,#1433,.F.);
#2399=ORIENTED_EDGE('',*,*,#1490,.F.);
#2400=ORIENTED_EDGE('',*,*,#1600,.F.);
#2401=ORIENTED_EDGE('',*,*,#1617,.F.);
#2402=ORIENTED_EDGE('',*,*,#1619,.F.);
#2403=ORIENTED_EDGE('',*,*,#1667,.F.);
#2404=ORIENTED_EDGE('',*,*,#1669,.F.);
#2405=ORIENTED_EDGE('',*,*,#1671,.F.);
#2406=ORIENTED_EDGE('',*,*,#1673,.F.);
#2407=ORIENTED_EDGE('',*,*,#1502,.F.);
#2408=ORIENTED_EDGE('',*,*,#1608,.F.);
#2409=ORIENTED_EDGE('',*,*,#1321,.F.);
#2410=ORIENTED_EDGE('',*,*,#1319,.F.);
#2411=ORIENTED_EDGE('',*,*,#1640,.F.);
#2412=ORIENTED_EDGE('',*,*,#1532,.F.);
#2413=ORIENTED_EDGE('',*,*,#1530,.F.);
#2414=ORIENTED_EDGE('',*,*,#1528,.F.);
#2415=ORIENTED_EDGE('',*,*,#1538,.F.);
#2416=ORIENTED_EDGE('',*,*,#1536,.F.);
#2417=ORIENTED_EDGE('',*,*,#1534,.F.);
#2418=ORIENTED_EDGE('',*,*,#1675,.T.);
#2419=ORIENTED_EDGE('',*,*,#1651,.T.);
#2420=ORIENTED_EDGE('',*,*,#1431,.F.);
#2421=ORIENTED_EDGE('',*,*,#1428,.F.);
#2422=ORIENTED_EDGE('',*,*,#1634,.F.);
#2423=ORIENTED_EDGE('',*,*,#1655,.F.);
#2424=ORIENTED_EDGE('',*,*,#1648,.F.);
#2425=ORIENTED_EDGE('',*,*,#1650,.T.);
#2426=ORIENTED_EDGE('',*,*,#1675,.F.);
#2427=ORIENTED_EDGE('',*,*,#1654,.T.);
#2428=ORIENTED_EDGE('',*,*,#1657,.T.);
#2429=ORIENTED_EDGE('',*,*,#1659,.T.);
#2430=ORIENTED_EDGE('',*,*,#1652,.F.);
#2431=ORIENTED_EDGE('',*,*,#1387,.T.);
#2432=ORIENTED_EDGE('',*,*,#1300,.F.);
#2433=ORIENTED_EDGE('',*,*,#1609,.F.);
#2434=ORIENTED_EDGE('',*,*,#1606,.F.);
#2435=ORIENTED_EDGE('',*,*,#1604,.F.);
#2436=ORIENTED_EDGE('',*,*,#1623,.F.);
#2437=ORIENTED_EDGE('',*,*,#1676,.F.);
#2438=ORIENTED_EDGE('',*,*,#1293,.F.);
#2439=ORIENTED_EDGE('',*,*,#1676,.T.);
#2440=ORIENTED_EDGE('',*,*,#1622,.F.);
#2441=ORIENTED_EDGE('',*,*,#1677,.T.);
#2442=ORIENTED_EDGE('',*,*,#1677,.F.);
#2443=ORIENTED_EDGE('',*,*,#1621,.T.);
#2444=ORIENTED_EDGE('',*,*,#1545,.F.);
#2445=ORIENTED_EDGE('',*,*,#1647,.T.);
#2446=ORIENTED_EDGE('',*,*,#1678,.F.);
#2447=ORIENTED_EDGE('',*,*,#1314,.F.);
#2448=ORIENTED_EDGE('',*,*,#1313,.F.);
#2449=ORIENTED_EDGE('',*,*,#1311,.F.);
#2450=ORIENTED_EDGE('',*,*,#1294,.T.);
#2451=ORIENTED_EDGE('',*,*,#1678,.T.);
#2452=ORIENTED_EDGE('',*,*,#1540,.F.);
#2453=ORIENTED_EDGE('',*,*,#1674,.T.);
#2454=ORIENTED_EDGE('',*,*,#1318,.T.);
#2455=PLANE('',#2710);
#2456=PLANE('',#2711);
#2457=PLANE('',#2712);
#2458=PLANE('',#2713);
#2459=PLANE('',#2714);
#2460=PLANE('',#2716);
#2461=PLANE('',#2723);
#2462=PLANE('',#2724);
#2463=PLANE('',#2725);
#2464=PLANE('',#2726);
#2465=PLANE('',#2731);
#2466=PLANE('',#2732);
#2467=PLANE('',#2733);
#2468=PLANE('',#2734);
#2469=PLANE('',#2736);
#2470=PLANE('',#2739);
#2471=PLANE('',#2740);
#2472=PLANE('',#2741);
#2473=PLANE('',#2749);
#2474=PLANE('',#2760);
#2475=PLANE('',#2761);
#2476=PLANE('',#2771);
#2477=PLANE('',#2775);
#2478=PLANE('',#2776);
#2479=PLANE('',#2777);
#2480=PLANE('',#2778);
#2481=PLANE('',#2779);
#2482=PLANE('',#2780);
#2483=PLANE('',#2781);
#2484=PLANE('',#2783);
#2485=PLANE('',#2784);
#2486=PLANE('',#2785);
#2487=PLANE('',#2786);
#2488=PLANE('',#2787);
#2489=PLANE('',#2793);
#2490=PLANE('',#2794);
#2491=PLANE('',#2795);
#2492=PLANE('',#2796);
#2493=PLANE('',#2797);
#2494=PLANE('',#2798);
#2495=PLANE('',#2803);
#2496=PLANE('',#2804);
#2497=PLANE('',#2807);
#2498=PLANE('',#2814);
#2499=PLANE('',#2817);
#2500=PLANE('',#2818);
#2501=PLANE('',#2819);
#2502=PLANE('',#2820);
#2503=PLANE('',#2821);
#2504=PLANE('',#2825);
#2505=PLANE('',#2836);
#2506=PLANE('',#2843);
#2507=PLANE('',#2845);
#2508=PLANE('',#2847);
#2509=PLANE('',#2849);
#2510=PLANE('',#2851);
#2511=PLANE('',#2852);
#2512=PLANE('',#2857);
#2513=PLANE('',#2858);
#2514=PLANE('',#2859);
#2515=PLANE('',#2860);
#2516=PLANE('',#2861);
#2517=PLANE('',#2863);
#2518=PLANE('',#2865);
#2519=PLANE('',#2871);
#2520=PLANE('',#2873);
#2521=PLANE('',#2875);
#2522=PLANE('',#2876);
#2523=PLANE('',#2877);
#2524=PLANE('',#2878);
#2525=PLANE('',#2886);
#2526=PLANE('',#2887);
#2527=PLANE('',#2888);
#2528=PLANE('',#2889);
#2529=PLANE('',#2891);
#2530=PLANE('',#2892);
#2531=PLANE('',#2894);
#2532=PLANE('',#2895);
#2533=PLANE('',#2897);
#2534=PLANE('',#2898);
#2535=PLANE('',#2899);
#2536=PLANE('',#2900);
#2537=PLANE('',#2901);
#2538=PLANE('',#2902);
#2539=PLANE('',#2903);
#2540=PLANE('',#2904);
#2541=PLANE('',#2905);
#2542=PLANE('',#2906);
#2543=PLANE('',#2907);
#2544=PLANE('',#2909);
#2545=PLANE('',#2910);
#2546=PLANE('',#2911);
#2547=PLANE('',#2912);
#2548=ADVANCED_FACE('',(#183),#2455,.F.);
#2549=ADVANCED_FACE('',(#184),#2456,.F.);
#2550=ADVANCED_FACE('',(#185),#2457,.F.);
#2551=ADVANCED_FACE('',(#186),#2458,.T.);
#2552=ADVANCED_FACE('',(#187),#165,.T.);
#2553=ADVANCED_FACE('',(#188),#2459,.F.);
#2554=ADVANCED_FACE('',(#189),#2460,.T.);
#2555=ADVANCED_FACE('',(#190),#166,.T.);
#2556=ADVANCED_FACE('',(#191),#91,.T.);
#2557=ADVANCED_FACE('',(#192),#22,.T.);
#2558=ADVANCED_FACE('',(#193),#2461,.T.);
#2559=ADVANCED_FACE('',(#194),#2462,.F.);
#2560=ADVANCED_FACE('',(#195),#2463,.T.);
#2561=ADVANCED_FACE('',(#196,#15),#2464,.F.);
#2562=ADVANCED_FACE('',(#197),#92,.T.);
#2563=ADVANCED_FACE('',(#198),#2465,.F.);
#2564=ADVANCED_FACE('',(#199),#2466,.F.);
#2565=ADVANCED_FACE('',(#200),#2467,.F.);
#2566=ADVANCED_FACE('',(#201),#2468,.F.);
#2567=ADVANCED_FACE('',(#202),#2469,.F.);
#2568=ADVANCED_FACE('',(#203),#2470,.F.);
#2569=ADVANCED_FACE('',(#204),#2471,.T.);
#2570=ADVANCED_FACE('',(#205),#2472,.T.);
#2571=ADVANCED_FACE('',(#206),#93,.F.);
#2572=ADVANCED_FACE('',(#207),#2473,.F.);
#2573=ADVANCED_FACE('',(#208),#94,.F.);
#2574=ADVANCED_FACE('',(#209),#95,.F.);
#2575=ADVANCED_FACE('',(#210),#96,.F.);
#2576=ADVANCED_FACE('',(#211),#2474,.F.);
#2577=ADVANCED_FACE('',(#212),#2475,.F.);
#2578=ADVANCED_FACE('',(#213),#97,.F.);
#2579=ADVANCED_FACE('',(#214),#98,.F.);
#2580=ADVANCED_FACE('',(#215),#99,.F.);
#2581=ADVANCED_FACE('',(#216),#2476,.F.);
#2582=ADVANCED_FACE('',(#217),#100,.F.);
#2583=ADVANCED_FACE('',(#218),#2477,.F.);
#2584=ADVANCED_FACE('',(#219),#2478,.F.);
#2585=ADVANCED_FACE('',(#220),#2479,.T.);
#2586=ADVANCED_FACE('',(#221),#2480,.T.);
#2587=ADVANCED_FACE('',(#222),#2481,.T.);
#2588=ADVANCED_FACE('',(#223),#2482,.T.);
#2589=ADVANCED_FACE('',(#224),#2483,.T.);
#2590=ADVANCED_FACE('',(#225),#167,.T.);
#2591=ADVANCED_FACE('',(#226),#168,.T.);
#2592=ADVANCED_FACE('',(#227),#169,.T.);
#2593=ADVANCED_FACE('',(#228),#2484,.T.);
#2594=ADVANCED_FACE('',(#229),#170,.T.);
#2595=ADVANCED_FACE('',(#230),#171,.T.);
#2596=ADVANCED_FACE('',(#231),#172,.T.);
#2597=ADVANCED_FACE('',(#232),#2485,.T.);
#2598=ADVANCED_FACE('',(#233),#173,.T.);
#2599=ADVANCED_FACE('',(#234),#174,.T.);
#2600=ADVANCED_FACE('',(#235),#175,.T.);
#2601=ADVANCED_FACE('',(#236),#2486,.T.);
#2602=ADVANCED_FACE('',(#237),#176,.T.);
#2603=ADVANCED_FACE('',(#238),#177,.T.);
#2604=ADVANCED_FACE('',(#239),#178,.T.);
#2605=ADVANCED_FACE('',(#240),#2487,.T.);
#2606=ADVANCED_FACE('',(#241),#2488,.T.);
#2607=ADVANCED_FACE('',(#242),#101,.F.);
#2608=ADVANCED_FACE('',(#243),#2489,.T.);
#2609=ADVANCED_FACE('',(#244),#2490,.T.);
#2610=ADVANCED_FACE('',(#245),#2491,.T.);
#2611=ADVANCED_FACE('',(#246),#2492,.T.);
#2612=ADVANCED_FACE('',(#247),#2493,.T.);
#2613=ADVANCED_FACE('',(#248),#2494,.T.);
#2614=ADVANCED_FACE('',(#249),#102,.T.);
#2615=ADVANCED_FACE('',(#250),#2495,.T.);
#2616=ADVANCED_FACE('',(#251,#16),#2496,.T.);
#2617=ADVANCED_FACE('',(#252),#2497,.T.);
#2618=ADVANCED_FACE('',(#253),#23,.F.);
#2619=ADVANCED_FACE('',(#254),#24,.F.);
#2620=ADVANCED_FACE('',(#255),#25,.F.);
#2621=ADVANCED_FACE('',(#256),#2498,.T.);
#2622=ADVANCED_FACE('',(#257),#26,.F.);
#2623=ADVANCED_FACE('',(#258),#2499,.T.);
#2624=ADVANCED_FACE('',(#259),#2500,.T.);
#2625=ADVANCED_FACE('',(#260),#2501,.T.);
#2626=ADVANCED_FACE('',(#261),#2502,.T.);
#2627=ADVANCED_FACE('',(#262),#2503,.F.);
#2628=ADVANCED_FACE('',(#263),#103,.F.);
#2629=ADVANCED_FACE('',(#264),#2504,.F.);
#2630=ADVANCED_FACE('',(#265),#27,.F.);
#2631=ADVANCED_FACE('',(#266),#28,.T.);
#2632=ADVANCED_FACE('',(#267),#29,.F.);
#2633=ADVANCED_FACE('',(#268),#179,.T.);
#2634=ADVANCED_FACE('',(#269),#180,.T.);
#2635=ADVANCED_FACE('',(#270),#104,.F.);
#2636=ADVANCED_FACE('',(#271),#2505,.F.);
#2637=ADVANCED_FACE('',(#272),#105,.F.);
#2638=ADVANCED_FACE('',(#273),#2506,.F.);
#2639=ADVANCED_FACE('',(#274),#106,.F.);
#2640=ADVANCED_FACE('',(#275),#2507,.F.);
#2641=ADVANCED_FACE('',(#276),#107,.F.);
#2642=ADVANCED_FACE('',(#277),#2508,.F.);
#2643=ADVANCED_FACE('',(#278),#108,.F.);
#2644=ADVANCED_FACE('',(#279),#2509,.F.);
#2645=ADVANCED_FACE('',(#280),#109,.F.);
#2646=ADVANCED_FACE('',(#281),#2510,.F.);
#2647=ADVANCED_FACE('',(#282),#2511,.T.);
#2648=ADVANCED_FACE('',(#283),#181,.T.);
#2649=ADVANCED_FACE('',(#284),#30,.F.);
#2650=ADVANCED_FACE('',(#285),#110,.T.);
#2651=ADVANCED_FACE('',(#286),#2512,.F.);
#2652=ADVANCED_FACE('',(#287),#2513,.T.);
#2653=ADVANCED_FACE('',(#288),#2514,.T.);
#2654=ADVANCED_FACE('',(#289),#2515,.T.);
#2655=ADVANCED_FACE('',(#290),#2516,.T.);
#2656=ADVANCED_FACE('',(#291),#31,.T.);
#2657=ADVANCED_FACE('',(#292),#2517,.T.);
#2658=ADVANCED_FACE('',(#293),#32,.F.);
#2659=ADVANCED_FACE('',(#294),#2518,.T.);
#2660=ADVANCED_FACE('',(#295),#33,.T.);
#2661=ADVANCED_FACE('',(#296),#34,.F.);
#2662=ADVANCED_FACE('',(#297),#2519,.T.);
#2663=ADVANCED_FACE('',(#298),#111,.F.);
#2664=ADVANCED_FACE('',(#299),#2520,.T.);
#2665=ADVANCED_FACE('',(#300),#2521,.F.);
#2666=ADVANCED_FACE('',(#301),#2522,.T.);
#2667=ADVANCED_FACE('',(#302),#2523,.F.);
#2668=ADVANCED_FACE('',(#303),#2524,.T.);
#2669=ADVANCED_FACE('',(#304),#112,.F.);
#2670=ADVANCED_FACE('',(#305),#113,.F.);
#2671=ADVANCED_FACE('',(#306),#35,.F.);
#2672=ADVANCED_FACE('',(#307),#2525,.F.);
#2673=ADVANCED_FACE('',(#308),#2526,.T.);
#2674=ADVANCED_FACE('',(#309),#2527,.T.);
#2675=ADVANCED_FACE('',(#310,#17),#2528,.T.);
#2676=ADVANCED_FACE('',(#311,#18),#2529,.T.);
#2677=ADVANCED_FACE('',(#312),#2530,.F.);
#2678=ADVANCED_FACE('',(#313),#2531,.F.);
#2679=ADVANCED_FACE('',(#314),#2532,.T.);
#2680=ADVANCED_FACE('',(#315),#2533,.F.);
#2681=ADVANCED_FACE('',(#316,#19),#2534,.F.);
#2682=ADVANCED_FACE('',(#317),#2535,.T.);
#2683=ADVANCED_FACE('',(#318),#2536,.T.);
#2684=ADVANCED_FACE('',(#319),#2537,.T.);
#2685=ADVANCED_FACE('',(#320),#2538,.T.);
#2686=ADVANCED_FACE('',(#321),#2539,.F.);
#2687=ADVANCED_FACE('',(#322),#2540,.T.);
#2688=ADVANCED_FACE('',(#323),#2541,.T.);
#2689=ADVANCED_FACE('',(#324,#20,#21),#2542,.T.);
#2690=ADVANCED_FACE('',(#325),#2543,.F.);
#2691=ADVANCED_FACE('',(#326),#182,.F.);
#2692=ADVANCED_FACE('',(#327),#2544,.F.);
#2693=ADVANCED_FACE('',(#328),#2545,.T.);
#2694=ADVANCED_FACE('',(#329),#2546,.T.);
#2695=ADVANCED_FACE('',(#330),#2547,.T.);
#2696=CLOSED_SHELL('',(#2548,#2549,#2550,#2551,#2552,#2553,#2554,#2555,
#2556,#2557,#2558,#2559,#2560,#2561,#2562,#2563,#2564,#2565,#2566,#2567,
#2568,#2569,#2570,#2571,#2572,#2573,#2574,#2575,#2576,#2577,#2578,#2579,
#2580,#2581,#2582,#2583,#2584,#2585,#2586,#2587,#2588,#2589,#2590,#2591,
#2592,#2593,#2594,#2595,#2596,#2597,#2598,#2599,#2600,#2601,#2602,#2603,
#2604,#2605,#2606,#2607,#2608,#2609,#2610,#2611,#2612,#2613,#2614,#2615,
#2616,#2617,#2618,#2619,#2620,#2621,#2622,#2623,#2624,#2625,#2626,#2627,
#2628,#2629,#2630,#2631,#2632,#2633,#2634,#2635,#2636,#2637,#2638,#2639,
#2640,#2641,#2642,#2643,#2644,#2645,#2646,#2647,#2648,#2649,#2650,#2651,
#2652,#2653,#2654,#2655,#2656,#2657,#2658,#2659,#2660,#2661,#2662,#2663,
#2664,#2665,#2666,#2667,#2668,#2669,#2670,#2671,#2672,#2673,#2674,#2675,
#2676,#2677,#2678,#2679,#2680,#2681,#2682,#2683,#2684,#2685,#2686,#2687,
#2688,#2689,#2690,#2691,#2692,#2693,#2694,#2695));
#2697=DERIVED_UNIT_ELEMENT(#2699,1.);
#2698=DERIVED_UNIT_ELEMENT(#4864,-3.);
#2699=(
MASS_UNIT()
NAMED_UNIT(*)
SI_UNIT(.KILO.,.GRAM.)
);
#2700=DERIVED_UNIT((#2697,#2698));
#2701=MEASURE_REPRESENTATION_ITEM('density measure',
POSITIVE_RATIO_MEASURE(7850.),#2700);
#2702=PROPERTY_DEFINITION_REPRESENTATION(#2707,#2704);
#2703=PROPERTY_DEFINITION_REPRESENTATION(#2708,#2705);
#2704=REPRESENTATION('material name',(#2706),#4861);
#2705=REPRESENTATION('density',(#2701),#4861);
#2706=DESCRIPTIVE_REPRESENTATION_ITEM('Steel','Steel');
#2707=PROPERTY_DEFINITION('material property','material name',#4871);
#2708=PROPERTY_DEFINITION('material property','density of part',#4871);
#2709=AXIS2_PLACEMENT_3D('',#3603,#2913,#2914);
#2710=AXIS2_PLACEMENT_3D('',#3604,#2915,#2916);
#2711=AXIS2_PLACEMENT_3D('',#3613,#2921,#2922);
#2712=AXIS2_PLACEMENT_3D('',#3622,#2927,#2928);
#2713=AXIS2_PLACEMENT_3D('',#3625,#2931,#2932);
#2714=AXIS2_PLACEMENT_3D('',#3668,#2937,#2938);
#2715=AXIS2_PLACEMENT_3D('',#3671,#2940,#2941);
#2716=AXIS2_PLACEMENT_3D('',#3673,#2943,#2944);
#2717=AXIS2_PLACEMENT_3D('',#3697,#2947,#2948);
#2718=AXIS2_PLACEMENT_3D('',#3701,#2950,#2951);
#2719=AXIS2_PLACEMENT_3D('',#3704,#2953,#2954);
#2720=AXIS2_PLACEMENT_3D('',#3705,#2955,#2956);
#2721=AXIS2_PLACEMENT_3D('',#3709,#2958,#2959);
#2722=AXIS2_PLACEMENT_3D('',#3710,#2960,#2961);
#2723=AXIS2_PLACEMENT_3D('',#3711,#2962,#2963);
#2724=AXIS2_PLACEMENT_3D('',#3717,#2967,#2968);
#2725=AXIS2_PLACEMENT_3D('',#3721,#2971,#2972);
#2726=AXIS2_PLACEMENT_3D('',#3723,#2974,#2975);
#2727=AXIS2_PLACEMENT_3D('',#3725,#2976,#2977);
#2728=AXIS2_PLACEMENT_3D('',#3727,#2978,#2979);
#2729=AXIS2_PLACEMENT_3D('',#3728,#2980,#2981);
#2730=AXIS2_PLACEMENT_3D('',#3731,#2983,#2984);
#2731=AXIS2_PLACEMENT_3D('',#3732,#2985,#2986);
#2732=AXIS2_PLACEMENT_3D('',#3745,#2993,#2994);
#2733=AXIS2_PLACEMENT_3D('',#3754,#2999,#3000);
#2734=AXIS2_PLACEMENT_3D('',#3765,#3006,#3007);
#2735=AXIS2_PLACEMENT_3D('',#3770,#3010,#3011);
#2736=AXIS2_PLACEMENT_3D('',#3771,#3012,#3013);
#2737=AXIS2_PLACEMENT_3D('',#3774,#3014,#3015);
#2738=AXIS2_PLACEMENT_3D('',#3776,#3017,#3018);
#2739=AXIS2_PLACEMENT_3D('',#3777,#3019,#3020);
#2740=AXIS2_PLACEMENT_3D('',#3783,#3024,#3025);
#2741=AXIS2_PLACEMENT_3D('',#3797,#3033,#3034);
#2742=AXIS2_PLACEMENT_3D('',#3836,#3041,#3042);
#2743=AXIS2_PLACEMENT_3D('',#3858,#3044,#3045);
#2744=AXIS2_PLACEMENT_3D('',#3883,#3047,#3048);
#2745=AXIS2_PLACEMENT_3D('',#3896,#3049,#3050);
#2746=AXIS2_PLACEMENT_3D('',#3907,#3057,#3058);
#2747=AXIS2_PLACEMENT_3D('',#3909,#3059,#3060);
#2748=AXIS2_PLACEMENT_3D('',#3913,#3062,#3063);
#2749=AXIS2_PLACEMENT_3D('',#3915,#3065,#3066);
#2750=AXIS2_PLACEMENT_3D('',#3921,#3070,#3071);
#2751=AXIS2_PLACEMENT_3D('',#3924,#3072,#3073);
#2752=AXIS2_PLACEMENT_3D('',#3925,#3074,#3075);
#2753=AXIS2_PLACEMENT_3D('',#3927,#3076,#3077);
#2754=AXIS2_PLACEMENT_3D('',#3929,#3079,#3080);
#2755=AXIS2_PLACEMENT_3D('',#3930,#3081,#3082);
#2756=AXIS2_PLACEMENT_3D('',#3932,#3083,#3084);
#2757=AXIS2_PLACEMENT_3D('',#3934,#3086,#3087);
#2758=AXIS2_PLACEMENT_3D('',#3936,#3088,#3089);
#2759=AXIS2_PLACEMENT_3D('',#3938,#3090,#3091);
#2760=AXIS2_PLACEMENT_3D('',#3940,#3093,#3094);
#2761=AXIS2_PLACEMENT_3D('',#3945,#3098,#3099);
#2762=AXIS2_PLACEMENT_3D('',#3954,#3104,#3105);
#2763=AXIS2_PLACEMENT_3D('',#3956,#3106,#3107);
#2764=AXIS2_PLACEMENT_3D('',#3958,#3108,#3109);
#2765=AXIS2_PLACEMENT_3D('',#3960,#3111,#3112);
#2766=AXIS2_PLACEMENT_3D('',#3962,#3113,#3114);
#2767=AXIS2_PLACEMENT_3D('',#3964,#3115,#3116);
#2768=AXIS2_PLACEMENT_3D('',#3966,#3118,#3119);
#2769=AXIS2_PLACEMENT_3D('',#3968,#3120,#3121);
#2770=AXIS2_PLACEMENT_3D('',#3970,#3122,#3123);
#2771=AXIS2_PLACEMENT_3D('',#3972,#3125,#3126);
#2772=AXIS2_PLACEMENT_3D('',#3978,#3130,#3131);
#2773=AXIS2_PLACEMENT_3D('',#3979,#3132,#3133);
#2774=AXIS2_PLACEMENT_3D('',#3980,#3134,#3135);
#2775=AXIS2_PLACEMENT_3D('',#3981,#3136,#3137);
#2776=AXIS2_PLACEMENT_3D('',#3990,#3142,#3143);
#2777=AXIS2_PLACEMENT_3D('',#3996,#3147,#3148);
#2778=AXIS2_PLACEMENT_3D('',#4002,#3152,#3153);
#2779=AXIS2_PLACEMENT_3D('',#4008,#3157,#3158);
#2780=AXIS2_PLACEMENT_3D('',#4012,#3161,#3162);
#2781=AXIS2_PLACEMENT_3D('',#4018,#3166,#3167);
#2782=AXIS2_PLACEMENT_3D('',#4022,#3169,#3170);
#2783=AXIS2_PLACEMENT_3D('',#4125,#3176,#3177);
#2784=AXIS2_PLACEMENT_3D('',#4204,#3183,#3184);
#2785=AXIS2_PLACEMENT_3D('',#4282,#3190,#3191);
#2786=AXIS2_PLACEMENT_3D('',#4358,#3197,#3198);
#2787=AXIS2_PLACEMENT_3D('',#4364,#3202,#3203);
#2788=AXIS2_PLACEMENT_3D('',#4367,#3204,#3205);
#2789=AXIS2_PLACEMENT_3D('',#4369,#3206,#3207);
#2790=AXIS2_PLACEMENT_3D('',#4374,#3211,#3212);
#2791=AXIS2_PLACEMENT_3D('',#4376,#3213,#3214);
#2792=AXIS2_PLACEMENT_3D('',#4378,#3215,#3216);
#2793=AXIS2_PLACEMENT_3D('',#4380,#3218,#3219);
#2794=AXIS2_PLACEMENT_3D('',#4384,#3222,#3223);
#2795=AXIS2_PLACEMENT_3D('',#4395,#3229,#3230);
#2796=AXIS2_PLACEMENT_3D('',#4402,#3235,#3236);
#2797=AXIS2_PLACEMENT_3D('',#4410,#3241,#3242);
#2798=AXIS2_PLACEMENT_3D('',#4418,#3247,#3248);
#2799=AXIS2_PLACEMENT_3D('',#4425,#3252,#3253);
#2800=AXIS2_PLACEMENT_3D('',#4426,#3254,#3255);
#2801=AXIS2_PLACEMENT_3D('',#4431,#3257,#3258);
#2802=AXIS2_PLACEMENT_3D('',#4433,#3260,#3261);
#2803=AXIS2_PLACEMENT_3D('',#4434,#3262,#3263);
#2804=AXIS2_PLACEMENT_3D('',#4441,#3268,#3269);
#2805=AXIS2_PLACEMENT_3D('',#4443,#3270,#3271);
#2806=AXIS2_PLACEMENT_3D('',#4447,#3273,#3274);
#2807=AXIS2_PLACEMENT_3D('',#4454,#3279,#3280);
#2808=AXIS2_PLACEMENT_3D('',#4460,#3284,#3285);
#2809=AXIS2_PLACEMENT_3D('',#4462,#3286,#3287);
#2810=AXIS2_PLACEMENT_3D('',#4467,#3288,#3289);
#2811=AXIS2_PLACEMENT_3D('',#4469,#3290,#3291);
#2812=AXIS2_PLACEMENT_3D('',#4474,#3292,#3293);
#2813=AXIS2_PLACEMENT_3D('',#4476,#3294,#3295);
#2814=AXIS2_PLACEMENT_3D('',#4478,#3297,#3298);
#2815=AXIS2_PLACEMENT_3D('',#4482,#3301,#3302);
#2816=AXIS2_PLACEMENT_3D('',#4483,#3303,#3304);
#2817=AXIS2_PLACEMENT_3D('',#4484,#3305,#3306);
#2818=AXIS2_PLACEMENT_3D('',#4490,#3310,#3311);
#2819=AXIS2_PLACEMENT_3D('',#4501,#3317,#3318);
#2820=AXIS2_PLACEMENT_3D('',#4504,#3321,#3322);
#2821=AXIS2_PLACEMENT_3D('',#4506,#3324,#3325);
#2822=AXIS2_PLACEMENT_3D('',#4512,#3329,#3330);
#2823=AXIS2_PLACEMENT_3D('',#4514,#3331,#3332);
#2824=AXIS2_PLACEMENT_3D('',#4517,#3334,#3335);
#2825=AXIS2_PLACEMENT_3D('',#4518,#3336,#3337);
#2826=AXIS2_PLACEMENT_3D('',#4521,#3340,#3341);
#2827=AXIS2_PLACEMENT_3D('',#4526,#3343,#3344);
#2828=AXIS2_PLACEMENT_3D('',#4529,#3346,#3347);
#2829=AXIS2_PLACEMENT_3D('',#4530,#3348,#3349);
#2830=AXIS2_PLACEMENT_3D('',#4531,#3350,#3351);
#2831=AXIS2_PLACEMENT_3D('',#4534,#3353,#3354);
#2832=AXIS2_PLACEMENT_3D('',#4535,#3355,#3356);
#2833=AXIS2_PLACEMENT_3D('',#4536,#3357,#3358);
#2834=AXIS2_PLACEMENT_3D('',#4601,#3361,#3362);
#2835=AXIS2_PLACEMENT_3D('',#4605,#3364,#3365);
#2836=AXIS2_PLACEMENT_3D('',#4607,#3367,#3368);
#2837=AXIS2_PLACEMENT_3D('',#4613,#3371,#3372);
#2838=AXIS2_PLACEMENT_3D('',#4617,#3374,#3375);
#2839=AXIS2_PLACEMENT_3D('',#4621,#3377,#3378);
#2840=AXIS2_PLACEMENT_3D('',#4625,#3380,#3381);
#2841=AXIS2_PLACEMENT_3D('',#4628,#3383,#3384);
#2842=AXIS2_PLACEMENT_3D('',#4629,#3385,#3386);
#2843=AXIS2_PLACEMENT_3D('',#4632,#3389,#3390);
#2844=AXIS2_PLACEMENT_3D('',#4634,#3392,#3393);
#2845=AXIS2_PLACEMENT_3D('',#4636,#3395,#3396);
#2846=AXIS2_PLACEMENT_3D('',#4638,#3398,#3399);
#2847=AXIS2_PLACEMENT_3D('',#4640,#3401,#3402);
#2848=AXIS2_PLACEMENT_3D('',#4642,#3404,#3405);
#2849=AXIS2_PLACEMENT_3D('',#4644,#3407,#3408);
#2850=AXIS2_PLACEMENT_3D('',#4646,#3410,#3411);
#2851=AXIS2_PLACEMENT_3D('',#4648,#3413,#3414);
#2852=AXIS2_PLACEMENT_3D('',#4655,#3416,#3417);
#2853=AXIS2_PLACEMENT_3D('',#4673,#3419,#3420);
#2854=AXIS2_PLACEMENT_3D('',#4676,#3422,#3423);
#2855=AXIS2_PLACEMENT_3D('',#4677,#3424,#3425);
#2856=AXIS2_PLACEMENT_3D('',#4679,#3426,#3427);
#2857=AXIS2_PLACEMENT_3D('',#4681,#3429,#3430);
#2858=AXIS2_PLACEMENT_3D('',#4687,#3434,#3435);
#2859=AXIS2_PLACEMENT_3D('',#4691,#3438,#3439);
#2860=AXIS2_PLACEMENT_3D('',#4693,#3441,#3442);
#2861=AXIS2_PLACEMENT_3D('',#4695,#3444,#3445);
#2862=AXIS2_PLACEMENT_3D('',#4701,#3449,#3450);
#2863=AXIS2_PLACEMENT_3D('',#4703,#3452,#3453);
#2864=AXIS2_PLACEMENT_3D('',#4705,#3455,#3456);
#2865=AXIS2_PLACEMENT_3D('',#4707,#3458,#3459);
#2866=AXIS2_PLACEMENT_3D('',#4708,#3460,#3461);
#2867=AXIS2_PLACEMENT_3D('',#4711,#3463,#3464);
#2868=AXIS2_PLACEMENT_3D('',#4712,#3465,#3466);
#2869=AXIS2_PLACEMENT_3D('',#4716,#3468,#3469);
#2870=AXIS2_PLACEMENT_3D('',#4717,#3470,#3471);
#2871=AXIS2_PLACEMENT_3D('',#4718,#3472,#3473);
#2872=AXIS2_PLACEMENT_3D('',#4724,#3477,#3478);
#2873=AXIS2_PLACEMENT_3D('',#4726,#3480,#3481);
#2874=AXIS2_PLACEMENT_3D('',#4732,#3484,#3485);
#2875=AXIS2_PLACEMENT_3D('',#4734,#3487,#3488);
#2876=AXIS2_PLACEMENT_3D('',#4736,#3490,#3491);
#2877=AXIS2_PLACEMENT_3D('',#4738,#3493,#3494);
#2878=AXIS2_PLACEMENT_3D('',#4740,#3496,#3497);
#2879=AXIS2_PLACEMENT_3D('',#4742,#3499,#3500);
#2880=AXIS2_PLACEMENT_3D('',#4745,#3502,#3503);
#2881=AXIS2_PLACEMENT_3D('',#4747,#3504,#3505);
#2882=AXIS2_PLACEMENT_3D('',#4749,#3507,#3508);
#2883=AXIS2_PLACEMENT_3D('',#4751,#3509,#3510);
#2884=AXIS2_PLACEMENT_3D('',#4753,#3512,#3513);
#2885=AXIS2_PLACEMENT_3D('',#4756,#3515,#3516);
#2886=AXIS2_PLACEMENT_3D('',#4757,#3517,#3518);
#2887=AXIS2_PLACEMENT_3D('',#4762,#3522,#3523);
#2888=AXIS2_PLACEMENT_3D('',#4768,#3527,#3528);
#2889=AXIS2_PLACEMENT_3D('',#4770,#3530,#3531);
#2890=AXIS2_PLACEMENT_3D('',#4772,#3532,#3533);
#2891=AXIS2_PLACEMENT_3D('',#4774,#3535,#3536);
#2892=AXIS2_PLACEMENT_3D('',#4778,#3539,#3540);
#2893=AXIS2_PLACEMENT_3D('',#4780,#3541,#3542);
#2894=AXIS2_PLACEMENT_3D('',#4782,#3544,#3545);
#2895=AXIS2_PLACEMENT_3D('',#4793,#3548,#3549);
#2896=AXIS2_PLACEMENT_3D('',#4795,#3550,#3551);
#2897=AXIS2_PLACEMENT_3D('',#4797,#3553,#3554);
#2898=AXIS2_PLACEMENT_3D('',#4804,#3555,#3556);
#2899=AXIS2_PLACEMENT_3D('',#4812,#3561,#3562);
#2900=AXIS2_PLACEMENT_3D('',#4814,#3564,#3565);
#2901=AXIS2_PLACEMENT_3D('',#4816,#3567,#3568);
#2902=AXIS2_PLACEMENT_3D('',#4818,#3570,#3571);
#2903=AXIS2_PLACEMENT_3D('',#4822,#3574,#3575);
#2904=AXIS2_PLACEMENT_3D('',#4826,#3578,#3579);
#2905=AXIS2_PLACEMENT_3D('',#4830,#3582,#3583);
#2906=AXIS2_PLACEMENT_3D('',#4832,#3585,#3586);
#2907=AXIS2_PLACEMENT_3D('',#4834,#3588,#3589);
#2908=AXIS2_PLACEMENT_3D('',#4835,#3590,#3591);
#2909=AXIS2_PLACEMENT_3D('',#4852,#3592,#3593);
#2910=AXIS2_PLACEMENT_3D('',#4854,#3595,#3596);
#2911=AXIS2_PLACEMENT_3D('',#4856,#3598,#3599);
#2912=AXIS2_PLACEMENT_3D('',#4858,#3601,#3602);
#2913=DIRECTION('axis',(0.,0.,1.));
#2914=DIRECTION('refdir',(1.,0.,0.));
#2915=DIRECTION('center_axis',(-0.481113791799508,-0.86822344634003,0.121315978196367));
#2916=DIRECTION('ref_axis',(0.,-0.138384588809186,-0.990378566801661));
#2917=DIRECTION('',(0.875630342135478,-0.46922703694888,0.114444273460403));
#2918=DIRECTION('',(0.241917780454968,0.00152308022920922,0.970295556893031));
#2919=DIRECTION('',(0.875630342135478,-0.46922703694888,0.114444273460403));
#2920=DIRECTION('',(0.241917780454968,0.00152308022920922,0.970295556893031));
#2921=DIRECTION('center_axis',(0.838847835888598,-0.50291388365197,-0.208355306760129));
#2922=DIRECTION('ref_axis',(-0.241058084584853,0.,-0.97051069023287));
#2923=DIRECTION('',(0.525242313388819,0.848305725108402,0.0670664519284445));
#2924=DIRECTION('',(0.241917780454968,0.00152308022920922,0.970295556893031));
#2925=DIRECTION('',(0.525242313388819,0.848305725108402,0.0670664519284445));
#2926=DIRECTION('',(0.241917780454967,0.00152308022920966,0.970295556893031));
#2927=DIRECTION('center_axis',(0.483024805838246,-0.867473268375851,-0.119067903308337));
#2928=DIRECTION('ref_axis',(0.,0.135983321812929,-0.990711126508995));
#2929=DIRECTION('',(0.874604546699394,0.471486347269015,0.112993412337485));
#2930=DIRECTION('',(0.874604546699394,0.471486347269015,0.112993412337485));
#2931=DIRECTION('center_axis',(-0.850832900936187,0.52485724854799,0.0246625897088507));
#2932=DIRECTION('ref_axis',(0.0298809848972389,0.00147120917341669,0.999552380961168));
#2933=DIRECTION('',(-0.228557349721929,-0.327428165173732,-0.916816412668889));
#2934=DIRECTION('',(-0.48308058570773,-0.762921772479554,-0.429631838658324));
#2935=DIRECTION('',(0.228557349721929,0.327428165173732,0.916816412668889));
#2936=DIRECTION('',(0.850245907077135,-0.525632231978802,-0.0281541152153983));
#2937=DIRECTION('center_axis',(0.444612537239253,-0.872901400735975,0.200905043049809));
#2938=DIRECTION('ref_axis',(-0.409905687358995,0.00114760345081962,0.912127189857352));
#2939=DIRECTION('',(0.228557349721932,0.327428165173734,0.916816412668888));
#2940=DIRECTION('center_axis',(0.444612537235133,-0.872901400737684,0.200905043051502));
#2941=DIRECTION('ref_axis',(-0.528311456858923,-0.436683677267662,-0.728144470939383));
#2942=DIRECTION('',(0.874604546699394,0.471486347269016,0.112993412337485));
#2943=DIRECTION('center_axis',(0.47312251328026,0.785694384158093,-0.398546637333456));
#2944=DIRECTION('ref_axis',(-0.642891193826133,-0.00140383000611287,-0.765956227314671));
#2945=DIRECTION('',(-0.228557349721932,-0.327428165173734,-0.916816412668888));
#2946=DIRECTION('',(-0.850832900936172,0.524857248548014,0.0246625897088366));
#2947=DIRECTION('center_axis',(0.000445880889843788,-0.999998836929392,
0.00145853697101933));
#2948=DIRECTION('ref_axis',(0.770063044564124,-0.000587143508527709,-0.637967524768411));
#2949=DIRECTION('',(0.000445880889843788,-0.999998836929392,0.00145853697101933));
#2950=DIRECTION('center_axis',(0.000445880889852599,-0.999998836929392,
0.00145853697101429));
#2951=DIRECTION('ref_axis',(0.770063044564124,-0.000587143508517709,-0.637967524768411));
#2952=DIRECTION('',(-0.000445880889843788,0.999998836929392,-0.00145853697101933));
#2953=DIRECTION('center_axis',(-0.209042612646505,0.576990485145127,-0.789546177338549));
#2954=DIRECTION('ref_axis',(-0.147608946846509,-0.816750865755641,-0.55778994442198));
#2955=DIRECTION('center_axis',(-0.000445880889852493,0.999998836929392,
-0.0014585369710137));
#2956=DIRECTION('ref_axis',(0.770063044564124,-0.000587143508517414,-0.637967524768411));
#2957=DIRECTION('',(0.685788055463377,0.707162378976762,-0.172093325680241));
#2958=DIRECTION('center_axis',(-0.000445880889852599,0.999998836929392,
-0.00145853697101429));
#2959=DIRECTION('ref_axis',(0.770063044564124,-0.000587143508517708,-0.637967524768411));
#2960=DIRECTION('center_axis',(-0.0914366967833015,0.708088071828868,0.700178986413499));
#2961=DIRECTION('ref_axis',(0.931038174884264,-0.18865672866051,0.31237246299777));
#2962=DIRECTION('center_axis',(0.0914366966673307,-0.708088071805412,-0.700178986452365));
#2963=DIRECTION('ref_axis',(-0.991662028116351,-0.000630117323162733,-0.128864366464608));
#2964=DIRECTION('',(-0.991662028116347,-0.000630117323135494,-0.128864366464635));
#2965=DIRECTION('',(-0.650671050315861,0.48978619561763,-0.580290157475778));
#2966=DIRECTION('',(0.991662028116347,0.000630117323135494,0.128864366464635));
#2967=DIRECTION('center_axis',(-0.12886513563569,0.0013889175723753,0.991661155700662));
#2968=DIRECTION('ref_axis',(-0.991662028116347,-0.00063011732316004,-0.128864366464635));
#2969=DIRECTION('',(-0.874604546699394,-0.471486347269016,-0.112993412337485));
#2970=DIRECTION('',(0.000445880889843788,-0.999998836929392,0.00145853697101933));
#2971=DIRECTION('center_axis',(-0.209042612646505,0.576990485145127,-0.789546177338549));
#2972=DIRECTION('ref_axis',(-0.96670201453643,-5.77875663015455E-5,0.255904692711574));
#2973=DIRECTION('',(0.139531173390181,0.816721905046447,0.55990747581155));
#2974=DIRECTION('center_axis',(0.00044588088987192,-0.999998836929392,0.00145853697107739));
#2975=DIRECTION('ref_axis',(0.961274438346653,2.66514809961351E-5,-0.275592912592153));
#2976=DIRECTION('center_axis',(-0.00044588088987192,0.999998836929392,-0.00145853697107739));
#2977=DIRECTION('ref_axis',(0.961274438346652,2.66514809961351E-5,-0.275592912592153));
#2978=DIRECTION('center_axis',(-0.00044588088987192,0.999998836929392,-0.00145853697107739));
#2979=DIRECTION('ref_axis',(0.961274438346653,2.66514809961351E-5,-0.275592912592153));
#2980=DIRECTION('center_axis',(-0.000445880889872326,0.999998836929392,
-0.00145853697108173));
#2981=DIRECTION('ref_axis',(0.961274438346653,2.66514809953294E-5,-0.275592912592153));
#2982=DIRECTION('',(0.000445880889872326,-0.999998836929392,0.00145853697108173));
#2983=DIRECTION('center_axis',(-0.000445880889852544,0.999998836929392,
-0.00145853697101428));
#2984=DIRECTION('ref_axis',(0.961274438346653,2.66514809949022E-5,-0.275592912592153));
#2985=DIRECTION('center_axis',(-0.2755925528434,-0.00152493592461957,-0.961273332298199));
#2986=DIRECTION('ref_axis',(-0.961274438444922,-2.66513522024303E-5,0.2755929122494));
#2987=DIRECTION('',(-0.000445880766600827,0.999998836929389,-0.00145853701041317));
#2988=DIRECTION('',(0.961274438444922,2.66513522017032E-5,-0.275592912249401));
#2989=DIRECTION('',(0.961274438444922,2.66513522017032E-5,-0.275592912249401));
#2990=DIRECTION('',(0.961274438444922,2.66513522017032E-5,-0.275592912249401));
#2991=DIRECTION('',(0.000445880766600824,-0.999998836929389,0.00145853701041317));
#2992=DIRECTION('',(-0.961274438444922,-2.66513522032509E-5,0.275592912249401));
#2993=DIRECTION('center_axis',(-0.319761432066429,-0.00152453648727708,
-0.947496861393918));
#2994=DIRECTION('ref_axis',(-0.947497982980998,4.39131268825447E-5,0.319761739922991));
#2995=DIRECTION('',(-0.947497982980997,4.39131268825455E-5,0.319761739922992));
#2996=DIRECTION('',(-0.000445880889852351,0.999998836929392,-0.00145853697101453));
#2997=DIRECTION('',(0.947497982980997,-4.39131268825455E-5,-0.319761739922992));
#2998=DIRECTION('',(-0.000445880889852351,0.999998836929392,-0.00145853697101453));
#2999=DIRECTION('center_axis',(0.292367643553559,0.00152516879977302,0.95630478136579));
#3000=DIRECTION('ref_axis',(0.956305893630945,-3.11197504997184E-8,-0.292367983552779));
#3001=DIRECTION('',(-0.956305893630945,3.11197507395118E-8,0.292367983552779));
#3002=DIRECTION('',(-0.956305893630945,3.11197507395118E-8,0.292367983552779));
#3003=DIRECTION('',(0.000445880766600827,-0.999998836929389,0.00145853701041317));
#3004=DIRECTION('',(0.956305893630945,-3.11197505015615E-8,-0.292367983552779));
#3005=DIRECTION('',(-0.000445880766600824,0.999998836929389,-0.00145853701041317));
#3006=DIRECTION('center_axis',(-0.000445880766600824,0.999998836929389,
-0.00145853701041317));
#3007=DIRECTION('ref_axis',(0.29236764355356,0.00152516879977302,0.95630478136579));
#3008=DIRECTION('',(0.29236764355356,0.00152516879977302,0.95630478136579));
#3009=DIRECTION('',(0.294633753696414,0.00152516444079748,0.955609033578162));
#3010=DIRECTION('center_axis',(0.000445880766600824,-0.999998836929389,
0.00145853701041317));
#3011=DIRECTION('ref_axis',(-0.956305893630945,3.11197507412244E-8,0.29236798355278));
#3012=DIRECTION('center_axis',(-0.000445880766600824,0.999998836929389,
-0.00145853701041317));
#3013=DIRECTION('ref_axis',(0.29236764355356,0.00152516879977302,0.95630478136579));
#3014=DIRECTION('center_axis',(0.000445880766600824,-0.999998836929389,
0.00145853701041317));
#3015=DIRECTION('ref_axis',(-0.956305893630945,3.11197507412244E-8,0.29236798355278));
#3016=DIRECTION('',(-0.286346650382082,-0.00152513882379915,-0.958124871698115));
#3017=DIRECTION('center_axis',(0.000445880766600824,-0.999998836929389,
0.00145853701041317));
#3018=DIRECTION('ref_axis',(0.913547062281547,-0.000185902280504397,-0.406732996494134));
#3019=DIRECTION('center_axis',(-0.656055781658843,-0.00139329842275331,
-0.754711116965631));
#3020=DIRECTION('ref_axis',(-0.754712271360574,0.000620370348182851,0.656055639864786));
#3021=DIRECTION('',(-0.754712271360574,0.000620370348182851,0.656055639864786));
#3022=DIRECTION('',(0.00044588088985265,-0.999998836929392,0.00145853697101427));
#3023=DIRECTION('',(-0.754712271360574,0.000620370348182851,0.656055639864786));
#3024=DIRECTION('center_axis',(0.781666919674635,-0.000561153765070971,
-0.623695848785945));
#3025=DIRECTION('ref_axis',(-0.000445880889896615,0.999998836929392,-0.00145853697106937));
#3026=DIRECTION('',(-0.623695941847147,-0.00141818416141832,-0.781665760333075));
#3027=DIRECTION('',(0.623695941847147,0.00141818416141832,0.781665760333075));
#3028=DIRECTION('',(0.000445880889852485,-0.999998836929392,0.00145853697101406));
#3029=DIRECTION('',(0.623695941847136,0.00141818416141833,0.781665760333084));
#3030=DIRECTION('',(0.000445880889852485,-0.999998836929392,0.00145853697101406));
#3031=DIRECTION('',(-0.623695941847147,-0.00141818416141832,-0.781665760333075));
#3032=DIRECTION('',(0.000445880889852485,-0.999998836929392,0.00145853697101406));
#3033=DIRECTION('center_axis',(0.965138362586189,4.85790320854051E-5,-0.261740212242079));
#3034=DIRECTION('ref_axis',(-0.000445880889886584,0.999998836929392,-0.0014585369711398));
#3035=DIRECTION('',(-0.261739836965417,-0.00152439494272083,-0.965137261722588));
#3036=DIRECTION('',(-0.261739836965417,-0.00152439494272083,-0.965137261722588));
#3037=DIRECTION('',(-0.000445880889852585,0.999998836929392,-0.00145853697101443));
#3038=DIRECTION('',(-0.261739836965417,-0.00152439494272083,-0.965137261722588));
#3039=DIRECTION('',(0.131291976264424,0.865002971115688,0.484285325949087));
#3040=DIRECTION('',(-0.132062669857806,0.863469171387833,-0.486806369404548));
#3041=DIRECTION('center_axis',(0.965138362566994,4.85789853146286E-5,-0.261740212312864));
#3042=DIRECTION('ref_axis',(-0.14314465275176,0.837298565479167,-0.527674824712254));
#3043=DIRECTION('',(-0.261739836965417,-0.00152439494278325,-0.965137261722588));
#3044=DIRECTION('center_axis',(0.965138362586468,4.85790145219582E-5,-0.261740212241051));
#3045=DIRECTION('ref_axis',(0.00045100657932131,-0.999998806885094,0.00147743746216347));
#3046=DIRECTION('',(-0.131291976264423,-0.86500297111569,-0.484285325949084));
#3047=DIRECTION('center_axis',(0.965138362599657,4.85790035948097E-5,-0.261740212192422));
#3048=DIRECTION('ref_axis',(0.127124197421198,0.874044975828084,0.46891877618592));
#3049=DIRECTION('center_axis',(0.965138362581232,4.85790230571856E-5,-0.261740212260358));
#3050=DIRECTION('ref_axis',(-0.127902977386852,0.872559672963566,-0.471466271851226));
#3051=DIRECTION('',(0.132062669857807,-0.863469171387832,0.486806369404549));
#3052=DIRECTION('',(0.261739836965417,0.00152439494272083,0.965137261722588));
#3053=DIRECTION('',(0.000445880889852544,-0.999998836929392,0.00145853697101428));
#3054=DIRECTION('',(0.261739836965417,0.00152439494272083,0.965137261722588));
#3055=DIRECTION('',(0.261739836965417,0.00152439494272083,0.965137261722588));
#3056=DIRECTION('',(0.000445880889867961,-0.999998836929392,0.00145853697107113));
#3057=DIRECTION('center_axis',(0.000445880889871914,-0.999998836929392,
0.00145853697107739));
#3058=DIRECTION('ref_axis',(-0.956305893630887,3.09903654998256E-8,0.292367983552969));
#3059=DIRECTION('center_axis',(0.000445880766600824,-0.999998836929389,
0.00145853701041317));
#3060=DIRECTION('ref_axis',(-0.956305893630945,3.11197507412244E-8,0.29236798355278));
#3061=DIRECTION('',(0.000445880889871914,-0.999998836929392,0.00145853697107739));
#3062=DIRECTION('center_axis',(0.000445880889852544,-0.999998836929392,
0.00145853697101428));
#3063=DIRECTION('ref_axis',(-0.956305893630887,3.09903655721418E-8,0.292367983552969));
#3064=DIRECTION('',(0.000445880889871914,-0.999998836929392,0.00145853697107739));
#3065=DIRECTION('center_axis',(0.956305893630887,-3.0990365499934E-8,-0.292367983552969));
#3066=DIRECTION('ref_axis',(0.292367643553561,0.00152516879819651,0.956304781365792));
#3067=DIRECTION('',(0.000445880889871914,-0.999998836929392,0.00145853697107739));
#3068=DIRECTION('',(0.29236764355356,0.00152516879977302,0.95630478136579));
#3069=DIRECTION('',(0.292367643553561,0.00152516879813049,0.956304781365792));
#3070=DIRECTION('center_axis',(0.000445880889871914,-0.999998836929392,
0.00145853697107739));
#3071=DIRECTION('ref_axis',(-0.956305893630887,3.09903654998256E-8,0.292367983552969));
#3072=DIRECTION('center_axis',(0.000445880766600824,-0.999998836929389,
0.00145853701041317));
#3073=DIRECTION('ref_axis',(-0.956305893630945,3.11197507412244E-8,0.29236798355278));
#3074=DIRECTION('center_axis',(0.000445880766600824,-0.999998836929389,
0.00145853701041317));
#3075=DIRECTION('ref_axis',(-0.956305893630945,3.11197507412244E-8,0.29236798355278));
#3076=DIRECTION('center_axis',(0.000445880889852544,-0.999998836929392,
0.00145853697101428));
#3077=DIRECTION('ref_axis',(-0.956305893630887,3.09903655721418E-8,0.292367983552969));
#3078=DIRECTION('',(-0.000445880889852623,0.999998836929392,-0.0014585369710143));
#3079=DIRECTION('center_axis',(0.000445880889871914,-0.999998836929392,
0.00145853697107739));
#3080=DIRECTION('ref_axis',(0.91354706228149,-0.000185902151891443,-0.406732996494321));
#3081=DIRECTION('center_axis',(0.000445880766600824,-0.999998836929389,
0.00145853701041317));
#3082=DIRECTION('ref_axis',(0.913547062281547,-0.000185902280504397,-0.406732996494134));
#3083=DIRECTION('center_axis',(0.000445880889852544,-0.999998836929392,
0.00145853697101428));
#3084=DIRECTION('ref_axis',(0.91354706228149,-0.000185902151883469,-0.406732996494321));
#3085=DIRECTION('',(0.000445880889871914,-0.999998836929392,0.00145853697107739));
#3086=DIRECTION('center_axis',(0.000445880889871914,-0.999998836929392,
0.00145853697107739));
#3087=DIRECTION('ref_axis',(-0.956305893630887,3.09903654998256E-8,0.292367983552969));
#3088=DIRECTION('center_axis',(0.000445880766600824,-0.999998836929389,
0.00145853701041317));
#3089=DIRECTION('ref_axis',(-0.956305893630945,3.11197507412244E-8,0.29236798355278));
#3090=DIRECTION('center_axis',(0.000445880889852544,-0.999998836929392,
0.00145853697101428));
#3091=DIRECTION('ref_axis',(-0.956305893630887,3.09903655721418E-8,0.292367983552969));
#3092=DIRECTION('',(0.000445880889871914,-0.999998836929392,0.00145853697107739));
#3093=DIRECTION('center_axis',(-0.956305893630887,3.0990365499934E-8,0.292367983552969));
#3094=DIRECTION('ref_axis',(-0.292367643553561,-0.00152516879819651,-0.956304781365792));
#3095=DIRECTION('',(-0.29236764355356,-0.00152516879977302,-0.95630478136579));
#3096=DIRECTION('',(-0.29236764355356,-0.00152516879977302,-0.95630478136579));
#3097=DIRECTION('',(-0.292367643553561,-0.00152516879813049,-0.956304781365792));
#3098=DIRECTION('center_axis',(-0.956305893630887,3.0990365499934E-8,0.292367983552969));
#3099=DIRECTION('ref_axis',(-0.292367643553561,-0.00152516879819651,-0.956304781365792));
#3100=DIRECTION('',(-0.292367643553561,-0.00152516879813049,-0.956304781365792));
#3101=DIRECTION('',(0.000445880889871914,-0.999998836929392,0.00145853697107739));
#3102=DIRECTION('',(0.292367643553561,0.00152516879813049,0.956304781365792));
#3103=DIRECTION('',(0.000445880889871914,-0.999998836929392,0.00145853697107739));
#3104=DIRECTION('center_axis',(0.000445880889871914,-0.999998836929392,
0.00145853697107739));
#3105=DIRECTION('ref_axis',(-0.956305893630887,3.09903654998256E-8,0.292367983552969));
#3106=DIRECTION('center_axis',(0.000445880889852544,-0.999998836929392,
0.00145853697101428));
#3107=DIRECTION('ref_axis',(-0.956305893630887,3.09903655721418E-8,0.292367983552969));
#3108=DIRECTION('center_axis',(-0.000445880889852544,0.999998836929392,
-0.00145853697101428));
#3109=DIRECTION('ref_axis',(-0.956305893630887,3.09903655721418E-8,0.292367983552969));
#3110=DIRECTION('',(0.000445880889871914,-0.999998836929392,0.00145853697107739));
#3111=DIRECTION('center_axis',(0.000445880889871914,-0.999998836929392,
0.00145853697107739));
#3112=DIRECTION('ref_axis',(0.91354706228149,-0.000185902151891443,-0.406732996494321));
#3113=DIRECTION('center_axis',(0.000445880889852544,-0.999998836929392,
0.00145853697101428));
#3114=DIRECTION('ref_axis',(0.91354706228149,-0.000185902151883469,-0.406732996494321));
#3115=DIRECTION('center_axis',(-0.000445880889852544,0.999998836929392,
-0.00145853697101428));
#3116=DIRECTION('ref_axis',(0.91354706228149,-0.000185902151883469,-0.406732996494321));
#3117=DIRECTION('',(-0.000445880889852623,0.999998836929392,-0.0014585369710143));
#3118=DIRECTION('center_axis',(0.000445880889871914,-0.999998836929392,
0.00145853697107739));
#3119=DIRECTION('ref_axis',(-0.956305893630887,3.09903654998256E-8,0.292367983552969));
#3120=DIRECTION('center_axis',(0.000445880889852544,-0.999998836929392,
0.00145853697101428));
#3121=DIRECTION('ref_axis',(-0.956305893630887,3.09903655721418E-8,0.292367983552969));
#3122=DIRECTION('center_axis',(-0.000445880889852544,0.999998836929392,
-0.00145853697101428));
#3123=DIRECTION('ref_axis',(0.956305893630887,-3.09903655721418E-8,-0.292367983552969));
#3124=DIRECTION('',(0.000445880889871914,-0.999998836929392,0.00145853697107739));
#3125=DIRECTION('center_axis',(0.956305893630887,-3.0990365499934E-8,-0.292367983552969));
#3126=DIRECTION('ref_axis',(0.292367643553561,0.00152516879819651,0.956304781365792));
#3127=DIRECTION('',(0.292367643553561,0.00152516879813049,0.956304781365792));
#3128=DIRECTION('',(-0.292367643553561,-0.00152516879813049,-0.956304781365792));
#3129=DIRECTION('',(0.000445880889871914,-0.999998836929392,0.00145853697107739));
#3130=DIRECTION('center_axis',(0.000445880889871914,-0.999998836929392,
0.00145853697107739));
#3131=DIRECTION('ref_axis',(-0.956305893630887,3.09903654998256E-8,0.292367983552969));
#3132=DIRECTION('center_axis',(0.000445880889852544,-0.999998836929392,
0.00145853697101428));
#3133=DIRECTION('ref_axis',(-0.956305893630887,3.09903655721418E-8,0.292367983552969));
#3134=DIRECTION('center_axis',(-0.000445880889852544,0.999998836929392,
-0.00145853697101428));
#3135=DIRECTION('ref_axis',(-0.956305893630887,3.09903655721418E-8,0.292367983552969));
#3136=DIRECTION('center_axis',(-0.319761432066429,-0.00152453648727708,
-0.947496861393918));
#3137=DIRECTION('ref_axis',(-0.947497982980998,4.39131268825447E-5,0.319761739922991));
#3138=DIRECTION('',(0.947497982980997,-4.39131268825455E-5,-0.319761739922992));
#3139=DIRECTION('',(-0.000445880889852351,0.999998836929392,-0.00145853697101453));
#3140=DIRECTION('',(-0.947497982980997,4.39131268825455E-5,0.319761739922992));
#3141=DIRECTION('',(-0.000445880889852351,0.999998836929392,-0.00145853697101453));
#3142=DIRECTION('center_axis',(0.0174566203973917,-0.00145053130046193,
-0.999846569411151));
#3143=DIRECTION('ref_axis',(-0.999847522172523,-0.000471273604323615,-0.0174559533299226));
#3144=DIRECTION('',(-0.999847522172523,-0.000471273604323615,-0.0174559533299226));
#3145=DIRECTION('',(-0.999847522172523,-0.000471273604323615,-0.0174559533299226));
#3146=DIRECTION('',(-0.000445880889852658,0.999998836929392,-0.00145853697101454));
#3147=DIRECTION('center_axis',(0.553037264931957,-0.707502754404004,-0.439988222691618));
#3148=DIRECTION('ref_axis',(-0.623695941847184,-0.00141818416147957,-0.781665760333045));
#3149=DIRECTION('',(-0.623695941847136,-0.00141818416141833,-0.781665760333084));
#3150=DIRECTION('',(0.456152515022766,0.699037723541826,-0.550700593883706));
#3151=DIRECTION('',(0.636989363439555,0.699448917421718,-0.324061356509006));
#3152=DIRECTION('center_axis',(0.552406694130355,0.706709163138816,-0.442050905457286));
#3153=DIRECTION('ref_axis',(-0.623695941847099,-0.00141818416147999,-0.781665760333113));
#3154=DIRECTION('',(0.623695941847147,0.00141818416141832,0.781665760333075));
#3155=DIRECTION('',(0.637613272742204,-0.699822931121213,-0.322020464411642));
#3156=DIRECTION('',(0.456776424325257,-0.700234125001198,-0.548659701786489));
#3157=DIRECTION('center_axis',(0.682140595567173,0.70714030933443,-0.186109620368399));
#3158=DIRECTION('ref_axis',(-0.261739836965353,-0.00152439494278639,-0.965137261722605));
#3159=DIRECTION('',(0.261739836965417,0.00152439494272083,0.965137261722588));
#3160=DIRECTION('',(0.727652842106575,-0.68157047540541,0.0773500383313895));
#3161=DIRECTION('center_axis',(0.889742722185484,0.00106248594038407,0.456461125882141));
#3162=DIRECTION('ref_axis',(0.456462144660647,-0.0010941953620543,-0.889742161094051));
#3163=DIRECTION('',(0.456462144660647,-0.00109419536200699,-0.889742161094051));
#3164=DIRECTION('',(0.000445880889852585,-0.999998836929392,0.00145853697101443));
#3165=DIRECTION('',(-0.456462144660647,0.00109419536200699,0.889742161094051));
#3166=DIRECTION('center_axis',(0.870195534368853,-0.334576709403346,0.361687928315746));
#3167=DIRECTION('ref_axis',(0.400557574734606,0.907854727048478,-0.123908933892855));
#3168=DIRECTION('',(-0.383421430568353,0.00117610607960299,0.923572749357303));
#3169=DIRECTION('center_axis',(0.870195534368853,-0.334576709403346,0.361687928315746));
#3170=DIRECTION('ref_axis',(0.461831781775878,0.298111494791304,-0.835368746132516));
#3171=DIRECTION('',(-0.131291976264424,-0.865002971115688,-0.484285325949087));
#3172=DIRECTION('',(0.474891723378171,0.373936205101699,-0.796648960070275));
#3173=DIRECTION('',(-0.473993004304426,-0.37428145203417,0.797021973683071));
#3174=DIRECTION('',(0.474327622001741,-0.376181991745319,-0.795927393731802));
#3175=DIRECTION('',(-0.47522603235532,0.375834856869612,0.795555389984644));
#3176=DIRECTION('center_axis',(0.869896355551536,0.336406228278564,0.360709273755953));
#3177=DIRECTION('ref_axis',(-0.401367165834951,0.907854753035915,0.121260651407279));
#3178=DIRECTION('',(0.132062669857807,-0.863469171387832,0.486806369404549));
#3179=DIRECTION('',(0.475226032355325,-0.37583485686961,-0.795555389984642));
#3180=DIRECTION('',(-0.483780903997163,0.420932413145911,0.767314759724357));
#3181=DIRECTION('',(0.679974291904472,-0.709959140821519,-0.183283880123108));
#3182=DIRECTION('',(-0.682771166368806,0.707071608208418,0.184046937602725));
#3183=DIRECTION('center_axis',(0.682140595567143,0.707140309334448,-0.186109620368437));
#3184=DIRECTION('ref_axis',(-0.676697379525499,0.706926294018204,0.205756825813898));
#3185=DIRECTION('',(0.261739836965417,0.00152439494278326,0.965137261722588));
#3186=DIRECTION('',(0.682771166368806,-0.707071608208418,-0.184046937602725));
#3187=DIRECTION('',(-0.708690450802707,0.698480222045697,0.0994144071654106));
#3188=DIRECTION('',(0.869704750807235,-0.334962615499514,0.362510265566438));
#3189=DIRECTION('',(-0.870195534368838,0.334576709403357,-0.361687928315771));
#3190=DIRECTION('center_axis',(0.47489172337819,0.373936205101691,-0.796648960070268));
#3191=DIRECTION('ref_axis',(-0.458440988695736,0.877825843075189,0.138757519122424));
#3192=DIRECTION('',(0.131291976264423,0.86500297111569,0.484285325949084));
#3193=DIRECTION('',(0.870195534368843,-0.334576709403354,0.361687928315762));
#3194=DIRECTION('',(-0.875453492041205,0.300253862749422,-0.378719950856712));
#3195=DIRECTION('',(0.875184896747448,0.302137913755711,0.377841339157728));
#3196=DIRECTION('',(-0.869896355551526,-0.336406228278572,-0.360709273755968));
#3197=DIRECTION('center_axis',(0.475226032355343,-0.375834856869603,-0.795555389984634));
#3198=DIRECTION('ref_axis',(0.457658176262367,0.877825813387784,-0.14131820494996));
#3199=DIRECTION('',(-0.132062669857807,0.863469171387832,-0.486806369404549));
#3200=DIRECTION('',(0.873575395281041,0.309450530666564,0.375641315392431));
#3201=DIRECTION('',(0.646443850866737,-0.464238840766691,0.605468947511086));
#3202=DIRECTION('center_axis',(0.682140595567157,0.707140309334446,-0.186109620368395));
#3203=DIRECTION('ref_axis',(0.261739836965417,0.0015243949427205,0.965137261722588));
#3204=DIRECTION('center_axis',(0.682140595570734,0.707140309259407,-0.186109620640404));
#3205=DIRECTION('ref_axis',(-0.256168773968939,0.469493607356372,0.844957579938041));
#3206=DIRECTION('center_axis',(-0.682140595545347,-0.707140309414814,0.18610962014297));
#3207=DIRECTION('ref_axis',(0.493445144501662,-0.632994690708949,-0.596514552129298));
#3208=DIRECTION('',(-0.261739836965417,-0.00152439494272083,-0.965137261722588));
#3209=DIRECTION('',(0.682771166368802,-0.707071608208417,-0.184046937602744));
#3210=DIRECTION('',(0.730081699897422,-0.672850937828668,0.119383109935924));
#3211=DIRECTION('center_axis',(-0.000445880889852544,0.999998836929392,
-0.00145853697101428));
#3212=DIRECTION('ref_axis',(0.207907545947994,0.00151936777138085,0.978147301718641));
#3213=DIRECTION('center_axis',(-0.000445880889852544,0.999998836929392,
-0.00145853697101428));
#3214=DIRECTION('ref_axis',(0.207907545947994,0.00151936777138085,0.978147301718641));
#3215=DIRECTION('center_axis',(-0.000445880889855674,0.999998836929392,
-0.00145853697099438));
#3216=DIRECTION('ref_axis',(-0.207907545947994,-0.00151936777136203,-0.978147301718641));
#3217=DIRECTION('',(-0.000445880889852544,0.999998836929392,-0.00145853697101428));
#3218=DIRECTION('center_axis',(0.682771166368807,-0.707071608208406,-0.184046937602769));
#3219=DIRECTION('ref_axis',(-0.26173983696548,-0.00152439494278664,-0.965137261722571));
#3220=DIRECTION('',(-0.682140595567157,-0.707140309334445,0.186109620368399));
#3221=DIRECTION('',(-0.261739836965417,-0.00152439494272083,-0.965137261722588));
#3222=DIRECTION('center_axis',(-0.829228266370723,0.553887381530552,0.0747612923446001));
#3223=DIRECTION('ref_axis',(0.0907825416127652,0.00149299259682321,0.995869620538468));
#3224=DIRECTION('',(0.365929526694152,0.436925880543731,0.821700283804551));
#3225=DIRECTION('',(-0.33599933451175,-0.600919006374714,0.725259122648786));
#3226=DIRECTION('',(-0.365929526694152,-0.436925880543731,-0.821700283804551));
#3227=DIRECTION('',(0.534220365903726,0.824792148147521,-0.185274156341046));
#3228=DIRECTION('',(0.235684096772833,0.22524264081817,0.945366997142184));
#3229=DIRECTION('center_axis',(-0.970296649839612,-7.97902195783795E-5,
0.241918178199876));
#3230=DIRECTION('ref_axis',(0.000445880889856212,-0.999998836929392,0.00145853697106937));
#3231=DIRECTION('',(-0.241917780454968,-0.00152308022920967,-0.970295556893031));
#3232=DIRECTION('',(-0.000445880889829663,0.999998836929392,-0.00145853697096289));
#3233=DIRECTION('',(0.222195737471668,0.395185790632666,0.891323311224079));
#3234=DIRECTION('',(0.228557349721929,0.327428165173732,0.916816412668889));
#3235=DIRECTION('center_axis',(-0.645660037271561,-0.706974506099094,0.288635001336341));
#3236=DIRECTION('ref_axis',(0.406732794580263,0.00151379663557372,0.913545916871547));
#3237=DIRECTION('',(-0.406732794580323,-0.00151379663550831,-0.913545916871521));
#3238=DIRECTION('',(-0.670171468591634,0.7057944664804,0.229617886436095));
#3239=DIRECTION('',(0.406732794580323,0.00151379663550831,0.913545916871521));
#3240=DIRECTION('',(-0.576239665798526,0.69909702222178,0.423333439597019));
#3241=DIRECTION('center_axis',(-0.65912334612747,0.000802980435793786,0.752034420629899));
#3242=DIRECTION('ref_axis',(-0.75203471713742,-0.00129667354550058,-0.659122221486847));
#3243=DIRECTION('',(-0.75203471713742,-0.00129667354545576,-0.659122221486848));
#3244=DIRECTION('',(0.000445880889870647,-0.999998836929392,0.00145853697103112));
#3245=DIRECTION('',(0.75203471713742,0.00129667354545576,0.659122221486848));
#3246=DIRECTION('',(0.000445880889853255,-0.999998836929392,0.00145853697101588));
#3247=DIRECTION('center_axis',(-0.646290608073095,0.70723741144367,0.286572318570666));
#3248=DIRECTION('ref_axis',(0.406732794580322,0.00151379663550827,0.913545916871521));
#3249=DIRECTION('',(-0.406732794580323,-0.00151379663550831,-0.913545916871521));
#3250=DIRECTION('',(-0.57561656001089,-0.698372744229878,0.425371703287911));
#3251=DIRECTION('',(0.406732794580323,0.00151379663550831,0.913545916871521));
#3252=DIRECTION('center_axis',(0.646290608073095,-0.70723741144367,-0.286572318570666));
#3253=DIRECTION('ref_axis',(0.645660037270969,0.706974506099195,-0.288635001337416));
#3254=DIRECTION('center_axis',(0.000445880890204354,-0.999998836929391,
0.00145853697180447));
#3255=DIRECTION('ref_axis',(0.936619714587329,-9.33743304150458E-5,-0.350347686630844));
#3256=DIRECTION('',(-0.000445880890204354,0.999998836929391,-0.00145853697180447));
#3257=DIRECTION('center_axis',(-0.000445880889852544,0.999998836929392,
-0.00145853697101428));
#3258=DIRECTION('ref_axis',(0.936619714587329,-9.33743304677165E-5,-0.350347686630844));
#3259=DIRECTION('',(0.000445880890204354,-0.999998836929391,0.00145853697180447));
#3260=DIRECTION('center_axis',(0.000445880889852544,-0.999998836929392,
0.00145853697101428));
#3261=DIRECTION('ref_axis',(0.936619714587329,-9.33743304677165E-5,-0.350347686630844));
#3262=DIRECTION('center_axis',(-0.646290608073098,0.707237411443666,0.286572318570668));
#3263=DIRECTION('ref_axis',(0.406732794580383,0.00151379663557383,0.913545916871494));
#3264=DIRECTION('',(0.406732794580323,0.00151379663550831,0.913545916871521));
#3265=DIRECTION('',(0.645660037271464,0.706974506099202,-0.288635001336292));
#3266=DIRECTION('',(-0.406732794580323,-0.00151379663550831,-0.913545916871521));
#3267=DIRECTION('',(-0.739246349894775,-0.487122808091592,-0.465001294626385));
#3268=DIRECTION('center_axis',(-0.000445880889852544,0.999998836929392,
-0.00145853697101428));
#3269=DIRECTION('ref_axis',(0.207907545947994,0.00151936777138085,0.978147301718641));
#3270=DIRECTION('center_axis',(0.000445880889852544,-0.999998836929392,
0.00145853697101428));
#3271=DIRECTION('ref_axis',(0.936619714587329,-9.33743304677167E-5,-0.350347686630844));
#3272=DIRECTION('',(0.350347415341659,0.0015223078197792,0.936618583598639));
#3273=DIRECTION('center_axis',(-0.000445880889852544,0.999998836929392,
-0.00145853697101428));
#3274=DIRECTION('ref_axis',(-0.910023184736977,-0.00101040856015671,-0.414556126858248));
#3275=DIRECTION('',(-0.93661971458733,9.33743304677142E-5,0.350347686630842));
#3276=DIRECTION('',(-0.456462144660647,0.00109419536200699,0.889742161094051));
#3277=DIRECTION('',(0.882945525631183,0.00107843528611487,0.469474212012979));
#3278=DIRECTION('',(-0.590590298341724,0.000913665236081496,0.806971043297385));
#3279=DIRECTION('center_axis',(0.676525667675871,-0.707105980684939,-0.205704042389323));
#3280=DIRECTION('ref_axis',(-0.292367643553624,-0.00152516879819683,-0.956304781365773));
#3281=DIRECTION('',(-0.675895096874253,-0.707105936857928,0.207766725154958));
#3282=DIRECTION('',(-0.292367643553561,-0.00152516879813049,-0.956304781365792));
#3283=DIRECTION('',(-0.675895096876401,-0.707105936855683,0.207766725155612));
#3284=DIRECTION('center_axis',(0.000445880889852438,-0.999998836929392,
0.00145853697101369));
#3285=DIRECTION('ref_axis',(-0.956305893630887,3.09903655010182E-8,0.292367983552969));
#3286=DIRECTION('center_axis',(0.000445880889852544,-0.999998836929392,
0.00145853697101428));
#3287=DIRECTION('ref_axis',(-0.956305893630887,3.09903655721418E-8,0.292367983552969));
#3288=DIRECTION('center_axis',(0.000445880889852438,-0.999998836929392,
0.00145853697101369));
#3289=DIRECTION('ref_axis',(0.91354706228149,-0.000185902151883326,-0.406732996494321));
#3290=DIRECTION('center_axis',(0.000445880889852544,-0.999998836929392,
0.00145853697101428));
#3291=DIRECTION('ref_axis',(0.91354706228149,-0.000185902151883469,-0.406732996494321));
#3292=DIRECTION('center_axis',(0.000445880889852438,-0.999998836929392,
0.00145853697101369));
#3293=DIRECTION('ref_axis',(0.956305893630887,-3.09903655010182E-8,-0.292367983552969));
#3294=DIRECTION('center_axis',(0.000445880889852544,-0.999998836929392,
0.00145853697101428));
#3295=DIRECTION('ref_axis',(0.956305893630887,-3.09903655721419E-8,-0.292367983552969));
#3296=DIRECTION('',(0.67652566767587,-0.707105980684939,-0.205704042389324));
#3297=DIRECTION('center_axis',(-0.675895096874249,-0.707105936857932,0.207766725154958));
#3298=DIRECTION('ref_axis',(0.292367643553498,0.00152516879819653,0.956304781365811));
#3299=DIRECTION('',(0.292367643553561,0.00152516879813049,0.956304781365792));
#3300=DIRECTION('',(0.676525667677716,-0.707105980683008,-0.205704042389891));
#3301=DIRECTION('center_axis',(0.000445880889852438,-0.999998836929392,
0.00145853697101369));
#3302=DIRECTION('ref_axis',(-0.956305893630887,3.09903655010182E-8,0.292367983552969));
#3303=DIRECTION('center_axis',(0.000445880889852544,-0.999998836929392,
0.00145853697101428));
#3304=DIRECTION('ref_axis',(-0.956305893630887,3.09903655721419E-8,0.292367983552969));
#3305=DIRECTION('center_axis',(0.332284410439664,-0.707868558665667,-0.623305041076484));
#3306=DIRECTION('ref_axis',(-0.882945525631205,-0.001078435286162,-0.469474212012938));
#3307=DIRECTION('',(-0.882945525631183,-0.00107843528611487,-0.469474212012979));
#3308=DIRECTION('',(0.581490192638882,0.674067115800144,-0.455524619819468));
#3309=DIRECTION('',(0.882945525631183,0.00107843528611487,0.469474212012979));
#3310=DIRECTION('center_axis',(0.0520176719914671,0.59604647541053,-0.801263228253533));
#3311=DIRECTION('ref_axis',(-0.997873167210093,-0.000540005322054525,-0.0651832076255076));
#3312=DIRECTION('',(0.772808414299788,0.484151350019962,0.41032258658438));
#3313=DIRECTION('',(-0.563383293873589,0.679994430944998,0.46926201430324));
#3314=DIRECTION('',(-0.772808414299788,-0.484151350019962,-0.41032258658438));
#3315=DIRECTION('',(0.148636533164924,0.788791606145362,0.596418463063756));
#3316=DIRECTION('',(-0.587733221760802,0.666951881866878,0.457979090475644));
#3317=DIRECTION('center_axis',(0.331653839638026,0.706343358877182,-0.625367723842105));
#3318=DIRECTION('ref_axis',(-0.882945525631161,-0.00107843528616167,-0.469474212013021));
#3319=DIRECTION('',(-0.882945525631183,-0.00107843528611487,-0.469474212012979));
#3320=DIRECTION('',(0.45852522001707,0.45863272972575,0.761190279649317));
#3321=DIRECTION('center_axis',(0.628827826967917,0.707857249784795,0.321735416076493));
#3322=DIRECTION('ref_axis',(0.45646214466069,-0.00109419536205393,-0.889742161094029));
#3323=DIRECTION('',(0.486576780907803,-0.680992586721446,0.547258744207742));
#3324=DIRECTION('center_axis',(-0.350347415341659,-0.00152230781977936,
-0.936618583598639));
#3325=DIRECTION('ref_axis',(0.000445880889533443,-0.999998836929392,0.00145853697113381));
#3326=DIRECTION('',(0.93661971458733,-9.33743304677142E-5,-0.350347686630842));
#3327=DIRECTION('',(-0.000445880889901932,0.999998836929392,-0.00145853697099597));
#3328=DIRECTION('',(-0.93661971458733,9.33743304677142E-5,0.350347686630842));
#3329=DIRECTION('center_axis',(0.000445880889901932,-0.999998836929392,
0.00145853697099597));
#3330=DIRECTION('ref_axis',(-0.910023184736977,-0.00101040856019406,-0.414556126858248));
#3331=DIRECTION('center_axis',(0.000445880889852544,-0.999998836929392,
0.00145853697101428));
#3332=DIRECTION('ref_axis',(-0.910023184736977,-0.00101040856015671,-0.414556126858248));
#3333=DIRECTION('',(0.000445880889901932,-0.999998836929392,0.00145853697099597));
#3334=DIRECTION('center_axis',(-0.000445880889852544,0.999998836929392,
-0.00145853697101428));
#3335=DIRECTION('ref_axis',(-0.910023184736977,-0.00101040856015671,-0.414556126858248));
#3336=DIRECTION('center_axis',(-0.93661971458733,9.33743304150428E-5,0.350347686630843));
#3337=DIRECTION('ref_axis',(-0.000445880889901737,0.999998836929392,-0.00145853697099545));
#3338=DIRECTION('',(-0.350347415341659,-0.0015223078197792,-0.936618583598639));
#3339=DIRECTION('',(0.350347415341659,0.0015223078197792,0.936618583598639));
#3340=DIRECTION('center_axis',(-0.000445880889855674,0.999998836929392,
-0.00145853697099438));
#3341=DIRECTION('ref_axis',(0.207907545947994,0.00151936777136203,0.978147301718641));
#3342=DIRECTION('',(0.682771166368795,-0.707071608208418,-0.184046937602769));
#3343=DIRECTION('center_axis',(-0.000445880889855674,0.999998836929392,
-0.00145853697099438));
#3344=DIRECTION('ref_axis',(-0.207907545947998,-0.00151936777136203,-0.97814730171864));
#3345=DIRECTION('',(0.661633451607118,-0.706445994466221,0.25134683729278));
#3346=DIRECTION('center_axis',(0.000445880889852544,-0.999998836929392,
0.00145853697101428));
#3347=DIRECTION('ref_axis',(-0.207907545947994,-0.00151936777138085,-0.978147301718641));
#3348=DIRECTION('center_axis',(0.000445880889855674,-0.999998836929392,
0.00145853697099438));
#3349=DIRECTION('ref_axis',(-0.207907545947994,-0.00151936777136203,-0.978147301718641));
#3350=DIRECTION('center_axis',(0.000445880889855674,-0.999998836929392,
0.00145853697099438));
#3351=DIRECTION('ref_axis',(-0.207907545947994,-0.00151936777136203,-0.978147301718641));
#3352=DIRECTION('',(0.444555263322251,-0.707710276190511,-0.549105438715402));
#3353=DIRECTION('center_axis',(-0.000445880889852544,0.999998836929392,
-0.00145853697101428));
#3354=DIRECTION('ref_axis',(-0.207907545947991,-0.00151936777138084,-0.978147301718642));
#3355=DIRECTION('center_axis',(-0.000445880889855674,0.999998836929392,
-0.00145853697099438));
#3356=DIRECTION('ref_axis',(0.207907545947994,0.00151936777136203,0.978147301718641));
#3357=DIRECTION('center_axis',(0.000445880889852544,-0.999998836929392,
0.00145853697101428));
#3358=DIRECTION('ref_axis',(-0.207907545947994,-0.00151936777138085,-0.978147301718641));
#3359=DIRECTION('',(0.543707844471007,0.768016770264694,0.338425797558164));
#3360=DIRECTION('',(0.472537554996804,0.851320665657626,0.227950396669757));
#3361=DIRECTION('center_axis',(-0.923821883701301,0.000146446491098422,
0.382822551253196));
#3362=DIRECTION('ref_axis',(0.331310913465349,0.501314150363951,0.799322964303932));
#3363=DIRECTION('',(-0.923821883701301,0.000146446491098422,0.382822551253196));
#3364=DIRECTION('center_axis',(-0.936619422651146,9.33755989674288E-5,0.350348467091882));
#3365=DIRECTION('ref_axis',(0.350348195803641,0.00152230774195055,0.936618291662229));
#3366=DIRECTION('',(-0.923821883701301,0.000146446491098422,0.382822551253196));
#3367=DIRECTION('center_axis',(-0.936619422651146,9.33755989674288E-5,0.350348467091882));
#3368=DIRECTION('ref_axis',(0.000445880889877818,-0.999998836929392,0.00145853697107669));
#3369=DIRECTION('',(-0.350348195803641,-0.00152230774197212,-0.936618291662229));
#3370=DIRECTION('',(-0.175640247207343,0.865130914673648,-0.469786125845455));
#3371=DIRECTION('center_axis',(-0.936619422651146,9.33755989674288E-5,0.350348467091882));
#3372=DIRECTION('ref_axis',(0.350348195803641,0.00152230774202588,0.936618291662229));
#3373=DIRECTION('',(0.174868076546902,0.866653918192117,0.467260250703008));
#3374=DIRECTION('center_axis',(-0.936619422651146,9.33755989674288E-5,0.350348467091882));
#3375=DIRECTION('ref_axis',(0.350348195803641,0.00152230774202835,0.936618291662229));
#3376=DIRECTION('',(-0.35034819580364,-0.00152230774203503,-0.936618291662229));
#3377=DIRECTION('center_axis',(-0.936619422651146,9.33755989674288E-5,0.350348467091882));
#3378=DIRECTION('ref_axis',(-0.350348195803641,-0.00152230774195679,-0.936618291662229));
#3379=DIRECTION('',(0.175640247207343,-0.865130914673648,0.469786125845455));
#3380=DIRECTION('center_axis',(-0.936619422651146,9.33755989674288E-5,0.350348467091882));
#3381=DIRECTION('ref_axis',(-0.350348195803641,-0.00152230774201617,-0.936618291662229));
#3382=DIRECTION('',(-0.174868076546903,-0.866653918192115,-0.467260250703011));
#3383=DIRECTION('center_axis',(-0.936619422651146,9.33755989674288E-5,0.350348467091882));
#3384=DIRECTION('ref_axis',(-0.350348195803641,-0.00152230774203945,-0.936618291662229));
#3385=DIRECTION('center_axis',(-0.923821883701301,0.000146446491098422,
0.382822551253196));
#3386=DIRECTION('ref_axis',(-0.000445880889878316,0.999998836929392,-0.00145853697107649));
#3387=DIRECTION('',(0.923821883701301,-0.000146446491098422,-0.382822551253196));
#3388=DIRECTION('',(-0.923821883701301,0.000146446491098422,0.382822551253196));
#3389=DIRECTION('center_axis',(-0.331756794355227,0.498684686565456,-0.800781501275009));
#3390=DIRECTION('ref_axis',(-0.191025015622887,-0.866783457351684,-0.46064724189746));
#3391=DIRECTION('',(-0.923821883701301,0.000146446491098422,0.382822551253196));
#3392=DIRECTION('center_axis',(-0.923821883701301,0.000146446491098422,
0.382822551253196));
#3393=DIRECTION('ref_axis',(-0.331756794355228,0.498684686565451,-0.800781501275011));
#3394=DIRECTION('',(-0.923821883701301,0.000146446491098422,0.382822551253196));
#3395=DIRECTION('center_axis',(-0.331310913465352,-0.501314150363939,-0.799322964303939));
#3396=DIRECTION('ref_axis',(0.191797303978275,-0.865265335719805,0.463173502036071));
#3397=DIRECTION('',(-0.923821883701301,0.000146446491098422,0.382822551253196));
#3398=DIRECTION('center_axis',(-0.923821883701301,0.000146446491098422,
0.382822551253196));
#3399=DIRECTION('ref_axis',(-0.331310913465356,-0.501314150363921,-0.799322964303949));
#3400=DIRECTION('',(-0.923821883701301,0.000146446491098422,0.382822551253196));
#3401=DIRECTION('center_axis',(0.000445880889876631,-0.999998836929392,
0.00145853697107242));
#3402=DIRECTION('ref_axis',(0.38282231960116,0.00151812163188173,0.923820743933528));
#3403=DIRECTION('',(-0.923821883701301,0.000146446491098422,0.382822551253196));
#3404=DIRECTION('center_axis',(-0.923821883701301,0.000146446491098422,
0.382822551253196));
#3405=DIRECTION('ref_axis',(0.000445880889874068,-0.999998836929392,0.00145853697106624));
#3406=DIRECTION('',(-0.923821883701301,0.000146446491098422,0.382822551253196));
#3407=DIRECTION('center_axis',(0.331756794355228,-0.498684686565453,0.80078150127501));
#3408=DIRECTION('ref_axis',(0.191025015622886,0.866783457351685,0.460647241897458));
#3409=DIRECTION('',(-0.923821883701301,0.000146446491098422,0.382822551253196));
#3410=DIRECTION('center_axis',(-0.923821883701301,0.000146446491098422,
0.382822551253196));
#3411=DIRECTION('ref_axis',(0.33175679435523,-0.498684686565443,0.800781501275015));
#3412=DIRECTION('',(-0.923821883701301,0.000146446491098422,0.382822551253196));
#3413=DIRECTION('center_axis',(0.331310913465352,0.501314150363939,0.799322964303939));
#3414=DIRECTION('ref_axis',(-0.191797303978275,0.865265335719805,-0.463173502036071));
#3415=DIRECTION('',(-0.730081699897422,0.672850937828667,-0.119383109935925));
#3416=DIRECTION('center_axis',(0.329084302848614,0.193068493027798,-0.92435278904681));
#3417=DIRECTION('ref_axis',(-0.3018340303019,0.949029988821016,0.0907650729636351));
#3418=DIRECTION('',(0.598902523866387,0.714140163037384,0.362380455382752));
#3419=DIRECTION('center_axis',(0.000445880889852438,-0.999998836929392,
0.00145853697101369));
#3420=DIRECTION('ref_axis',(0.207907545947994,0.00151936777138025,0.978147301718641));
#3421=DIRECTION('',(-0.443924692520635,-0.706501641352292,0.551168121481074));
#3422=DIRECTION('center_axis',(0.000445880889852544,-0.999998836929392,
0.00145853697101428));
#3423=DIRECTION('ref_axis',(0.207907545947994,0.00151936777138085,0.978147301718641));
#3424=DIRECTION('center_axis',(-0.000445880889852544,0.999998836929392,
-0.00145853697101428));
#3425=DIRECTION('ref_axis',(0.207907545947994,0.00151936777138085,0.978147301718641));
#3426=DIRECTION('center_axis',(0.000445880889852544,-0.999998836929392,
0.00145853697101428));
#3427=DIRECTION('ref_axis',(-0.207907545947994,-0.00151936777138085,-0.978147301718641));
#3428=DIRECTION('',(0.000445880889852544,-0.999998836929392,0.00145853697101428));
#3429=DIRECTION('center_axis',(0.393399442527931,-0.872795889119739,0.288901738579741));
#3430=DIRECTION('ref_axis',(-0.590590298341683,0.00091366523610964,0.806971043297415));
#3431=DIRECTION('',(0.222195737471671,0.395185790632667,0.891323311224078));
#3432=DIRECTION('',(0.755622452033095,0.485957432685441,0.439181151236329));
#3433=DIRECTION('',(-0.222195737471668,-0.395185790632666,-0.891323311224079));
#3434=DIRECTION('center_axis',(-0.841930824061313,0.53880522825503,-0.0290071284425834));
#3435=DIRECTION('ref_axis',(-0.0335103914727056,0.00144277632764975,0.999437327729865));
#3436=DIRECTION('',(0.15765838691721,0.297055496128652,0.941754673603707));
#3437=DIRECTION('',(0.507886194691785,0.809477917423436,0.294613500107031));
#3438=DIRECTION('center_axis',(-0.685788055463464,-0.707162378976671,0.172093325680268));
#3439=DIRECTION('ref_axis',(0.241917780454904,0.00152308022927522,0.970295556893047));
#3440=DIRECTION('',(0.241917780454968,0.00152308022920967,0.970295556893031));
#3441=DIRECTION('center_axis',(-0.850832900936187,0.52485724854799,0.0246625897088507));
#3442=DIRECTION('ref_axis',(0.0298809848972389,0.00147120917341667,0.999552380961168));
#3443=DIRECTION('',(-0.228557349721929,-0.327428165173732,-0.916816412668889));
#3444=DIRECTION('center_axis',(0.317869500333723,0.00152462110483537,0.948133248171414));
#3445=DIRECTION('ref_axis',(-0.948134369141748,4.08699217780352E-5,0.317869810428465));
#3446=DIRECTION('',(-0.000445880889886304,0.999998836929392,-0.00145853697102587));
#3447=DIRECTION('',(0.948134369141748,-4.08699218011187E-5,-0.317869810428465));
#3448=DIRECTION('',(-0.948134369141748,4.08699218011186E-5,0.317869810428465));
#3449=DIRECTION('center_axis',(0.000445880889852438,-0.999998836929392,
0.00145853697101369));
#3450=DIRECTION('ref_axis',(0.936619714587329,-9.33743304676092E-5,-0.350347686630844));
#3451=DIRECTION('',(-0.662605436971088,0.70717198440164,0.246701883604079));
#3452=DIRECTION('center_axis',(0.661974866176872,0.707039933149194,-0.248764566372496));
#3453=DIRECTION('ref_axis',(-0.350347415341597,-0.00152230781984519,-0.936618583598662));
#3454=DIRECTION('',(-0.662605436978546,0.707171984393673,0.246701883606886));
#3455=DIRECTION('center_axis',(-0.000445880889852438,0.999998836929392,
-0.00145853697101369));
#3456=DIRECTION('ref_axis',(-0.910023184736977,-0.00101040856015637,-0.414556126858248));
#3457=DIRECTION('',(-0.24804831856007,0.706029524589065,-0.663320693230704));
#3458=DIRECTION('center_axis',(0.247417747758452,0.708182392953847,0.661258010465127));
#3459=DIRECTION('ref_axis',(0.936619714587331,-9.33743304711576E-5,-0.350347686630839));
#3460=DIRECTION('center_axis',(-0.000445880889852438,0.999998836929392,
-0.00145853697101369));
#3461=DIRECTION('ref_axis',(-0.207907545947994,-0.00151936777138025,-0.978147301718641));
#3462=DIRECTION('',(-0.661002880805449,-0.707765923076685,-0.249284154527129));
#3463=DIRECTION('center_axis',(-0.000445880889852544,0.999998836929392,
-0.00145853697101428));
#3464=DIRECTION('ref_axis',(-0.207907545947994,-0.00151936777138085,-0.978147301718641));
#3465=DIRECTION('center_axis',(0.000445880889852438,-0.999998836929392,
0.00145853697101369));
#3466=DIRECTION('ref_axis',(-0.207907545947994,-0.00151936777138025,-0.978147301718641));
#3467=DIRECTION('',(-0.682140595567074,-0.707140309334528,0.186109620368388));
#3468=DIRECTION('center_axis',(0.000445880889852544,-0.999998836929392,
0.00145853697101428));
#3469=DIRECTION('ref_axis',(-0.207907545947994,-0.00151936777138085,-0.978147301718641));
#3470=DIRECTION('center_axis',(-0.000445880889852544,0.999998836929392,
-0.00145853697101428));
#3471=DIRECTION('ref_axis',(-0.207907545947994,-0.00151936777138085,-0.978147301718641));
#3472=DIRECTION('center_axis',(0.491712865140682,0.743987309627711,-0.452439323410401));
#3473=DIRECTION('ref_axis',(-0.675978928574366,-0.00137623226440861,-0.736919665980089));
#3474=DIRECTION('',(0.222195737471671,0.395185790632667,0.891323311224078));
#3475=DIRECTION('',(-0.835294473870657,0.256241962758601,-0.486439306021586));
#3476=DIRECTION('',(-0.287722814231224,-0.351586306744496,-0.89084378601449));
#3477=DIRECTION('center_axis',(-0.000445880889852544,0.999998836929392,
-0.00145853697101428));
#3478=DIRECTION('ref_axis',(0.207907545947994,0.00151936777138085,0.978147301718641));
#3479=DIRECTION('',(-0.000445880889852544,0.999998836929392,-0.00145853697101428));
#3480=DIRECTION('center_axis',(0.000445880766610196,-0.999998836929389,
0.00145853701044024));
#3481=DIRECTION('ref_axis',(0.961274438444922,2.66513522032512E-5,-0.275592912249401));
#3482=DIRECTION('',(-0.294633753696414,-0.00152516444082612,-0.955609033578162));
#3483=DIRECTION('',(0.286346650382082,0.00152513882382778,0.958124871698115));
#3484=DIRECTION('center_axis',(0.000445880766610196,-0.999998836929389,
0.00145853701044024));
#3485=DIRECTION('ref_axis',(-0.694655268421186,-0.0013589212230411,-0.719341512348481));
#3486=DIRECTION('',(-0.999847522172577,-0.000471273481787434,-0.0174559533300962));
#3487=DIRECTION('center_axis',(-0.000445880766600824,0.999998836929389,
-0.00145853701041317));
#3488=DIRECTION('ref_axis',(0.29236764355356,0.00152516879977302,0.95630478136579));
#3489=DIRECTION('',(-0.286346650382082,-0.00152513882379915,-0.958124871698115));
#3490=DIRECTION('center_axis',(-0.000445880766600824,0.999998836929389,
-0.00145853701041317));
#3491=DIRECTION('ref_axis',(0.29236764355356,0.00152516879977302,0.95630478136579));
#3492=DIRECTION('',(-0.286346650382082,-0.00152513882379915,-0.958124871698115));
#3493=DIRECTION('center_axis',(-0.000445880766600824,0.999998836929389,
-0.00145853701041317));
#3494=DIRECTION('ref_axis',(0.29236764355356,0.00152516879977302,0.95630478136579));
#3495=DIRECTION('',(0.294633753696414,0.00152516444079748,0.955609033578162));
#3496=DIRECTION('center_axis',(-0.000445880766600824,0.999998836929389,
-0.00145853701041317));
#3497=DIRECTION('ref_axis',(0.29236764355356,0.00152516879977302,0.95630478136579));
#3498=DIRECTION('',(0.294633753696414,0.00152516444079748,0.955609033578162));
#3499=DIRECTION('center_axis',(-0.000445880889852351,0.999998836929392,
-0.00145853697101453));
#3500=DIRECTION('ref_axis',(-0.694655268421161,-0.00135892128029129,-0.719341512348397));
#3501=DIRECTION('',(0.000445880889852351,-0.999998836929392,0.00145853697101453));
#3502=DIRECTION('center_axis',(-0.000445880889852544,0.999998836929392,
-0.00145853697101428));
#3503=DIRECTION('ref_axis',(-0.920999906427529,-0.000978847343760007,-0.389561566659699));
#3504=DIRECTION('center_axis',(-0.000445880889852544,0.999998836929392,
-0.00145853697101428));
#3505=DIRECTION('ref_axis',(-0.694655268421161,-0.00135892128029125,-0.719341512348397));
#3506=DIRECTION('',(-0.000445880889852351,0.999998836929392,-0.00145853697101453));
#3507=DIRECTION('center_axis',(-0.000445880889871914,0.999998836929392,
-0.00145853697107739));
#3508=DIRECTION('ref_axis',(0.961274438346653,2.66514809961294E-5,-0.275592912592153));
#3509=DIRECTION('center_axis',(-0.000445880889871914,0.999998836929392,
-0.00145853697107739));
#3510=DIRECTION('ref_axis',(0.961274438346653,2.66514809961294E-5,-0.275592912592153));
#3511=DIRECTION('',(-0.000445880889871914,0.999998836929392,-0.00145853697107739));
#3512=DIRECTION('center_axis',(0.000445880889852438,-0.999998836929392,
0.00145853697101369));
#3513=DIRECTION('ref_axis',(0.961274438346653,2.66514809949629E-5,-0.275592912592153));
#3514=DIRECTION('',(-0.679408388535322,-0.707124804214447,0.195904958723658));
#3515=DIRECTION('center_axis',(0.000445880889852544,-0.999998836929392,
0.00145853697101428));
#3516=DIRECTION('ref_axis',(0.961274438346653,2.66514809949022E-5,-0.275592912592153));
#3517=DIRECTION('center_axis',(0.0174566203973919,-0.00145053130046193,
-0.999846569411151));
#3518=DIRECTION('ref_axis',(-0.999847522172523,-0.000471273604323616,-0.0174559533299228));
#3519=DIRECTION('',(0.000445880753720648,-0.999998836929456,0.00145853696863786));
#3520=DIRECTION('',(-0.999847522172523,-0.000471273604323616,-0.0174559533299228));
#3521=DIRECTION('',(0.999847522172523,0.000471273604323615,0.0174559533299228));
#3522=DIRECTION('center_axis',(0.965138362586189,4.85790320854051E-5,-0.261740212242079));
#3523=DIRECTION('ref_axis',(-0.000445880889886584,0.999998836929392,-0.0014585369711398));
#3524=DIRECTION('',(0.000445880889870493,-0.999998836929392,0.00145853697108047));
#3525=DIRECTION('',(0.261739836965417,0.00152439494272083,0.965137261722588));
#3526=DIRECTION('',(0.261739836965417,0.00152439494272083,0.965137261722588));
#3527=DIRECTION('center_axis',(0.469475238919058,-0.00107847911310938,-0.882944979556878));
#3528=DIRECTION('ref_axis',(-0.00044588088992226,0.999998836929392,-0.00145853697105116));
#3529=DIRECTION('',(0.000445880889840885,-0.999998836929392,0.0014585369710079));
#3530=DIRECTION('center_axis',(-0.000445880889852544,0.999998836929392,
-0.00145853697101428));
#3531=DIRECTION('ref_axis',(0.207907545947994,0.00151936777138085,0.978147301718641));
#3532=DIRECTION('center_axis',(0.000446189343355736,-0.999998835268743,
0.00145958083974653));
#3533=DIRECTION('ref_axis',(0.959012583424933,1.43092981538702E-5,-0.283363484993884));
#3534=DIRECTION('',(-0.406732794580323,-0.00151379663550831,-0.913545916871521));
#3535=DIRECTION('center_axis',(-0.913547062281475,0.000185902151883525,
0.406732996494355));
#3536=DIRECTION('ref_axis',(-0.406732794580323,-0.00151379663555928,-0.913545916871521));
#3537=DIRECTION('',(0.000203494878049817,0.999999979294917,0.));
#3538=DIRECTION('',(-0.406732794580323,-0.00151379663550831,-0.913545916871521));
#3539=DIRECTION('center_axis',(-0.000445880889852544,0.999998836929392,
-0.00145853697101428));
#3540=DIRECTION('ref_axis',(0.207907545947994,0.00151936777138085,0.978147301718641));
#3541=DIRECTION('center_axis',(-0.000445679274562154,0.999998838830389,
-0.0014572947055796));
#3542=DIRECTION('ref_axis',(0.957958690386983,8.83550940481782E-6,-0.286906164858809));
#3543=DIRECTION('',(-0.294633753696414,-0.00152516443946166,-0.955609033578165));
#3544=DIRECTION('center_axis',(-0.958125981802656,-9.56226490196472E-6,
0.286346997370777));
#3545=DIRECTION('ref_axis',(0.286346650382083,0.0015251388238271,0.958124871698115));
#3546=DIRECTION('',(-0.286346650382083,-0.00152513882134282,-0.958124871698119));
#3547=DIRECTION('',(0.286346650382082,0.0015251388238271,0.958124871698115));
#3548=DIRECTION('center_axis',(0.000445880766609224,-0.999998836929389,
0.00145853701043983));
#3549=DIRECTION('ref_axis',(0.961274438444922,2.66513522024299E-5,-0.275592912249401));
#3550=DIRECTION('center_axis',(0.000445880766595962,-0.999998836929389,
0.00145853701039557));
#3551=DIRECTION('ref_axis',(-0.245754615928115,-0.00152338398697813,-0.969330876456152));
#3552=DIRECTION('',(-0.294633753696414,-0.00152516444082544,-0.955609033578162));
#3553=DIRECTION('center_axis',(0.955610146646164,-3.64654582067033E-6,-0.294634091058044));
#3554=DIRECTION('ref_axis',(-0.294633753696414,-0.00152516444082561,-0.955609033578163));
#3555=DIRECTION('center_axis',(0.000445880889852544,-0.999998836929392,
0.00145853697101428));
#3556=DIRECTION('ref_axis',(0.207907545947994,0.00151936777138085,0.978147301718641));
#3557=DIRECTION('',(0.278178561239657,-0.00127693335388733,-0.960528530293528));
#3558=DIRECTION('',(-0.261739836965417,-0.00152439494272083,-0.965137261722588));
#3559=DIRECTION('',(-0.75203471713742,-0.00129667354545576,-0.659122221486848));
#3560=DIRECTION('',(0.948134369141748,-4.08699218011185E-5,-0.317869810428465));
#3561=DIRECTION('center_axis',(0.682140595567157,0.707140309334446,-0.186109620368395));
#3562=DIRECTION('ref_axis',(0.261739836965417,0.0015243949427205,0.965137261722588));
#3563=DIRECTION('',(0.247021511570687,-0.462408118290822,-0.851562742820559));
#3564=DIRECTION('center_axis',(-0.466385873085922,0.707673751682737,0.530737297130287));
#3565=DIRECTION('ref_axis',(-0.763126573781942,-0.625309148305723,0.16317567659736));
#3566=DIRECTION('',(-0.148394466463279,-0.654076459317521,0.741729780775812));
#3567=DIRECTION('center_axis',(0.224452393817537,0.708184028693392,0.669400107867615));
#3568=DIRECTION('ref_axis',(-0.955975181879337,0.026767076322396,0.292224186637449));
#3569=DIRECTION('',(0.214582240103982,0.634147978734611,-0.742839688828461));
#3570=DIRECTION('center_axis',(0.682771166368807,-0.707071608208406,-0.184046937602769));
#3571=DIRECTION('ref_axis',(-0.26173983696548,-0.00152439494278664,-0.965137261722571));
#3572=DIRECTION('',(-0.261739836965417,-0.00152439494272083,-0.965137261722588));
#3573=DIRECTION('',(0.246610163543167,0.460142182527548,-0.852908318106933));
#3574=DIRECTION('center_axis',(-0.960529275585532,-0.000834015031963286,
-0.278177668338169));
#3575=DIRECTION('ref_axis',(0.000445880889876138,-0.999998836929392,0.00145853697106097));
#3576=DIRECTION('',(0.278178561239657,-0.00127693335388733,-0.960528530293528));
#3577=DIRECTION('',(0.215148629241775,-0.636120588262188,-0.740986953005485));
#3578=DIRECTION('center_axis',(0.225082964619181,-0.706027888849449,0.671462790633279));
#3579=DIRECTION('ref_axis',(0.948134369141748,-4.08699218030772E-5,-0.317869810428467));
#3580=DIRECTION('',(0.948134369141748,-4.08699218011186E-5,-0.317869810428465));
#3581=DIRECTION('',(-0.14897865191159,0.656104762110291,0.739818830803058));
#3582=DIRECTION('center_axis',(-0.465755302284282,-0.706538165860129,0.53279997989591));
#3583=DIRECTION('ref_axis',(0.752034717137383,0.00129667354551255,0.65912222148689));
#3584=DIRECTION('',(0.75203471713742,0.00129667354545576,0.659122221486848));
#3585=DIRECTION('center_axis',(0.000445880889852544,-0.999998836929392,
0.00145853697101428));
#3586=DIRECTION('ref_axis',(0.207907545947994,0.00151936777138085,0.978147301718641));
#3587=DIRECTION('',(-0.241917780454972,-0.00152308022920964,-0.97029555689303));
#3588=DIRECTION('center_axis',(-0.000445880889852544,0.999998836929392,
-0.00145853697101428));
#3589=DIRECTION('ref_axis',(0.207907545947994,0.00151936777138085,0.978147301718641));
#3590=DIRECTION('center_axis',(0.000445615898387175,-0.999998837692097,
0.00145809496482349));
#3591=DIRECTION('ref_axis',(0.959047904434833,1.43704803312165E-5,-0.283243917485696));
#3592=DIRECTION('center_axis',(0.444612537239253,-0.872901400735975,0.200905043049809));
#3593=DIRECTION('ref_axis',(-0.409905687358995,0.00114760345081963,0.912127189857352));
#3594=DIRECTION('',(0.228557349721932,0.327428165173734,0.916816412668888));
#3595=DIRECTION('center_axis',(0.47312251328026,0.785694384158093,-0.398546637333456));
#3596=DIRECTION('ref_axis',(-0.642891193826133,-0.00140383000611283,-0.765956227314671));
#3597=DIRECTION('',(-0.228557349721932,-0.327428165173734,-0.916816412668888));
#3598=DIRECTION('center_axis',(0.970296649839611,7.97902195783732E-5,-0.24191817819988));
#3599=DIRECTION('ref_axis',(-0.000445880889833671,0.999998836929392,-0.00145853697097896));
#3600=DIRECTION('',(0.241917780454972,0.00152308022920964,0.97029555689303));
#3601=DIRECTION('center_axis',(0.686418626265026,-0.707049538566057,-0.170030642914623));
#3602=DIRECTION('ref_axis',(-0.241917780455036,-0.00152308022927576,-0.970295556893014));
#3603=CARTESIAN_POINT('',(0.,0.,0.));
#3604=CARTESIAN_POINT('Origin',(-40.4041105765383,-21.3721709558718,4.8590883198272));
#3605=CARTESIAN_POINT('',(-40.4041105765382,-21.3721709558717,4.8590883198272));
#3606=CARTESIAN_POINT('',(-40.0104076748529,-21.5831458811415,4.91054501379323));
#3607=CARTESIAN_POINT('',(-36.3842993085649,-23.5262810176186,5.38447484182597));
#3608=CARTESIAN_POINT('',(-37.9849327719886,-21.3569401535796,14.5620438887575));
#3609=CARTESIAN_POINT('',(-40.4041105765382,-21.3721709558717,4.8590883198272));
#3610=CARTESIAN_POINT('',(-37.5912298703032,-21.5679150788494,14.6135005827235));
#3611=CARTESIAN_POINT('',(-33.9651215040153,-23.5110502153265,15.0874304107563));
#3612=CARTESIAN_POINT('',(-40.010407674853,-21.5831458811415,4.91054501379322));
#3613=CARTESIAN_POINT('Origin',(-44.1011508903421,-23.7884049134267,4.3820466922845));
#3614=CARTESIAN_POINT('',(-44.101150890342,-23.7884049134267,4.3820466922845));
#3615=CARTESIAN_POINT('',(-43.7078253047595,-23.1531545964281,4.43226913401335));
#3616=CARTESIAN_POINT('',(-42.1549039674401,-20.6450701799393,4.63055651788011));
#3617=CARTESIAN_POINT('',(-41.6819730857923,-23.7731741111346,14.0850022612148));
#3618=CARTESIAN_POINT('',(-44.1011508903421,-23.7884049134267,4.3820466922845));
#3619=CARTESIAN_POINT('',(-41.2886475002098,-23.137923794136,14.1352247029437));
#3620=CARTESIAN_POINT('',(-39.7357261628904,-20.6298393776472,14.3335120868104));
#3621=CARTESIAN_POINT('',(-43.7078253047595,-23.1531545964281,4.43226913401335));
#3622=CARTESIAN_POINT('Origin',(-43.7078253047595,-23.1531545964281,4.43226913401335));
#3623=CARTESIAN_POINT('',(-36.2999586362529,-19.1596834788002,5.38931896433326));
#3624=CARTESIAN_POINT('',(-33.8807808317032,-19.1444526765082,15.0922745332636));
#3625=CARTESIAN_POINT('Origin',(-43.130443199756,-22.3618935127856,7.51209882755969));
#3626=CARTESIAN_POINT('',(-45.6823754842328,-25.9818684535628,-3.48828128530979));
#3627=CARTESIAN_POINT('',(-42.9730855353033,-22.1005763490608,7.37954464494129));
#3628=CARTESIAN_POINT('',(-46.1716616164342,-26.7545905506056,-3.92343207966376));
#3629=CARTESIAN_POINT('',(-45.6823754842328,-25.9818684535628,-3.48828128530979));
#3630=CARTESIAN_POINT('',(-43.2878008642086,-22.6232106765103,7.64465301017819));
#3631=CARTESIAN_POINT('Ctrl Pts',(-44.2640525308635,-25.7555318667747,-3.69839677220297));
#3632=CARTESIAN_POINT('Ctrl Pts',(-42.2841091683249,-24.1903687502721,-1.3081479244561));
#3633=CARTESIAN_POINT('Ctrl Pts',(-40.8539365960775,-22.8002997556218,1.52687866340719));
#3634=CARTESIAN_POINT('Ctrl Pts',(-40.1058513803121,-21.7200575240175,4.52768981640979));
#3635=CARTESIAN_POINT('Ctrl Pts',(-44.3939977305472,-25.6615333354894,-3.65084734137699));
#3636=CARTESIAN_POINT('Ctrl Pts',(-42.4154834840406,-24.1028619668175,-1.27616367698898));
#3637=CARTESIAN_POINT('Ctrl Pts',(-40.9833495166176,-22.7182034205611,1.54420396447799));
#3638=CARTESIAN_POINT('Ctrl Pts',(-40.2319089154624,-21.6421272441961,4.53186394897199));
#3639=CARTESIAN_POINT('Ctrl Pts',(-44.5239429302309,-25.567534804204,-3.60329791055101));
#3640=CARTESIAN_POINT('Ctrl Pts',(-42.5468577997562,-24.0153551833629,-1.24417942952185));
#3641=CARTESIAN_POINT('Ctrl Pts',(-41.1127624371578,-22.6361070855004,1.56152926554879));
#3642=CARTESIAN_POINT('Ctrl Pts',(-40.3579664506126,-21.5641969643747,4.53603808153429));
#3643=CARTESIAN_POINT('Ctrl Pts',(-44.6538881299147,-25.4735362729187,-3.55574847972503));
#3644=CARTESIAN_POINT('Ctrl Pts',(-42.6782321154718,-23.9278483999083,-1.21219518205473));
#3645=CARTESIAN_POINT('Ctrl Pts',(-41.242175357698,-22.5540107504397,1.57885456661949));
#3646=CARTESIAN_POINT('Ctrl Pts',(-40.4840239857629,-21.4862666845533,4.54021221409649));
#3647=CARTESIAN_POINT('',(-44.4674586437994,-25.3269247930328,-3.33132166278678));
#3648=CARTESIAN_POINT('',(-40.4840239857682,-21.4862666845608,4.54021221407589));
#3649=CARTESIAN_POINT('Ctrl Pts',(-44.4674586437994,-25.3269247930327,-3.33132166278677));
#3650=CARTESIAN_POINT('Ctrl Pts',(-43.5398287938649,-24.593599827458,-2.19802742093846));
#3651=CARTESIAN_POINT('Ctrl Pts',(-42.7243236622518,-23.890931521905,-0.949794232438154));
#3652=CARTESIAN_POINT('Ctrl Pts',(-41.3873417421307,-22.6018686716412,1.69217948721746));
#3653=CARTESIAN_POINT('Ctrl Pts',(-40.8566569371276,-22.01106507878,3.08469886798925));
#3654=CARTESIAN_POINT('Ctrl Pts',(-40.4840239857681,-21.4862666845608,4.54021221407586));
#3655=CARTESIAN_POINT('',(-40.1058513791435,-21.7200575259236,4.52768982386967));
#3656=CARTESIAN_POINT('',(-40.4840239857682,-21.4862666845608,4.54021221407589));
#3657=CARTESIAN_POINT('',(-44.2640525303185,-25.7555318668617,-3.69839677178239));
#3658=CARTESIAN_POINT('Ctrl Pts',(-40.1058513803121,-21.7200575240175,4.52768981640979));
#3659=CARTESIAN_POINT('Ctrl Pts',(-40.8539365960775,-22.8002997556218,1.52687866340719));
#3660=CARTESIAN_POINT('Ctrl Pts',(-42.2841091683249,-24.1903687502721,-1.3081479244561));
#3661=CARTESIAN_POINT('Ctrl Pts',(-44.2640525308635,-25.7555318667747,-3.69839677220297));
#3662=CARTESIAN_POINT('Ctrl Pts',(-44.2640525295729,-25.7555318664403,-3.69839677135758));
#3663=CARTESIAN_POINT('Ctrl Pts',(-44.2979149330132,-25.6840945293783,-3.63722574622857));
#3664=CARTESIAN_POINT('Ctrl Pts',(-44.3318032641883,-25.6126408029026,-3.57603587921542));
#3665=CARTESIAN_POINT('Ctrl Pts',(-44.3952923971431,-25.4788560849104,-3.46145810509233));
#3666=CARTESIAN_POINT('Ctrl Pts',(-44.4317400193691,-25.4020924947826,-3.39571025047179));
#3667=CARTESIAN_POINT('Ctrl Pts',(-44.4674586437994,-25.3269247930328,-3.33132166278679));
#3668=CARTESIAN_POINT('Origin',(-38.8596727902299,-18.0554238527379,15.8519273043927));
#3669=CARTESIAN_POINT('',(-40.4524690321183,-21.4414486246952,4.66510713383149));
#3670=CARTESIAN_POINT('',(-39.007854695666,-19.3719136823986,10.4599158995421));
#3671=CARTESIAN_POINT('Origin',(-55.2970072676879,-28.1613694713216,8.31976645936051));
#3672=CARTESIAN_POINT('',(-41.8220163881055,-23.900806085149,-2.98954714453085));
#3673=CARTESIAN_POINT('Origin',(-38.8187834399362,-19.4885469472297,10.4544354029597));
#3674=CARTESIAN_POINT('',(-40.0743265206586,-21.6747151543574,4.65414614066659));
#3675=CARTESIAN_POINT('',(-38.6297121842063,-19.6051802120607,10.4489549063773));
#3676=CARTESIAN_POINT('',(-40.0743265206586,-21.6747151543574,4.65414614066659));
#3677=CARTESIAN_POINT('Ctrl Pts',(-40.1058513803173,-21.720057524025,4.52768981638889));
#3678=CARTESIAN_POINT('Ctrl Pts',(-40.0953427732779,-21.7048829945177,4.56984322982729));
#3679=CARTESIAN_POINT('Ctrl Pts',(-40.0848346149027,-21.6897689079207,4.61199482380659));
#3680=CARTESIAN_POINT('Ctrl Pts',(-40.0743265206586,-21.6747151543574,4.65414614066659));
#3681=CARTESIAN_POINT('Ctrl Pts',(-40.2319089154676,-21.6421272442036,4.53186394895119));
#3682=CARTESIAN_POINT('Ctrl Pts',(-40.2213531741711,-21.6270112366892,4.57383262345419));
#3683=CARTESIAN_POINT('Ctrl Pts',(-40.2108416073774,-21.6119553620287,4.61581099211869));
#3684=CARTESIAN_POINT('Ctrl Pts',(-40.2003740244785,-21.59695964447,4.65779980505489));
#3685=CARTESIAN_POINT('Ctrl Pts',(-40.3579664506179,-21.5641969643822,4.53603808151349));
#3686=CARTESIAN_POINT('Ctrl Pts',(-40.3473635750643,-21.5491394788607,4.57782201708119));
#3687=CARTESIAN_POINT('Ctrl Pts',(-40.3368485998521,-21.5341418161366,4.61962716043089));
#3688=CARTESIAN_POINT('Ctrl Pts',(-40.3264215282984,-21.5192041345826,4.66145346944319));
#3689=CARTESIAN_POINT('Ctrl Pts',(-40.4840239857682,-21.4862666845608,4.54021221407589));
#3690=CARTESIAN_POINT('Ctrl Pts',(-40.4733739759576,-21.4712677210321,4.58181141070819));
#3691=CARTESIAN_POINT('Ctrl Pts',(-40.4628555923268,-21.4563282702445,4.62344332874299));
#3692=CARTESIAN_POINT('Ctrl Pts',(-40.4524690321183,-21.4414486246952,4.66510713383149));
#3693=CARTESIAN_POINT('Ctrl Pts',(-40.0743265206586,-21.6747151543574,4.65414614066659));
#3694=CARTESIAN_POINT('Ctrl Pts',(-40.0848346149027,-21.6897689079207,4.61199482380659));
#3695=CARTESIAN_POINT('Ctrl Pts',(-40.0953427732779,-21.7048829945177,4.56984322982729));
#3696=CARTESIAN_POINT('Ctrl Pts',(-40.1058513803173,-21.720057524025,4.52768981638889));
#3697=CARTESIAN_POINT('Origin',(-60.2832969128312,-32.3182060254769,9.57504333884999));
#3698=CARTESIAN_POINT('',(-40.1013049485231,-31.9165468541379,4.54256181750409));
#3699=CARTESIAN_POINT('',(-40.1011265961672,-32.3165463889096,4.54314523229249));
#3700=CARTESIAN_POINT('',(-44.2661639382533,-31.9304190756822,-3.69526459112129));
#3701=CARTESIAN_POINT('Origin',(-60.2834752651871,-31.918206490705,9.57445992406159));
#3702=CARTESIAN_POINT('',(-44.2689128451844,-25.765311315939,-3.70425663917758));
#3703=CARTESIAN_POINT('',(-44.2659855858973,-32.3304186104543,-3.69468117633288));
#3704=CARTESIAN_POINT('Origin',(-60.2917157766596,-13.4368091581485,9.54750409142439));
#3705=CARTESIAN_POINT('Origin',(-60.2833860890092,-32.1182062580911,9.57475163145579));
#3706=CARTESIAN_POINT('',(-40.4892452561031,-32.3165783049975,4.63991250357249));
#3707=CARTESIAN_POINT('',(-40.4892452561031,-32.3165783049975,4.63991250357249));
#3708=CARTESIAN_POINT('',(-44.4744805769122,-32.3299627711966,-3.31841189379075));
#3709=CARTESIAN_POINT('Origin',(-60.2832969128312,-32.3182060254771,9.57504333884999));
#3710=CARTESIAN_POINT('Origin',(-231.973307668,6.10477286117234,-66.6728571226261));
#3711=CARTESIAN_POINT('Origin',(-34.6356767780429,-32.1240053797994,-2.24184181533508));
#3712=CARTESIAN_POINT('',(-45.646070478744,-32.3307072174614,-3.47065750386286));
#3713=CARTESIAN_POINT('',(-34.6613606289921,-32.3237273636708,-2.04321787680069));
#3714=CARTESIAN_POINT('',(-46.1762328166225,-31.9316327628607,-3.94347396985731));
#3715=CARTESIAN_POINT('',(-45.646070478744,-32.3307072174614,-3.47065750386286));
#3716=CARTESIAN_POINT('',(-34.6099929270938,-31.9242833959279,-2.44046575386947));
#3717=CARTESIAN_POINT('Origin',(-45.7096102507803,-32.3313359117965,-3.8822771239223));
#3718=CARTESIAN_POINT('',(-46.1785232553679,-26.7947539828016,-3.95096630618779));
#3719=CARTESIAN_POINT('',(-41.5577148479884,-24.3037446624783,-3.35398689225966));
#3720=CARTESIAN_POINT('',(-46.1760544642666,-32.3316322976324,-3.9428905550689));
#3721=CARTESIAN_POINT('Origin',(-41.6898656180469,-24.1022753738136,-3.17176701839525));
#3722=CARTESIAN_POINT('',(-46.0770595811455,-26.2008536858964,-3.54381521342395));
#3723=CARTESIAN_POINT('Origin',(-25.5936713690552,-23.829682149975,45.486375680818));
#3724=CARTESIAN_POINT('',(-27.8524821168384,-23.8297447758489,46.1339662211914));
#3725=CARTESIAN_POINT('Origin',(-25.5936713690552,-23.829682149975,45.486375680818));
#3726=CARTESIAN_POINT('',(-27.238551172567,-23.8297381186706,45.9508492275651));
#3727=CARTESIAN_POINT('Origin',(-25.5563209054603,-23.8296914785789,45.4685616305288));
#3728=CARTESIAN_POINT('Origin',(-25.5934930166992,-24.2296816847468,45.4869590956065));
#3729=CARTESIAN_POINT('',(-27.8522945487684,-24.2504128423258,46.1345797818325));
#3730=CARTESIAN_POINT('',(-27.8523037644824,-24.2297443106207,46.1345496359799));
#3731=CARTESIAN_POINT('Origin',(-25.5934838009852,-24.2503502164519,45.4869892414592));
#3732=CARTESIAN_POINT('Origin',(-30.2960588596864,-19.5834620911802,25.8798878972924));
#3733=CARTESIAN_POINT('',(-30.6918360545991,-19.3810504616701,25.9930342616857));
#3734=CARTESIAN_POINT('',(-30.6919241504567,-19.1834735268364,25.9927460880787));
#3735=CARTESIAN_POINT('',(-30.69174579815,-19.583473061608,25.9933295028829));
#3736=CARTESIAN_POINT('',(-31.8181760203059,-19.183504752191,26.3156372628822));
#3737=CARTESIAN_POINT('',(-31.0507336344871,-19.1834834748362,26.0956150989375));
#3738=CARTESIAN_POINT('',(-31.8837849804991,-19.1835065712007,26.3344470467339));
#3739=CARTESIAN_POINT('',(-31.0507336344871,-19.1834834748362,26.0956150989375));
#3740=CARTESIAN_POINT('',(-32.9768814205889,-19.1835368773204,26.6478327139749));
#3741=CARTESIAN_POINT('',(-31.0507336344871,-19.1834834748362,26.0956150989375));
#3742=CARTESIAN_POINT('',(-32.9767933247313,-19.3811138121542,26.648120887582));
#3743=CARTESIAN_POINT('',(-32.9767030682823,-19.5835364120922,26.6484161287791));
#3744=CARTESIAN_POINT('',(-30.9466255759586,-19.3810575257145,26.0660812328667));
#3745=CARTESIAN_POINT('Origin',(-29.747010910501,-28.1847763346875,23.1566921672352));
#3746=CARTESIAN_POINT('',(-29.7508454861537,-19.5847863370947,23.1441487492845));
#3747=CARTESIAN_POINT('',(-31.1530034105151,-19.5847213521133,23.6173491841075));
#3748=CARTESIAN_POINT('',(-30.2195663306273,-19.5847646135678,23.3023327195506));
#3749=CARTESIAN_POINT('',(-31.1491688348624,-28.184711349706,23.6298926020583));
#3750=CARTESIAN_POINT('',(-31.1491688348624,-28.184711349706,23.6298926020583));
#3751=CARTESIAN_POINT('',(-29.747010910501,-28.1847763346875,23.1566921672352));
#3752=CARTESIAN_POINT('',(-30.2157317549746,-28.1847546111606,23.3148761375013));
#3753=CARTESIAN_POINT('',(-29.747010910501,-28.1847763346875,23.1566921672352));
#3754=CARTESIAN_POINT('Origin',(-30.3253190683631,-19.5756040031476,31.2764773571683));
#3755=CARTESIAN_POINT('',(-31.4875549910672,-19.1756044305607,31.6311656508123));
#3756=CARTESIAN_POINT('',(-30.3254974222845,-19.1756044683759,31.2758939428797));
#3757=CARTESIAN_POINT('',(-30.3280005902766,-19.1756044682945,31.2766592274631));
#3758=CARTESIAN_POINT('',(-29.1717738581427,-19.17560450592,30.923170160361));
#3759=CARTESIAN_POINT('',(-30.3280005902766,-19.1756044682945,31.2766592274631));
#3760=CARTESIAN_POINT('',(-29.1716857622851,-19.3731814407536,30.923458333968));
#3761=CARTESIAN_POINT('',(-29.1715955058361,-19.5756040406916,30.9237535751652));
#3762=CARTESIAN_POINT('',(-31.4874668952096,-19.3731813653943,31.6314538244193));
#3763=CARTESIAN_POINT('',(-30.2106811600412,-19.373181406943,31.2411066841305));
#3764=CARTESIAN_POINT('',(-31.4873766387606,-19.5756039653324,31.6317490656165));
#3765=CARTESIAN_POINT('Origin',(-31.1520625938801,-19.1798902225652,28.5901892509066));
#3766=CARTESIAN_POINT('',(-29.9719348725601,-19.1797465198977,28.3279444467376));
#3767=CARTESIAN_POINT('',(-29.5287715221916,-19.1774347082794,29.7774866249774));
#3768=CARTESIAN_POINT('',(-30.1734450540352,-19.1807977204953,27.6688251690492));
#3769=CARTESIAN_POINT('',(-29.5255577891871,-19.1774358598114,29.7757146628176));
#3770=CARTESIAN_POINT('Origin',(-30.6763385945488,-19.1774346709357,30.1283282052408));
#3771=CARTESIAN_POINT('Origin',(-31.1520625938801,-19.1798902225652,28.5901892509066));
#3772=CARTESIAN_POINT('',(-32.6794454180824,-19.1819526744166,27.6430629056315));
#3773=CARTESIAN_POINT('',(-32.1611073896771,-19.1834579678678,26.4525489553817));
#3774=CARTESIAN_POINT('Origin',(-31.4949679964987,-19.181705143575,27.4506748174166));
#3775=CARTESIAN_POINT('',(-32.6909447816792,-19.1820139222987,27.6045856744291));
#3776=CARTESIAN_POINT('Origin',(-31.4376986687189,-19.1812188498585,27.7665789431643));
#3777=CARTESIAN_POINT('Origin',(-28.9288642567045,-28.1854488478342,22.4454943414836));
#3778=CARTESIAN_POINT('',(-28.9288642567045,-28.1854488478342,22.4454943414836));
#3779=CARTESIAN_POINT('',(-34.1597808367811,-28.1811490561609,26.9926210469163));
#3780=CARTESIAN_POINT('',(-28.9326988323573,-19.5854588502414,22.4329509235329));
#3781=CARTESIAN_POINT('',(-28.9287444262154,-28.454198535259,22.4458863232946));
#3782=CARTESIAN_POINT('',(-34.1636154124338,-19.5811590585682,26.9800776289656));
#3783=CARTESIAN_POINT('Origin',(-28.7142096940735,-28.7224606777166,22.7150002509799));
#3784=CARTESIAN_POINT('',(-28.4893468581852,-19.5844507392285,22.9885951641544));
#3785=CARTESIAN_POINT('',(-22.8949454643796,-19.5717299711154,29.9999475326603));
#3786=CARTESIAN_POINT('',(-28.4855122825325,-28.1844407368212,23.0011385821051));
#3787=CARTESIAN_POINT('',(-22.8911108887268,-28.1717199687082,30.012490950611));
#3788=CARTESIAN_POINT('',(-28.4838625232401,-31.88443643346,23.0065351688978));
#3789=CARTESIAN_POINT('',(-28.4852726215542,-28.7219401116708,23.001922545727));
#3790=CARTESIAN_POINT('',(-28.9417366682787,-31.8854775655516,22.4326905794037));
#3791=CARTESIAN_POINT('',(-22.8894611294344,-31.8717156653469,30.017887537404));
#3792=CARTESIAN_POINT('',(-28.94849176376,-16.7354951860713,22.4105937442928));
#3793=CARTESIAN_POINT('',(-28.9423525412578,-30.5042291720428,22.4306759752125));
#3794=CARTESIAN_POINT('',(-28.4906176187213,-16.7344540539798,22.984438333787));
#3795=CARTESIAN_POINT('',(-22.8962162249156,-16.7217332858667,29.995790702293));
#3796=CARTESIAN_POINT('',(-28.4852726215542,-28.7219401116708,23.001922545727));
#3797=CARTESIAN_POINT('Origin',(-26.9487485013749,-25.1504861574373,28.6683497962274));
#3798=CARTESIAN_POINT('',(-26.0027708595397,-19.5699687103521,32.157574476673));
#3799=CARTESIAN_POINT('',(-24.9470656975673,-19.5638201942203,36.0503727645663));
#3800=CARTESIAN_POINT('',(-25.7850918518051,-16.718696843139,32.9607711705286));
#3801=CARTESIAN_POINT('',(-24.9483364581034,-16.7138235089716,36.0462159341989));
#3802=CARTESIAN_POINT('',(-25.7817254510867,-24.2686880619559,32.9717831246598));
#3803=CARTESIAN_POINT('',(-25.7829237559782,-21.5811911877081,32.9678633065502));
#3804=CARTESIAN_POINT('',(-25.5176450478967,-24.2671500353576,33.9455509704883));
#3805=CARTESIAN_POINT('',(-24.944970057385,-24.2638147277885,36.0572278883301));
#3806=CARTESIAN_POINT('',(-25.9101493510987,-26.853122141997,32.4977543889993));
#3807=CARTESIAN_POINT('',(-25.8566364576705,-26.500558237291,32.6951427578372));
#3808=CARTESIAN_POINT('',(-25.9135228599749,-26.8754072151257,32.4853108084263));
#3809=CARTESIAN_POINT('Ctrl Pts',(-25.9135228599749,-26.8754072151257,32.4853108084263));
#3810=CARTESIAN_POINT('Ctrl Pts',(-25.9129617426436,-26.8716906199552,32.4873805569232));
#3811=CARTESIAN_POINT('Ctrl Pts',(-25.91240003467,-26.8679750994569,32.4894524831498));
#3812=CARTESIAN_POINT('Ctrl Pts',(-25.9112755456796,-26.8605468555258,32.4936002918129));
#3813=CARTESIAN_POINT('Ctrl Pts',(-25.9107127146685,-26.8568338018838,32.4956763586594));
#3814=CARTESIAN_POINT('Ctrl Pts',(-25.9101493510987,-26.853122141997,32.4977543889993));
#3815=CARTESIAN_POINT('',(-25.9131714592994,-27.6635106633534,32.4864602877795));
#3816=CARTESIAN_POINT('Ctrl Pts',(-25.9131714592994,-27.6635106633534,32.4864602877795));
#3817=CARTESIAN_POINT('Ctrl Pts',(-25.9255521090108,-27.5823681591082,32.4408230581632));
#3818=CARTESIAN_POINT('Ctrl Pts',(-25.9337271170931,-27.4924958147815,32.4106952916436));
#3819=CARTESIAN_POINT('Ctrl Pts',(-25.9376842489646,-27.3998055867744,32.3961210046407));
#3820=CARTESIAN_POINT('Ctrl Pts',(-25.9414973640639,-27.3104887483541,32.3820771376084));
#3821=CARTESIAN_POINT('Ctrl Pts',(-25.9413926603248,-27.2185874609232,32.3824802780735));
#3822=CARTESIAN_POINT('Ctrl Pts',(-25.9373664606856,-27.1294130505733,32.3973429990151));
#3823=CARTESIAN_POINT('Ctrl Pts',(-25.9333385682125,-27.0402011464383,32.4122119690552));
#3824=CARTESIAN_POINT('Ctrl Pts',(-25.9253880876993,-26.9537678508847,32.4415445371171));
#3825=CARTESIAN_POINT('Ctrl Pts',(-25.9135228599749,-26.8754072151258,32.4853108084263));
#3826=CARTESIAN_POINT('',(-25.9097780949961,-27.6857563256405,32.4989688181521));
#3827=CARTESIAN_POINT('Ctrl Pts',(-25.9097780949962,-27.6857563256405,32.498968818152));
#3828=CARTESIAN_POINT('Ctrl Pts',(-25.9103447642227,-27.6820512558577,32.4968799751114));
#3829=CARTESIAN_POINT('Ctrl Pts',(-25.9109109021454,-27.6783447860864,32.4947930914557));
#3830=CARTESIAN_POINT('Ctrl Pts',(-25.9120420095244,-27.670929678891,32.4906236331382));
#3831=CARTESIAN_POINT('Ctrl Pts',(-25.9126070292538,-27.667220711898,32.4885408731615));
#3832=CARTESIAN_POINT('Ctrl Pts',(-25.9131714592994,-27.6635106633535,32.4864602877795));
#3833=CARTESIAN_POINT('',(-25.5129492874078,-30.2803535879865,33.9617500212371));
#3834=CARTESIAN_POINT('',(-26.3193958779071,-25.0075405362985,30.9890451890362));
#3835=CARTESIAN_POINT('',(-25.5049945317996,-30.328356691412,33.9910734018226));
#3836=CARTESIAN_POINT('Origin',(-25.3751636909443,-29.9840052475831,34.469874317777));
#3837=CARTESIAN_POINT('',(-25.3340968722512,-30.6723918958564,34.6211759489109));
#3838=CARTESIAN_POINT('Ctrl Pts',(-25.3340968722512,-30.6723918958564,34.6211759489108));
#3839=CARTESIAN_POINT('Ctrl Pts',(-25.3508441887633,-30.6723560538287,34.559422060364));
#3840=CARTESIAN_POINT('Ctrl Pts',(-25.3675469199455,-30.664045584529,34.4978341111097));
#3841=CARTESIAN_POINT('Ctrl Pts',(-25.4000025138597,-30.6324824245524,34.3781635217455));
#3842=CARTESIAN_POINT('Ctrl Pts',(-25.4157348176256,-30.6092543288381,34.3201566867614));
#3843=CARTESIAN_POINT('Ctrl Pts',(-25.4453343339272,-30.5496692484904,34.211022771623));
#3844=CARTESIAN_POINT('Ctrl Pts',(-25.4592194241939,-30.5133073098104,34.1598297702131));
#3845=CARTESIAN_POINT('Ctrl Pts',(-25.4843396706395,-30.4289879612181,34.0672172627109));
#3846=CARTESIAN_POINT('Ctrl Pts',(-25.4955504279756,-30.3810973098565,34.0258877115327));
#3847=CARTESIAN_POINT('Ctrl Pts',(-25.5049945317966,-30.3283566914042,33.9910734018336));
#3848=CARTESIAN_POINT('',(-25.3206194159619,-30.6724181614957,34.6708725878321));
#3849=CARTESIAN_POINT('Ctrl Pts',(-25.3206194159618,-30.6724181614957,34.6708725878321));
#3850=CARTESIAN_POINT('Ctrl Pts',(-25.3228656555234,-30.6724312437849,34.6625898230657));
#3851=CARTESIAN_POINT('Ctrl Pts',(-25.3251119035891,-30.6724357381187,34.6543070285348));
#3852=CARTESIAN_POINT('Ctrl Pts',(-25.3296043605543,-30.6724271256828,34.6377415871612));
#3853=CARTESIAN_POINT('Ctrl Pts',(-25.331850663825,-30.6724140186635,34.6294585923351));
#3854=CARTESIAN_POINT('Ctrl Pts',(-25.3340968722512,-30.6723918958564,34.6211759489108));
#3855=CARTESIAN_POINT('',(-24.535974751361,-30.6678483246209,37.564164689631));
#3856=CARTESIAN_POINT('',(-26.5202232175593,-30.6794047554728,30.2474636728999));
#3857=CARTESIAN_POINT('',(-24.5098692398414,-30.6615084354425,37.6604270805425));
#3858=CARTESIAN_POINT('Origin',(-24.5363388638501,-29.8605163001142,37.5629719056305));
#3859=CARTESIAN_POINT('',(-24.3568359848199,-30.275035432145,38.2247921751979));
#3860=CARTESIAN_POINT('Ctrl Pts',(-24.3568359848199,-30.275035432145,38.2247921751979));
#3861=CARTESIAN_POINT('Ctrl Pts',(-24.3676553422845,-30.3461474413782,38.1848837812576));
#3862=CARTESIAN_POINT('Ctrl Pts',(-24.3815308660733,-30.4100679844248,38.1337074450552));
#3863=CARTESIAN_POINT('Ctrl Pts',(-24.3976147752473,-30.4646728860452,38.0743896558673));
#3864=CARTESIAN_POINT('Ctrl Pts',(-24.4003024144441,-30.4737974261268,38.0644775870064));
#3865=CARTESIAN_POINT('Ctrl Pts',(-24.4030516939282,-30.4826617734032,38.0543382746716));
#3866=CARTESIAN_POINT('Ctrl Pts',(-24.4058586285869,-30.491255926701,38.0439864155025));
#3867=CARTESIAN_POINT('Ctrl Pts',(-24.4207693381726,-30.5369089038949,37.9889963339682));
#3868=CARTESIAN_POINT('Ctrl Pts',(-24.4373012636872,-30.5749199408061,37.9280296146237));
#3869=CARTESIAN_POINT('Ctrl Pts',(-24.4548501942656,-30.6037996681244,37.863314495278));
#3870=CARTESIAN_POINT('Ctrl Pts',(-24.4723843841825,-30.6326551371961,37.7986537350095));
#3871=CARTESIAN_POINT('Ctrl Pts',(-24.4909270598779,-30.6523829165727,37.7302759879998));
#3872=CARTESIAN_POINT('Ctrl Pts',(-24.5098692398387,-30.6615084355258,37.6604270805526));
#3873=CARTESIAN_POINT('',(-24.3534503937672,-30.2527771330539,38.2372803025041));
#3874=CARTESIAN_POINT('Ctrl Pts',(-24.3534503937672,-30.2527771330539,38.237280302504));
#3875=CARTESIAN_POINT('Ctrl Pts',(-24.3540137720418,-30.2564888898215,38.235202217924));
#3876=CARTESIAN_POINT('Ctrl Pts',(-24.3545775718454,-30.2601994982244,38.2331225792151));
#3877=CARTESIAN_POINT('Ctrl Pts',(-24.3557061164818,-30.2676190405611,38.2289598174165));
#3878=CARTESIAN_POINT('Ctrl Pts',(-24.3562708137003,-30.2713276614563,38.2268768699577));
#3879=CARTESIAN_POINT('Ctrl Pts',(-24.3568359848199,-30.275035432145,38.2247921751979));
#3880=CARTESIAN_POINT('',(-23.958937406539,-27.6535710291803,39.6924861425484));
#3881=CARTESIAN_POINT('',(-24.404677284941,-30.5902799594044,38.0483241119178));
#3882=CARTESIAN_POINT('',(-23.953236934021,-27.6134151017588,39.7135134634974));
#3883=CARTESIAN_POINT('Origin',(-24.0970180978366,-27.3435908370018,39.1833862504818));
#3884=CARTESIAN_POINT('',(-23.9535538407429,-26.9026729270165,39.712476818553));
#3885=CARTESIAN_POINT('Ctrl Pts',(-23.953553840742,-26.9026729269748,39.7124768185566));
#3886=CARTESIAN_POINT('Ctrl Pts',(-23.9422297881176,-26.9874779286908,39.7542172823899));
#3887=CARTESIAN_POINT('Ctrl Pts',(-23.9352762785365,-27.0803406840351,39.7798403519637));
#3888=CARTESIAN_POINT('Ctrl Pts',(-23.9326929265061,-27.1750269163881,39.7893486058227));
#3889=CARTESIAN_POINT('Ctrl Pts',(-23.9306506326397,-27.2498820307072,39.7968654476265));
#3890=CARTESIAN_POINT('Ctrl Pts',(-23.9313388719702,-27.3259041975905,39.7943135307542));
#3891=CARTESIAN_POINT('Ctrl Pts',(-23.9347632324966,-27.4000140442825,39.7816728216037));
#3892=CARTESIAN_POINT('Ctrl Pts',(-23.9381872227038,-27.4741158765457,39.7690334794519));
#3893=CARTESIAN_POINT('Ctrl Pts',(-23.9443453717863,-27.5462748851922,39.7463125865255));
#3894=CARTESIAN_POINT('Ctrl Pts',(-23.95323693402,-27.6134151018005,39.7135134635011));
#3895=CARTESIAN_POINT('',(-23.9592900931244,-26.8625836080478,39.6913324568093));
#3896=CARTESIAN_POINT('Origin',(-24.0970936278953,-27.174170547761,39.1831391862869));
#3897=CARTESIAN_POINT('',(-24.2961570634219,-24.6600365595602,38.4495811961434));
#3898=CARTESIAN_POINT('',(-24.6718024766441,-22.2039432968702,37.0648857330647));
#3899=CARTESIAN_POINT('',(-23.4411896588081,-24.6550571571013,41.6021807748619));
#3900=CARTESIAN_POINT('',(-23.4411896588081,-24.6550571571013,41.6021807748619));
#3901=CARTESIAN_POINT('',(-23.4379793164011,-31.8550487829929,41.6126822410532));
#3902=CARTESIAN_POINT('',(-23.4378009640452,-32.2550483177646,41.6132656558416));
#3903=CARTESIAN_POINT('',(-24.9415813626221,-31.8638058884519,36.0683127693098));
#3904=CARTESIAN_POINT('',(-25.9989362838868,-28.1699587079449,32.1701178946242));
#3905=CARTESIAN_POINT('',(-24.9432311219146,-28.1638101918131,36.062916182517));
#3906=CARTESIAN_POINT('',(-25.9996106787327,-26.6574604670891,32.1679118574555));
#3907=CARTESIAN_POINT('Origin',(-30.6776093550834,-16.327437989141,30.1241713748783));
#3908=CARTESIAN_POINT('',(-31.8239056669059,-19.177434633592,30.4791697855041));
#3909=CARTESIAN_POINT('Origin',(-30.6763385945488,-19.1774346709357,30.1283282052408));
#3910=CARTESIAN_POINT('',(-31.8251775077364,-16.3250151194387,30.4750094213469));
#3911=CARTESIAN_POINT('',(-31.8251764274404,-16.3274379519526,30.4750129551418));
#3912=CARTESIAN_POINT('',(-29.5300433630223,-16.3250151938156,29.7733262608198));
#3913=CARTESIAN_POINT('Origin',(-30.6776104353793,-16.3250151566281,30.1241678410834));
#3914=CARTESIAN_POINT('',(-29.5300422827263,-16.3274380263294,29.7733297946147));
#3915=CARTESIAN_POINT('Origin',(-30.3486716846763,-16.3317084989644,27.0956764067905));
#3916=CARTESIAN_POINT('',(-30.3486727649722,-16.3292856664503,27.0956728729956));
#3917=CARTESIAN_POINT('',(-30.3474009241416,-19.1817051809187,27.0998332371532));
#3918=CARTESIAN_POINT('',(-30.3486716846763,-16.3317084989644,27.0956764067905));
#3919=CARTESIAN_POINT('',(-30.1734450540352,-19.1807977204953,27.6688251690492));
#3920=CARTESIAN_POINT('',(-27.7612818936604,-16.3157882500553,35.5587648602743));
#3921=CARTESIAN_POINT('Origin',(-31.4962387570333,-16.3317084617759,27.446517987054));
#3922=CARTESIAN_POINT('',(-31.2216001429812,-19.1832874785929,26.2822281935275));
#3923=CARTESIAN_POINT('',(-30.3763303977055,-19.1818398634716,27.01633634984));
#3924=CARTESIAN_POINT('Origin',(-31.4949679964987,-19.181705143575,27.4506748174166));
#3925=CARTESIAN_POINT('Origin',(-31.4949679964987,-19.181705143575,27.4506748174166));
#3926=CARTESIAN_POINT('',(-31.2228719838117,-16.3308679642001,26.2780678293701));
#3927=CARTESIAN_POINT('Origin',(-31.4962398373293,-16.3292856292631,27.4465144532591));
#3928=CARTESIAN_POINT('',(-31.217587214971,-28.183277014327,26.2953550262715));
#3929=CARTESIAN_POINT('Origin',(-31.4389694292535,-16.3312221680648,27.7624221128018));
#3930=CARTESIAN_POINT('Origin',(-31.4376986687189,-19.1812188498585,27.7665789431643));
#3931=CARTESIAN_POINT('',(-32.1623792305077,-16.3310384535975,26.4483885912243));
#3932=CARTESIAN_POINT('Origin',(-31.4389705095495,-16.3287993355519,27.7624185790069));
#3933=CARTESIAN_POINT('',(-32.1623781502117,-16.3334612861116,26.4483921250192));
#3934=CARTESIAN_POINT('Origin',(-31.4962387570333,-16.3317084617759,27.446517987054));
#3935=CARTESIAN_POINT('',(-32.6425350688558,-19.1817051062313,27.8015163976799));
#3936=CARTESIAN_POINT('Origin',(-31.4949679964987,-19.181705143575,27.4506748174166));
#3937=CARTESIAN_POINT('',(-32.6438069096864,-16.3292855920735,27.7973560335227));
#3938=CARTESIAN_POINT('Origin',(-31.4962398373293,-16.3292856292631,27.4465144532591));
#3939=CARTESIAN_POINT('',(-32.6438058293904,-16.3317084245875,27.7973595673176));
#3940=CARTESIAN_POINT('Origin',(-31.8251764274404,-16.3274379519526,30.4750129551418));
#3941=CARTESIAN_POINT('',(-32.177357263788,-19.1792784537262,29.3230656148393));
#3942=CARTESIAN_POINT('',(-32.0592644977745,-19.1786624094882,29.709335023488));
#3943=CARTESIAN_POINT('',(-32.0592644977745,-19.1786624094882,29.709335023488));
#3944=CARTESIAN_POINT('',(-29.6471013373995,-16.313652939361,37.5992747147136));
#3945=CARTESIAN_POINT('Origin',(-31.8251764274404,-16.3274379519526,30.4750129551418));
#3946=CARTESIAN_POINT('',(-32.6385232211414,-28.1792718096867,27.81463969663));
#3947=CARTESIAN_POINT('',(-31.8198938191914,-28.175001337052,30.4922930844542));
#3948=CARTESIAN_POINT('',(-29.6418176488548,-28.1636391569743,37.61655837782));
#3949=CARTESIAN_POINT('',(-31.8182429796029,-31.8774198662044,30.4976932050421));
#3950=CARTESIAN_POINT('',(-31.8251764274404,-16.3274379519526,30.4750129551418));
#3951=CARTESIAN_POINT('',(-32.6368723815529,-31.8816903388417,27.8200398172179));
#3952=CARTESIAN_POINT('',(-29.4079448650091,-31.8648462741547,38.3815328238429));
#3953=CARTESIAN_POINT('',(-32.6438058293904,-16.3317084245875,27.7973595673176));
#3954=CARTESIAN_POINT('Origin',(-31.4962387570333,-16.3317084617759,27.446517987054));
#3955=CARTESIAN_POINT('',(-32.1570955419627,-28.1810246712107,26.4656722543316));
#3956=CARTESIAN_POINT('Origin',(-31.4909561487843,-28.1792718468764,27.4637981163664));
#3957=CARTESIAN_POINT('',(-32.1554447023742,-31.8834432003657,26.4710723749195));
#3958=CARTESIAN_POINT('Origin',(-31.4893053091958,-31.8816903760302,27.4691982369543));
#3959=CARTESIAN_POINT('',(-32.1623781502117,-16.3334612861116,26.4483921250192));
#3960=CARTESIAN_POINT('Origin',(-31.4389694292535,-16.3312221680648,27.7624221128018));
#3961=CARTESIAN_POINT('',(-31.2175882952669,-28.1808541818134,26.2953514924766));
#3962=CARTESIAN_POINT('Origin',(-31.4336868210045,-28.1787855531652,27.7797022421142));
#3963=CARTESIAN_POINT('',(-31.2159374556785,-31.8832727109683,26.3007516130645));
#3964=CARTESIAN_POINT('Origin',(-31.432035981416,-31.881204082319,27.7851023627021));
#3965=CARTESIAN_POINT('',(-31.217587214971,-28.183277014327,26.2953550262715));
#3966=CARTESIAN_POINT('Origin',(-31.4962387570333,-16.3317084617759,27.446517987054));
#3967=CARTESIAN_POINT('',(-30.3433890764272,-28.1792718840636,27.1129565361028));
#3968=CARTESIAN_POINT('Origin',(-31.4909561487843,-28.1792718468764,27.4637981163664));
#3969=CARTESIAN_POINT('',(-30.3417382368387,-31.8816904132161,27.1183566566907));
#3970=CARTESIAN_POINT('Origin',(-31.4893053091958,-31.8816903760302,27.4691982369543));
#3971=CARTESIAN_POINT('',(-30.3486716846763,-16.3317084989644,27.0956764067905));
#3972=CARTESIAN_POINT('Origin',(-30.3486716846763,-16.3317084989644,27.0956764067905));
#3973=CARTESIAN_POINT('',(-29.5247596744773,-28.1750014114289,29.7906099239271));
#3974=CARTESIAN_POINT('',(-27.7559982051156,-28.1657744676685,35.5760485233808));
#3975=CARTESIAN_POINT('',(-29.5231088348888,-31.8774199405835,29.796010044515));
#3976=CARTESIAN_POINT('',(-27.52212542127,-31.866981584849,36.3410229694037));
#3977=CARTESIAN_POINT('',(-29.5300422827263,-16.3274380263294,29.7733297946147));
#3978=CARTESIAN_POINT('Origin',(-30.6776093550834,-16.327437989141,30.1241713748783));
#3979=CARTESIAN_POINT('Origin',(-30.6723267468343,-28.1750013742414,30.1414515041906));
#3980=CARTESIAN_POINT('Origin',(-30.6706759072458,-31.877419903395,30.1468516247785));
#3981=CARTESIAN_POINT('Origin',(-34.8568655885605,-28.1845395112843,24.8811665745255));
#3982=CARTESIAN_POINT('',(-34.8568655885605,-28.1845395112843,24.8811665745256));
#3983=CARTESIAN_POINT('',(-36.2212339310619,-28.1844762777142,25.3416137764515));
#3984=CARTESIAN_POINT('',(-30.2157317549746,-28.1847546111606,23.3148761375013));
#3985=CARTESIAN_POINT('',(-34.8607001642132,-19.5845495136915,24.8686231565748));
#3986=CARTESIAN_POINT('',(-34.8568655885605,-28.1845395112843,24.8811665745256));
#3987=CARTESIAN_POINT('',(-36.2250685067147,-19.5844862801214,25.3290703585008));
#3988=CARTESIAN_POINT('',(-30.2195663306273,-19.5847646135678,23.3023327195506));
#3989=CARTESIAN_POINT('',(-36.2212339310619,-28.1844762777142,25.3416137764515));
#3990=CARTESIAN_POINT('Origin',(-36.2212339310619,-28.1844762777142,25.3416137764515));
#3991=CARTESIAN_POINT('',(-37.5906773438769,-28.1851217586688,25.3177051906202));
#3992=CARTESIAN_POINT('',(-31.4388982018686,-28.1822221454128,25.4251067365735));
#3993=CARTESIAN_POINT('',(-37.5945119195296,-19.585131761076,25.3051617726695));
#3994=CARTESIAN_POINT('',(-31.4427327775213,-19.58223214782,25.4125633186228));
#3995=CARTESIAN_POINT('',(-37.5897632880527,-30.2351193743741,25.3206951914108));
#3996=CARTESIAN_POINT('Origin',(-23.0457053371914,-32.0716032019798,30.1429184145554));
#3997=CARTESIAN_POINT('',(-28.8480454363683,-32.2843290516909,23.1918092340855));
#3998=CARTESIAN_POINT('',(-29.2025305861783,-32.2851350938521,22.7475400228215));
#3999=CARTESIAN_POINT('',(-23.2019495449483,-32.2714907386127,30.2679492917068));
#4000=CARTESIAN_POINT('',(-29.2025305861783,-32.2851350938521,22.7475400228215));
#4001=CARTESIAN_POINT('',(-28.8480454363683,-32.2843290516909,23.1918092340855));
#4002=CARTESIAN_POINT('Origin',(-23.0526387850285,-16.5216212877278,30.1202381646559));
#4003=CARTESIAN_POINT('',(-29.2096423863714,-16.3351536448283,22.7242763581339));
#4004=CARTESIAN_POINT('',(-28.8551572365615,-16.3343476026671,23.1685455693978));
#4005=CARTESIAN_POINT('',(-23.2090613451414,-16.3215092895889,30.2446856270189));
#4006=CARTESIAN_POINT('',(-28.8551572365615,-16.3343476026671,23.1685455693978));
#4007=CARTESIAN_POINT('',(-29.2096423863714,-16.3351536448283,22.7242763581339));
#4008=CARTESIAN_POINT('Origin',(-25.1414533067986,-16.5138334573921,36.0982722692532));
#4009=CARTESIAN_POINT('',(-26.211863365042,-16.3189528356474,32.9154050412463));
#4010=CARTESIAN_POINT('',(-25.3345701554938,-16.3138434058127,36.1503286043074));
#4011=CARTESIAN_POINT('',(-26.211863365042,-16.3189528356474,32.9154050412463));
#4012=CARTESIAN_POINT('Origin',(-25.9178997315025,-21.5808676338535,33.2309602962208));
#4013=CARTESIAN_POINT('',(-26.0550438028538,-16.7180497354297,33.48696514987));
#4014=CARTESIAN_POINT('',(-28.1245596936453,-16.7130888537536,37.5208934013796));
#4015=CARTESIAN_POINT('',(-26.0516774021354,-24.2680409542466,33.4979771040011));
#4016=CARTESIAN_POINT('',(-26.0528757070269,-21.5805440799989,33.4940572858915));
#4017=CARTESIAN_POINT('',(-28.1211932929269,-24.2630800725705,37.5319053555108));
#4018=CARTESIAN_POINT('Origin',(-25.8675735602933,-25.8041476000373,33.365666096552));
#4019=CARTESIAN_POINT('',(-25.8237735391565,-24.2662110174754,34.6829430664656));
#4020=CARTESIAN_POINT('',(-27.2696127946343,-24.2617760532222,38.1656324256153));
#4021=CARTESIAN_POINT('',(-25.7862792763368,-24.4474153759379,34.4251127913764));
#4022=CARTESIAN_POINT('Origin',(-26.0673505345693,-24.6468236581074,34.9168891901785));
#4023=CARTESIAN_POINT('',(-26.1841724821804,-27.0688916841947,32.9574386320906));
#4024=CARTESIAN_POINT('',(-26.0091244535801,-25.9156066995725,33.6031231133469));
#4025=CARTESIAN_POINT('',(-26.1841724821804,-27.0688916841947,32.9574386320906));
#4026=CARTESIAN_POINT('Ctrl Pts',(-25.9010706956066,-26.8459734851243,32.4825245985007));
#4027=CARTESIAN_POINT('Ctrl Pts',(-25.9021974351451,-26.8533968865854,32.478368492087));
#4028=CARTESIAN_POINT('Ctrl Pts',(-25.9033241746836,-26.8608202880465,32.4742123856731));
#4029=CARTESIAN_POINT('Ctrl Pts',(-25.904450914222,-26.8682436895076,32.4700562792593));
#4030=CARTESIAN_POINT('Ctrl Pts',(-25.9954379577979,-26.9202795514811,32.6408292763641));
#4031=CARTESIAN_POINT('Ctrl Pts',(-25.9965646973364,-26.9277029529422,32.6366731699502));
#4032=CARTESIAN_POINT('Ctrl Pts',(-25.9976611408595,-26.9351720331599,32.6325904389507));
#4033=CARTESIAN_POINT('Ctrl Pts',(-25.9987265683052,-26.9426870428509,32.6285813359696));
#4034=CARTESIAN_POINT('Ctrl Pts',(-26.0898052199892,-26.9945856178379,32.7991339542273));
#4035=CARTESIAN_POINT('Ctrl Pts',(-26.0909319595276,-27.002009019299,32.7949778478135));
#4036=CARTESIAN_POINT('Ctrl Pts',(-26.0919981070354,-27.0095237782732,32.7909684922284));
#4037=CARTESIAN_POINT('Ctrl Pts',(-26.0930022223883,-27.0171303961943,32.7871063926798));
#4038=CARTESIAN_POINT('Ctrl Pts',(-26.1841724821804,-27.0688916841947,32.9574386320906));
#4039=CARTESIAN_POINT('Ctrl Pts',(-26.1852992217188,-27.0763150856558,32.9532825256769));
#4040=CARTESIAN_POINT('Ctrl Pts',(-26.1863350732113,-27.0838755233866,32.949346545506));
#4041=CARTESIAN_POINT('Ctrl Pts',(-26.1872778764715,-27.0915737495377,32.9456314493901));
#4042=CARTESIAN_POINT('',(-26.1872778764715,-27.0915737495377,32.9456314493901));
#4043=CARTESIAN_POINT('',(-25.904450914222,-26.8682436895076,32.4700562792593));
#4044=CARTESIAN_POINT('Ctrl Pts',(-26.1841724821804,-27.0688916841947,32.9574386320906));
#4045=CARTESIAN_POINT('Ctrl Pts',(-26.1852992217188,-27.0763150856558,32.9532825256769));
#4046=CARTESIAN_POINT('Ctrl Pts',(-26.1863350732113,-27.0838755233866,32.949346545506));
#4047=CARTESIAN_POINT('Ctrl Pts',(-26.1872778764715,-27.0915737495377,32.9456314493901));
#4048=CARTESIAN_POINT('Ctrl Pts',(-24.2344323872927,-25.5495386590387,29.6619104831537));
#4049=CARTESIAN_POINT('Ctrl Pts',(-24.4078459293443,-26.5650877539499,29.0425349461855));
#4050=CARTESIAN_POINT('Ctrl Pts',(-24.4072139187354,-27.9825287973345,29.0446023387561));
#4051=CARTESIAN_POINT('Ctrl Pts',(-24.232895624423,-28.9961117621002,29.6669374432949));
#4052=CARTESIAN_POINT('Ctrl Pts',(-24.7911052296024,-25.9891070025283,30.5979590818556));
#4053=CARTESIAN_POINT('Ctrl Pts',(-24.9189731174967,-26.746905903434,30.1398238640506));
#4054=CARTESIAN_POINT('Ctrl Pts',(-24.9185044691498,-27.7979664276936,30.1413568764671));
#4055=CARTESIAN_POINT('Ctrl Pts',(-24.7899614526692,-28.5543113627927,30.6017005316051));
#4056=CARTESIAN_POINT('Ctrl Pts',(-25.3477780719122,-26.428675346018,31.5340076805574));
#4057=CARTESIAN_POINT('Ctrl Pts',(-25.4301003056492,-26.9287240529182,31.2371127819157));
#4058=CARTESIAN_POINT('Ctrl Pts',(-25.4297950195641,-27.6134040580527,31.2381114141781));
#4059=CARTESIAN_POINT('Ctrl Pts',(-25.3470272809154,-28.1125109634851,31.5364636199152));
#4060=CARTESIAN_POINT('Ctrl Pts',(-25.904450914222,-26.8682436895076,32.4700562792593));
#4061=CARTESIAN_POINT('Ctrl Pts',(-25.9412274938016,-27.1105422024024,32.3344016997808));
#4062=CARTESIAN_POINT('Ctrl Pts',(-25.9410855699785,-27.4288416884118,32.334865951889));
#4063=CARTESIAN_POINT('Ctrl Pts',(-25.9040931091617,-27.6707105641776,32.4712267082254));
#4064=CARTESIAN_POINT('Ctrl Pts',(-25.9987265683052,-26.9426870428509,32.6285813359696));
#4065=CARTESIAN_POINT('Ctrl Pts',(-26.0277897370445,-27.1413341212172,32.5202337048427));
#4066=CARTESIAN_POINT('Ctrl Pts',(-26.0276754795326,-27.3975850205908,32.520607456688));
#4067=CARTESIAN_POINT('Ctrl Pts',(-25.9984353176074,-27.5958891997185,32.629534056573));
#4068=CARTESIAN_POINT('Ctrl Pts',(-26.0930022223883,-27.0171303961943,32.7871063926798));
#4069=CARTESIAN_POINT('Ctrl Pts',(-26.1143519802874,-27.172126040032,32.7060657099045));
#4070=CARTESIAN_POINT('Ctrl Pts',(-26.1142653890866,-27.3663283527698,32.706348961487));
#4071=CARTESIAN_POINT('Ctrl Pts',(-26.0927775260532,-27.5210678352595,32.7878414049207));
#4072=CARTESIAN_POINT('Ctrl Pts',(-26.1872778764715,-27.0915737495377,32.9456314493901));
#4073=CARTESIAN_POINT('Ctrl Pts',(-26.2009142235302,-27.2029179588468,32.8918977149663));
#4074=CARTESIAN_POINT('Ctrl Pts',(-26.2008552986407,-27.3350716849489,32.8920904662858));
#4075=CARTESIAN_POINT('Ctrl Pts',(-26.187119734499,-27.4462464708004,32.9461487532684));
#4076=CARTESIAN_POINT('Ctrl Pts',(-26.1888578531525,-27.0928213543778,32.9482881893024));
#4077=CARTESIAN_POINT('Ctrl Pts',(-26.2023649302594,-27.2034340042051,32.8950120952105));
#4078=CARTESIAN_POINT('Ctrl Pts',(-26.2023064690328,-27.3345478508078,32.8952033298256));
#4079=CARTESIAN_POINT('Ctrl Pts',(-26.1887008265723,-27.444992530828,32.9488018445808));
#4080=CARTESIAN_POINT('Ctrl Pts',(-26.1904378298335,-27.0940689592179,32.9509449292147));
#4081=CARTESIAN_POINT('Ctrl Pts',(-26.2038156369886,-27.2039500495635,32.8981264754546));
#4082=CARTESIAN_POINT('Ctrl Pts',(-26.203757639425,-27.3340240166667,32.8983161933653));
#4083=CARTESIAN_POINT('Ctrl Pts',(-26.1902819186457,-27.4437385908555,32.9514549358933));
#4084=CARTESIAN_POINT('Ctrl Pts',(-26.1920178065145,-27.095316564058,32.9536016691269));
#4085=CARTESIAN_POINT('Ctrl Pts',(-26.2052663437179,-27.2044660949218,32.9012408556988));
#4086=CARTESIAN_POINT('Ctrl Pts',(-26.2052088098171,-27.3335001825256,32.901429056905));
#4087=CARTESIAN_POINT('Ctrl Pts',(-26.191863010719,-27.442484650883,32.9541080272057));
#4088=CARTESIAN_POINT('',(-26.187119734499,-27.4462464708004,32.9461487532684));
#4089=CARTESIAN_POINT('Ctrl Pts',(-26.1872778764715,-27.0915737495377,32.9456314493901));
#4090=CARTESIAN_POINT('Ctrl Pts',(-26.190658276956,-27.1191755711604,32.9323110534585));
#4091=CARTESIAN_POINT('Ctrl Pts',(-26.1931899314032,-27.1482765615639,32.9221240627369));
#4092=CARTESIAN_POINT('Ctrl Pts',(-26.1948691590217,-27.1783012006445,32.9153091800519));
#4093=CARTESIAN_POINT('Ctrl Pts',(-26.1965316636229,-27.2080268316857,32.9085621651172));
#4094=CARTESIAN_POINT('Ctrl Pts',(-26.1973512092599,-27.2384463408987,32.9051694842704));
#4095=CARTESIAN_POINT('Ctrl Pts',(-26.1973375975628,-27.2689739585201,32.9052140099811));
#4096=CARTESIAN_POINT('Ctrl Pts',(-26.1973239858656,-27.2995015761414,32.9052585356918));
#4097=CARTESIAN_POINT('Ctrl Pts',(-26.1964773180431,-27.3299103163062,32.9087399368925));
#4098=CARTESIAN_POINT('Ctrl Pts',(-26.1947883147278,-27.3596146449805,32.9155736327213));
#4099=CARTESIAN_POINT('Ctrl Pts',(-26.1930823218464,-27.3896177674153,32.9224760682177));
#4100=CARTESIAN_POINT('Ctrl Pts',(-26.1905247305349,-27.4186866486322,32.9327479019463));
#4101=CARTESIAN_POINT('Ctrl Pts',(-26.187119734499,-27.4462464708005,32.9461487532684));
#4102=CARTESIAN_POINT('',(-26.187119734499,-27.4462464708004,32.9461487532684));
#4103=CARTESIAN_POINT('Ctrl Pts',(-25.9040931091617,-27.6707105641776,32.4712267082254));
#4104=CARTESIAN_POINT('Ctrl Pts',(-25.902959755579,-27.6781208026652,32.4754044500766));
#4105=CARTESIAN_POINT('Ctrl Pts',(-25.9018264019963,-27.6855310411528,32.4795821919279));
#4106=CARTESIAN_POINT('Ctrl Pts',(-25.9006930484135,-27.6929412796405,32.4837599337791));
#4107=CARTESIAN_POINT('Ctrl Pts',(-25.9984353176074,-27.5958891997185,32.629534056573));
#4108=CARTESIAN_POINT('Ctrl Pts',(-25.9973631942093,-27.6033915295051,32.6335650629245));
#4109=CARTESIAN_POINT('Ctrl Pts',(-25.9962600957999,-27.6108476875948,32.6376695629612));
#4110=CARTESIAN_POINT('Ctrl Pts',(-25.9951267422172,-27.6182579260825,32.6418473048125));
#4111=CARTESIAN_POINT('Ctrl Pts',(-26.0927775260532,-27.5210678352595,32.7878414049207));
#4112=CARTESIAN_POINT('Ctrl Pts',(-26.0917666328396,-27.5286622563449,32.7917256757724));
#4113=CARTESIAN_POINT('Ctrl Pts',(-26.0906937896035,-27.5361643340368,32.7957569339945));
#4114=CARTESIAN_POINT('Ctrl Pts',(-26.0895604360208,-27.5435745725245,32.7999346758457));
#4115=CARTESIAN_POINT('Ctrl Pts',(-26.187119734499,-27.4462464708004,32.9461487532684));
#4116=CARTESIAN_POINT('Ctrl Pts',(-26.18617007147,-27.4539329831848,32.9498862886203));
#4117=CARTESIAN_POINT('Ctrl Pts',(-26.1851274834071,-27.4614809804788,32.9538443050278));
#4118=CARTESIAN_POINT('Ctrl Pts',(-26.1839941298244,-27.4688912189665,32.9580220468791));
#4119=CARTESIAN_POINT('',(-26.1839941298244,-27.4688912189665,32.9580220468791));
#4120=CARTESIAN_POINT('',(-25.9006930484135,-27.6929412796405,32.4837599337791));
#4121=CARTESIAN_POINT('Ctrl Pts',(-26.187119734499,-27.4462464708004,32.9461487532684));
#4122=CARTESIAN_POINT('Ctrl Pts',(-26.18617007147,-27.4539329831848,32.9498862886203));
#4123=CARTESIAN_POINT('Ctrl Pts',(-26.1851274834071,-27.4614809804788,32.9538443050278));
#4124=CARTESIAN_POINT('Ctrl Pts',(-26.1839941298244,-27.4688912189665,32.9580220468791));
#4125=CARTESIAN_POINT('Origin',(-26.3080904308837,-25.8433759928127,31.7413011080442));
#4126=CARTESIAN_POINT('',(-25.7871653222361,-30.0634884813124,34.4208032499642));
#4127=CARTESIAN_POINT('',(-26.4497409715892,-25.7313509624757,31.9784321645941));
#4128=CARTESIAN_POINT('',(-25.7871653222361,-30.0634884813124,34.4208032499642));
#4129=CARTESIAN_POINT('Ctrl Pts',(-25.5038642408251,-30.2875385419864,33.9465411368643));
#4130=CARTESIAN_POINT('Ctrl Pts',(-25.5013171832824,-30.3041920419366,33.9559300416651));
#4131=CARTESIAN_POINT('Ctrl Pts',(-25.4986126171653,-30.3204910529295,33.9658998078742));
#4132=CARTESIAN_POINT('Ctrl Pts',(-25.4957578885607,-30.3363933925216,33.9764233554299));
#4133=CARTESIAN_POINT('Ctrl Pts',(-25.5982979346287,-30.2128551884284,34.1046285078976));
#4134=CARTESIAN_POINT('Ctrl Pts',(-25.596222800111,-30.2264231004242,34.1122778209223));
#4135=CARTESIAN_POINT('Ctrl Pts',(-25.5940532954087,-30.2397549013334,34.1203189179712));
#4136=CARTESIAN_POINT('Ctrl Pts',(-25.5917918279829,-30.2528353240176,34.1287407756157));
#4137=CARTESIAN_POINT('Ctrl Pts',(-25.6927316284324,-30.1381718348704,34.2627158789308));
#4138=CARTESIAN_POINT('Ctrl Pts',(-25.6911284169396,-30.1486541589118,34.2686256001793));
#4139=CARTESIAN_POINT('Ctrl Pts',(-25.6894939736522,-30.1590187497373,34.2747380280682));
#4140=CARTESIAN_POINT('Ctrl Pts',(-25.6878257674051,-30.1692772555136,34.2810581958016));
#4141=CARTESIAN_POINT('Ctrl Pts',(-25.7871653222361,-30.0634884813124,34.4208032499642));
#4142=CARTESIAN_POINT('Ctrl Pts',(-25.7860340337682,-30.0708852173993,34.4249733794364));
#4143=CARTESIAN_POINT('Ctrl Pts',(-25.7849346518957,-30.0782825981412,34.4291571381652));
#4144=CARTESIAN_POINT('Ctrl Pts',(-25.7838597068272,-30.0857191870096,34.4333756159874));
#4145=CARTESIAN_POINT('',(-25.7838597072174,-30.0857191857168,34.4333756153077));
#4146=CARTESIAN_POINT('',(-25.4957578885607,-30.3363933925215,33.9764233554298));
#4147=CARTESIAN_POINT('Ctrl Pts',(-25.7871653222361,-30.0634884813124,34.4208032499642));
#4148=CARTESIAN_POINT('Ctrl Pts',(-25.7860340337682,-30.0708852173993,34.4249733794364));
#4149=CARTESIAN_POINT('Ctrl Pts',(-25.7849346518957,-30.0782825981412,34.4291571381652));
#4150=CARTESIAN_POINT('Ctrl Pts',(-25.7838597068272,-30.0857191870096,34.4333756159874));
#4151=CARTESIAN_POINT('Ctrl Pts',(-25.4957578885607,-30.3363933925215,33.9764233554298));
#4152=CARTESIAN_POINT('Ctrl Pts',(-25.4571516629954,-30.5514503714333,34.1187396688035));
#4153=CARTESIAN_POINT('Ctrl Pts',(-25.3898480745983,-30.6856411699368,34.3668893729936));
#4154=CARTESIAN_POINT('Ctrl Pts',(-25.3217868290058,-30.6852447754873,34.6178578345095));
#4155=CARTESIAN_POINT('Ctrl Pts',(-25.5917918279829,-30.2528353240175,34.1287407756156));
#4156=CARTESIAN_POINT('Ctrl Pts',(-25.5612086328087,-30.4297298095008,34.2426346626409));
#4157=CARTESIAN_POINT('Ctrl Pts',(-25.5072051912132,-30.5456243296767,34.4433947549692));
#4158=CARTESIAN_POINT('Ctrl Pts',(-25.4505275722849,-30.5508269473791,34.6525592978429));
#4159=CARTESIAN_POINT('Ctrl Pts',(-25.6878257674051,-30.1692772555135,34.2810581958015));
#4160=CARTESIAN_POINT('Ctrl Pts',(-25.6652656026218,-30.3080092475683,34.3665296564783));
#4161=CARTESIAN_POINT('Ctrl Pts',(-25.624562307828,-30.4056074894166,34.5199001369448));
#4162=CARTESIAN_POINT('Ctrl Pts',(-25.5792683155641,-30.416409119271,34.6872607611762));
#4163=CARTESIAN_POINT('Ctrl Pts',(-25.7838597068273,-30.0857191870095,34.4333756159873));
#4164=CARTESIAN_POINT('Ctrl Pts',(-25.7693225724351,-30.1862886856358,34.4904246503157));
#4165=CARTESIAN_POINT('Ctrl Pts',(-25.7419194244428,-30.2655906491566,34.5964055189204));
#4166=CARTESIAN_POINT('Ctrl Pts',(-25.7080090588432,-30.2819912911629,34.7219622245095));
#4167=CARTESIAN_POINT('',(-25.7080090588432,-30.2819912911629,34.7219622245095));
#4168=CARTESIAN_POINT('Ctrl Pts',(-25.7838597068273,-30.0857191870095,34.4333756159873));
#4169=CARTESIAN_POINT('Ctrl Pts',(-25.7801756907924,-30.1112056161481,34.4478330428483));
#4170=CARTESIAN_POINT('Ctrl Pts',(-25.7755995691332,-30.1349614549162,34.4649044379698));
#4171=CARTESIAN_POINT('Ctrl Pts',(-25.7704342800626,-30.156572946806,34.4843685403553));
#4172=CARTESIAN_POINT('Ctrl Pts',(-25.7651234406246,-30.1787934192473,34.5043811129652));
#4173=CARTESIAN_POINT('Ctrl Pts',(-25.7592262485552,-30.1985810100843,34.5267715432087));
#4174=CARTESIAN_POINT('Ctrl Pts',(-25.7528813984055,-30.2155884358334,34.5511201445703));
#4175=CARTESIAN_POINT('Ctrl Pts',(-25.7463419555744,-30.2331174689497,34.5762155026743));
#4176=CARTESIAN_POINT('Ctrl Pts',(-25.7393630251599,-30.2475741676092,34.6032194124198));
#4177=CARTESIAN_POINT('Ctrl Pts',(-25.7319752591239,-30.2586848360159,34.6315320550849));
#4178=CARTESIAN_POINT('Ctrl Pts',(-25.724364184235,-30.2701313448655,34.6607004995889));
#4179=CARTESIAN_POINT('Ctrl Pts',(-25.7163516267715,-30.27795643434,34.6910729867585));
#4180=CARTESIAN_POINT('Ctrl Pts',(-25.7080090588432,-30.2819912911629,34.7219622245095));
#4181=CARTESIAN_POINT('',(-25.7080090588432,-30.2819912911629,34.7219622245095));
#4182=CARTESIAN_POINT('Ctrl Pts',(-25.3217868290058,-30.6852447754873,34.6178578345095));
#4183=CARTESIAN_POINT('Ctrl Pts',(-25.3172943591461,-30.6852186109629,34.6344233298848));
#4184=CARTESIAN_POINT('Ctrl Pts',(-25.3128018892864,-30.6851924464386,34.6509888252602));
#4185=CARTESIAN_POINT('Ctrl Pts',(-25.3083094194267,-30.6851662819143,34.6675543206354));
#4186=CARTESIAN_POINT('Ctrl Pts',(-25.4505275722849,-30.5508269473791,34.6525592978429));
#4187=CARTESIAN_POINT('Ctrl Pts',(-25.4460405453688,-30.5515311282213,34.6691274228648));
#4188=CARTESIAN_POINT('Ctrl Pts',(-25.4415464550833,-30.5518657453856,34.6856930486296));
#4189=CARTESIAN_POINT('Ctrl Pts',(-25.4370539852235,-30.5518395808613,34.7022585440048));
#4190=CARTESIAN_POINT('Ctrl Pts',(-25.5792683155641,-30.416409119271,34.6872607611762));
#4191=CARTESIAN_POINT('Ctrl Pts',(-25.5747867315915,-30.4178436454796,34.7038315158447));
#4192=CARTESIAN_POINT('Ctrl Pts',(-25.57029102088,-30.4185390443327,34.720397271999));
#4193=CARTESIAN_POINT('Ctrl Pts',(-25.5657985510203,-30.4185128798083,34.7369627673743));
#4194=CARTESIAN_POINT('Ctrl Pts',(-25.7080090588432,-30.2819912911629,34.7219622245095));
#4195=CARTESIAN_POINT('Ctrl Pts',(-25.7035329178142,-30.2841561627379,34.7385356088247));
#4196=CARTESIAN_POINT('Ctrl Pts',(-25.6990355866768,-30.2852123432797,34.7551014953685));
#4197=CARTESIAN_POINT('Ctrl Pts',(-25.6945431168171,-30.2851861787554,34.7716669907438));
#4198=CARTESIAN_POINT('',(-25.6945431168171,-30.2851861787553,34.7716669907438));
#4199=CARTESIAN_POINT('',(-25.3083094194267,-30.6851662819143,34.6675543206354));
#4200=CARTESIAN_POINT('Ctrl Pts',(-25.7080090588432,-30.2819912911629,34.7219622245095));
#4201=CARTESIAN_POINT('Ctrl Pts',(-25.7035329178142,-30.2841561627379,34.7385356088247));
#4202=CARTESIAN_POINT('Ctrl Pts',(-25.6990355866768,-30.2852123432797,34.7551014953685));
#4203=CARTESIAN_POINT('Ctrl Pts',(-25.6945431168171,-30.2851861787554,34.7716669907438));
#4204=CARTESIAN_POINT('Origin',(-26.274971134327,-30.4896814210453,31.8672478566428));
#4205=CARTESIAN_POINT('',(-24.9098984522162,-30.2806163418804,37.6649590925427));
#4206=CARTESIAN_POINT('',(-26.4680879830221,-30.2896913694658,31.9193041916971));
#4207=CARTESIAN_POINT('',(-24.9098984522162,-30.2806163418804,37.6649590925427));
#4208=CARTESIAN_POINT('Ctrl Pts',(-24.5236647548258,-30.6805964450393,37.5608464224343));
#4209=CARTESIAN_POINT('Ctrl Pts',(-24.514800143562,-30.6805448167938,37.5935337150549));
#4210=CARTESIAN_POINT('Ctrl Pts',(-24.5059365139334,-30.678357501797,37.6262177843869));
#4211=CARTESIAN_POINT('Ctrl Pts',(-24.4971434825737,-30.6740508504749,37.6586419236847));
#4212=CARTESIAN_POINT('Ctrl Pts',(-24.6524093206226,-30.5472697439864,37.5955506458038));
#4213=CARTESIAN_POINT('Ctrl Pts',(-24.645010003747,-30.5472266497392,37.6228348242869));
#4214=CARTESIAN_POINT('Ctrl Pts',(-24.6376128954835,-30.5457597649981,37.6501168672742));
#4215=CARTESIAN_POINT('Ctrl Pts',(-24.6302319120366,-30.5428798504121,37.6773114392413));
#4216=CARTESIAN_POINT('Ctrl Pts',(-24.7811538864194,-30.4139430429334,37.6302548691733));
#4217=CARTESIAN_POINT('Ctrl Pts',(-24.775219863932,-30.4139084826847,37.6521359335187));
#4218=CARTESIAN_POINT('Ctrl Pts',(-24.7692892770335,-30.4131620281992,37.6740159501614));
#4219=CARTESIAN_POINT('Ctrl Pts',(-24.7633203414993,-30.4117088503492,37.695980954798));
#4220=CARTESIAN_POINT('Ctrl Pts',(-24.9098984522162,-30.2806163418804,37.6649590925426));
#4221=CARTESIAN_POINT('Ctrl Pts',(-24.905429724117,-30.2805903156301,37.6814370427507));
#4222=CARTESIAN_POINT('Ctrl Pts',(-24.9009656585834,-30.2805642914003,37.6979150330487));
#4223=CARTESIAN_POINT('Ctrl Pts',(-24.8964087709622,-30.2805378502864,37.7146504703546));
#4224=CARTESIAN_POINT('',(-24.8964087678271,-30.2805378501978,37.7146504765919));
#4225=CARTESIAN_POINT('',(-24.4971434825724,-30.6740508504742,37.6586419236898));
#4226=CARTESIAN_POINT('Ctrl Pts',(-24.9098984522162,-30.2806163418804,37.6649590925427));
#4227=CARTESIAN_POINT('Ctrl Pts',(-24.9076559127249,-30.2806032811408,37.6732282137015));
#4228=CARTESIAN_POINT('Ctrl Pts',(-24.9054118046549,-30.2805902049365,37.6815074586073));
#4229=CARTESIAN_POINT('Ctrl Pts',(-24.9009052804665,-30.2805639708823,37.698116328442));
#4230=CARTESIAN_POINT('Ctrl Pts',(-24.8986669284534,-30.2805509531329,37.7063572544007));
#4231=CARTESIAN_POINT('Ctrl Pts',(-24.8964087709623,-30.2805378502863,37.7146504703546));
#4232=CARTESIAN_POINT('Ctrl Pts',(-24.4971434826583,-30.6740508505163,37.658641923373));
#4233=CARTESIAN_POINT('Ctrl Pts',(-24.4334327141043,-30.6428465873306,37.8935741952907));
#4234=CARTESIAN_POINT('Ctrl Pts',(-24.3742593797983,-30.4936847303951,38.1117970683841));
#4235=CARTESIAN_POINT('Ctrl Pts',(-24.34194294737,-30.2807714141232,38.2309998898919));
#4236=CARTESIAN_POINT('Ctrl Pts',(-24.6302319121076,-30.5428798504398,37.6773114389799));
#4237=CARTESIAN_POINT('Ctrl Pts',(-24.576752274694,-30.5220131499865,37.8743523696889));
#4238=CARTESIAN_POINT('Ctrl Pts',(-24.5252551355641,-30.400926604841,38.0626466578328));
#4239=CARTESIAN_POINT('Ctrl Pts',(-24.4967825098359,-30.2211356989241,38.1664596756897));
#4240=CARTESIAN_POINT('Ctrl Pts',(-24.7633203415568,-30.4117088503632,37.6959809545868));
#4241=CARTESIAN_POINT('Ctrl Pts',(-24.7200718352838,-30.4011797126424,37.8551305440871));
#4242=CARTESIAN_POINT('Ctrl Pts',(-24.6762508913298,-30.308168479287,38.0134962472815));
#4243=CARTESIAN_POINT('Ctrl Pts',(-24.651622072302,-30.161499983725,38.1019194614875));
#4244=CARTESIAN_POINT('Ctrl Pts',(-24.896408771006,-30.2805378502866,37.7146504701937));
#4245=CARTESIAN_POINT('Ctrl Pts',(-24.8633913958735,-30.2803462752982,37.8359087184853));
#4246=CARTESIAN_POINT('Ctrl Pts',(-24.8272466470956,-30.215410353733,37.9643458367302));
#4247=CARTESIAN_POINT('Ctrl Pts',(-24.8064616347681,-30.1018642685259,38.0373792472854));
#4248=CARTESIAN_POINT('',(-24.8064616347681,-30.1018642685259,38.0373792472854));
#4249=CARTESIAN_POINT('Ctrl Pts',(-24.8964087691646,-30.280537850276,37.7146504769562));
#4250=CARTESIAN_POINT('Ctrl Pts',(-24.8878598184474,-30.2804882465859,37.7460470000061));
#4251=CARTESIAN_POINT('Ctrl Pts',(-24.8788852263478,-30.2765308371692,37.7771874394545));
#4252=CARTESIAN_POINT('Ctrl Pts',(-24.8612439586385,-30.2607101794508,37.8387626225216));
#4253=CARTESIAN_POINT('Ctrl Pts',(-24.8526638624833,-30.2487120763368,37.8688893026046));
#4254=CARTESIAN_POINT('Ctrl Pts',(-24.8370214601223,-30.2176084506856,37.9251549867258));
#4255=CARTESIAN_POINT('Ctrl Pts',(-24.8299769831117,-30.198757769248,37.9511607023901));
#4256=CARTESIAN_POINT('Ctrl Pts',(-24.817201137516,-30.1546597102411,37.9985127312385));
#4257=CARTESIAN_POINT('Ctrl Pts',(-24.8115158400818,-30.1294747995262,38.0196200154941));
#4258=CARTESIAN_POINT('Ctrl Pts',(-24.8064616347681,-30.1018642685259,38.0373792472854));
#4259=CARTESIAN_POINT('',(-24.8064616347681,-30.1018642685259,38.0373792472854));
#4260=CARTESIAN_POINT('Ctrl Pts',(-24.34194294737,-30.2807714141232,38.2309998898919));
#4261=CARTESIAN_POINT('Ctrl Pts',(-24.3408162078315,-30.2733480126621,38.2351559963058));
#4262=CARTESIAN_POINT('Ctrl Pts',(-24.3396894682931,-30.265924611201,38.2393121027196));
#4263=CARTESIAN_POINT('Ctrl Pts',(-24.3385627287546,-30.2585012097399,38.2434682091333));
#4264=CARTESIAN_POINT('Ctrl Pts',(-24.4967825098359,-30.2211356989241,38.1664596756897));
#4265=CARTESIAN_POINT('Ctrl Pts',(-24.4955951671069,-30.2138039478308,38.170763052987));
#4266=CARTESIAN_POINT('Ctrl Pts',(-24.4944379537809,-30.2064262145594,38.1749924677462));
#4267=CARTESIAN_POINT('Ctrl Pts',(-24.4933112142425,-30.1990028130983,38.17914857416));
#4268=CARTESIAN_POINT('Ctrl Pts',(-24.651622072302,-30.161499983725,38.1019194614875));
#4269=CARTESIAN_POINT('Ctrl Pts',(-24.6503741263821,-30.1542598829995,38.1063701096681));
#4270=CARTESIAN_POINT('Ctrl Pts',(-24.6491864392687,-30.1469278179177,38.1106728327727));
#4271=CARTESIAN_POINT('Ctrl Pts',(-24.6480596997303,-30.1395044164566,38.1148289391866));
#4272=CARTESIAN_POINT('Ctrl Pts',(-24.8064616347681,-30.1018642685259,38.0373792472854));
#4273=CARTESIAN_POINT('Ctrl Pts',(-24.8051530856574,-30.0947158181682,38.0419771663493));
#4274=CARTESIAN_POINT('Ctrl Pts',(-24.8039349247566,-30.0874294212761,38.0463531977993));
#4275=CARTESIAN_POINT('Ctrl Pts',(-24.8028081852181,-30.080006019815,38.0505093042131));
#4276=CARTESIAN_POINT('',(-24.8028081852181,-30.080006019815,38.0505093042131));
#4277=CARTESIAN_POINT('',(-24.3385627287546,-30.2585012097399,38.2434682091333));
#4278=CARTESIAN_POINT('Ctrl Pts',(-24.8064616347681,-30.1018642685259,38.0373792472854));
#4279=CARTESIAN_POINT('Ctrl Pts',(-24.8051530856574,-30.0947158181682,38.0419771663493));
#4280=CARTESIAN_POINT('Ctrl Pts',(-24.8039349247566,-30.0874294212761,38.0463531977993));
#4281=CARTESIAN_POINT('Ctrl Pts',(-24.8028081852181,-30.080006019815,38.0505093042131));
#4282=CARTESIAN_POINT('Origin',(-24.5994401173511,-30.358700581428,38.0409239348657));
#4283=CARTESIAN_POINT('',(-24.4082951979899,-27.4807999159414,39.5057151442574));
#4284=CARTESIAN_POINT('',(-24.8315628455827,-30.2694529864655,37.9444444824056));
#4285=CARTESIAN_POINT('',(-24.4082951979899,-27.4807999159414,39.5057151442574));
#4286=CARTESIAN_POINT('Ctrl Pts',(-23.9440497415264,-27.6592951058664,39.6986740491778));
#4287=CARTESIAN_POINT('Ctrl Pts',(-23.9420213562518,-27.6459313090904,39.7061559780193));
#4288=CARTESIAN_POINT('Ctrl Pts',(-23.9400942267418,-27.6323412756537,39.7132645793093));
#4289=CARTESIAN_POINT('Ctrl Pts',(-23.9382717320798,-27.6185477098649,39.7199873888347));
#4290=CARTESIAN_POINT('Ctrl Pts',(-24.0987982270142,-27.5997967092247,39.6343544142043));
#4291=CARTESIAN_POINT('Ctrl Pts',(-24.0970708292425,-27.5884159360248,39.6407261165484));
#4292=CARTESIAN_POINT('Ctrl Pts',(-24.0954025164546,-27.5768842002696,39.6468455320088));
#4293=CARTESIAN_POINT('Ctrl Pts',(-24.0937937898236,-27.5652083846699,39.652708765302));
#4294=CARTESIAN_POINT('Ctrl Pts',(-24.253546712502,-27.5402983125831,39.5700347792309));
#4295=CARTESIAN_POINT('Ctrl Pts',(-24.2521203022333,-27.5309005629592,39.5752962550775));
#4296=CARTESIAN_POINT('Ctrl Pts',(-24.2507108061675,-27.5214271248855,39.5804264847084));
#4297=CARTESIAN_POINT('Ctrl Pts',(-24.2493158475675,-27.5118690594749,39.5854301417693));
#4298=CARTESIAN_POINT('Ctrl Pts',(-24.4082951979899,-27.4807999159414,39.5057151442574));
#4299=CARTESIAN_POINT('Ctrl Pts',(-24.407169775224,-27.4733851898936,39.5098663936067));
#4300=CARTESIAN_POINT('Ctrl Pts',(-24.4060190958802,-27.4659700495013,39.5140074374078));
#4301=CARTESIAN_POINT('Ctrl Pts',(-24.4048379053114,-27.4585297342799,39.5181515182367));
#4302=CARTESIAN_POINT('',(-24.4048379044483,-27.4585297310287,39.5181515198921));
#4303=CARTESIAN_POINT('',(-23.9382717320798,-27.6185477098648,39.7199873888347));
#4304=CARTESIAN_POINT('Ctrl Pts',(-24.4082951979899,-27.4807999159414,39.5057151442574));
#4305=CARTESIAN_POINT('Ctrl Pts',(-24.407169775224,-27.4733851898936,39.5098663936067));
#4306=CARTESIAN_POINT('Ctrl Pts',(-24.4060190958802,-27.4659700495013,39.5140074374078));
#4307=CARTESIAN_POINT('Ctrl Pts',(-24.4048379053114,-27.4585297342799,39.5181515182367));
#4308=CARTESIAN_POINT('Ctrl Pts',(-23.938271732084,-27.618547709897,39.719987388819));
#4309=CARTESIAN_POINT('Ctrl Pts',(-23.9088731370251,-27.3960442022369,39.8284327845776));
#4310=CARTESIAN_POINT('Ctrl Pts',(-23.908996368024,-27.1196680256085,39.8280296792372));
#4311=CARTESIAN_POINT('Ctrl Pts',(-23.9385932302353,-26.8975081124802,39.7189357246854));
#4312=CARTESIAN_POINT('Ctrl Pts',(-24.0937937898274,-27.565208384697,39.6527087652883));
#4313=CARTESIAN_POINT('Ctrl Pts',(-24.0678434786197,-27.3768662288804,39.7472883692898));
#4314=CARTESIAN_POINT('Ctrl Pts',(-24.0679494387033,-27.1392243772376,39.7469417594602));
#4315=CARTESIAN_POINT('Ctrl Pts',(-24.0940675727167,-26.9511821344876,39.6518131842596));
#4316=CARTESIAN_POINT('Ctrl Pts',(-24.2493158475708,-27.5118690594971,39.5854301417576));
#4317=CARTESIAN_POINT('Ctrl Pts',(-24.2268138202144,-27.357688255524,39.6661439540019));
#4318=CARTESIAN_POINT('Ctrl Pts',(-24.2269025093825,-27.1587807288667,39.665853839683));
#4319=CARTESIAN_POINT('Ctrl Pts',(-24.2495419151981,-27.0048561564951,39.5846906438337));
#4320=CARTESIAN_POINT('Ctrl Pts',(-24.4048379053141,-27.4585297342972,39.518151518227));
#4321=CARTESIAN_POINT('Ctrl Pts',(-24.3857841618091,-27.3385102821675,39.5849995387141));
#4322=CARTESIAN_POINT('Ctrl Pts',(-24.3858555800619,-27.1783370804958,39.584765919906));
#4323=CARTESIAN_POINT('Ctrl Pts',(-24.4050162576794,-27.0585301785025,39.5175681034079));
#4324=CARTESIAN_POINT('',(-24.4050162568107,-27.0585301817653,39.5175681050825));
#4325=CARTESIAN_POINT('Ctrl Pts',(-24.4048379047989,-27.4585297310523,39.5181515200343));
#4326=CARTESIAN_POINT('Ctrl Pts',(-24.4000532478446,-27.4283911960991,39.5349379769039));
#4327=CARTESIAN_POINT('Ctrl Pts',(-24.3959081815746,-27.3960806684156,39.5476774643226));
#4328=CARTESIAN_POINT('Ctrl Pts',(-24.3901484879814,-27.3285287149904,39.5648533561553));
#4329=CARTESIAN_POINT('Ctrl Pts',(-24.3885895432737,-27.2935591527713,39.5691561788281));
#4330=CARTESIAN_POINT('Ctrl Pts',(-24.3886208541515,-27.2233367186943,39.5690537566927));
#4331=CARTESIAN_POINT('Ctrl Pts',(-24.3902109771256,-27.1883812610064,39.5646489456745));
#4332=CARTESIAN_POINT('Ctrl Pts',(-24.3960308862687,-27.1208848614088,39.547276080597));
#4333=CARTESIAN_POINT('Ctrl Pts',(-24.4002047475808,-27.0886153424338,39.5344424006831));
#4334=CARTESIAN_POINT('Ctrl Pts',(-24.4050162571614,-27.0585301817417,39.5175681052247));
#4335=CARTESIAN_POINT('',(-24.405016257026,-27.0585301785547,39.5175681031698));
#4336=CARTESIAN_POINT('Ctrl Pts',(-23.938593230231,-26.8975081125121,39.7189357247011));
#4337=CARTESIAN_POINT('Ctrl Pts',(-23.9404280159847,-26.8837358470337,39.712172709345));
#4338=CARTESIAN_POINT('Ctrl Pts',(-23.9423672545408,-26.8701683316516,39.7050244977199));
#4339=CARTESIAN_POINT('Ctrl Pts',(-23.9444075465867,-26.8568282311964,39.6975036202117));
#4340=CARTESIAN_POINT('Ctrl Pts',(-24.0940675727129,-26.9511821345147,39.6518131842733));
#4341=CARTESIAN_POINT('Ctrl Pts',(-24.0956867031121,-26.9395249112986,39.6459159188408));
#4342=CARTESIAN_POINT('Ctrl Pts',(-24.0973652908265,-26.9280125676947,39.6397628926996));
#4343=CARTESIAN_POINT('Ctrl Pts',(-24.0991028285507,-26.9166519745721,39.6333580211933));
#4344=CARTESIAN_POINT('Ctrl Pts',(-24.2495419151948,-27.0048561565172,39.5846906438454));
#4345=CARTESIAN_POINT('Ctrl Pts',(-24.2509453902395,-26.9953139755634,39.5796591283366));
#4346=CARTESIAN_POINT('Ctrl Pts',(-24.2523633271123,-26.9858568037378,39.5745012876793));
#4347=CARTESIAN_POINT('Ctrl Pts',(-24.2537981105147,-26.9764757179478,39.569212422175));
#4348=CARTESIAN_POINT('Ctrl Pts',(-24.4050162576767,-27.0585301785197,39.5175681034176));
#4349=CARTESIAN_POINT('Ctrl Pts',(-24.4062040773668,-27.0511030398283,39.5134023378324));
#4350=CARTESIAN_POINT('Ctrl Pts',(-24.407361363398,-27.0437010397809,39.5092396826589));
#4351=CARTESIAN_POINT('Ctrl Pts',(-24.4084933924787,-27.0362994613235,39.5050668231567));
#4352=CARTESIAN_POINT('',(-24.4084933924787,-27.0362994613235,39.5050668231567));
#4353=CARTESIAN_POINT('',(-23.9444075465867,-26.8568282311964,39.6975036202117));
#4354=CARTESIAN_POINT('Ctrl Pts',(-24.4050162576767,-27.0585301785197,39.5175681034176));
#4355=CARTESIAN_POINT('Ctrl Pts',(-24.4062040773668,-27.0511030398283,39.5134023378324));
#4356=CARTESIAN_POINT('Ctrl Pts',(-24.407361363398,-27.0437010397809,39.5092396826589));
#4357=CARTESIAN_POINT('Ctrl Pts',(-24.4084933924787,-27.0362994613235,39.5050668231567));
#4358=CARTESIAN_POINT('Origin',(-24.6454475009814,-23.8801069999433,37.8724791753816));
#4359=CARTESIAN_POINT('',(-24.7546119002445,-24.7732628180065,38.2292127583359));
#4360=CARTESIAN_POINT('',(-24.8774904239273,-23.9698426150068,37.7762607768542));
#4361=CARTESIAN_POINT('',(-24.3420124415083,-24.6271058610359,38.4066323654437));
#4362=CARTESIAN_POINT('',(-24.7546119002445,-24.7732628180065,38.2292127583359));
#4363=CARTESIAN_POINT('',(-23.1187172505318,-25.5056061988657,39.5523888774484));
#4364=CARTESIAN_POINT('Origin',(-22.9606072040578,-24.2500286433759,44.9025839951343));
#4365=CARTESIAN_POINT('',(-24.7340137714481,-24.2685303252059,38.3322847561463));
#4366=CARTESIAN_POINT('',(-24.6292194466518,-24.3624128783342,38.359668216809));
#4367=CARTESIAN_POINT('Origin',(-24.3039763783303,-25.2222321804998,36.284808327343));
#4368=CARTESIAN_POINT('',(-24.7433805866557,-24.2604116663042,38.3288004981274));
#4369=CARTESIAN_POINT('Origin',(-24.4665907649858,-24.7884567151845,37.3369529766849));
#4370=CARTESIAN_POINT('',(-23.8274233561985,-24.2550770539424,41.7062934449703));
#4371=CARTESIAN_POINT('',(-25.6957445785366,-24.265958314723,34.817061567043));
#4372=CARTESIAN_POINT('',(-23.8274233561985,-24.2550770539424,41.7062934449703));
#4373=CARTESIAN_POINT('',(-23.0044111806001,-25.8598531863959,38.6253571991218));
#4374=CARTESIAN_POINT('Origin',(-21.9875666844907,-37.9218088882509,41.228920633171));
#4375=CARTESIAN_POINT('',(-22.932647075109,-31.8536939636097,42.3870882660528));
#4376=CARTESIAN_POINT('Origin',(-21.9902717725219,-31.8549759144448,41.2200719226901));
#4377=CARTESIAN_POINT('',(-22.9358574175159,-24.653702337718,42.3765867998615));
#4378=CARTESIAN_POINT('Origin',(-21.9934821149288,-24.6549842885532,41.2095704564988));
#4379=CARTESIAN_POINT('',(-22.9299419870778,-37.9205269374158,42.3959369765337));
#4380=CARTESIAN_POINT('Origin',(-25.1345198589613,-32.0638153716442,36.1209525191524));
#4381=CARTESIAN_POINT('',(-23.8238563090797,-32.2550677493775,41.7179617407384));
#4382=CARTESIAN_POINT('',(-23.4379793164011,-31.8550487829929,41.6126822410532));
#4383=CARTESIAN_POINT('',(-25.3274583553006,-32.2638248548365,36.173592268995));
#4384=CARTESIAN_POINT('Origin',(-34.6721366515177,-14.7362937250877,31.3896765831733));
#4385=CARTESIAN_POINT('',(-40.5261232816237,-21.790451223536,18.7215922146597));
#4386=CARTESIAN_POINT('',(-36.2881726241086,-16.7302683531788,28.2379744795442));
#4387=CARTESIAN_POINT('',(-34.8053058234225,-14.9597009751592,31.5677742963993));
#4388=CARTESIAN_POINT('',(-36.0714932444369,-16.3427474739383,27.7702690984453));
#4389=CARTESIAN_POINT('',(-36.0714932444369,-16.3427474739383,27.7702690984453));
#4390=CARTESIAN_POINT('',(-40.1768369482598,-21.2445954579812,18.5516577526437));
#4391=CARTESIAN_POINT('',(-34.5389674796129,-14.5128864750161,31.2115788699473));
#4392=CARTESIAN_POINT('',(-40.5373206159488,-21.8011524850469,18.6766778972666));
#4393=CARTESIAN_POINT('',(-40.5373206159488,-21.8011524850469,18.6766778972666));
#4394=CARTESIAN_POINT('',(-40.0398662315267,-21.3257367027855,20.6720478185118));
#4395=CARTESIAN_POINT('Origin',(-42.6231720754231,-32.3092638511587,10.3071822985053));
#4396=CARTESIAN_POINT('',(-40.5216173909889,-31.8960321015849,18.7363315951263));
#4397=CARTESIAN_POINT('',(-40.5684644087819,-31.8963270438023,18.5484353060118));
#4398=CARTESIAN_POINT('',(-40.521439038633,-32.296031636356,18.7369150099147));
#4399=CARTESIAN_POINT('',(-41.4975659927195,-23.5089950059632,14.8247179157212));
#4400=CARTESIAN_POINT('',(-41.0218261099628,-22.6628687758115,16.7331165754124));
#4401=CARTESIAN_POINT('',(-40.8686230596589,-22.6079798742182,17.3476085791085));
#4402=CARTESIAN_POINT('Origin',(-28.0410902800253,-32.0502988034079,46.2767024354655));
#4403=CARTESIAN_POINT('',(-25.673683795727,-31.8407703862272,52.0856687783425));
#4404=CARTESIAN_POINT('',(-28.2238888686595,-31.8502618555916,46.3577573273702));
#4405=CARTESIAN_POINT('',(-40.1417864063502,-32.2960530211851,18.6061917846701));
#4406=CARTESIAN_POINT('',(-40.1417864063502,-32.2960530211851,18.6061917846701));
#4407=CARTESIAN_POINT('',(-25.3438081822864,-32.2409772320026,51.8433262490696));
#4408=CARTESIAN_POINT('',(-27.8582916913911,-32.2503357512242,46.1956475435609));
#4409=CARTESIAN_POINT('',(-25.3438081822864,-32.2409772320026,51.8433262490696));
#4410=CARTESIAN_POINT('Origin',(-24.3093724374357,-28.6759193851785,53.278045256868));
#4411=CARTESIAN_POINT('',(-22.7618796294076,-31.8357497942971,54.6377249359952));
#4412=CARTESIAN_POINT('',(-26.95178492058,-31.8429741141659,50.9654746789204));
#4413=CARTESIAN_POINT('',(-22.7650899718146,-24.6357581684055,54.6272234698037));
#4414=CARTESIAN_POINT('',(-22.764083952973,-26.8920057323814,54.6305142941191));
#4415=CARTESIAN_POINT('',(-25.6768941381339,-24.6407787603356,52.0751673121512));
#4416=CARTESIAN_POINT('',(-26.954995262987,-24.6429824882743,50.954973212729));
#4417=CARTESIAN_POINT('',(-25.6750938939852,-28.6782741898741,52.0810561553546));
#4418=CARTESIAN_POINT('Origin',(-27.8454154676345,-24.6488496617637,47.2045401273969));
#4419=CARTESIAN_POINT('',(-30.722677976843,-24.659558388387,40.7420383274935));
#4420=CARTESIAN_POINT('',(-34.0405701115177,-24.6719070704146,33.2898563233853));
#4421=CARTESIAN_POINT('',(-25.3473752294051,-24.2409865365675,51.8316579533014));
#4422=CARTESIAN_POINT('',(-25.6660967491311,-24.6276787164658,52.0671882092722));
#4423=CARTESIAN_POINT('',(-30.0320512686278,-24.2584221771721,41.309598447603));
#4424=CARTESIAN_POINT('',(-25.7000056543915,-24.2422989725402,51.0396291589591));
#4425=CARTESIAN_POINT('Origin',(-29.8095767954517,-23.6597454536095,40.3338467940274));
#4426=CARTESIAN_POINT('Origin',(-29.8094941424819,-23.8451153035375,40.3341171631214));
#4427=CARTESIAN_POINT('',(-28.8726895523303,-24.2598381300976,39.9843742295796));
#4428=CARTESIAN_POINT('',(-28.8760559530513,-16.7098469112901,39.9733622754425));
#4429=CARTESIAN_POINT('',(-28.8728744278946,-23.845208677868,39.9837694764906));
#4430=CARTESIAN_POINT('',(-30.7262227299201,-16.7095676347984,40.7304429585677));
#4431=CARTESIAN_POINT('Origin',(-29.8126756676387,-16.7097535369596,40.3237099620734));
#4432=CARTESIAN_POINT('',(-30.7230412047634,-23.8449294013857,40.7408501596158));
#4433=CARTESIAN_POINT('Origin',(-29.8093092669176,-24.2597447557717,40.3347219162105));
#4434=CARTESIAN_POINT('Origin',(-28.0480237278625,-16.5003168891558,46.2540221855662));
#4435=CARTESIAN_POINT('',(-28.2306439641408,-16.7002794761113,46.3356604922593));
#4436=CARTESIAN_POINT('',(-30.3609822573635,-16.3096424608874,40.5671663451816));
#4437=CARTESIAN_POINT('',(-30.7262227299201,-16.7095676347984,40.7304429585677));
#4438=CARTESIAN_POINT('',(-36.0534057117192,-16.3308287817052,27.7816465318699));
#4439=CARTESIAN_POINT('',(-27.8654034915841,-16.3003543022003,46.1723838788732));
#4440=CARTESIAN_POINT('',(-31.9861014796317,-13.650698322922,30.3400652969126));
#4441=CARTESIAN_POINT('Origin',(-25.7116618199872,-16.302290816233,44.1862675918206));
#4442=CARTESIAN_POINT('',(-29.2508821912425,-16.3098100267768,40.1129179353066));
#4443=CARTESIAN_POINT('Origin',(-29.8128540199946,-16.3097540021785,40.3231265472849));
#4444=CARTESIAN_POINT('',(-30.5425984881641,-16.3154227121674,36.6596443118822));
#4445=CARTESIAN_POINT('',(-28.2316868095738,-16.3053814823336,42.8376342968004));
#4446=CARTESIAN_POINT('',(-29.4873083495218,-16.3183309400379,34.3431050254691));
#4447=CARTESIAN_POINT('Origin',(-28.8566830019068,-16.3155907859623,36.0290184759467));
#4448=CARTESIAN_POINT('',(-26.3404231720772,-16.3186446621301,33.1659955488697));
#4449=CARTESIAN_POINT('',(-28.982813088961,-16.3183812346307,34.1543958357084));
#4450=CARTESIAN_POINT('',(-28.4806351348754,-16.3135143133579,37.3377255362384));
#4451=CARTESIAN_POINT('',(-31.4718138042622,-16.3379166753998,21.5214488755512));
#4452=CARTESIAN_POINT('',(-23.159683326864,-16.3277641863171,25.9411223352881));
#4453=CARTESIAN_POINT('',(-37.7944516195341,-16.328135318699,30.1605776396158));
#4454=CARTESIAN_POINT('Origin',(-29.5991168675573,-32.0648460353425,38.4402981279477));
#4455=CARTESIAN_POINT('',(-32.1982710932884,-32.2749965561415,30.6145119199764));
#4456=CARTESIAN_POINT('',(-31.8182429796029,-31.8774198662044,30.4976932050421));
#4457=CARTESIAN_POINT('',(-33.0169004952383,-32.2792670287762,27.9368585321522));
#4458=CARTESIAN_POINT('',(-28.8150458656548,-32.2573475800389,41.680697022743));
#4459=CARTESIAN_POINT('',(-32.6368723815529,-31.8816903388417,27.8200398172179));
#4460=CARTESIAN_POINT('Origin',(-31.4892161330178,-32.0816901434148,27.4694899443485));
#4461=CARTESIAN_POINT('',(-32.3616354013249,-32.2816080379746,26.1315037752164));
#4462=CARTESIAN_POINT('Origin',(-31.4891280371358,-32.2792670782857,27.4697781179478));
#4463=CARTESIAN_POINT('Ctrl Pts',(-32.1554447023739,-31.8834432003657,26.4710723749192));
#4464=CARTESIAN_POINT('Ctrl Pts',(-32.2231615142649,-32.0140632754449,26.3596886897882));
#4465=CARTESIAN_POINT('Ctrl Pts',(-32.294424323054,-32.1517092482604,26.242296314964));
#4466=CARTESIAN_POINT('Ctrl Pts',(-32.3616354013249,-32.2816080379745,26.1315037752164));
#4467=CARTESIAN_POINT('Origin',(-31.431946805238,-32.0812038497036,27.7853940700963));
#4468=CARTESIAN_POINT('',(-31.1419299696903,-32.2813867019021,25.9103866320702));
#4469=CARTESIAN_POINT('Origin',(-31.431858709356,-32.2787807845746,27.7856822436956));
#4470=CARTESIAN_POINT('Ctrl Pts',(-31.1419299696903,-32.2813867019021,25.9103866320702));
#4471=CARTESIAN_POINT('Ctrl Pts',(-31.1660170974952,-32.1515044794347,26.0377303803156));
#4472=CARTESIAN_POINT('Ctrl Pts',(-31.1915840394996,-32.0138760782689,26.1726767620408));
#4473=CARTESIAN_POINT('Ctrl Pts',(-31.2159374556785,-31.8832727109684,26.3007516130645));
#4474=CARTESIAN_POINT('Origin',(-31.4892161330178,-32.0816901434148,27.4694899443485));
#4475=CARTESIAN_POINT('',(-29.9613555790333,-32.2792671277952,27.0026977037434));
#4476=CARTESIAN_POINT('Origin',(-31.4891280371358,-32.2792670782857,27.4697781179478));
#4477=CARTESIAN_POINT('',(-30.3417382368387,-31.8816904132161,27.1183566566907));
#4478=CARTESIAN_POINT('Origin',(-27.3307750663658,-32.0669813584329,36.2828410800873));
#4479=CARTESIAN_POINT('',(-29.1427261770833,-32.2749966551605,29.6803510915676));
#4480=CARTESIAN_POINT('',(-25.9641582999372,-32.2584152972166,40.0771228473782));
#4481=CARTESIAN_POINT('',(-29.5231088348888,-31.8774199405835,29.796010044515));
#4482=CARTESIAN_POINT('Origin',(-30.6705867310679,-32.0774196707798,30.1471433321727));
#4483=CARTESIAN_POINT('Origin',(-30.6704986351859,-32.2749966056509,30.147431505772));
#4484=CARTESIAN_POINT('Origin',(-23.058765655065,-32.0779615637777,25.7875052966702));
#4485=CARTESIAN_POINT('',(-37.0095505273166,-32.2946706377102,18.5964407436044));
#4486=CARTESIAN_POINT('',(-23.1525715266709,-32.2777456353409,25.9643859999758));
#4487=CARTESIAN_POINT('',(-36.6646937138746,-31.8949104344538,18.3262886914736));
#4488=CARTESIAN_POINT('',(-37.0095505273166,-32.2946706377102,18.5964407436044));
#4489=CARTESIAN_POINT('',(-22.9649597834592,-31.8781774922144,25.6106245933646));
#4490=CARTESIAN_POINT('Origin',(-34.8727242796831,-18.7721609528518,19.4890448690015));
#4491=CARTESIAN_POINT('',(-36.9917526700505,-19.7964266022067,18.5895441449963));
#4492=CARTESIAN_POINT('',(-31.4727822302362,-16.3388853284392,21.5198412073014));
#4493=CARTESIAN_POINT('',(-35.0577315822924,-18.5847952285324,19.6164125389651));
#4494=CARTESIAN_POINT('',(-31.1419666653432,-16.7381743102804,21.2442931389922));
#4495=CARTESIAN_POINT('',(-31.1419666653432,-16.7381743102804,21.2442931389922));
#4496=CARTESIAN_POINT('',(-36.6699076615425,-20.2013354853118,18.3092331602503));
#4497=CARTESIAN_POINT('',(-34.6877169770737,-18.9595266771713,19.3616771990379));
#4498=CARTESIAN_POINT('',(-36.6637472033059,-20.168642864974,18.3339525946655));
#4499=CARTESIAN_POINT('',(-37.1964944401231,-22.9958518939433,16.1962527881755));
#4500=CARTESIAN_POINT('',(-36.6637472033059,-20.168642864974,18.3339525946655));
#4501=CARTESIAN_POINT('Origin',(-23.0656991029023,-16.5279796495256,25.7648250467709));
#4502=CARTESIAN_POINT('',(-22.9717148789405,-16.7281951127341,25.5885277582538));
#4503=CARTESIAN_POINT('',(-30.1074139325038,-14.9731968948854,23.7864669696456));
#4504=CARTESIAN_POINT('Origin',(-28.3025974142604,-16.5133015835558,37.429309468809));
#4505=CARTESIAN_POINT('',(-26.3404231720772,-16.3186446621301,33.1659955488697));
#4506=CARTESIAN_POINT('Origin',(-28.4196694158603,-18.0178124292794,34.3735791090865));
#4507=CARTESIAN_POINT('',(-29.3469910310292,-16.7177215516818,34.718335873697));
#4508=CARTESIAN_POINT('',(-28.8424957704684,-16.7177718462746,34.5296266839363));
#4509=CARTESIAN_POINT('',(-29.3436246303105,-24.2677127704986,34.729347827828));
#4510=CARTESIAN_POINT('',(-29.3451104458735,-20.9354016789791,34.7244875232493));
#4511=CARTESIAN_POINT('',(-28.83912936975,-24.2677630650915,34.5406386380674));
#4512=CARTESIAN_POINT('Origin',(-28.8546240643952,-20.9332704480314,36.0357535402874));
#4513=CARTESIAN_POINT('',(-30.1677722499732,-16.7154595966714,36.5200886520183));
#4514=CARTESIAN_POINT('Origin',(-28.8565046495509,-16.7155903207341,36.0296018907351));
#4515=CARTESIAN_POINT('',(-30.1644058492544,-24.2654508154883,36.5311006061493));
#4516=CARTESIAN_POINT('',(-30.1658916648174,-20.9331397239688,36.5262403015706));
#4517=CARTESIAN_POINT('Origin',(-28.8531382488321,-24.265581539551,36.0406138448661));
#4518=CARTESIAN_POINT('Origin',(-28.6055399984482,-23.8440470729157,40.6984611901743));
#4519=CARTESIAN_POINT('',(-27.8568605713829,-16.7054183668375,42.6980786369364));
#4520=CARTESIAN_POINT('',(-27.8534941706642,-24.2554095856544,42.7090905910675));
#4521=CARTESIAN_POINT('Origin',(-20.2668140537154,-24.2449274542498,47.5765459060033));
#4522=CARTESIAN_POINT('',(-22.1005769426292,-24.2450197544108,48.0738523092632));
#4523=CARTESIAN_POINT('',(-21.7143432452388,-24.6449998575697,47.9697396391548));
#4524=CARTESIAN_POINT('',(-22.1005769426292,-24.2450197544108,48.0738523092632));
#4525=CARTESIAN_POINT('',(-21.6695033808985,-24.6463269847282,47.0461299670096));
#4526=CARTESIAN_POINT('Origin',(-20.2666357013595,-24.6449269890216,47.5771293207916));
#4527=CARTESIAN_POINT('',(-22.0437797811315,-24.2467007821449,46.903946724546));
#4528=CARTESIAN_POINT('',(-22.0437797811315,-24.2467007821449,46.903946724546));
#4529=CARTESIAN_POINT('Origin',(-20.2668140537154,-24.2449274542498,47.5765459060033));
#4530=CARTESIAN_POINT('Origin',(-25.5275678519866,-24.2501774381498,45.5852983293207));
#4531=CARTESIAN_POINT('Origin',(-25.5273894996307,-24.6501769729216,45.5858817441091));
#4532=CARTESIAN_POINT('',(-23.1873358505618,-24.2533609493902,42.6872077433031));
#4533=CARTESIAN_POINT('',(-23.1873358505618,-24.2533609493902,42.6872077433031));
#4534=CARTESIAN_POINT('Origin',(-25.5275678519866,-24.2501774381498,45.5852983293207));
#4535=CARTESIAN_POINT('Origin',(-21.9936604672847,-24.2549847537814,41.2089870417104));
#4536=CARTESIAN_POINT('Origin',(-21.9936604672847,-24.2549847537814,41.2089870417104));
#4537=CARTESIAN_POINT('Ctrl Pts',(-24.7282541945486,-24.2603946109742,38.3358697502298));
#4538=CARTESIAN_POINT('Ctrl Pts',(-24.7856346879422,-24.210550757407,38.3149414075691));
#4539=CARTESIAN_POINT('Ctrl Pts',(-24.8433281620435,-24.1630558035413,38.2839410519506));
#4540=CARTESIAN_POINT('Ctrl Pts',(-24.8990655185406,-24.1206051229799,38.2409442087103));
#4541=CARTESIAN_POINT('Ctrl Pts',(-24.8043981350263,-24.3679520498352,38.2884746757516));
#4542=CARTESIAN_POINT('Ctrl Pts',(-24.8564590043594,-24.3205078878895,38.2713301640984));
#4543=CARTESIAN_POINT('Ctrl Pts',(-24.9083076801614,-24.2738649910037,38.2468169608475));
#4544=CARTESIAN_POINT('Ctrl Pts',(-24.9584673641026,-24.2276231116468,38.2122889746113));
#4545=CARTESIAN_POINT('Ctrl Pts',(-24.880542075504,-24.4755094886962,38.2410796012735));
#4546=CARTESIAN_POINT('Ctrl Pts',(-24.9272833207766,-24.430465018372,38.2277189206275));
#4547=CARTESIAN_POINT('Ctrl Pts',(-24.9732871982792,-24.3846741784662,38.2096928697445));
#4548=CARTESIAN_POINT('Ctrl Pts',(-25.0178692096646,-24.3346411003139,38.1836337405124));
#4549=CARTESIAN_POINT('Ctrl Pts',(-24.9566860159817,-24.5830669275572,38.1936845267953));
#4550=CARTESIAN_POINT('Ctrl Pts',(-24.9981076371938,-24.5404221488545,38.1841076771567));
#4551=CARTESIAN_POINT('Ctrl Pts',(-25.0382667163971,-24.4954833659287,38.1725687786414));
#4552=CARTESIAN_POINT('Ctrl Pts',(-25.0772710552267,-24.4416590889809,38.1549785064135));
#4553=CARTESIAN_POINT('',(-24.9768263860579,-24.2606986093013,38.2034326492406));
#4554=CARTESIAN_POINT('Ctrl Pts',(-24.9768263860579,-24.2606986093013,38.20343264924));
#4555=CARTESIAN_POINT('Ctrl Pts',(-24.9436678366358,-24.2606549698825,38.2232159012769));
#4556=CARTESIAN_POINT('Ctrl Pts',(-24.9122501805281,-24.2606145179384,38.241345962488));
#4557=CARTESIAN_POINT('Ctrl Pts',(-24.8342311536998,-24.2605172984461,38.2841506272398));
#4558=CARTESIAN_POINT('Ctrl Pts',(-24.7891970212225,-24.2604636160444,38.3071891109767));
#4559=CARTESIAN_POINT('Ctrl Pts',(-24.7433805866557,-24.2604116663042,38.3288004981275));
#4560=CARTESIAN_POINT('',(-24.9566860159812,-24.5830669275565,38.1936845267957));
#4561=CARTESIAN_POINT('',(-24.9566860159812,-24.5830669275565,38.1936845267957));
#4562=CARTESIAN_POINT('',(-25.0772710552271,-24.441659088981,38.1549785064145));
#4563=CARTESIAN_POINT('Ctrl Pts',(-24.9566860159817,-24.5830669275572,38.1936845267953));
#4564=CARTESIAN_POINT('Ctrl Pts',(-24.9981076371938,-24.5404221488545,38.1841076771567));
#4565=CARTESIAN_POINT('Ctrl Pts',(-25.0382667163971,-24.4954833659287,38.1725687786414));
#4566=CARTESIAN_POINT('Ctrl Pts',(-25.0772710552267,-24.4416590889809,38.1549785064135));
#4567=CARTESIAN_POINT('',(-25.0772710552271,-24.441659088981,38.1549785064145));
#4568=CARTESIAN_POINT('Ctrl Pts',(-24.9768263860574,-24.2606986093009,38.2034326492402));
#4569=CARTESIAN_POINT('Ctrl Pts',(-25.046569503989,-24.1924273879622,38.1574843840371));
#4570=CARTESIAN_POINT('Ctrl Pts',(-25.1154634666967,-24.1328999600251,38.0804208951809));
#4571=CARTESIAN_POINT('Ctrl Pts',(-25.1684484858456,-24.103834889888,37.9806887703664));
#4572=CARTESIAN_POINT('Ctrl Pts',(-25.0103079424471,-24.3210187691941,38.187281268298));
#4573=CARTESIAN_POINT('Ctrl Pts',(-25.0755242385244,-24.2496706225988,38.1482063013357));
#4574=CARTESIAN_POINT('Ctrl Pts',(-25.1411571487984,-24.1862343166454,38.0761051896728));
#4575=CARTESIAN_POINT('Ctrl Pts',(-25.1921441972003,-24.1562707952705,37.9802364887376));
#4576=CARTESIAN_POINT('Ctrl Pts',(-25.0437894988365,-24.3813389290872,38.1711298873559));
#4577=CARTESIAN_POINT('Ctrl Pts',(-25.1044789730598,-24.3069138572354,38.1389282186343));
#4578=CARTESIAN_POINT('Ctrl Pts',(-25.1668508309,-24.2395686732657,38.0717894841648));
#4579=CARTESIAN_POINT('Ctrl Pts',(-25.2158399085549,-24.2087067006529,37.9797842071088));
#4580=CARTESIAN_POINT('Ctrl Pts',(-25.0772710552261,-24.4416590889804,38.1549785064138));
#4581=CARTESIAN_POINT('Ctrl Pts',(-25.1334337075952,-24.364157091872,38.129650135933));
#4582=CARTESIAN_POINT('Ctrl Pts',(-25.1925445130017,-24.292903029886,38.0674737786568));
#4583=CARTESIAN_POINT('Ctrl Pts',(-25.2395356199094,-24.2611426060354,37.97933192548));
#4584=CARTESIAN_POINT('',(-25.2395356199094,-24.2611426060354,37.97933192548));
#4585=CARTESIAN_POINT('Ctrl Pts',(-25.2395356199094,-24.2611426060354,37.97933192548));
#4586=CARTESIAN_POINT('Ctrl Pts',(-25.2186767124133,-24.2610895051584,38.0093621735385));
#4587=CARTESIAN_POINT('Ctrl Pts',(-25.1942737261506,-24.2610385075671,38.0368669317781));
#4588=CARTESIAN_POINT('Ctrl Pts',(-25.1474635513104,-24.2609518967347,38.0819387883825));
#4589=CARTESIAN_POINT('Ctrl Pts',(-25.1255401986613,-24.2609149093922,38.1005959058337));
#4590=CARTESIAN_POINT('Ctrl Pts',(-25.0632364676288,-24.2608164236071,38.1490729954334));
#4591=CARTESIAN_POINT('Ctrl Pts',(-25.0201821177775,-24.2607556690631,38.1775654933237));
#4592=CARTESIAN_POINT('Ctrl Pts',(-24.9768263860575,-24.2606986093012,38.2034326492403));
#4593=CARTESIAN_POINT('Ctrl Pts',(-25.0772710552262,-24.4416590889804,38.1549785064137));
#4594=CARTESIAN_POINT('Ctrl Pts',(-25.1062549300839,-24.401662612841,38.1419072875628));
#4595=CARTESIAN_POINT('Ctrl Pts',(-25.1346827004841,-24.3639959261731,38.1198040386461));
#4596=CARTESIAN_POINT('Ctrl Pts',(-25.1760860820482,-24.3171624279135,38.0750690362647));
#4597=CARTESIAN_POINT('Ctrl Pts',(-25.1895462997063,-24.3032054199216,38.0583324995638));
#4598=CARTESIAN_POINT('Ctrl Pts',(-25.2155393384185,-24.2790472714438,38.0212634741398));
#4599=CARTESIAN_POINT('Ctrl Pts',(-25.2279781501337,-24.2689540870342,38.0010104274585));
#4600=CARTESIAN_POINT('Ctrl Pts',(-25.2395356199095,-24.2611426060355,37.97933192548));
#4601=CARTESIAN_POINT('Origin',(-23.8185841035083,-24.64240528733,37.2587452616952));
#4602=CARTESIAN_POINT('',(-27.4333104745855,-24.4412856038868,39.1312976836134));
#4603=CARTESIAN_POINT('',(-23.6860597381222,-24.4418796271843,37.5784744474168));
#4604=CARTESIAN_POINT('',(-27.5119556456726,-24.260782376488,38.9210000620867));
#4605=CARTESIAN_POINT('Origin',(-27.5546594503429,-24.6418130355824,38.8069375281731));
#4606=CARTESIAN_POINT('',(-23.77193483889,-24.2613752536794,37.3711728364573));
#4607=CARTESIAN_POINT('Origin',(-28.2337034516419,-27.2639207860689,36.9922843491627));
#4608=CARTESIAN_POINT('',(-28.657920763926,-24.2657617415666,35.8573853375955));
#4609=CARTESIAN_POINT('',(-26.9040577460406,-24.2581409823265,40.5461498390175));
#4610=CARTESIAN_POINT('',(-26.9020337003055,-27.0581343557284,40.5523071703855));
#4611=CARTESIAN_POINT('',(-27.0601140208598,-26.2794963471424,40.1294886959959));
#4612=CARTESIAN_POINT('',(-26.9018553479496,-27.4581338905001,40.552890585174));
#4613=CARTESIAN_POINT('Origin',(-27.0233826760629,-27.2586617874239,40.2279470149453));
#4614=CARTESIAN_POINT('',(-27.4307964597364,-30.0795894247243,39.1395213677549));
#4615=CARTESIAN_POINT('',(-27.3236306495342,-29.548470931618,39.4258762264043));
#4616=CARTESIAN_POINT('',(-27.5521454354939,-30.2801168564198,38.8151612123146));
#4617=CARTESIAN_POINT('Origin',(-27.5523237878498,-29.880117321648,38.8145777975262));
#4618=CARTESIAN_POINT('',(-28.6123633215607,-30.2847236388024,35.9807825081234));
#4619=CARTESIAN_POINT('',(-28.5197493840347,-30.2843212193928,36.2283759280088));
#4620=CARTESIAN_POINT('',(-28.7338906496741,-30.0852515357261,35.6558389378947));
#4621=CARTESIAN_POINT('Origin',(-28.6125416739167,-29.8847241040306,35.980199093335));
#4622=CARTESIAN_POINT('',(-29.265167423954,-27.4684027838846,34.2348294511225));
#4623=CARTESIAN_POINT('',(-29.1569684581488,-28.0013459546111,34.5242299374822));
#4624=CARTESIAN_POINT('',(-29.26534577631,-27.0684032491128,34.2342460363341));
#4625=CARTESIAN_POINT('Origin',(-29.1438184481966,-27.2678753521891,34.5591896065628));
#4626=CARTESIAN_POINT('',(-28.7364046645231,-24.4469477148887,35.6476152537531));
#4627=CARTESIAN_POINT('',(-28.8932325350971,-25.2241935747309,35.2285597487767));
#4628=CARTESIAN_POINT('Origin',(-28.6148773364097,-24.6464198179649,35.9725588239818));
#4629=CARTESIAN_POINT('Origin',(-24.9763689220366,-24.6469966031651,34.4647973187381));
#4630=CARTESIAN_POINT('',(-25.023357809501,-24.2663379013229,34.3512587915034));
#4631=CARTESIAN_POINT('',(-25.1090716397787,-24.4475227285389,34.1444847182281));
#4632=CARTESIAN_POINT('Origin',(-25.1090716397787,-24.4475227285389,34.1444847182281));
#4633=CARTESIAN_POINT('',(-25.6867962177963,-27.0689705294894,32.7513308814262));
#4634=CARTESIAN_POINT('Origin',(-25.5540935000542,-27.2684444041156,33.0716434819362));
#4635=CARTESIAN_POINT('',(-25.6866178654403,-27.4689700642612,32.7519142962146));
#4636=CARTESIAN_POINT('Origin',(-25.6866178654403,-27.4689700642612,32.7519142962146));
#4637=CARTESIAN_POINT('',(-25.1065576249297,-30.0858265493764,34.1527084023697));
#4638=CARTESIAN_POINT('Origin',(-24.9740332595435,-29.8853008892308,34.4724375880913));
#4639=CARTESIAN_POINT('',(-24.9738549071876,-30.2853004240025,34.4730210028797));
#4640=CARTESIAN_POINT('Origin',(-24.9738549071876,-30.2853004240025,34.4730210028797));
#4641=CARTESIAN_POINT('',(-23.8160700886594,-30.2807091081673,37.2669689458368));
#4642=CARTESIAN_POINT('Origin',(-23.8162484410153,-29.8807095733956,37.2663855310483));
#4643=CARTESIAN_POINT('',(-23.6835457232732,-30.0801834480217,37.5866981315583));
#4644=CARTESIAN_POINT('Origin',(-23.6835457232732,-30.0801834480217,37.5866981315583));
#4645=CARTESIAN_POINT('',(-23.1058211452556,-27.4587356470713,38.9798519683603));
#4646=CARTESIAN_POINT('Origin',(-23.2385238629977,-27.2592617724451,38.6595393678503));
#4647=CARTESIAN_POINT('',(-23.1059994976116,-27.0587361122995,38.9792685535719));
#4648=CARTESIAN_POINT('Origin',(-23.1059994976116,-27.0587361122995,38.9792685535719));
#4649=CARTESIAN_POINT('',(-24.8782292264962,-24.6593357959868,38.2089988276868));
#4650=CARTESIAN_POINT('Ctrl Pts',(-24.8782292264962,-24.6593357959868,38.2089988276868));
#4651=CARTESIAN_POINT('Ctrl Pts',(-24.9051690106123,-24.6345078089137,38.2045936286396));
#4652=CARTESIAN_POINT('Ctrl Pts',(-24.9312084443426,-24.6092968377486,38.1995750464228));
#4653=CARTESIAN_POINT('Ctrl Pts',(-24.9566860159813,-24.5830669275564,38.1936845267956));
#4654=CARTESIAN_POINT('',(-23.0330847746155,-26.3598402396014,38.510717228487));
#4655=CARTESIAN_POINT('Origin',(-22.9053893602556,-26.2075743525896,38.5879824270159));
#4656=CARTESIAN_POINT('',(-24.8782292264962,-24.6593357959868,38.2089988276868));
#4657=CARTESIAN_POINT('Ctrl Pts',(-24.6228383977764,-24.3548040219632,38.3635292247447));
#4658=CARTESIAN_POINT('Ctrl Pts',(-24.6577358034815,-24.3226422075255,38.3578227937763));
#4659=CARTESIAN_POINT('Ctrl Pts',(-24.6929606548871,-24.2910525213321,38.3487423354597));
#4660=CARTESIAN_POINT('Ctrl Pts',(-24.7282541945487,-24.2603946109741,38.3358697502298));
#4661=CARTESIAN_POINT('Ctrl Pts',(-24.7079686740163,-24.4563146133044,38.312019092392));
#4662=CARTESIAN_POINT('Ctrl Pts',(-24.7402135391917,-24.4265974079882,38.3067464053974));
#4663=CARTESIAN_POINT('Ctrl Pts',(-24.7723765847056,-24.3971339601377,38.2990199057808));
#4664=CARTESIAN_POINT('Ctrl Pts',(-24.8043981350263,-24.3679520498349,38.2884746757517));
#4665=CARTESIAN_POINT('Ctrl Pts',(-24.7930989502563,-24.5578252046456,38.2605089600395));
#4666=CARTESIAN_POINT('Ctrl Pts',(-24.8226912749019,-24.530552608451,38.2556700170185));
#4667=CARTESIAN_POINT('Ctrl Pts',(-24.8517925145241,-24.5032153989431,38.2492974761018));
#4668=CARTESIAN_POINT('Ctrl Pts',(-24.8805420755038,-24.4755094886956,38.2410796012737));
#4669=CARTESIAN_POINT('Ctrl Pts',(-24.8782292264962,-24.6593357959868,38.2089988276868));
#4670=CARTESIAN_POINT('Ctrl Pts',(-24.9051690106123,-24.6345078089137,38.2045936286396));
#4671=CARTESIAN_POINT('Ctrl Pts',(-24.9312084443426,-24.6092968377486,38.1995750464228));
#4672=CARTESIAN_POINT('Ctrl Pts',(-24.9566860159813,-24.5830669275564,38.1936845267956));
#4673=CARTESIAN_POINT('Origin',(-21.9901825963439,-32.0549756818306,41.2203636300843));
#4674=CARTESIAN_POINT('',(-23.183768803443,-32.2533516448254,42.6988760390713));
#4675=CARTESIAN_POINT('',(-22.932647075109,-31.8536939636097,42.3870882660528));
#4676=CARTESIAN_POINT('Origin',(-21.9900934201659,-32.2549754492165,41.2206553374785));
#4677=CARTESIAN_POINT('Origin',(-25.5214740691926,-37.9170015726194,45.6052319207813));
#4678=CARTESIAN_POINT('',(-21.6662930384916,-31.8463186106199,47.056631433201));
#4679=CARTESIAN_POINT('Origin',(-25.5241791572237,-31.8501685988132,45.5963832103004));
#4680=CARTESIAN_POINT('',(-21.6635879504604,-37.913151584426,47.0654801436819));
#4681=CARTESIAN_POINT('Origin',(-37.7924237226342,-18.0416325886956,24.9812002009857));
#4682=CARTESIAN_POINT('',(-37.3608290130956,-20.4528466041821,17.109019127187));
#4683=CARTESIAN_POINT('',(-36.8111225061552,-19.4751671804764,19.3141299431854));
#4684=CARTESIAN_POINT('',(-41.0745509571361,-22.8412229378627,14.9505381630931));
#4685=CARTESIAN_POINT('',(-33.6280259866359,-18.0521988063592,19.2785903543098));
#4686=CARTESIAN_POINT('',(-40.7032503345685,-22.1808469479296,16.439985729155));
#4687=CARTESIAN_POINT('Origin',(-40.8625382222657,-22.4218578618705,16.5865511522837));
#4688=CARTESIAN_POINT('',(-41.0523824966061,-22.7994537483518,15.082958973168));
#4689=CARTESIAN_POINT('',(-39.9833827203716,-20.7852744515819,21.4685091176006));
#4690=CARTESIAN_POINT('',(-41.4975659927195,-23.5089950059632,14.8247179157212));
#4691=CARTESIAN_POINT('Origin',(-37.9551380980864,-32.0810800508522,28.2032989466963));
#4692=CARTESIAN_POINT('',(-40.1801673964902,-32.2962946624863,18.4522514495202));
#4693=CARTESIAN_POINT('Origin',(-40.7112653952063,-22.3466627104935,17.21505439649));
#4694=CARTESIAN_POINT('',(-40.5539077307536,-22.0853455467687,17.0825002138716));
#4695=CARTESIAN_POINT('Origin',(-38.1109878956293,-25.1100963632132,59.7728252094823));
#4696=CARTESIAN_POINT('',(-22.3508923733325,-31.8357675101585,54.4999380932976));
#4697=CARTESIAN_POINT('',(-22.3541027157397,-24.6357758842668,54.4894366271062));
#4698=CARTESIAN_POINT('',(-22.3538909222052,-25.1107755826799,54.4901294325334));
#4699=CARTESIAN_POINT('',(-30.1893647839311,-24.6354381404212,57.1162723893493));
#4700=CARTESIAN_POINT('',(-30.1861544415241,-31.8354297663128,57.1267738555407));
#4701=CARTESIAN_POINT('Origin',(-29.8127648438166,-16.509753769569,40.3234182546791));
#4702=CARTESIAN_POINT('',(-28.8760559530513,-16.7098469112901,39.9733622754425));
#4703=CARTESIAN_POINT('Origin',(-28.0442736904784,-16.5053999245856,42.7678564668684));
#4704=CARTESIAN_POINT('',(-30.1677722499732,-16.7154595966714,36.5200886520183));
#4705=CARTESIAN_POINT('Origin',(-28.8565938257289,-16.5155905533482,36.0293101833409));
#4706=CARTESIAN_POINT('',(-29.3469910310292,-16.7177215516818,34.718335873697));
#4707=CARTESIAN_POINT('Origin',(-28.9126544297147,-16.5180765404526,34.3420112598223));
#4708=CARTESIAN_POINT('Origin',(-25.5240899810458,-32.0501683661991,45.5966749176946));
#4709=CARTESIAN_POINT('',(-22.0402127340126,-32.2466914775801,46.9156150203142));
#4710=CARTESIAN_POINT('',(-21.6662930384916,-31.8463186106199,47.056631433201));
#4711=CARTESIAN_POINT('Origin',(-25.5240008048678,-32.250168133585,45.5969666250888));
#4712=CARTESIAN_POINT('Origin',(-20.2633361827746,-32.0449183822991,47.5879224943772));
#4713=CARTESIAN_POINT('',(-21.7111329028319,-31.8449914834613,47.9802411053461));
#4714=CARTESIAN_POINT('',(-22.0970098955103,-32.2450104498459,48.0855206050313));
#4715=CARTESIAN_POINT('',(-21.7111329028319,-31.8449914834613,47.9802411053461));
#4716=CARTESIAN_POINT('Origin',(-20.2632470065966,-32.244918149685,47.5882142017714));
#4717=CARTESIAN_POINT('Origin',(-20.2634253589525,-31.8449186149132,47.587630786983));
#4718=CARTESIAN_POINT('Origin',(-36.6135651202968,-19.6015967508625,19.3209364079241));
#4719=CARTESIAN_POINT('',(-36.8677383626118,-20.5314509390158,17.5156557288392));
#4720=CARTESIAN_POINT('',(-36.4160077344385,-19.7280263212486,19.3277428726628));
#4721=CARTESIAN_POINT('',(-37.3132991748279,-20.3947669543589,17.2561804191554));
#4722=CARTESIAN_POINT('',(-36.8677383626118,-20.5314509390158,17.5156557288392));
#4723=CARTESIAN_POINT('',(-35.7608358604975,-18.4977159870932,22.0628979548572));
#4724=CARTESIAN_POINT('Origin',(-20.2607202709214,-37.9117515887194,47.5964794974639));
#4725=CARTESIAN_POINT('',(-21.7145215975948,-24.2450003227979,47.9691562243664));
#4726=CARTESIAN_POINT('Origin',(-32.2841015986422,-19.3848769340005,23.85629911123));
#4727=CARTESIAN_POINT('',(-31.4258664530003,-19.3848501521268,23.6122952226822));
#4728=CARTESIAN_POINT('',(-30.2432795270438,-19.3787285197441,27.4478732420284));
#4729=CARTESIAN_POINT('',(-33.8306916449378,-19.3856618432817,23.7909503321732));
#4730=CARTESIAN_POINT('',(-33.3866970994067,-19.383297040629,25.2765700033814));
#4731=CARTESIAN_POINT('',(-32.8900306340357,-19.3855402791074,23.5867329433896));
#4732=CARTESIAN_POINT('Origin',(-32.9266895368949,-19.3824941632891,25.6864107391608));
#4733=CARTESIAN_POINT('',(-32.8900306340357,-19.3855402791074,23.5867329433896));
#4734=CARTESIAN_POINT('Origin',(-31.1520625938801,-19.1798902225652,28.5901892509066));
#4735=CARTESIAN_POINT('',(-32.6909447816792,-19.1820139222987,27.6045856744291));
#4736=CARTESIAN_POINT('Origin',(-31.1520625938801,-19.1798902225652,28.5901892509066));
#4737=CARTESIAN_POINT('',(-32.6909447816792,-19.1820139222987,27.6045856744291));
#4738=CARTESIAN_POINT('Origin',(-31.1520625938801,-19.1798902225652,28.5901892509066));
#4739=CARTESIAN_POINT('',(-29.5255577891871,-19.1774358598114,29.7757146628176));
#4740=CARTESIAN_POINT('Origin',(-31.1520625938801,-19.1798902225652,28.5901892509066));
#4741=CARTESIAN_POINT('',(-29.5255577891871,-19.1774358598114,29.7757146628176));
#4742=CARTESIAN_POINT('Origin',(-32.9227657850626,-28.1824839318637,25.699245864511));
#4743=CARTESIAN_POINT('',(-33.830602468774,-19.5856616142989,23.7912420395802));
#4744=CARTESIAN_POINT('',(-33.8267678937988,-28.1856516118928,23.8037854578541));
#4745=CARTESIAN_POINT('Origin',(-32.9266003607153,-19.5824939342696,25.6867024465602));
#4746=CARTESIAN_POINT('',(-32.8861068822281,-28.1855300475934,23.5995680687475));
#4747=CARTESIAN_POINT('Origin',(-32.9227657850626,-28.1824839318637,25.699245864511));
#4748=CARTESIAN_POINT('',(-32.8861068822281,-28.1855300475934,23.5995680687475));
#4749=CARTESIAN_POINT('Origin',(-25.5525662902714,-32.2503502404899,45.4808434869386));
#4750=CARTESIAN_POINT('',(-27.234930321645,-31.9503972295039,45.9626935228835));
#4751=CARTESIAN_POINT('Origin',(-25.5527000545384,-31.9503505894121,45.4804059258473));
#4752=CARTESIAN_POINT('',(-27.234796557378,-32.2503968805816,45.9631310839749));
#4753=CARTESIAN_POINT('Origin',(-25.5526554664494,-32.0503504731051,45.4805517795444));
#4754=CARTESIAN_POINT('',(-27.523178888882,-32.250404876027,46.0458089577525));
#4755=CARTESIAN_POINT('',(-27.3310131773907,-32.0503997783449,45.9903986678399));
#4756=CARTESIAN_POINT('Origin',(-25.5525662902714,-32.250350240491,45.4808434869386));
#4757=CARTESIAN_POINT('Origin',(-31.1491688348624,-28.184711349706,23.6298926020583));
#4758=CARTESIAN_POINT('',(-31.4257772768455,-19.5848499228406,23.6125869300891));
#4759=CARTESIAN_POINT('',(-31.4238594494575,-23.8860563360548,23.618860405949));
#4760=CARTESIAN_POINT('',(-27.6677467670243,-28.1830703971711,23.6906734109219));
#4761=CARTESIAN_POINT('',(-28.2528912261442,-19.5833543973609,23.6679811272982));
#4762=CARTESIAN_POINT('Origin',(-26.9487485013749,-25.1504861574373,28.6683497962274));
#4763=CARTESIAN_POINT('',(-21.1106360064567,-24.6414838155627,50.19584460688));
#4764=CARTESIAN_POINT('',(-21.1074256640496,-31.8414754414543,50.2063460730718));
#4765=CARTESIAN_POINT('',(-21.1104242129781,-25.1164833885387,50.1965374121243));
#4766=CARTESIAN_POINT('',(-24.9415813626221,-31.8638058884519,36.0683127693098));
#4767=CARTESIAN_POINT('',(-20.6245060441241,-24.6386525535558,51.9883961195828));
#4768=CARTESIAN_POINT('Origin',(-28.5382820625377,-32.28498453614,22.6477014937211));
#4769=CARTESIAN_POINT('',(-36.6645153615186,-32.2949099692255,18.326872106262));
#4770=CARTESIAN_POINT('Origin',(-25.7063781314425,-28.1522770338463,44.2035512549271));
#4771=CARTESIAN_POINT('',(-33.5468201930966,-28.1700711469874,34.400447565301));
#4772=CARTESIAN_POINT('Origin',(-23.2514972880368,-28.1348932599065,55.3545337718643));
#4773=CARTESIAN_POINT('',(-28.225538627952,-28.1502661589529,46.3523607405774));
#4774=CARTESIAN_POINT('Origin',(-27.8420267728715,-32.2488408224271,47.2156250083766));
#4775=CARTESIAN_POINT('',(-33.5450701349149,-19.5700603642501,34.400447565301));
#4776=CARTESIAN_POINT('',(-33.5468201930966,-28.1700711469874,34.400447565301));
#4777=CARTESIAN_POINT('',(-28.2293732036047,-19.5502761613601,46.3398173226267));
#4778=CARTESIAN_POINT('Origin',(-25.7102127070953,-19.5522870362535,44.1910078369764));
#4779=CARTESIAN_POINT('',(-28.6231393246166,-19.5703422099197,32.7026050005805));
#4780=CARTESIAN_POINT('Origin',(-23.1802608765281,-19.5346872626698,55.5045834122294));
#4781=CARTESIAN_POINT('',(-27.0952252743356,-19.5624329260281,37.6582098842143));
#4782=CARTESIAN_POINT('Origin',(-33.0873531896105,-19.5841257564958,26.2781773529472));
#4783=CARTESIAN_POINT('',(-30.9607731984253,-19.570376456181,33.3937807709084));
#4784=CARTESIAN_POINT('',(-30.9608026795845,-19.3703762480785,33.3936888048361));
#4785=CARTESIAN_POINT('Ctrl Pts',(-30.96077319848,-19.5703764561808,33.3937807714106));
#4786=CARTESIAN_POINT('Ctrl Pts',(-30.9607781120316,-19.5370431660063,33.3937654436448));
#4787=CARTESIAN_POINT('Ctrl Pts',(-30.9607830255629,-19.5037098758318,33.393750115947));
#4788=CARTESIAN_POINT('Ctrl Pts',(-30.9607928526074,-19.4370431400181,33.3937194606168));
#4789=CARTESIAN_POINT('Ctrl Pts',(-30.9607977661207,-19.4037096943789,33.3937041329846));
#4790=CARTESIAN_POINT('Ctrl Pts',(-30.9608026796133,-19.3703762487396,33.3936888054215));
#4791=CARTESIAN_POINT('',(-30.3276603026961,-19.567004252396,35.51219637444));
#4792=CARTESIAN_POINT('',(-32.3121359941199,-19.3775737159173,28.8720851587389));
#4793=CARTESIAN_POINT('Origin',(-30.1436775855991,-19.3734303713866,31.049928978572));
#4794=CARTESIAN_POINT('',(-28.6231962969771,-19.3703423160511,32.70241789));
#4795=CARTESIAN_POINT('Origin',(-20.9849508880241,-19.3229941522945,62.8300346733825));
#4796=CARTESIAN_POINT('',(-29.1376728033377,-19.3730053735011,31.0337752627688));
#4797=CARTESIAN_POINT('Origin',(-29.0548001918852,-19.5749994525972,31.302565085017));
#4798=CARTESIAN_POINT('Ctrl Pts',(-28.6231962272736,-19.3703424343133,32.7024179674289));
#4799=CARTESIAN_POINT('Ctrl Pts',(-28.6231867434484,-19.4036757282699,32.7024491396225));
#4800=CARTESIAN_POINT('Ctrl Pts',(-28.6231772596144,-19.4370090222265,32.7024803118453));
#4801=CARTESIAN_POINT('Ctrl Pts',(-28.6231582919275,-19.5036756140951,32.7025426563512));
#4802=CARTESIAN_POINT('Ctrl Pts',(-28.6231488080746,-19.5370089120072,32.7025738286344));
#4803=CARTESIAN_POINT('Ctrl Pts',(-28.6231393242133,-19.5703422099193,32.7026050009453));
#4804=CARTESIAN_POINT('Origin',(-25.7081170669129,-24.2522815698217,44.1978629607402));
#4805=CARTESIAN_POINT('',(-22.2189615362413,-24.2363975117546,54.0216055909595));
#4806=CARTESIAN_POINT('',(-21.3248432743297,-24.240501815932,50.9342860786459));
#4807=CARTESIAN_POINT('',(-18.3449668693839,-24.2541804529736,40.6450089648965));
#4808=CARTESIAN_POINT('',(-22.1005769426292,-24.2450197544108,48.0738523092632));
#4809=CARTESIAN_POINT('',(-22.6744800369793,-24.2363778763463,54.1743218980451));
#4810=CARTESIAN_POINT('',(-26.6915242768919,-24.2433041456768,50.6535760296886));
#4811=CARTESIAN_POINT('',(-26.3557734838041,-24.2362191919022,55.4085056679394));
#4812=CARTESIAN_POINT('Origin',(-22.9606072040578,-24.2500286433759,44.9025839951343));
#4813=CARTESIAN_POINT('',(-18.9176282918371,-28.7466508686932,42.6358404088097));
#4814=CARTESIAN_POINT('Origin',(-26.8232597699394,-24.4431433169756,50.8042746212089));
#4815=CARTESIAN_POINT('',(-22.7893010653024,-24.7424731065171,54.7482393640826));
#4816=CARTESIAN_POINT('Origin',(-30.2530278601758,-24.4357432972563,56.9263540323208));
#4817=CARTESIAN_POINT('',(-21.1019762216338,-20.9354068091162,50.1548316066497));
#4818=CARTESIAN_POINT('Origin',(-25.1345198589613,-32.0638153716442,36.1209525191524));
#4819=CARTESIAN_POINT('',(-21.3212762272108,-32.2404925113672,50.9459543744145));
#4820=CARTESIAN_POINT('',(-25.3274583553006,-32.2638248548365,36.173592268995));
#4821=CARTESIAN_POINT('',(-17.6934600928224,-25.4714639770102,38.3990483056353));
#4822=CARTESIAN_POINT('Origin',(-16.8254740389001,-25.1361528794817,35.4009439823429));
#4823=CARTESIAN_POINT('',(-22.2153944891222,-32.2363882071898,54.0332738867277));
#4824=CARTESIAN_POINT('',(-18.3413998222648,-32.2541711484087,40.6566772606647));
#4825=CARTESIAN_POINT('',(-21.5224872029702,-34.2850770230633,51.6468526462555));
#4826=CARTESIAN_POINT('Origin',(-30.2496391654129,-32.0357344579197,56.9374389133007));
#4827=CARTESIAN_POINT('',(-22.6709129898604,-32.2363685717814,54.1859901938133));
#4828=CARTESIAN_POINT('',(-26.3522064366853,-32.2362098873373,55.4201739637077));
#4829=CARTESIAN_POINT('',(-22.6709129898604,-32.2363685717814,54.1859901938133));
#4830=CARTESIAN_POINT('Origin',(-26.8198710751766,-32.0431344776389,50.8153595021886));
#4831=CARTESIAN_POINT('',(-26.6879572297731,-32.243294841112,50.6652443254568));
#4832=CARTESIAN_POINT('Origin',(-25.7045500197941,-32.2522722652568,44.2095312565083));
#4833=CARTESIAN_POINT('',(-33.6265479236869,-32.2733717304068,32.1651515224733));
#4834=CARTESIAN_POINT('Origin',(-25.7102127070953,-19.5522870362535,44.1910078369764));
#4835=CARTESIAN_POINT('Origin',(-23.15419739871,-19.5346803431288,55.4893633431415));
#4836=CARTESIAN_POINT('Ctrl Pts',(-33.5468201930966,-28.1700711469874,34.400447565301));
#4837=CARTESIAN_POINT('Ctrl Pts',(-33.5462210669681,-25.2258883654234,34.400447565301));
#4838=CARTESIAN_POINT('Ctrl Pts',(-33.5456219408476,-22.2817056233295,34.400447565301));
#4839=CARTESIAN_POINT('Ctrl Pts',(-33.545022814735,-19.3375229199148,34.400447565301));
#4840=CARTESIAN_POINT('Ctrl Pts',(-31.1390875651397,-28.1866828866807,33.3407852479928));
#4841=CARTESIAN_POINT('Ctrl Pts',(-31.1392950747082,-25.2425024837254,33.3394674883194));
#4842=CARTESIAN_POINT('Ctrl Pts',(-31.1395020636718,-22.29832211218,33.3381489852208));
#4843=CARTESIAN_POINT('Ctrl Pts',(-31.1397096207578,-19.3541417707773,33.3368308488648));
#4844=CARTESIAN_POINT('Ctrl Pts',(-28.5959125797845,-28.2033210630418,32.589327153605));
#4845=CARTESIAN_POINT('Ctrl Pts',(-28.5967685729661,-25.2591430710801,32.5865637783161));
#4846=CARTESIAN_POINT('Ctrl Pts',(-28.5976239875526,-22.3149651022971,32.5837996795944));
#4847=CARTESIAN_POINT('Ctrl Pts',(-28.5984799630868,-19.37078715531,32.5810359248061));
#4848=CARTESIAN_POINT('Ctrl Pts',(-25.9989142158812,-28.219451701424,32.170190082069));
#4849=CARTESIAN_POINT('Ctrl Pts',(-26.0002269690189,-25.2752761588245,32.1658958881964));
#4850=CARTESIAN_POINT('Ctrl Pts',(-26.0015397221501,-22.3311006305875,32.1616016943446));
#4851=CARTESIAN_POINT('Ctrl Pts',(-26.0028524752754,-19.3869251158686,32.1573075005127));
#4852=CARTESIAN_POINT('Origin',(-36.4404949856802,-18.0401930504458,25.554882873323));
#4853=CARTESIAN_POINT('',(-36.5886768911163,-19.3566828801065,20.1628714684724));
#4854=CARTESIAN_POINT('Origin',(-36.3996056353865,-19.4733161449376,20.15739097189));
#4855=CARTESIAN_POINT('',(-36.2105343796566,-19.5899494097686,20.1519104753076));
#4856=CARTESIAN_POINT('Origin',(-36.5292640294487,-32.2940584459127,18.869344703045));
#4857=CARTESIAN_POINT('',(-33.238607616107,-31.8733402795471,32.0678008364049));
#4858=CARTESIAN_POINT('Origin',(-33.432577769897,-32.073356004977,32.1164761794391));
#4859=UNCERTAINTY_MEASURE_WITH_UNIT(LENGTH_MEASURE(0.01),#4863,
'DISTANCE_ACCURACY_VALUE',
'Maximum model space distance between geometric entities at asserted c
onnectivities');
#4860=UNCERTAINTY_MEASURE_WITH_UNIT(LENGTH_MEASURE(0.01),#4863,
'DISTANCE_ACCURACY_VALUE',
'Maximum model space distance between geometric entities at asserted c
onnectivities');
#4861=(
GEOMETRIC_REPRESENTATION_CONTEXT(3)
GLOBAL_UNCERTAINTY_ASSIGNED_CONTEXT((#4859))
GLOBAL_UNIT_ASSIGNED_CONTEXT((#4863,#4865,#4866))
REPRESENTATION_CONTEXT('','3D')
);
#4862=(
GEOMETRIC_REPRESENTATION_CONTEXT(3)
GLOBAL_UNCERTAINTY_ASSIGNED_CONTEXT((#4860))
GLOBAL_UNIT_ASSIGNED_CONTEXT((#4863,#4865,#4866))
REPRESENTATION_CONTEXT('','3D')
);
#4863=(
LENGTH_UNIT()
NAMED_UNIT(*)
SI_UNIT(.MILLI.,.METRE.)
);
#4864=(
LENGTH_UNIT()
NAMED_UNIT(*)
SI_UNIT($,.METRE.)
);
#4865=(
NAMED_UNIT(*)
PLANE_ANGLE_UNIT()
SI_UNIT($,.RADIAN.)
);
#4866=(
NAMED_UNIT(*)
SI_UNIT($,.STERADIAN.)
SOLID_ANGLE_UNIT()
);
#4867=SHAPE_DEFINITION_REPRESENTATION(#4868,#4869);
#4868=PRODUCT_DEFINITION_SHAPE('',$,#4871);
#4869=SHAPE_REPRESENTATION('',(#2709),#4861);
#4870=PRODUCT_DEFINITION_CONTEXT('part definition',#4875,'design');
#4871=PRODUCT_DEFINITION('[ab] Filametrix_Lever_Arm (1)',
'[ab] Filametrix_Lever_Arm (1)',#4872,#4870);
#4872=PRODUCT_DEFINITION_FORMATION('',$,#4877);
#4873=PRODUCT_RELATED_PRODUCT_CATEGORY('[ab] Filametrix_Lever_Arm (1)',
'[ab] Filametrix_Lever_Arm (1)',(#4877));
#4874=APPLICATION_PROTOCOL_DEFINITION('international standard',
'automotive_design',2009,#4875);
#4875=APPLICATION_CONTEXT(
'Core Data for Automotive Mechanical Design Process');
#4876=PRODUCT_CONTEXT('part definition',#4875,'mechanical');
#4877=PRODUCT('[ab] Filametrix_Lever_Arm (1)',
'[ab] Filametrix_Lever_Arm (1)',$,(#4876));
#4878=PRESENTATION_STYLE_ASSIGNMENT((#4880));
#4879=PRESENTATION_STYLE_ASSIGNMENT((#4881));
#4880=SURFACE_STYLE_USAGE(.BOTH.,#4882);
#4881=SURFACE_STYLE_USAGE(.BOTH.,#4883);
#4882=SURFACE_SIDE_STYLE('',(#4884));
#4883=SURFACE_SIDE_STYLE('',(#4885));
#4884=SURFACE_STYLE_FILL_AREA(#4886);
#4885=SURFACE_STYLE_FILL_AREA(#4887);
#4886=FILL_AREA_STYLE('Plate',(#4888));
#4887=FILL_AREA_STYLE('Opaque(18,147,170)',(#4889));
#4888=FILL_AREA_STYLE_COLOUR('Plate',#4890);
#4889=FILL_AREA_STYLE_COLOUR('Opaque(18,147,170)',#4891);
#4890=COLOUR_RGB('Plate',0.6,0.6,0.6);
#4891=COLOUR_RGB('Opaque(18,147,170)',0.0705882352941176,0.576470588235294,
0.666666666666667);
ENDSEC;
END-ISO-10303-21;
