ISO-10303-21;
HEADER;
/* Generated by software containing ST-Developer
 * from STEP Tools, Inc. (www.steptools.com) 
 */

FILE_DESCRIPTION(
/* description */ (''),
/* implementation_level */ '2;1');

FILE_NAME(
/* name */ 'JabberStand.step',
/* time_stamp */ '2026-08-17T21:36:25+02:00',
/* author */ (''),
/* organization */ (''),
/* preprocessor_version */ 'ST-DEVELOPER v20.1',
/* originating_system */ 'Autodesk Translation Framework v15.8.0.0',
/* authorisation */ '');

FILE_SCHEMA (('AUTOMOTIVE_DESIGN { 1 0 10303 214 3 1 1 }'));
ENDSEC;

DATA;
#10=MECHANICAL_DESIGN_GEOMETRIC_PRESENTATION_REPRESENTATION('',(#23,#24),
#10853);
#11=ITEM_DEFINED_TRANSFORMATION($,$,#5137,#5284);
#12=ITEM_DEFINED_TRANSFORMATION($,$,#5225,#5285);
#13=(
REPRESENTATION_RELATIONSHIP($,$,#10867,#10866)
REPRESENTATION_RELATIONSHIP_WITH_TRANSFORMATION(#11)
SHAPE_REPRESENTATION_RELATIONSHIP()
);
#14=(
REPRESENTATION_RELATIONSHIP($,$,#10868,#10866)
REPRESENTATION_RELATIONSHIP_WITH_TRANSFORMATION(#12)
SHAPE_REPRESENTATION_RELATIONSHIP()
);
#15=CONTEXT_DEPENDENT_SHAPE_REPRESENTATION(#13,#10864);
#16=CONTEXT_DEPENDENT_SHAPE_REPRESENTATION(#14,#10865);
#17=NEXT_ASSEMBLY_USAGE_OCCURRENCE('Stand Base v4:1','Stand Base v4:1',
'Stand Base v4:1',#10870,#10871,'Stand Base v4:1');
#18=NEXT_ASSEMBLY_USAGE_OCCURRENCE('JabberStand_Fan Grill v3:1',
'JabberStand_Fan Grill v3:1','JabberStand_Fan Grill v3:1',#10870,#10872,
'JabberStand_Fan Grill v3:1');
#19=SHAPE_REPRESENTATION_RELATIONSHIP('SRR','None',#10867,#21);
#20=SHAPE_REPRESENTATION_RELATIONSHIP('SRR','None',#10868,#22);
#21=ADVANCED_BREP_SHAPE_REPRESENTATION('',(#25),#10851);
#22=ADVANCED_BREP_SHAPE_REPRESENTATION('',(#26),#10852);
#23=STYLED_ITEM('',(#10886),#25);
#24=STYLED_ITEM('',(#10887),#26);
#25=MANIFOLD_SOLID_BREP('Body1',#5111);
#26=MANIFOLD_SOLID_BREP('Body1',#5112);
#27=FACE_BOUND('',#530,.T.);
#28=FACE_BOUND('',#532,.T.);
#29=FACE_BOUND('',#533,.T.);
#30=FACE_BOUND('',#534,.T.);
#31=FACE_BOUND('',#535,.T.);
#32=FACE_BOUND('',#608,.T.);
#33=FACE_BOUND('',#612,.T.);
#34=FACE_BOUND('',#621,.T.);
#35=FACE_BOUND('',#622,.T.);
#36=FACE_BOUND('',#624,.T.);
#37=FACE_BOUND('',#626,.T.);
#38=FACE_BOUND('',#627,.T.);
#39=FACE_BOUND('',#629,.T.);
#40=FACE_BOUND('',#638,.T.);
#41=FACE_BOUND('',#639,.T.);
#42=FACE_BOUND('',#640,.T.);
#43=FACE_BOUND('',#641,.T.);
#44=FACE_BOUND('',#642,.T.);
#45=FACE_BOUND('',#643,.T.);
#46=FACE_BOUND('',#644,.T.);
#47=FACE_BOUND('',#645,.T.);
#48=FACE_BOUND('',#646,.T.);
#49=FACE_BOUND('',#647,.T.);
#50=FACE_BOUND('',#648,.T.);
#51=FACE_BOUND('',#650,.T.);
#52=FACE_BOUND('',#653,.T.);
#53=FACE_BOUND('',#654,.T.);
#54=FACE_BOUND('',#655,.T.);
#55=FACE_BOUND('',#656,.T.);
#56=PLANE('',#5152);
#57=PLANE('',#5154);
#58=PLANE('',#5168);
#59=PLANE('',#5178);
#60=PLANE('',#5179);
#61=PLANE('',#5180);
#62=PLANE('',#5181);
#63=PLANE('',#5182);
#64=PLANE('',#5183);
#65=PLANE('',#5184);
#66=PLANE('',#5185);
#67=PLANE('',#5186);
#68=PLANE('',#5187);
#69=PLANE('',#5188);
#70=PLANE('',#5189);
#71=PLANE('',#5190);
#72=PLANE('',#5191);
#73=PLANE('',#5196);
#74=PLANE('',#5204);
#75=PLANE('',#5212);
#76=PLANE('',#5213);
#77=PLANE('',#5214);
#78=PLANE('',#5215);
#79=PLANE('',#5216);
#80=PLANE('',#5217);
#81=PLANE('',#5218);
#82=PLANE('',#5219);
#83=PLANE('',#5220);
#84=PLANE('',#5221);
#85=PLANE('',#5222);
#86=PLANE('',#5223);
#87=PLANE('',#5224);
#88=PLANE('',#5231);
#89=PLANE('',#5255);
#90=PLANE('',#5257);
#91=PLANE('',#5280);
#92=PLANE('',#5282);
#93=PLANE('',#5283);
#94=CONICAL_SURFACE('',#5150,10.316112,0.785398163394877);
#95=CONICAL_SURFACE('',#5192,2.4,0.785398163397448);
#96=CONICAL_SURFACE('',#5200,2.4,0.785398163397448);
#97=CONICAL_SURFACE('',#5229,10.316112,0.785398163394877);
#98=CYLINDRICAL_SURFACE('',#5147,10.3872576);
#99=CYLINDRICAL_SURFACE('',#5169,8.55478282368286);
#100=CYLINDRICAL_SURFACE('',#5198,1.75);
#101=CYLINDRICAL_SURFACE('',#5206,1.75);
#102=CYLINDRICAL_SURFACE('',#5208,3.25);
#103=CYLINDRICAL_SURFACE('',#5210,3.25);
#104=CYLINDRICAL_SURFACE('',#5226,10.3872576);
#105=CYLINDRICAL_SURFACE('',#5281,8.55478282368286);
#106=CIRCLE('',#5140,125.737022350149);
#107=CIRCLE('',#5148,10.3872576);
#108=CIRCLE('',#5149,10.3872576);
#109=CIRCLE('',#5151,10.3832960000062);
#110=CIRCLE('',#5153,8.55478282368286);
#111=CIRCLE('',#5156,8.55478282368286);
#112=CIRCLE('',#5157,8.55478282368286);
#113=CIRCLE('',#5158,8.55478282368286);
#114=CIRCLE('',#5159,8.55478282368286);
#115=CIRCLE('',#5161,8.55478282368286);
#116=CIRCLE('',#5162,8.55478282368286);
#117=CIRCLE('',#5163,8.55478282368286);
#118=CIRCLE('',#5170,8.55478282368286);
#119=CIRCLE('',#5171,8.55478282368286);
#120=CIRCLE('',#5172,8.55478282368286);
#121=CIRCLE('',#5173,8.55478282368286);
#122=CIRCLE('',#5174,8.55478282368286);
#123=CIRCLE('',#5175,8.55478282368286);
#124=CIRCLE('',#5176,8.55478282368286);
#125=CIRCLE('',#5177,8.55478282368286);
#126=CIRCLE('',#5193,1.75);
#127=CIRCLE('',#5194,1.75);
#128=CIRCLE('',#5195,3.05);
#129=CIRCLE('',#5197,3.25);
#130=CIRCLE('',#5199,1.75);
#131=CIRCLE('',#5201,1.75);
#132=CIRCLE('',#5202,1.75);
#133=CIRCLE('',#5203,3.05);
#134=CIRCLE('',#5205,3.25);
#135=CIRCLE('',#5207,1.75);
#136=CIRCLE('',#5209,3.25);
#137=CIRCLE('',#5211,3.25);
#138=CIRCLE('',#5227,10.3872576);
#139=CIRCLE('',#5228,10.3872576);
#140=CIRCLE('',#5230,10.2449664);
#141=CIRCLE('',#5241,8.55478282368286);
#142=CIRCLE('',#5244,8.55478282368286);
#143=CIRCLE('',#5246,8.55478282368286);
#144=CIRCLE('',#5248,8.55478282368286);
#145=CIRCLE('',#5249,8.55478282368286);
#146=CIRCLE('',#5250,125.737022350814);
#147=CIRCLE('',#5251,8.55478282368286);
#148=CIRCLE('',#5252,8.55478282368286);
#149=CIRCLE('',#5254,8.55478282368286);
#150=CIRCLE('',#5256,8.55478282368286);
#151=CIRCLE('',#5258,8.55478282368286);
#152=CIRCLE('',#5260,8.55478282368286);
#153=CIRCLE('',#5262,8.55478282368286);
#154=CIRCLE('',#5265,8.55478282368286);
#155=CIRCLE('',#5266,8.55478282368286);
#156=CIRCLE('',#5267,125.737022350149);
#157=CIRCLE('',#5268,8.55478282368286);
#158=CIRCLE('',#5269,8.55478282368286);
#159=ELLIPSE('',#5138,4.40565697341682,3.81569151949211);
#160=ELLIPSE('',#5139,1.32799477509605,0.752957727901202);
#161=ELLIPSE('',#5141,0.567085660744636,0.123092941188661);
#162=ELLIPSE('',#5142,4.31039032324618,3.72009899334726);
#163=ELLIPSE('',#5143,9.69354511658954,8.38966464970124);
#164=ELLIPSE('',#5144,4.63908082963524,4.00592691781153);
#165=ELLIPSE('',#5145,5.04043895015185,4.52936824301174);
#166=ELLIPSE('',#5146,4.37022122102883,3.75885697732424);
#167=ELLIPSE('',#5155,0.220660967607342,0.189729009067385);
#168=ELLIPSE('',#5160,12.5550833180954,10.880775298972);
#169=ELLIPSE('',#5164,1.90584008510086,1.6409454250217);
#170=ELLIPSE('',#5165,4.79045310404847,4.13781265367407);
#171=ELLIPSE('',#5166,4.7205210722892,4.24603857227029);
#172=ELLIPSE('',#5167,3.60402321561417,3.11238513791147);
#173=ELLIPSE('',#5232,5.04027897535118,4.52915846617556);
#174=ELLIPSE('',#5233,4.63908082963183,4.0059269178056);
#175=ELLIPSE('',#5234,9.69354511657603,8.389664649678);
#176=ELLIPSE('',#5235,4.31039032324423,3.72009899334401);
#177=ELLIPSE('',#5236,1.90584008510502,1.64094542502885);
#178=ELLIPSE('',#5237,3.60402321561393,3.11238513791102);
#179=ELLIPSE('',#5238,4.37022122103395,3.75885697733277);
#180=ELLIPSE('',#5239,4.79045310404813,4.13781265367347);
#181=ELLIPSE('',#5240,4.72052093448484,4.24603841778999);
#182=ELLIPSE('',#5242,0.567085660735892,0.123092941184773);
#183=ELLIPSE('',#5243,12.5550833181126,10.880775299002);
#184=ELLIPSE('',#5245,4.40565697344324,3.81569151953201);
#185=ELLIPSE('',#5247,1.32799477494978,0.752957727859835);
#186=ELLIPSE('',#5253,0.220660967607564,0.189729009067782);
#187=ELLIPSE('',#5259,1.32799477509605,0.752957727901202);
#188=ELLIPSE('',#5261,4.40565697341682,3.81569151949211);
#189=ELLIPSE('',#5263,12.5550833180954,10.880775298972);
#190=ELLIPSE('',#5264,0.567085660744636,0.123092941188661);
#191=ELLIPSE('',#5270,0.220660967607342,0.189729009067385);
#192=ELLIPSE('',#5271,1.90584008510086,1.6409454250217);
#193=ELLIPSE('',#5272,4.31039032324618,3.72009899334726);
#194=ELLIPSE('',#5273,9.69354511658954,8.38966464970124);
#195=ELLIPSE('',#5274,4.63908082963524,4.00592691781153);
#196=ELLIPSE('',#5275,5.04043895015185,4.52936824301174);
#197=ELLIPSE('',#5276,4.7205210722892,4.24603857227029);
#198=ELLIPSE('',#5277,4.79045310404847,4.13781265367407);
#199=ELLIPSE('',#5278,4.37022122102883,3.75885697732424);
#200=ELLIPSE('',#5279,3.60402321561417,3.11238513791147);
#201=FACE_OUTER_BOUND('',#471,.T.);
#202=FACE_OUTER_BOUND('',#472,.T.);
#203=FACE_OUTER_BOUND('',#473,.T.);
#204=FACE_OUTER_BOUND('',#474,.T.);
#205=FACE_OUTER_BOUND('',#475,.T.);
#206=FACE_OUTER_BOUND('',#476,.T.);
#207=FACE_OUTER_BOUND('',#477,.T.);
#208=FACE_OUTER_BOUND('',#478,.T.);
#209=FACE_OUTER_BOUND('',#479,.T.);
#210=FACE_OUTER_BOUND('',#480,.T.);
#211=FACE_OUTER_BOUND('',#481,.T.);
#212=FACE_OUTER_BOUND('',#482,.T.);
#213=FACE_OUTER_BOUND('',#483,.T.);
#214=FACE_OUTER_BOUND('',#484,.T.);
#215=FACE_OUTER_BOUND('',#485,.T.);
#216=FACE_OUTER_BOUND('',#486,.T.);
#217=FACE_OUTER_BOUND('',#487,.T.);
#218=FACE_OUTER_BOUND('',#488,.T.);
#219=FACE_OUTER_BOUND('',#489,.T.);
#220=FACE_OUTER_BOUND('',#490,.T.);
#221=FACE_OUTER_BOUND('',#491,.T.);
#222=FACE_OUTER_BOUND('',#492,.T.);
#223=FACE_OUTER_BOUND('',#493,.T.);
#224=FACE_OUTER_BOUND('',#494,.T.);
#225=FACE_OUTER_BOUND('',#495,.T.);
#226=FACE_OUTER_BOUND('',#496,.T.);
#227=FACE_OUTER_BOUND('',#497,.T.);
#228=FACE_OUTER_BOUND('',#498,.T.);
#229=FACE_OUTER_BOUND('',#499,.T.);
#230=FACE_OUTER_BOUND('',#500,.T.);
#231=FACE_OUTER_BOUND('',#501,.T.);
#232=FACE_OUTER_BOUND('',#502,.T.);
#233=FACE_OUTER_BOUND('',#503,.T.);
#234=FACE_OUTER_BOUND('',#504,.T.);
#235=FACE_OUTER_BOUND('',#505,.T.);
#236=FACE_OUTER_BOUND('',#506,.T.);
#237=FACE_OUTER_BOUND('',#507,.T.);
#238=FACE_OUTER_BOUND('',#508,.T.);
#239=FACE_OUTER_BOUND('',#509,.T.);
#240=FACE_OUTER_BOUND('',#510,.T.);
#241=FACE_OUTER_BOUND('',#511,.T.);
#242=FACE_OUTER_BOUND('',#512,.T.);
#243=FACE_OUTER_BOUND('',#513,.T.);
#244=FACE_OUTER_BOUND('',#514,.T.);
#245=FACE_OUTER_BOUND('',#515,.T.);
#246=FACE_OUTER_BOUND('',#516,.T.);
#247=FACE_OUTER_BOUND('',#517,.T.);
#248=FACE_OUTER_BOUND('',#518,.T.);
#249=FACE_OUTER_BOUND('',#519,.T.);
#250=FACE_OUTER_BOUND('',#520,.T.);
#251=FACE_OUTER_BOUND('',#521,.T.);
#252=FACE_OUTER_BOUND('',#522,.T.);
#253=FACE_OUTER_BOUND('',#523,.T.);
#254=FACE_OUTER_BOUND('',#524,.T.);
#255=FACE_OUTER_BOUND('',#525,.T.);
#256=FACE_OUTER_BOUND('',#526,.T.);
#257=FACE_OUTER_BOUND('',#527,.T.);
#258=FACE_OUTER_BOUND('',#528,.T.);
#259=FACE_OUTER_BOUND('',#529,.T.);
#260=FACE_OUTER_BOUND('',#531,.T.);
#261=FACE_OUTER_BOUND('',#536,.T.);
#262=FACE_OUTER_BOUND('',#537,.T.);
#263=FACE_OUTER_BOUND('',#538,.T.);
#264=FACE_OUTER_BOUND('',#539,.T.);
#265=FACE_OUTER_BOUND('',#540,.T.);
#266=FACE_OUTER_BOUND('',#541,.T.);
#267=FACE_OUTER_BOUND('',#542,.T.);
#268=FACE_OUTER_BOUND('',#543,.T.);
#269=FACE_OUTER_BOUND('',#544,.T.);
#270=FACE_OUTER_BOUND('',#545,.T.);
#271=FACE_OUTER_BOUND('',#546,.T.);
#272=FACE_OUTER_BOUND('',#547,.T.);
#273=FACE_OUTER_BOUND('',#548,.T.);
#274=FACE_OUTER_BOUND('',#549,.T.);
#275=FACE_OUTER_BOUND('',#550,.T.);
#276=FACE_OUTER_BOUND('',#551,.T.);
#277=FACE_OUTER_BOUND('',#552,.T.);
#278=FACE_OUTER_BOUND('',#553,.T.);
#279=FACE_OUTER_BOUND('',#554,.T.);
#280=FACE_OUTER_BOUND('',#555,.T.);
#281=FACE_OUTER_BOUND('',#556,.T.);
#282=FACE_OUTER_BOUND('',#557,.T.);
#283=FACE_OUTER_BOUND('',#558,.T.);
#284=FACE_OUTER_BOUND('',#559,.T.);
#285=FACE_OUTER_BOUND('',#560,.T.);
#286=FACE_OUTER_BOUND('',#561,.T.);
#287=FACE_OUTER_BOUND('',#562,.T.);
#288=FACE_OUTER_BOUND('',#563,.T.);
#289=FACE_OUTER_BOUND('',#564,.T.);
#290=FACE_OUTER_BOUND('',#565,.T.);
#291=FACE_OUTER_BOUND('',#566,.T.);
#292=FACE_OUTER_BOUND('',#567,.T.);
#293=FACE_OUTER_BOUND('',#568,.T.);
#294=FACE_OUTER_BOUND('',#569,.T.);
#295=FACE_OUTER_BOUND('',#570,.T.);
#296=FACE_OUTER_BOUND('',#571,.T.);
#297=FACE_OUTER_BOUND('',#572,.T.);
#298=FACE_OUTER_BOUND('',#573,.T.);
#299=FACE_OUTER_BOUND('',#574,.T.);
#300=FACE_OUTER_BOUND('',#575,.T.);
#301=FACE_OUTER_BOUND('',#576,.T.);
#302=FACE_OUTER_BOUND('',#577,.T.);
#303=FACE_OUTER_BOUND('',#578,.T.);
#304=FACE_OUTER_BOUND('',#579,.T.);
#305=FACE_OUTER_BOUND('',#580,.T.);
#306=FACE_OUTER_BOUND('',#581,.T.);
#307=FACE_OUTER_BOUND('',#582,.T.);
#308=FACE_OUTER_BOUND('',#583,.T.);
#309=FACE_OUTER_BOUND('',#584,.T.);
#310=FACE_OUTER_BOUND('',#585,.T.);
#311=FACE_OUTER_BOUND('',#586,.T.);
#312=FACE_OUTER_BOUND('',#587,.T.);
#313=FACE_OUTER_BOUND('',#588,.T.);
#314=FACE_OUTER_BOUND('',#589,.T.);
#315=FACE_OUTER_BOUND('',#590,.T.);
#316=FACE_OUTER_BOUND('',#591,.T.);
#317=FACE_OUTER_BOUND('',#592,.T.);
#318=FACE_OUTER_BOUND('',#593,.T.);
#319=FACE_OUTER_BOUND('',#594,.T.);
#320=FACE_OUTER_BOUND('',#595,.T.);
#321=FACE_OUTER_BOUND('',#596,.T.);
#322=FACE_OUTER_BOUND('',#597,.T.);
#323=FACE_OUTER_BOUND('',#598,.T.);
#324=FACE_OUTER_BOUND('',#599,.T.);
#325=FACE_OUTER_BOUND('',#600,.T.);
#326=FACE_OUTER_BOUND('',#601,.T.);
#327=FACE_OUTER_BOUND('',#602,.T.);
#328=FACE_OUTER_BOUND('',#603,.T.);
#329=FACE_OUTER_BOUND('',#604,.T.);
#330=FACE_OUTER_BOUND('',#605,.T.);
#331=FACE_OUTER_BOUND('',#606,.T.);
#332=FACE_OUTER_BOUND('',#607,.T.);
#333=FACE_OUTER_BOUND('',#609,.T.);
#334=FACE_OUTER_BOUND('',#610,.T.);
#335=FACE_OUTER_BOUND('',#611,.T.);
#336=FACE_OUTER_BOUND('',#613,.T.);
#337=FACE_OUTER_BOUND('',#614,.T.);
#338=FACE_OUTER_BOUND('',#615,.T.);
#339=FACE_OUTER_BOUND('',#616,.T.);
#340=FACE_OUTER_BOUND('',#617,.T.);
#341=FACE_OUTER_BOUND('',#618,.T.);
#342=FACE_OUTER_BOUND('',#619,.T.);
#343=FACE_OUTER_BOUND('',#620,.T.);
#344=FACE_OUTER_BOUND('',#623,.T.);
#345=FACE_OUTER_BOUND('',#625,.T.);
#346=FACE_OUTER_BOUND('',#628,.T.);
#347=FACE_OUTER_BOUND('',#630,.T.);
#348=FACE_OUTER_BOUND('',#631,.T.);
#349=FACE_OUTER_BOUND('',#632,.T.);
#350=FACE_OUTER_BOUND('',#633,.T.);
#351=FACE_OUTER_BOUND('',#634,.T.);
#352=FACE_OUTER_BOUND('',#635,.T.);
#353=FACE_OUTER_BOUND('',#636,.T.);
#354=FACE_OUTER_BOUND('',#637,.T.);
#355=FACE_OUTER_BOUND('',#649,.T.);
#356=FACE_OUTER_BOUND('',#651,.T.);
#357=FACE_OUTER_BOUND('',#652,.T.);
#358=FACE_OUTER_BOUND('',#657,.T.);
#359=FACE_OUTER_BOUND('',#658,.T.);
#360=FACE_OUTER_BOUND('',#659,.T.);
#361=FACE_OUTER_BOUND('',#660,.T.);
#362=FACE_OUTER_BOUND('',#661,.T.);
#363=FACE_OUTER_BOUND('',#662,.T.);
#364=FACE_OUTER_BOUND('',#663,.T.);
#365=FACE_OUTER_BOUND('',#664,.T.);
#366=FACE_OUTER_BOUND('',#665,.T.);
#367=FACE_OUTER_BOUND('',#666,.T.);
#368=FACE_OUTER_BOUND('',#667,.T.);
#369=FACE_OUTER_BOUND('',#668,.T.);
#370=FACE_OUTER_BOUND('',#669,.T.);
#371=FACE_OUTER_BOUND('',#670,.T.);
#372=FACE_OUTER_BOUND('',#671,.T.);
#373=FACE_OUTER_BOUND('',#672,.T.);
#374=FACE_OUTER_BOUND('',#673,.T.);
#375=FACE_OUTER_BOUND('',#674,.T.);
#376=FACE_OUTER_BOUND('',#675,.T.);
#377=FACE_OUTER_BOUND('',#676,.T.);
#378=FACE_OUTER_BOUND('',#677,.T.);
#379=FACE_OUTER_BOUND('',#678,.T.);
#380=FACE_OUTER_BOUND('',#679,.T.);
#381=FACE_OUTER_BOUND('',#680,.T.);
#382=FACE_OUTER_BOUND('',#681,.T.);
#383=FACE_OUTER_BOUND('',#682,.T.);
#384=FACE_OUTER_BOUND('',#683,.T.);
#385=FACE_OUTER_BOUND('',#684,.T.);
#386=FACE_OUTER_BOUND('',#685,.T.);
#387=FACE_OUTER_BOUND('',#686,.T.);
#388=FACE_OUTER_BOUND('',#687,.T.);
#389=FACE_OUTER_BOUND('',#688,.T.);
#390=FACE_OUTER_BOUND('',#689,.T.);
#391=FACE_OUTER_BOUND('',#690,.T.);
#392=FACE_OUTER_BOUND('',#691,.T.);
#393=FACE_OUTER_BOUND('',#692,.T.);
#394=FACE_OUTER_BOUND('',#693,.T.);
#395=FACE_OUTER_BOUND('',#694,.T.);
#396=FACE_OUTER_BOUND('',#695,.T.);
#397=FACE_OUTER_BOUND('',#696,.T.);
#398=FACE_OUTER_BOUND('',#697,.T.);
#399=FACE_OUTER_BOUND('',#698,.T.);
#400=FACE_OUTER_BOUND('',#699,.T.);
#401=FACE_OUTER_BOUND('',#700,.T.);
#402=FACE_OUTER_BOUND('',#701,.T.);
#403=FACE_OUTER_BOUND('',#702,.T.);
#404=FACE_OUTER_BOUND('',#703,.T.);
#405=FACE_OUTER_BOUND('',#704,.T.);
#406=FACE_OUTER_BOUND('',#705,.T.);
#407=FACE_OUTER_BOUND('',#706,.T.);
#408=FACE_OUTER_BOUND('',#707,.T.);
#409=FACE_OUTER_BOUND('',#708,.T.);
#410=FACE_OUTER_BOUND('',#709,.T.);
#411=FACE_OUTER_BOUND('',#710,.T.);
#412=FACE_OUTER_BOUND('',#711,.T.);
#413=FACE_OUTER_BOUND('',#712,.T.);
#414=FACE_OUTER_BOUND('',#713,.T.);
#415=FACE_OUTER_BOUND('',#714,.T.);
#416=FACE_OUTER_BOUND('',#715,.T.);
#417=FACE_OUTER_BOUND('',#716,.T.);
#418=FACE_OUTER_BOUND('',#717,.T.);
#419=FACE_OUTER_BOUND('',#718,.T.);
#420=FACE_OUTER_BOUND('',#719,.T.);
#421=FACE_OUTER_BOUND('',#720,.T.);
#422=FACE_OUTER_BOUND('',#721,.T.);
#423=FACE_OUTER_BOUND('',#722,.T.);
#424=FACE_OUTER_BOUND('',#723,.T.);
#425=FACE_OUTER_BOUND('',#724,.T.);
#426=FACE_OUTER_BOUND('',#725,.T.);
#427=FACE_OUTER_BOUND('',#726,.T.);
#428=FACE_OUTER_BOUND('',#727,.T.);
#429=FACE_OUTER_BOUND('',#728,.T.);
#430=FACE_OUTER_BOUND('',#729,.T.);
#431=FACE_OUTER_BOUND('',#730,.T.);
#432=FACE_OUTER_BOUND('',#731,.T.);
#433=FACE_OUTER_BOUND('',#732,.T.);
#434=FACE_OUTER_BOUND('',#733,.T.);
#435=FACE_OUTER_BOUND('',#734,.T.);
#436=FACE_OUTER_BOUND('',#735,.T.);
#437=FACE_OUTER_BOUND('',#736,.T.);
#438=FACE_OUTER_BOUND('',#737,.T.);
#439=FACE_OUTER_BOUND('',#738,.T.);
#440=FACE_OUTER_BOUND('',#739,.T.);
#441=FACE_OUTER_BOUND('',#740,.T.);
#442=FACE_OUTER_BOUND('',#741,.T.);
#443=FACE_OUTER_BOUND('',#742,.T.);
#444=FACE_OUTER_BOUND('',#743,.T.);
#445=FACE_OUTER_BOUND('',#744,.T.);
#446=FACE_OUTER_BOUND('',#745,.T.);
#447=FACE_OUTER_BOUND('',#746,.T.);
#448=FACE_OUTER_BOUND('',#747,.T.);
#449=FACE_OUTER_BOUND('',#748,.T.);
#450=FACE_OUTER_BOUND('',#749,.T.);
#451=FACE_OUTER_BOUND('',#750,.T.);
#452=FACE_OUTER_BOUND('',#751,.T.);
#453=FACE_OUTER_BOUND('',#752,.T.);
#454=FACE_OUTER_BOUND('',#753,.T.);
#455=FACE_OUTER_BOUND('',#754,.T.);
#456=FACE_OUTER_BOUND('',#755,.T.);
#457=FACE_OUTER_BOUND('',#756,.T.);
#458=FACE_OUTER_BOUND('',#757,.T.);
#459=FACE_OUTER_BOUND('',#758,.T.);
#460=FACE_OUTER_BOUND('',#759,.T.);
#461=FACE_OUTER_BOUND('',#760,.T.);
#462=FACE_OUTER_BOUND('',#761,.T.);
#463=FACE_OUTER_BOUND('',#762,.T.);
#464=FACE_OUTER_BOUND('',#763,.T.);
#465=FACE_OUTER_BOUND('',#764,.T.);
#466=FACE_OUTER_BOUND('',#765,.T.);
#467=FACE_OUTER_BOUND('',#766,.T.);
#468=FACE_OUTER_BOUND('',#767,.T.);
#469=FACE_OUTER_BOUND('',#768,.T.);
#470=FACE_OUTER_BOUND('',#769,.T.);
#471=EDGE_LOOP('',(#3053,#3054,#3055,#3056));
#472=EDGE_LOOP('',(#3057,#3058,#3059,#3060));
#473=EDGE_LOOP('',(#3061,#3062,#3063,#3064));
#474=EDGE_LOOP('',(#3065,#3066,#3067,#3068));
#475=EDGE_LOOP('',(#3069,#3070,#3071,#3072));
#476=EDGE_LOOP('',(#3073,#3074,#3075,#3076));
#477=EDGE_LOOP('',(#3077,#3078,#3079,#3080));
#478=EDGE_LOOP('',(#3081,#3082,#3083,#3084));
#479=EDGE_LOOP('',(#3085,#3086,#3087,#3088));
#480=EDGE_LOOP('',(#3089,#3090,#3091,#3092));
#481=EDGE_LOOP('',(#3093,#3094,#3095,#3096));
#482=EDGE_LOOP('',(#3097,#3098,#3099,#3100));
#483=EDGE_LOOP('',(#3101,#3102,#3103,#3104));
#484=EDGE_LOOP('',(#3105,#3106,#3107,#3108));
#485=EDGE_LOOP('',(#3109,#3110,#3111,#3112));
#486=EDGE_LOOP('',(#3113,#3114,#3115,#3116));
#487=EDGE_LOOP('',(#3117,#3118,#3119,#3120));
#488=EDGE_LOOP('',(#3121,#3122,#3123,#3124));
#489=EDGE_LOOP('',(#3125,#3126,#3127,#3128));
#490=EDGE_LOOP('',(#3129,#3130,#3131,#3132));
#491=EDGE_LOOP('',(#3133,#3134,#3135,#3136));
#492=EDGE_LOOP('',(#3137,#3138,#3139,#3140));
#493=EDGE_LOOP('',(#3141,#3142,#3143,#3144));
#494=EDGE_LOOP('',(#3145,#3146,#3147,#3148));
#495=EDGE_LOOP('',(#3149,#3150,#3151,#3152));
#496=EDGE_LOOP('',(#3153,#3154,#3155,#3156));
#497=EDGE_LOOP('',(#3157,#3158,#3159,#3160));
#498=EDGE_LOOP('',(#3161,#3162,#3163,#3164));
#499=EDGE_LOOP('',(#3165,#3166,#3167,#3168));
#500=EDGE_LOOP('',(#3169,#3170,#3171,#3172));
#501=EDGE_LOOP('',(#3173,#3174,#3175,#3176));
#502=EDGE_LOOP('',(#3177,#3178,#3179,#3180));
#503=EDGE_LOOP('',(#3181,#3182,#3183,#3184));
#504=EDGE_LOOP('',(#3185,#3186,#3187,#3188));
#505=EDGE_LOOP('',(#3189,#3190,#3191,#3192));
#506=EDGE_LOOP('',(#3193,#3194,#3195,#3196));
#507=EDGE_LOOP('',(#3197,#3198,#3199,#3200));
#508=EDGE_LOOP('',(#3201,#3202,#3203,#3204));
#509=EDGE_LOOP('',(#3205,#3206,#3207,#3208));
#510=EDGE_LOOP('',(#3209,#3210,#3211,#3212));
#511=EDGE_LOOP('',(#3213,#3214,#3215,#3216));
#512=EDGE_LOOP('',(#3217,#3218,#3219,#3220));
#513=EDGE_LOOP('',(#3221,#3222,#3223,#3224));
#514=EDGE_LOOP('',(#3225,#3226,#3227,#3228));
#515=EDGE_LOOP('',(#3229,#3230,#3231,#3232));
#516=EDGE_LOOP('',(#3233,#3234,#3235,#3236));
#517=EDGE_LOOP('',(#3237,#3238,#3239,#3240));
#518=EDGE_LOOP('',(#3241,#3242,#3243,#3244));
#519=EDGE_LOOP('',(#3245,#3246,#3247,#3248));
#520=EDGE_LOOP('',(#3249,#3250,#3251,#3252));
#521=EDGE_LOOP('',(#3253,#3254,#3255,#3256));
#522=EDGE_LOOP('',(#3257,#3258,#3259,#3260));
#523=EDGE_LOOP('',(#3261,#3262,#3263,#3264));
#524=EDGE_LOOP('',(#3265,#3266,#3267,#3268));
#525=EDGE_LOOP('',(#3269,#3270,#3271,#3272));
#526=EDGE_LOOP('',(#3273,#3274,#3275,#3276));
#527=EDGE_LOOP('',(#3277,#3278,#3279,#3280));
#528=EDGE_LOOP('',(#3281,#3282,#3283,#3284));
#529=EDGE_LOOP('',(#3285));
#530=EDGE_LOOP('',(#3286));
#531=EDGE_LOOP('',(#3287,#3288,#3289,#3290,#3291,#3292,#3293,#3294,#3295,
#3296,#3297,#3298,#3299,#3300,#3301,#3302,#3303,#3304,#3305,#3306,#3307,
#3308,#3309,#3310,#3311,#3312,#3313,#3314,#3315,#3316,#3317,#3318,#3319,
#3320,#3321,#3322,#3323,#3324,#3325,#3326,#3327,#3328,#3329,#3330,#3331,
#3332,#3333,#3334,#3335,#3336,#3337,#3338,#3339,#3340,#3341,#3342,#3343,
#3344,#3345,#3346,#3347,#3348,#3349,#3350,#3351,#3352,#3353,#3354,#3355,
#3356,#3357,#3358,#3359,#3360,#3361,#3362,#3363,#3364,#3365));
#532=EDGE_LOOP('',(#3366,#3367,#3368,#3369,#3370,#3371,#3372,#3373,#3374,
#3375,#3376,#3377,#3378,#3379,#3380,#3381,#3382,#3383,#3384,#3385,#3386,
#3387,#3388,#3389,#3390));
#533=EDGE_LOOP('',(#3391,#3392,#3393,#3394,#3395));
#534=EDGE_LOOP('',(#3396,#3397,#3398,#3399));
#535=EDGE_LOOP('',(#3400,#3401,#3402,#3403,#3404,#3405,#3406));
#536=EDGE_LOOP('',(#3407,#3408,#3409,#3410));
#537=EDGE_LOOP('',(#3411,#3412,#3413,#3414,#3415,#3416,#3417,#3418,#3419,
#3420,#3421,#3422,#3423,#3424,#3425,#3426,#3427,#3428,#3429,#3430,#3431,
#3432,#3433,#3434,#3435,#3436,#3437,#3438,#3439,#3440,#3441,#3442));
#538=EDGE_LOOP('',(#3443,#3444,#3445,#3446));
#539=EDGE_LOOP('',(#3447,#3448,#3449,#3450));
#540=EDGE_LOOP('',(#3451,#3452,#3453,#3454));
#541=EDGE_LOOP('',(#3455,#3456,#3457,#3458));
#542=EDGE_LOOP('',(#3459,#3460,#3461,#3462));
#543=EDGE_LOOP('',(#3463,#3464,#3465,#3466));
#544=EDGE_LOOP('',(#3467,#3468,#3469,#3470));
#545=EDGE_LOOP('',(#3471,#3472,#3473,#3474));
#546=EDGE_LOOP('',(#3475,#3476,#3477,#3478));
#547=EDGE_LOOP('',(#3479,#3480,#3481,#3482));
#548=EDGE_LOOP('',(#3483,#3484,#3485,#3486));
#549=EDGE_LOOP('',(#3487,#3488,#3489,#3490));
#550=EDGE_LOOP('',(#3491,#3492,#3493,#3494));
#551=EDGE_LOOP('',(#3495,#3496,#3497,#3498));
#552=EDGE_LOOP('',(#3499,#3500,#3501,#3502));
#553=EDGE_LOOP('',(#3503,#3504,#3505,#3506));
#554=EDGE_LOOP('',(#3507,#3508,#3509,#3510));
#555=EDGE_LOOP('',(#3511,#3512,#3513,#3514));
#556=EDGE_LOOP('',(#3515,#3516,#3517,#3518));
#557=EDGE_LOOP('',(#3519,#3520,#3521,#3522));
#558=EDGE_LOOP('',(#3523,#3524,#3525,#3526));
#559=EDGE_LOOP('',(#3527,#3528,#3529,#3530));
#560=EDGE_LOOP('',(#3531,#3532,#3533,#3534));
#561=EDGE_LOOP('',(#3535,#3536,#3537,#3538));
#562=EDGE_LOOP('',(#3539,#3540,#3541,#3542));
#563=EDGE_LOOP('',(#3543,#3544,#3545,#3546));
#564=EDGE_LOOP('',(#3547,#3548,#3549,#3550));
#565=EDGE_LOOP('',(#3551,#3552,#3553,#3554));
#566=EDGE_LOOP('',(#3555,#3556,#3557,#3558));
#567=EDGE_LOOP('',(#3559,#3560,#3561,#3562));
#568=EDGE_LOOP('',(#3563,#3564,#3565,#3566));
#569=EDGE_LOOP('',(#3567,#3568,#3569,#3570));
#570=EDGE_LOOP('',(#3571,#3572,#3573,#3574));
#571=EDGE_LOOP('',(#3575,#3576,#3577,#3578));
#572=EDGE_LOOP('',(#3579,#3580,#3581,#3582));
#573=EDGE_LOOP('',(#3583,#3584,#3585,#3586));
#574=EDGE_LOOP('',(#3587,#3588,#3589,#3590));
#575=EDGE_LOOP('',(#3591,#3592,#3593,#3594));
#576=EDGE_LOOP('',(#3595,#3596,#3597,#3598));
#577=EDGE_LOOP('',(#3599,#3600,#3601,#3602));
#578=EDGE_LOOP('',(#3603,#3604,#3605,#3606));
#579=EDGE_LOOP('',(#3607,#3608,#3609,#3610));
#580=EDGE_LOOP('',(#3611,#3612,#3613,#3614));
#581=EDGE_LOOP('',(#3615,#3616,#3617,#3618));
#582=EDGE_LOOP('',(#3619,#3620,#3621,#3622));
#583=EDGE_LOOP('',(#3623,#3624,#3625,#3626));
#584=EDGE_LOOP('',(#3627,#3628,#3629,#3630));
#585=EDGE_LOOP('',(#3631,#3632,#3633,#3634));
#586=EDGE_LOOP('',(#3635,#3636,#3637,#3638));
#587=EDGE_LOOP('',(#3639,#3640,#3641,#3642));
#588=EDGE_LOOP('',(#3643,#3644,#3645,#3646));
#589=EDGE_LOOP('',(#3647,#3648,#3649,#3650));
#590=EDGE_LOOP('',(#3651,#3652,#3653,#3654));
#591=EDGE_LOOP('',(#3655,#3656,#3657,#3658));
#592=EDGE_LOOP('',(#3659,#3660,#3661,#3662));
#593=EDGE_LOOP('',(#3663,#3664,#3665,#3666));
#594=EDGE_LOOP('',(#3667,#3668,#3669,#3670));
#595=EDGE_LOOP('',(#3671,#3672,#3673,#3674,#3675));
#596=EDGE_LOOP('',(#3676,#3677,#3678,#3679,#3680,#3681,#3682));
#597=EDGE_LOOP('',(#3683,#3684,#3685,#3686,#3687,#3688,#3689,#3690,#3691,
#3692,#3693,#3694,#3695,#3696,#3697,#3698,#3699,#3700,#3701,#3702,#3703,
#3704,#3705,#3706,#3707));
#598=EDGE_LOOP('',(#3708,#3709,#3710,#3711,#3712,#3713,#3714,#3715,#3716,
#3717,#3718,#3719,#3720));
#599=EDGE_LOOP('',(#3721,#3722,#3723,#3724,#3725,#3726,#3727,#3728,#3729,
#3730,#3731));
#600=EDGE_LOOP('',(#3732,#3733,#3734,#3735,#3736,#3737,#3738));
#601=EDGE_LOOP('',(#3739,#3740,#3741,#3742,#3743,#3744,#3745,#3746));
#602=EDGE_LOOP('',(#3747,#3748,#3749,#3750,#3751,#3752,#3753,#3754,#3755,
#3756));
#603=EDGE_LOOP('',(#3757,#3758));
#604=EDGE_LOOP('',(#3759,#3760,#3761,#3762,#3763,#3764,#3765,#3766,#3767,
#3768,#3769,#3770,#3771,#3772,#3773,#3774,#3775,#3776,#3777,#3778,#3779,
#3780));
#605=EDGE_LOOP('',(#3781,#3782,#3783,#3784,#3785,#3786,#3787));
#606=EDGE_LOOP('',(#3788,#3789,#3790,#3791,#3792));
#607=EDGE_LOOP('',(#3793));
#608=EDGE_LOOP('',(#3794));
#609=EDGE_LOOP('',(#3795,#3796,#3797,#3798,#3799));
#610=EDGE_LOOP('',(#3800,#3801,#3802,#3803,#3804));
#611=EDGE_LOOP('',(#3805));
#612=EDGE_LOOP('',(#3806));
#613=EDGE_LOOP('',(#3807,#3808,#3809,#3810,#3811));
#614=EDGE_LOOP('',(#3812,#3813,#3814,#3815));
#615=EDGE_LOOP('',(#3816,#3817,#3818,#3819));
#616=EDGE_LOOP('',(#3820,#3821,#3822,#3823));
#617=EDGE_LOOP('',(#3824,#3825,#3826,#3827));
#618=EDGE_LOOP('',(#3828,#3829,#3830,#3831));
#619=EDGE_LOOP('',(#3832,#3833,#3834,#3835));
#620=EDGE_LOOP('',(#3836,#3837,#3838,#3839));
#621=EDGE_LOOP('',(#3840));
#622=EDGE_LOOP('',(#3841));
#623=EDGE_LOOP('',(#3842,#3843,#3844,#3845,#3846,#3847));
#624=EDGE_LOOP('',(#3848,#3849,#3850,#3851));
#625=EDGE_LOOP('',(#3852,#3853,#3854,#3855,#3856,#3857));
#626=EDGE_LOOP('',(#3858));
#627=EDGE_LOOP('',(#3859));
#628=EDGE_LOOP('',(#3860,#3861,#3862,#3863));
#629=EDGE_LOOP('',(#3864));
#630=EDGE_LOOP('',(#3865,#3866,#3867,#3868));
#631=EDGE_LOOP('',(#3869,#3870,#3871,#3872));
#632=EDGE_LOOP('',(#3873,#3874,#3875,#3876));
#633=EDGE_LOOP('',(#3877,#3878,#3879,#3880));
#634=EDGE_LOOP('',(#3881,#3882,#3883,#3884));
#635=EDGE_LOOP('',(#3885,#3886,#3887,#3888));
#636=EDGE_LOOP('',(#3889,#3890,#3891,#3892));
#637=EDGE_LOOP('',(#3893));
#638=EDGE_LOOP('',(#3894,#3895,#3896,#3897,#3898,#3899,#3900,#3901,#3902,
#3903,#3904,#3905,#3906,#3907,#3908,#3909,#3910,#3911,#3912,#3913,#3914,
#3915,#3916,#3917,#3918));
#639=EDGE_LOOP('',(#3919,#3920,#3921,#3922,#3923,#3924,#3925));
#640=EDGE_LOOP('',(#3926,#3927,#3928,#3929));
#641=EDGE_LOOP('',(#3930,#3931,#3932,#3933,#3934));
#642=EDGE_LOOP('',(#3935,#3936,#3937,#3938,#3939,#3940,#3941,#3942,#3943,
#3944,#3945,#3946,#3947));
#643=EDGE_LOOP('',(#3948,#3949,#3950,#3951,#3952,#3953,#3954));
#644=EDGE_LOOP('',(#3955,#3956,#3957,#3958,#3959,#3960,#3961,#3962,#3963,
#3964,#3965,#3966,#3967,#3968,#3969,#3970,#3971,#3972,#3973,#3974,#3975,
#3976,#3977,#3978));
#645=EDGE_LOOP('',(#3979,#3980,#3981,#3982,#3983,#3984,#3985,#3986));
#646=EDGE_LOOP('',(#3987,#3988,#3989,#3990,#3991,#3992,#3993));
#647=EDGE_LOOP('',(#3994,#3995,#3996,#3997,#3998,#3999,#4000,#4001,#4002,
#4003,#4004));
#648=EDGE_LOOP('',(#4005,#4006,#4007,#4008,#4009,#4010,#4011,#4012,#4013,
#4014));
#649=EDGE_LOOP('',(#4015));
#650=EDGE_LOOP('',(#4016));
#651=EDGE_LOOP('',(#4017,#4018,#4019,#4020));
#652=EDGE_LOOP('',(#4021,#4022,#4023,#4024,#4025,#4026,#4027,#4028,#4029,
#4030,#4031,#4032,#4033,#4034,#4035,#4036,#4037,#4038,#4039,#4040,#4041,
#4042,#4043,#4044,#4045,#4046,#4047,#4048,#4049,#4050,#4051,#4052,#4053,
#4054,#4055,#4056,#4057,#4058,#4059,#4060,#4061,#4062,#4063,#4064,#4065,
#4066,#4067,#4068,#4069,#4070,#4071,#4072,#4073,#4074,#4075,#4076,#4077,
#4078,#4079,#4080,#4081,#4082,#4083,#4084,#4085,#4086,#4087,#4088,#4089,
#4090,#4091,#4092,#4093,#4094,#4095,#4096,#4097,#4098,#4099));
#653=EDGE_LOOP('',(#4100,#4101,#4102,#4103,#4104,#4105,#4106,#4107,#4108,
#4109,#4110,#4111,#4112,#4113,#4114,#4115,#4116,#4117,#4118,#4119,#4120,
#4121,#4122,#4123,#4124));
#654=EDGE_LOOP('',(#4125,#4126,#4127,#4128,#4129));
#655=EDGE_LOOP('',(#4130,#4131,#4132,#4133));
#656=EDGE_LOOP('',(#4134,#4135,#4136,#4137,#4138,#4139,#4140));
#657=EDGE_LOOP('',(#4141,#4142,#4143,#4144));
#658=EDGE_LOOP('',(#4145,#4146,#4147,#4148));
#659=EDGE_LOOP('',(#4149,#4150,#4151,#4152));
#660=EDGE_LOOP('',(#4153,#4154,#4155,#4156,#4157,#4158,#4159,#4160,#4161,
#4162,#4163,#4164,#4165,#4166,#4167,#4168,#4169,#4170,#4171,#4172,#4173,
#4174,#4175,#4176,#4177,#4178,#4179,#4180,#4181,#4182,#4183,#4184));
#661=EDGE_LOOP('',(#4185,#4186,#4187,#4188));
#662=EDGE_LOOP('',(#4189,#4190,#4191,#4192));
#663=EDGE_LOOP('',(#4193,#4194,#4195,#4196));
#664=EDGE_LOOP('',(#4197,#4198,#4199,#4200));
#665=EDGE_LOOP('',(#4201,#4202,#4203,#4204));
#666=EDGE_LOOP('',(#4205,#4206,#4207,#4208));
#667=EDGE_LOOP('',(#4209,#4210,#4211,#4212));
#668=EDGE_LOOP('',(#4213,#4214,#4215,#4216));
#669=EDGE_LOOP('',(#4217,#4218,#4219,#4220));
#670=EDGE_LOOP('',(#4221,#4222,#4223,#4224));
#671=EDGE_LOOP('',(#4225,#4226,#4227,#4228));
#672=EDGE_LOOP('',(#4229,#4230,#4231,#4232));
#673=EDGE_LOOP('',(#4233,#4234,#4235,#4236));
#674=EDGE_LOOP('',(#4237,#4238,#4239,#4240));
#675=EDGE_LOOP('',(#4241,#4242,#4243,#4244));
#676=EDGE_LOOP('',(#4245,#4246,#4247,#4248));
#677=EDGE_LOOP('',(#4249,#4250,#4251,#4252));
#678=EDGE_LOOP('',(#4253,#4254,#4255,#4256));
#679=EDGE_LOOP('',(#4257,#4258,#4259,#4260));
#680=EDGE_LOOP('',(#4261,#4262,#4263,#4264));
#681=EDGE_LOOP('',(#4265,#4266,#4267,#4268));
#682=EDGE_LOOP('',(#4269,#4270,#4271,#4272));
#683=EDGE_LOOP('',(#4273,#4274,#4275,#4276));
#684=EDGE_LOOP('',(#4277,#4278,#4279,#4280));
#685=EDGE_LOOP('',(#4281,#4282,#4283,#4284));
#686=EDGE_LOOP('',(#4285,#4286,#4287,#4288));
#687=EDGE_LOOP('',(#4289,#4290,#4291,#4292));
#688=EDGE_LOOP('',(#4293,#4294,#4295,#4296));
#689=EDGE_LOOP('',(#4297,#4298,#4299,#4300));
#690=EDGE_LOOP('',(#4301,#4302,#4303,#4304));
#691=EDGE_LOOP('',(#4305,#4306,#4307,#4308));
#692=EDGE_LOOP('',(#4309,#4310,#4311,#4312));
#693=EDGE_LOOP('',(#4313,#4314,#4315,#4316));
#694=EDGE_LOOP('',(#4317,#4318,#4319,#4320));
#695=EDGE_LOOP('',(#4321,#4322,#4323,#4324));
#696=EDGE_LOOP('',(#4325,#4326,#4327,#4328));
#697=EDGE_LOOP('',(#4329,#4330,#4331,#4332));
#698=EDGE_LOOP('',(#4333,#4334,#4335,#4336));
#699=EDGE_LOOP('',(#4337,#4338,#4339,#4340));
#700=EDGE_LOOP('',(#4341,#4342,#4343,#4344));
#701=EDGE_LOOP('',(#4345,#4346,#4347,#4348));
#702=EDGE_LOOP('',(#4349,#4350,#4351,#4352));
#703=EDGE_LOOP('',(#4353,#4354,#4355,#4356));
#704=EDGE_LOOP('',(#4357,#4358,#4359,#4360));
#705=EDGE_LOOP('',(#4361,#4362,#4363,#4364));
#706=EDGE_LOOP('',(#4365,#4366,#4367,#4368));
#707=EDGE_LOOP('',(#4369,#4370,#4371,#4372));
#708=EDGE_LOOP('',(#4373,#4374,#4375,#4376));
#709=EDGE_LOOP('',(#4377,#4378,#4379,#4380));
#710=EDGE_LOOP('',(#4381,#4382,#4383,#4384));
#711=EDGE_LOOP('',(#4385,#4386,#4387,#4388));
#712=EDGE_LOOP('',(#4389,#4390,#4391,#4392));
#713=EDGE_LOOP('',(#4393,#4394,#4395,#4396));
#714=EDGE_LOOP('',(#4397,#4398,#4399,#4400));
#715=EDGE_LOOP('',(#4401,#4402,#4403,#4404));
#716=EDGE_LOOP('',(#4405,#4406,#4407,#4408));
#717=EDGE_LOOP('',(#4409,#4410,#4411,#4412));
#718=EDGE_LOOP('',(#4413,#4414,#4415,#4416));
#719=EDGE_LOOP('',(#4417,#4418,#4419,#4420));
#720=EDGE_LOOP('',(#4421,#4422,#4423,#4424));
#721=EDGE_LOOP('',(#4425,#4426,#4427,#4428));
#722=EDGE_LOOP('',(#4429,#4430,#4431,#4432));
#723=EDGE_LOOP('',(#4433,#4434,#4435,#4436));
#724=EDGE_LOOP('',(#4437,#4438,#4439,#4440));
#725=EDGE_LOOP('',(#4441,#4442,#4443,#4444));
#726=EDGE_LOOP('',(#4445,#4446,#4447,#4448));
#727=EDGE_LOOP('',(#4449,#4450,#4451,#4452));
#728=EDGE_LOOP('',(#4453,#4454,#4455,#4456));
#729=EDGE_LOOP('',(#4457,#4458,#4459,#4460));
#730=EDGE_LOOP('',(#4461,#4462,#4463,#4464));
#731=EDGE_LOOP('',(#4465,#4466,#4467,#4468));
#732=EDGE_LOOP('',(#4469,#4470,#4471,#4472));
#733=EDGE_LOOP('',(#4473,#4474,#4475,#4476));
#734=EDGE_LOOP('',(#4477,#4478,#4479,#4480));
#735=EDGE_LOOP('',(#4481,#4482,#4483,#4484));
#736=EDGE_LOOP('',(#4485,#4486,#4487,#4488));
#737=EDGE_LOOP('',(#4489,#4490,#4491,#4492));
#738=EDGE_LOOP('',(#4493,#4494,#4495,#4496));
#739=EDGE_LOOP('',(#4497,#4498,#4499,#4500));
#740=EDGE_LOOP('',(#4501,#4502,#4503,#4504));
#741=EDGE_LOOP('',(#4505,#4506,#4507,#4508));
#742=EDGE_LOOP('',(#4509,#4510,#4511,#4512));
#743=EDGE_LOOP('',(#4513,#4514,#4515,#4516));
#744=EDGE_LOOP('',(#4517,#4518,#4519,#4520));
#745=EDGE_LOOP('',(#4521,#4522,#4523,#4524));
#746=EDGE_LOOP('',(#4525,#4526,#4527,#4528));
#747=EDGE_LOOP('',(#4529,#4530,#4531,#4532));
#748=EDGE_LOOP('',(#4533,#4534,#4535,#4536));
#749=EDGE_LOOP('',(#4537,#4538,#4539,#4540));
#750=EDGE_LOOP('',(#4541,#4542,#4543,#4544));
#751=EDGE_LOOP('',(#4545,#4546,#4547,#4548));
#752=EDGE_LOOP('',(#4549,#4550,#4551,#4552));
#753=EDGE_LOOP('',(#4553,#4554,#4555,#4556));
#754=EDGE_LOOP('',(#4557,#4558,#4559,#4560));
#755=EDGE_LOOP('',(#4561,#4562,#4563,#4564));
#756=EDGE_LOOP('',(#4565,#4566,#4567,#4568));
#757=EDGE_LOOP('',(#4569,#4570,#4571,#4572));
#758=EDGE_LOOP('',(#4573,#4574,#4575,#4576));
#759=EDGE_LOOP('',(#4577,#4578,#4579,#4580));
#760=EDGE_LOOP('',(#4581,#4582,#4583,#4584));
#761=EDGE_LOOP('',(#4585,#4586,#4587,#4588));
#762=EDGE_LOOP('',(#4589,#4590,#4591,#4592));
#763=EDGE_LOOP('',(#4593,#4594,#4595,#4596));
#764=EDGE_LOOP('',(#4597,#4598,#4599,#4600));
#765=EDGE_LOOP('',(#4601,#4602,#4603,#4604));
#766=EDGE_LOOP('',(#4605,#4606,#4607,#4608));
#767=EDGE_LOOP('',(#4609,#4610,#4611,#4612));
#768=EDGE_LOOP('',(#4613,#4614,#4615,#4616));
#769=EDGE_LOOP('',(#4617,#4618,#4619,#4620));
#770=LINE('',#5919,#1062);
#771=LINE('',#5931,#1063);
#772=LINE('',#5947,#1064);
#773=LINE('',#5966,#1065);
#774=LINE('',#5982,#1066);
#775=LINE('',#5988,#1067);
#776=LINE('',#6007,#1068);
#777=LINE('',#6026,#1069);
#778=LINE('',#6045,#1070);
#779=LINE('',#6064,#1071);
#780=LINE('',#6083,#1072);
#781=LINE('',#6102,#1073);
#782=LINE('',#6121,#1074);
#783=LINE('',#6137,#1075);
#784=LINE('',#6140,#1076);
#785=LINE('',#6159,#1077);
#786=LINE('',#6178,#1078);
#787=LINE('',#6197,#1079);
#788=LINE('',#6215,#1080);
#789=LINE('',#6223,#1081);
#790=LINE('',#6253,#1082);
#791=LINE('',#6272,#1083);
#792=LINE('',#6291,#1084);
#793=LINE('',#6310,#1085);
#794=LINE('',#6326,#1086);
#795=LINE('',#6332,#1087);
#796=LINE('',#6351,#1088);
#797=LINE('',#6370,#1089);
#798=LINE('',#6400,#1090);
#799=LINE('',#6416,#1091);
#800=LINE('',#6422,#1092);
#801=LINE('',#6441,#1093);
#802=LINE('',#6459,#1094);
#803=LINE('',#6475,#1095);
#804=LINE('',#6481,#1096);
#805=LINE('',#6500,#1097);
#806=LINE('',#6519,#1098);
#807=LINE('',#6538,#1099);
#808=LINE('',#6557,#1100);
#809=LINE('',#6573,#1101);
#810=LINE('',#6579,#1102);
#811=LINE('',#6595,#1103);
#812=LINE('',#6639,#1104);
#813=LINE('',#6706,#1105);
#814=LINE('',#6749,#1106);
#815=LINE('',#6765,#1107);
#816=LINE('',#6768,#1108);
#817=LINE('',#6787,#1109);
#818=LINE('',#6806,#1110);
#819=LINE('',#6825,#1111);
#820=LINE('',#6844,#1112);
#821=LINE('',#6860,#1113);
#822=LINE('',#6879,#1114);
#823=LINE('',#6898,#1115);
#824=LINE('',#6914,#1116);
#825=LINE('',#6933,#1117);
#826=LINE('',#6952,#1118);
#827=LINE('',#6970,#1119);
#828=LINE('',#6986,#1120);
#829=LINE('',#6992,#1121);
#830=LINE('',#7011,#1122);
#831=LINE('',#7030,#1123);
#832=LINE('',#7070,#1124);
#833=LINE('',#7085,#1125);
#834=LINE('',#7104,#1126);
#835=LINE('',#7129,#1127);
#836=LINE('',#7137,#1128);
#837=LINE('',#7153,#1129);
#838=LINE('',#7158,#1130);
#839=LINE('',#7163,#1131);
#840=LINE('',#7169,#1132);
#841=LINE('',#7250,#1133);
#842=LINE('',#7295,#1134);
#843=LINE('',#7449,#1135);
#844=LINE('',#7450,#1136);
#845=LINE('',#7456,#1137);
#846=LINE('',#7459,#1138);
#847=LINE('',#7462,#1139);
#848=LINE('',#7465,#1140);
#849=LINE('',#7468,#1141);
#850=LINE('',#7471,#1142);
#851=LINE('',#7473,#1143);
#852=LINE('',#7493,#1144);
#853=LINE('',#7515,#1145);
#854=LINE('',#7538,#1146);
#855=LINE('',#7576,#1147);
#856=LINE('',#7598,#1148);
#857=LINE('',#7612,#1149);
#858=LINE('',#7626,#1150);
#859=LINE('',#7670,#1151);
#860=LINE('',#7714,#1152);
#861=LINE('',#7740,#1153);
#862=LINE('',#7766,#1154);
#863=LINE('',#7780,#1155);
#864=LINE('',#7783,#1156);
#865=LINE('',#7784,#1157);
#866=LINE('',#7798,#1158);
#867=LINE('',#7812,#1159);
#868=LINE('',#7826,#1160);
#869=LINE('',#7840,#1161);
#870=LINE('',#7853,#1162);
#871=LINE('',#7879,#1163);
#872=LINE('',#7905,#1164);
#873=LINE('',#7919,#1165);
#874=LINE('',#7954,#1166);
#875=LINE('',#7968,#1167);
#876=LINE('',#7994,#1168);
#877=LINE('',#8008,#1169);
#878=LINE('',#8034,#1170);
#879=LINE('',#8046,#1171);
#880=LINE('',#8058,#1172);
#881=LINE('',#8084,#1173);
#882=LINE('',#8098,#1174);
#883=LINE('',#8101,#1175);
#884=LINE('',#8102,#1176);
#885=LINE('',#8116,#1177);
#886=LINE('',#8130,#1178);
#887=LINE('',#8156,#1179);
#888=LINE('',#8170,#1180);
#889=LINE('',#8184,#1181);
#890=LINE('',#8198,#1182);
#891=LINE('',#8212,#1183);
#892=LINE('',#8226,#1184);
#893=LINE('',#8240,#1185);
#894=LINE('',#8254,#1186);
#895=LINE('',#8268,#1187);
#896=LINE('',#8282,#1188);
#897=LINE('',#8317,#1189);
#898=LINE('',#8350,#1190);
#899=LINE('',#8358,#1191);
#900=LINE('',#8365,#1192);
#901=LINE('',#8373,#1193);
#902=LINE('',#8377,#1194);
#903=LINE('',#8381,#1195);
#904=LINE('',#8385,#1196);
#905=LINE('',#8387,#1197);
#906=LINE('',#8389,#1198);
#907=LINE('',#8390,#1199);
#908=LINE('',#8393,#1200);
#909=LINE('',#8395,#1201);
#910=LINE('',#8396,#1202);
#911=LINE('',#8399,#1203);
#912=LINE('',#8401,#1204);
#913=LINE('',#8402,#1205);
#914=LINE('',#8404,#1206);
#915=LINE('',#8405,#1207);
#916=LINE('',#8410,#1208);
#917=LINE('',#8412,#1209);
#918=LINE('',#8414,#1210);
#919=LINE('',#8416,#1211);
#920=LINE('',#8418,#1212);
#921=LINE('',#8419,#1213);
#922=LINE('',#8423,#1214);
#923=LINE('',#8425,#1215);
#924=LINE('',#8427,#1216);
#925=LINE('',#8429,#1217);
#926=LINE('',#8431,#1218);
#927=LINE('',#8432,#1219);
#928=LINE('',#8434,#1220);
#929=LINE('',#8435,#1221);
#930=LINE('',#8437,#1222);
#931=LINE('',#8439,#1223);
#932=LINE('',#8441,#1224);
#933=LINE('',#8443,#1225);
#934=LINE('',#8450,#1226);
#935=LINE('',#8454,#1227);
#936=LINE('',#8685,#1228);
#937=LINE('',#8842,#1229);
#938=LINE('',#9009,#1230);
#939=LINE('',#9060,#1231);
#940=LINE('',#9068,#1232);
#941=LINE('',#9136,#1233);
#942=LINE('',#9286,#1234);
#943=LINE('',#9436,#1235);
#944=LINE('',#9658,#1236);
#945=LINE('',#9660,#1237);
#946=LINE('',#9687,#1238);
#947=LINE('',#9689,#1239);
#948=LINE('',#9690,#1240);
#949=LINE('',#9691,#1241);
#950=LINE('',#9692,#1242);
#951=LINE('',#9693,#1243);
#952=LINE('',#9694,#1244);
#953=LINE('',#9695,#1245);
#954=LINE('',#9696,#1246);
#955=LINE('',#9697,#1247);
#956=LINE('',#9698,#1248);
#957=LINE('',#9699,#1249);
#958=LINE('',#9700,#1250);
#959=LINE('',#9701,#1251);
#960=LINE('',#9702,#1252);
#961=LINE('',#9717,#1253);
#962=LINE('',#9718,#1254);
#963=LINE('',#9733,#1255);
#964=LINE('',#9734,#1256);
#965=LINE('',#9749,#1257);
#966=LINE('',#9758,#1258);
#967=LINE('',#9779,#1259);
#968=LINE('',#9806,#1260);
#969=LINE('',#9807,#1261);
#970=LINE('',#9816,#1262);
#971=LINE('',#9843,#1263);
#972=LINE('',#9844,#1264);
#973=LINE('',#9859,#1265);
#974=LINE('',#9860,#1266);
#975=LINE('',#9875,#1267);
#976=LINE('',#9876,#1268);
#977=LINE('',#9893,#1269);
#978=LINE('',#9902,#1270);
#979=LINE('',#9911,#1271);
#980=LINE('',#9920,#1272);
#981=LINE('',#9955,#1273);
#982=LINE('',#9984,#1274);
#983=LINE('',#9993,#1275);
#984=LINE('',#10020,#1276);
#985=LINE('',#10029,#1277);
#986=LINE('',#10050,#1278);
#987=LINE('',#10067,#1279);
#988=LINE('',#10076,#1280);
#989=LINE('',#10085,#1281);
#990=LINE('',#10094,#1282);
#991=LINE('',#10103,#1283);
#992=LINE('',#10112,#1284);
#993=LINE('',#10121,#1285);
#994=LINE('',#10130,#1286);
#995=LINE('',#10139,#1287);
#996=LINE('',#10148,#1288);
#997=LINE('',#10157,#1289);
#998=LINE('',#10166,#1290);
#999=LINE('',#10175,#1291);
#1000=LINE('',#10177,#1292);
#1001=LINE('',#10186,#1293);
#1002=LINE('',#10195,#1294);
#1003=LINE('',#10204,#1295);
#1004=LINE('',#10213,#1296);
#1005=LINE('',#10222,#1297);
#1006=LINE('',#10231,#1298);
#1007=LINE('',#10240,#1299);
#1008=LINE('',#10249,#1300);
#1009=LINE('',#10266,#1301);
#1010=LINE('',#10275,#1302);
#1011=LINE('',#10292,#1303);
#1012=LINE('',#10301,#1304);
#1013=LINE('',#10330,#1305);
#1014=LINE('',#10339,#1306);
#1015=LINE('',#10348,#1307);
#1016=LINE('',#10357,#1308);
#1017=LINE('',#10366,#1309);
#1018=LINE('',#10375,#1310);
#1019=LINE('',#10392,#1311);
#1020=LINE('',#10401,#1312);
#1021=LINE('',#10410,#1313);
#1022=LINE('',#10419,#1314);
#1023=LINE('',#10428,#1315);
#1024=LINE('',#10445,#1316);
#1025=LINE('',#10454,#1317);
#1026=LINE('',#10463,#1318);
#1027=LINE('',#10472,#1319);
#1028=LINE('',#10481,#1320);
#1029=LINE('',#10490,#1321);
#1030=LINE('',#10497,#1322);
#1031=LINE('',#10504,#1323);
#1032=LINE('',#10521,#1324);
#1033=LINE('',#10530,#1325);
#1034=LINE('',#10539,#1326);
#1035=LINE('',#10548,#1327);
#1036=LINE('',#10550,#1328);
#1037=LINE('',#10559,#1329);
#1038=LINE('',#10568,#1330);
#1039=LINE('',#10585,#1331);
#1040=LINE('',#10594,#1332);
#1041=LINE('',#10603,#1333);
#1042=LINE('',#10612,#1334);
#1043=LINE('',#10621,#1335);
#1044=LINE('',#10630,#1336);
#1045=LINE('',#10639,#1337);
#1046=LINE('',#10648,#1338);
#1047=LINE('',#10657,#1339);
#1048=LINE('',#10666,#1340);
#1049=LINE('',#10675,#1341);
#1050=LINE('',#10684,#1342);
#1051=LINE('',#10693,#1343);
#1052=LINE('',#10702,#1344);
#1053=LINE('',#10711,#1345);
#1054=LINE('',#10720,#1346);
#1055=LINE('',#10729,#1347);
#1056=LINE('',#10738,#1348);
#1057=LINE('',#10747,#1349);
#1058=LINE('',#10756,#1350);
#1059=LINE('',#10765,#1351);
#1060=LINE('',#10826,#1352);
#1061=LINE('',#10827,#1353);
#1062=VECTOR('',#5290,7.11456);
#1063=VECTOR('',#5291,7.11456);
#1064=VECTOR('',#5294,7.11456);
#1065=VECTOR('',#5295,7.11456);
#1066=VECTOR('',#5296,7.11456);
#1067=VECTOR('',#5297,7.11456);
#1068=VECTOR('',#5298,7.11456);
#1069=VECTOR('',#5299,7.11456);
#1070=VECTOR('',#5300,7.11456);
#1071=VECTOR('',#5301,7.11456);
#1072=VECTOR('',#5302,7.11456);
#1073=VECTOR('',#5303,7.11456);
#1074=VECTOR('',#5304,7.11456);
#1075=VECTOR('',#5305,7.11456);
#1076=VECTOR('',#5308,7.11456);
#1077=VECTOR('',#5309,7.11456);
#1078=VECTOR('',#5310,7.11456);
#1079=VECTOR('',#5311,7.11456);
#1080=VECTOR('',#5312,7.11456);
#1081=VECTOR('',#5313,7.11456);
#1082=VECTOR('',#5314,7.11456);
#1083=VECTOR('',#5315,7.11456);
#1084=VECTOR('',#5316,7.11456);
#1085=VECTOR('',#5317,7.11456);
#1086=VECTOR('',#5318,7.11456);
#1087=VECTOR('',#5319,7.11456);
#1088=VECTOR('',#5320,7.11456);
#1089=VECTOR('',#5321,7.11456);
#1090=VECTOR('',#5322,7.11456);
#1091=VECTOR('',#5323,7.11456);
#1092=VECTOR('',#5324,7.11456);
#1093=VECTOR('',#5325,7.11456);
#1094=VECTOR('',#5328,7.11456);
#1095=VECTOR('',#5329,7.11456);
#1096=VECTOR('',#5330,7.11456);
#1097=VECTOR('',#5331,7.11456);
#1098=VECTOR('',#5332,7.11456);
#1099=VECTOR('',#5333,7.11456);
#1100=VECTOR('',#5334,7.11456);
#1101=VECTOR('',#5335,7.11456);
#1102=VECTOR('',#5336,7.11456);
#1103=VECTOR('',#5339,7.11456);
#1104=VECTOR('',#5340,7.11456);
#1105=VECTOR('',#5341,7.11456);
#1106=VECTOR('',#5342,7.11456);
#1107=VECTOR('',#5343,7.11456);
#1108=VECTOR('',#5346,7.11456);
#1109=VECTOR('',#5347,7.11456);
#1110=VECTOR('',#5348,7.11456);
#1111=VECTOR('',#5349,7.11456);
#1112=VECTOR('',#5350,7.11456);
#1113=VECTOR('',#5353,7.11456);
#1114=VECTOR('',#5354,7.11456);
#1115=VECTOR('',#5355,7.11456);
#1116=VECTOR('',#5358,7.11456);
#1117=VECTOR('',#5359,7.11456);
#1118=VECTOR('',#5360,7.11456);
#1119=VECTOR('',#5363,7.11456);
#1120=VECTOR('',#5364,7.11456);
#1121=VECTOR('',#5365,7.11456);
#1122=VECTOR('',#5366,7.11456);
#1123=VECTOR('',#5367,7.11456);
#1124=VECTOR('',#5368,7.11456);
#1125=VECTOR('',#5369,7.11456);
#1126=VECTOR('',#5370,7.11456);
#1127=VECTOR('',#5371,7.11456);
#1128=VECTOR('',#5372,7.11456);
#1129=VECTOR('',#5375,7.11456);
#1130=VECTOR('',#5380,10.3872576);
#1131=VECTOR('',#5387,10.316112);
#1132=VECTOR('',#5394,7.11456);
#1133=VECTOR('',#5405,7.11456);
#1134=VECTOR('',#5412,7.11456);
#1135=VECTOR('',#5425,10.);
#1136=VECTOR('',#5426,7.11456);
#1137=VECTOR('',#5433,7.11456);
#1138=VECTOR('',#5436,8.55478282368287);
#1139=VECTOR('',#5439,7.11456);
#1140=VECTOR('',#5442,7.11456);
#1141=VECTOR('',#5445,7.11456);
#1142=VECTOR('',#5448,7.11456);
#1143=VECTOR('',#5451,7.11456);
#1144=VECTOR('',#5452,7.11456);
#1145=VECTOR('',#5453,7.11456);
#1146=VECTOR('',#5454,7.11456);
#1147=VECTOR('',#5455,7.11456);
#1148=VECTOR('',#5456,7.11456);
#1149=VECTOR('',#5457,7.11456);
#1150=VECTOR('',#5458,7.11456);
#1151=VECTOR('',#5459,7.11456);
#1152=VECTOR('',#5460,7.11456);
#1153=VECTOR('',#5461,7.11456);
#1154=VECTOR('',#5462,7.11456);
#1155=VECTOR('',#5463,7.11456);
#1156=VECTOR('',#5466,10.);
#1157=VECTOR('',#5467,7.11456);
#1158=VECTOR('',#5468,7.11456);
#1159=VECTOR('',#5469,7.11456);
#1160=VECTOR('',#5470,7.11456);
#1161=VECTOR('',#5471,7.11456);
#1162=VECTOR('',#5472,7.11456);
#1163=VECTOR('',#5473,7.11456);
#1164=VECTOR('',#5474,7.11456);
#1165=VECTOR('',#5475,7.11456);
#1166=VECTOR('',#5476,7.11456);
#1167=VECTOR('',#5477,7.11456);
#1168=VECTOR('',#5478,7.11456);
#1169=VECTOR('',#5479,7.11456);
#1170=VECTOR('',#5480,7.11456);
#1171=VECTOR('',#5481,7.11456);
#1172=VECTOR('',#5482,7.11456);
#1173=VECTOR('',#5483,7.11456);
#1174=VECTOR('',#5484,7.11456);
#1175=VECTOR('',#5487,10.);
#1176=VECTOR('',#5488,7.11456);
#1177=VECTOR('',#5489,7.11456);
#1178=VECTOR('',#5490,7.11456);
#1179=VECTOR('',#5491,7.11456);
#1180=VECTOR('',#5492,7.11456);
#1181=VECTOR('',#5493,7.11456);
#1182=VECTOR('',#5494,7.11456);
#1183=VECTOR('',#5495,7.11456);
#1184=VECTOR('',#5496,7.11456);
#1185=VECTOR('',#5497,7.11456);
#1186=VECTOR('',#5498,7.11456);
#1187=VECTOR('',#5499,7.11456);
#1188=VECTOR('',#5500,7.11456);
#1189=VECTOR('',#5501,7.11456);
#1190=VECTOR('',#5532,2.4);
#1191=VECTOR('',#5543,1.75);
#1192=VECTOR('',#5550,2.4);
#1193=VECTOR('',#5561,1.75);
#1194=VECTOR('',#5566,3.25);
#1195=VECTOR('',#5571,3.25);
#1196=VECTOR('',#5574,10.);
#1197=VECTOR('',#5575,10.);
#1198=VECTOR('',#5576,10.);
#1199=VECTOR('',#5577,10.);
#1200=VECTOR('',#5580,10.);
#1201=VECTOR('',#5581,10.);
#1202=VECTOR('',#5582,10.);
#1203=VECTOR('',#5585,10.);
#1204=VECTOR('',#5586,10.);
#1205=VECTOR('',#5587,10.);
#1206=VECTOR('',#5590,10.);
#1207=VECTOR('',#5591,10.);
#1208=VECTOR('',#5596,10.);
#1209=VECTOR('',#5597,10.);
#1210=VECTOR('',#5598,10.);
#1211=VECTOR('',#5599,10.);
#1212=VECTOR('',#5600,10.);
#1213=VECTOR('',#5601,10.);
#1214=VECTOR('',#5604,10.);
#1215=VECTOR('',#5605,10.);
#1216=VECTOR('',#5606,10.);
#1217=VECTOR('',#5607,10.);
#1218=VECTOR('',#5608,10.);
#1219=VECTOR('',#5609,10.);
#1220=VECTOR('',#5612,10.);
#1221=VECTOR('',#5613,10.);
#1222=VECTOR('',#5616,10.);
#1223=VECTOR('',#5619,10.);
#1224=VECTOR('',#5622,10.);
#1225=VECTOR('',#5625,10.);
#1226=VECTOR('',#5634,10.3872576);
#1227=VECTOR('',#5639,10.316112);
#1228=VECTOR('',#5666,7.11456);
#1229=VECTOR('',#5675,7.11456);
#1230=VECTOR('',#5688,7.11456);
#1231=VECTOR('',#5697,7.11456);
#1232=VECTOR('',#5698,7.11456);
#1233=VECTOR('',#5705,7.11456);
#1234=VECTOR('',#5714,7.11456);
#1235=VECTOR('',#5729,7.11456);
#1236=VECTOR('',#5748,7.11456);
#1237=VECTOR('',#5751,7.11456);
#1238=VECTOR('',#5752,7.11456);
#1239=VECTOR('',#5755,8.55478282368286);
#1240=VECTOR('',#5756,7.11456);
#1241=VECTOR('',#5757,7.11456);
#1242=VECTOR('',#5758,7.11456);
#1243=VECTOR('',#5759,7.11456);
#1244=VECTOR('',#5760,7.11456);
#1245=VECTOR('',#5761,7.11456);
#1246=VECTOR('',#5762,7.11456);
#1247=VECTOR('',#5763,7.11456);
#1248=VECTOR('',#5764,7.11456);
#1249=VECTOR('',#5765,7.11456);
#1250=VECTOR('',#5766,7.11456);
#1251=VECTOR('',#5767,7.11456);
#1252=VECTOR('',#5768,7.11456);
#1253=VECTOR('',#5769,7.11456);
#1254=VECTOR('',#5770,7.11456);
#1255=VECTOR('',#5771,7.11456);
#1256=VECTOR('',#5772,7.11456);
#1257=VECTOR('',#5773,7.11456);
#1258=VECTOR('',#5774,7.11456);
#1259=VECTOR('',#5775,7.11456);
#1260=VECTOR('',#5776,7.11456);
#1261=VECTOR('',#5777,7.11456);
#1262=VECTOR('',#5778,7.11456);
#1263=VECTOR('',#5779,7.11456);
#1264=VECTOR('',#5780,7.11456);
#1265=VECTOR('',#5781,7.11456);
#1266=VECTOR('',#5782,7.11456);
#1267=VECTOR('',#5783,7.11456);
#1268=VECTOR('',#5784,7.11456);
#1269=VECTOR('',#5785,7.11456);
#1270=VECTOR('',#5786,7.11456);
#1271=VECTOR('',#5787,7.11456);
#1272=VECTOR('',#5788,7.11456);
#1273=VECTOR('',#5789,7.11456);
#1274=VECTOR('',#5790,7.11456);
#1275=VECTOR('',#5791,7.11456);
#1276=VECTOR('',#5792,7.11456);
#1277=VECTOR('',#5793,7.11456);
#1278=VECTOR('',#5794,7.11456);
#1279=VECTOR('',#5795,7.11456);
#1280=VECTOR('',#5796,7.11456);
#1281=VECTOR('',#5797,7.11456);
#1282=VECTOR('',#5798,7.11456);
#1283=VECTOR('',#5799,7.11456);
#1284=VECTOR('',#5800,7.11456);
#1285=VECTOR('',#5801,7.11456);
#1286=VECTOR('',#5802,7.11456);
#1287=VECTOR('',#5803,7.11456);
#1288=VECTOR('',#5804,7.11456);
#1289=VECTOR('',#5805,7.11456);
#1290=VECTOR('',#5806,7.11456);
#1291=VECTOR('',#5807,7.11456);
#1292=VECTOR('',#5810,7.11456);
#1293=VECTOR('',#5811,7.11456);
#1294=VECTOR('',#5812,7.11456);
#1295=VECTOR('',#5813,7.11456);
#1296=VECTOR('',#5814,7.11456);
#1297=VECTOR('',#5815,7.11456);
#1298=VECTOR('',#5816,7.11456);
#1299=VECTOR('',#5817,7.11456);
#1300=VECTOR('',#5818,7.11456);
#1301=VECTOR('',#5819,7.11456);
#1302=VECTOR('',#5820,7.11456);
#1303=VECTOR('',#5821,7.11456);
#1304=VECTOR('',#5822,7.11456);
#1305=VECTOR('',#5823,7.11456);
#1306=VECTOR('',#5824,7.11456);
#1307=VECTOR('',#5825,7.11456);
#1308=VECTOR('',#5826,7.11456);
#1309=VECTOR('',#5827,7.11456);
#1310=VECTOR('',#5828,7.11456);
#1311=VECTOR('',#5829,7.11456);
#1312=VECTOR('',#5830,7.11456);
#1313=VECTOR('',#5831,7.11456);
#1314=VECTOR('',#5832,7.11456);
#1315=VECTOR('',#5833,7.11456);
#1316=VECTOR('',#5834,7.11456);
#1317=VECTOR('',#5835,7.11456);
#1318=VECTOR('',#5836,7.11456);
#1319=VECTOR('',#5837,7.11456);
#1320=VECTOR('',#5838,7.11456);
#1321=VECTOR('',#5839,7.11456);
#1322=VECTOR('',#5840,7.11456);
#1323=VECTOR('',#5841,7.11456);
#1324=VECTOR('',#5842,7.11456);
#1325=VECTOR('',#5843,7.11456);
#1326=VECTOR('',#5844,7.11456);
#1327=VECTOR('',#5845,7.11456);
#1328=VECTOR('',#5848,7.11456);
#1329=VECTOR('',#5849,7.11456);
#1330=VECTOR('',#5850,7.11456);
#1331=VECTOR('',#5851,7.11456);
#1332=VECTOR('',#5852,7.11456);
#1333=VECTOR('',#5853,7.11456);
#1334=VECTOR('',#5854,7.11456);
#1335=VECTOR('',#5855,7.11456);
#1336=VECTOR('',#5856,7.11456);
#1337=VECTOR('',#5857,7.11456);
#1338=VECTOR('',#5858,7.11456);
#1339=VECTOR('',#5859,7.11456);
#1340=VECTOR('',#5860,7.11456);
#1341=VECTOR('',#5861,7.11456);
#1342=VECTOR('',#5862,7.11456);
#1343=VECTOR('',#5863,7.11456);
#1344=VECTOR('',#5864,7.11456);
#1345=VECTOR('',#5865,7.11456);
#1346=VECTOR('',#5866,7.11456);
#1347=VECTOR('',#5867,7.11456);
#1348=VECTOR('',#5868,7.11456);
#1349=VECTOR('',#5869,7.11456);
#1350=VECTOR('',#5870,7.11456);
#1351=VECTOR('',#5871,7.11456);
#1352=VECTOR('',#5872,7.11456);
#1353=VECTOR('',#5873,7.11456);
#1354=B_SPLINE_CURVE_WITH_KNOTS('',3,(#5908,#5909,#5910,#5911,#5912,#5913,
#5914,#5915,#5916,#5917),.UNSPECIFIED.,.F.,.F.,(4,3,3,4),(0.,0.00912575778578442,
0.111798498374609,0.149031632011625),.UNSPECIFIED.);
#1355=B_SPLINE_CURVE_WITH_KNOTS('',3,(#5921,#5922,#5923,#5924,#5925,#5926,
#5927,#5928,#5929,#5930),.UNSPECIFIED.,.F.,.F.,(4,3,3,4),(-1.08888199276078,
-1.,0.,0.36263893827598),.UNSPECIFIED.);
#1356=B_SPLINE_CURVE_WITH_KNOTS('',3,(#5941,#5942,#5943,#5944),
 .UNSPECIFIED.,.F.,.F.,(4,4),(0.,0.120352613665247),.UNSPECIFIED.);
#1357=B_SPLINE_CURVE_WITH_KNOTS('',3,(#5957,#5958,#5959,#5960),
 .UNSPECIFIED.,.F.,.F.,(4,4),(0.,0.148525372258775),.UNSPECIFIED.);
#1358=B_SPLINE_CURVE_WITH_KNOTS('',3,(#5962,#5963,#5964,#5965),
 .UNSPECIFIED.,.F.,.F.,(4,4),(-0.208758776294896,0.),.UNSPECIFIED.);
#1359=B_SPLINE_CURVE_WITH_KNOTS('',3,(#5977,#5978,#5979,#5980),
 .UNSPECIFIED.,.F.,.F.,(4,4),(0.,0.138779605908136),.UNSPECIFIED.);
#1360=B_SPLINE_CURVE_WITH_KNOTS('',3,(#5984,#5985,#5986,#5987),
 .UNSPECIFIED.,.F.,.F.,(4,4),(-0.196163414937727,0.),.UNSPECIFIED.);
#1361=B_SPLINE_CURVE_WITH_KNOTS('',3,(#5998,#5999,#6000,#6001),
 .UNSPECIFIED.,.F.,.F.,(4,4),(0.,0.0749258196312861),.UNSPECIFIED.);
#1362=B_SPLINE_CURVE_WITH_KNOTS('',3,(#6003,#6004,#6005,#6006),
 .UNSPECIFIED.,.F.,.F.,(4,4),(-0.0828843417264132,0.),.UNSPECIFIED.);
#1363=B_SPLINE_CURVE_WITH_KNOTS('',3,(#6017,#6018,#6019,#6020),
 .UNSPECIFIED.,.F.,.F.,(4,4),(0.,0.0440003284163779),.UNSPECIFIED.);
#1364=B_SPLINE_CURVE_WITH_KNOTS('',3,(#6022,#6023,#6024,#6025),
 .UNSPECIFIED.,.F.,.F.,(4,4),(0.,0.061845466767641),.UNSPECIFIED.);
#1365=B_SPLINE_CURVE_WITH_KNOTS('',3,(#6036,#6037,#6038,#6039),
 .UNSPECIFIED.,.F.,.F.,(4,4),(0.,0.0196853624948015),.UNSPECIFIED.);
#1366=B_SPLINE_CURVE_WITH_KNOTS('',3,(#6041,#6042,#6043,#6044),
 .UNSPECIFIED.,.F.,.F.,(4,4),(-0.0448702312552932,0.),.UNSPECIFIED.);
#1367=B_SPLINE_CURVE_WITH_KNOTS('',3,(#6055,#6056,#6057,#6058),
 .UNSPECIFIED.,.F.,.F.,(4,4),(0.,0.0973039691825877),.UNSPECIFIED.);
#1368=B_SPLINE_CURVE_WITH_KNOTS('',3,(#6060,#6061,#6062,#6063),
 .UNSPECIFIED.,.F.,.F.,(4,4),(-0.136350188385744,0.),.UNSPECIFIED.);
#1369=B_SPLINE_CURVE_WITH_KNOTS('',3,(#6074,#6075,#6076,#6077),
 .UNSPECIFIED.,.F.,.F.,(4,4),(0.,0.17962166066196),.UNSPECIFIED.);
#1370=B_SPLINE_CURVE_WITH_KNOTS('',3,(#6079,#6080,#6081,#6082),
 .UNSPECIFIED.,.F.,.F.,(4,4),(-0.27921317900535,0.),.UNSPECIFIED.);
#1371=B_SPLINE_CURVE_WITH_KNOTS('',3,(#6093,#6094,#6095,#6096),
 .UNSPECIFIED.,.F.,.F.,(4,4),(0.,0.104226929234675),.UNSPECIFIED.);
#1372=B_SPLINE_CURVE_WITH_KNOTS('',3,(#6098,#6099,#6100,#6101),
 .UNSPECIFIED.,.F.,.F.,(4,4),(-0.147112385123163,0.),.UNSPECIFIED.);
#1373=B_SPLINE_CURVE_WITH_KNOTS('',3,(#6112,#6113,#6114,#6115),
 .UNSPECIFIED.,.F.,.F.,(4,4),(0.,0.0904902073557413),.UNSPECIFIED.);
#1374=B_SPLINE_CURVE_WITH_KNOTS('',3,(#6117,#6118,#6119,#6120),
 .UNSPECIFIED.,.F.,.F.,(4,4),(-0.0742870803137856,0.),.UNSPECIFIED.);
#1375=B_SPLINE_CURVE_WITH_KNOTS('',3,(#6132,#6133,#6134,#6135),
 .UNSPECIFIED.,.F.,.F.,(4,4),(0.,0.0148093103449208),.UNSPECIFIED.);
#1376=B_SPLINE_CURVE_WITH_KNOTS('',3,(#6150,#6151,#6152,#6153),
 .UNSPECIFIED.,.F.,.F.,(4,4),(0.,0.321269725271274),.UNSPECIFIED.);
#1377=B_SPLINE_CURVE_WITH_KNOTS('',3,(#6155,#6156,#6157,#6158),
 .UNSPECIFIED.,.F.,.F.,(4,4),(-0.451004313908633,0.),.UNSPECIFIED.);
#1378=B_SPLINE_CURVE_WITH_KNOTS('',3,(#6169,#6170,#6171,#6172),
 .UNSPECIFIED.,.F.,.F.,(4,4),(0.,0.257450470804552),.UNSPECIFIED.);
#1379=B_SPLINE_CURVE_WITH_KNOTS('',3,(#6174,#6175,#6176,#6177),
 .UNSPECIFIED.,.F.,.F.,(4,4),(-0.361830189152193,0.),.UNSPECIFIED.);
#1380=B_SPLINE_CURVE_WITH_KNOTS('',3,(#6188,#6189,#6190,#6191),
 .UNSPECIFIED.,.F.,.F.,(4,4),(0.,0.178792740777685),.UNSPECIFIED.);
#1381=B_SPLINE_CURVE_WITH_KNOTS('',3,(#6193,#6194,#6195,#6196),
 .UNSPECIFIED.,.F.,.F.,(4,4),(-0.251205387773955,0.),.UNSPECIFIED.);
#1382=B_SPLINE_CURVE_WITH_KNOTS('',3,(#6208,#6209,#6210,#6211,#6212,#6213),
 .UNSPECIFIED.,.F.,.F.,(4,2,4),(0.,0.0406048782884134,0.0812097565768168),
 .UNSPECIFIED.);
#1383=B_SPLINE_CURVE_WITH_KNOTS('',3,(#6217,#6218,#6219,#6220,#6221,#6222),
 .UNSPECIFIED.,.F.,.F.,(4,2,4),(-0.114145859444325,-0.0570729297221637,
0.),.UNSPECIFIED.);
#1384=B_SPLINE_CURVE_WITH_KNOTS('',3,(#6239,#6240,#6241,#6242,#6243,#6244,
#6245),.UNSPECIFIED.,.F.,.F.,(4,3,4),(0.,0.217951418276182,0.697518943228555),
 .UNSPECIFIED.);
#1385=B_SPLINE_CURVE_WITH_KNOTS('',3,(#6247,#6248,#6249,#6250,#6251,#6252),
 .UNSPECIFIED.,.F.,.F.,(4,2,4),(-0.258197083164606,-0.177519101560228,0.),
 .UNSPECIFIED.);
#1386=B_SPLINE_CURVE_WITH_KNOTS('',3,(#6263,#6264,#6265,#6266),
 .UNSPECIFIED.,.F.,.F.,(4,4),(0.,0.0985139549302027),.UNSPECIFIED.);
#1387=B_SPLINE_CURVE_WITH_KNOTS('',3,(#6268,#6269,#6270,#6271),
 .UNSPECIFIED.,.F.,.F.,(4,4),(-0.138664304816397,0.),.UNSPECIFIED.);
#1388=B_SPLINE_CURVE_WITH_KNOTS('',3,(#6282,#6283,#6284,#6285),
 .UNSPECIFIED.,.F.,.F.,(4,4),(0.,0.151320320206426),.UNSPECIFIED.);
#1389=B_SPLINE_CURVE_WITH_KNOTS('',3,(#6287,#6288,#6289,#6290),
 .UNSPECIFIED.,.F.,.F.,(4,4),(-0.212690434200025,0.),.UNSPECIFIED.);
#1390=B_SPLINE_CURVE_WITH_KNOTS('',3,(#6301,#6302,#6303,#6304),
 .UNSPECIFIED.,.F.,.F.,(4,4),(0.,0.110951333109588),.UNSPECIFIED.);
#1391=B_SPLINE_CURVE_WITH_KNOTS('',3,(#6306,#6307,#6308,#6309),
 .UNSPECIFIED.,.F.,.F.,(4,4),(-0.155939553506789,0.),.UNSPECIFIED.);
#1392=B_SPLINE_CURVE_WITH_KNOTS('',3,(#6321,#6322,#6323,#6324),
 .UNSPECIFIED.,.F.,.F.,(4,4),(0.,0.133816786904936),.UNSPECIFIED.);
#1393=B_SPLINE_CURVE_WITH_KNOTS('',3,(#6328,#6329,#6330,#6331),
 .UNSPECIFIED.,.F.,.F.,(4,4),(-0.189050028805868,0.),.UNSPECIFIED.);
#1394=B_SPLINE_CURVE_WITH_KNOTS('',3,(#6342,#6343,#6344,#6345),
 .UNSPECIFIED.,.F.,.F.,(4,4),(0.,0.0507542611242225),.UNSPECIFIED.);
#1395=B_SPLINE_CURVE_WITH_KNOTS('',3,(#6347,#6348,#6349,#6350),
 .UNSPECIFIED.,.F.,.F.,(4,4),(-0.077130115654193,0.),.UNSPECIFIED.);
#1396=B_SPLINE_CURVE_WITH_KNOTS('',3,(#6361,#6362,#6363,#6364),
 .UNSPECIFIED.,.F.,.F.,(4,4),(0.,0.132217736062015),.UNSPECIFIED.);
#1397=B_SPLINE_CURVE_WITH_KNOTS('',3,(#6366,#6367,#6368,#6369),
 .UNSPECIFIED.,.F.,.F.,(4,4),(-0.120994579946397,0.),.UNSPECIFIED.);
#1398=B_SPLINE_CURVE_WITH_KNOTS('',3,(#6386,#6387,#6388,#6389,#6390,#6391,
#6392),.UNSPECIFIED.,.F.,.F.,(4,3,4),(0.,0.201251072735293,0.301679974267795),
 .UNSPECIFIED.);
#1399=B_SPLINE_CURVE_WITH_KNOTS('',3,(#6394,#6395,#6396,#6397,#6398,#6399),
 .UNSPECIFIED.,.F.,.F.,(4,2,4),(-1.02808357918742,-0.803850344383401,-0.691952816820565),
 .UNSPECIFIED.);
#1400=B_SPLINE_CURVE_WITH_KNOTS('',3,(#6411,#6412,#6413,#6414),
 .UNSPECIFIED.,.F.,.F.,(4,4),(0.,0.026041381581649),.UNSPECIFIED.);
#1401=B_SPLINE_CURVE_WITH_KNOTS('',3,(#6418,#6419,#6420,#6421),
 .UNSPECIFIED.,.F.,.F.,(4,4),(-0.0364769296148107,0.),.UNSPECIFIED.);
#1402=B_SPLINE_CURVE_WITH_KNOTS('',3,(#6432,#6433,#6434,#6435),
 .UNSPECIFIED.,.F.,.F.,(4,4),(0.,0.167899530472994),.UNSPECIFIED.);
#1403=B_SPLINE_CURVE_WITH_KNOTS('',3,(#6437,#6438,#6439,#6440),
 .UNSPECIFIED.,.F.,.F.,(4,4),(-0.226951930057197,0.),.UNSPECIFIED.);
#1404=B_SPLINE_CURVE_WITH_KNOTS('',3,(#6451,#6452,#6453,#6454,#6455,#6456),
 .UNSPECIFIED.,.F.,.F.,(4,2,4),(0.,0.100356465873085,0.200714470291401),
 .UNSPECIFIED.);
#1405=B_SPLINE_CURVE_WITH_KNOTS('',3,(#6470,#6471,#6472,#6473),
 .UNSPECIFIED.,.F.,.F.,(4,4),(0.,0.147900988795313),.UNSPECIFIED.);
#1406=B_SPLINE_CURVE_WITH_KNOTS('',3,(#6477,#6478,#6479,#6480),
 .UNSPECIFIED.,.F.,.F.,(4,4),(0.,0.207885078175731),.UNSPECIFIED.);
#1407=B_SPLINE_CURVE_WITH_KNOTS('',3,(#6491,#6492,#6493,#6494),
 .UNSPECIFIED.,.F.,.F.,(4,4),(0.,0.218042264645933),.UNSPECIFIED.);
#1408=B_SPLINE_CURVE_WITH_KNOTS('',3,(#6496,#6497,#6498,#6499),
 .UNSPECIFIED.,.F.,.F.,(4,4),(-0.31041552523893,0.),.UNSPECIFIED.);
#1409=B_SPLINE_CURVE_WITH_KNOTS('',3,(#6510,#6511,#6512,#6513),
 .UNSPECIFIED.,.F.,.F.,(4,4),(0.,0.165707014851205),.UNSPECIFIED.);
#1410=B_SPLINE_CURVE_WITH_KNOTS('',3,(#6515,#6516,#6517,#6518),
 .UNSPECIFIED.,.F.,.F.,(4,4),(-0.210811815215113,0.),.UNSPECIFIED.);
#1411=B_SPLINE_CURVE_WITH_KNOTS('',3,(#6529,#6530,#6531,#6532),
 .UNSPECIFIED.,.F.,.F.,(4,4),(0.,0.0648062817324398),.UNSPECIFIED.);
#1412=B_SPLINE_CURVE_WITH_KNOTS('',3,(#6534,#6535,#6536,#6537),
 .UNSPECIFIED.,.F.,.F.,(4,4),(-0.0915272190685117,0.),.UNSPECIFIED.);
#1413=B_SPLINE_CURVE_WITH_KNOTS('',3,(#6548,#6549,#6550,#6551),
 .UNSPECIFIED.,.F.,.F.,(4,4),(0.,0.318036075286209),.UNSPECIFIED.);
#1414=B_SPLINE_CURVE_WITH_KNOTS('',3,(#6553,#6554,#6555,#6556),
 .UNSPECIFIED.,.F.,.F.,(4,4),(-0.441581486527712,0.),.UNSPECIFIED.);
#1415=B_SPLINE_CURVE_WITH_KNOTS('',3,(#6568,#6569,#6570,#6571),
 .UNSPECIFIED.,.F.,.F.,(4,4),(0.,0.113060060048035),.UNSPECIFIED.);
#1416=B_SPLINE_CURVE_WITH_KNOTS('',3,(#6575,#6576,#6577,#6578),
 .UNSPECIFIED.,.F.,.F.,(4,4),(-0.159013840605792,0.),.UNSPECIFIED.);
#1417=B_SPLINE_CURVE_WITH_KNOTS('',3,(#6589,#6590,#6591,#6592),
 .UNSPECIFIED.,.F.,.F.,(4,4),(0.,0.0276036151181105),.UNSPECIFIED.);
#1418=B_SPLINE_CURVE_WITH_KNOTS('',3,(#6618,#6619,#6620,#6621,#6622,#6623,
#6624),.UNSPECIFIED.,.F.,.F.,(4,3,4),(0.,0.222050185517877,0.409608262546648),
 .UNSPECIFIED.);
#1419=B_SPLINE_CURVE_WITH_KNOTS('',3,(#6626,#6627,#6628,#6629,#6630,#6631),
 .UNSPECIFIED.,.F.,.F.,(4,2,4),(0.000321874806576093,0.0553218748069932,
0.0908787047439486),.UNSPECIFIED.);
#1420=B_SPLINE_CURVE_WITH_KNOTS('',3,(#6633,#6634,#6635,#6636,#6637,#6638),
 .UNSPECIFIED.,.F.,.F.,(4,2,4),(-0.212707621607759,-0.100255243789391,-0.00526677821389743),
 .UNSPECIFIED.);
#1421=B_SPLINE_CURVE_WITH_KNOTS('',3,(#6679,#6680,#6681,#6682,#6683,#6684,
#6685,#6686,#6687,#6688,#6689,#6690,#6691,#6692,#6693,#6694),
 .UNSPECIFIED.,.F.,.F.,(4,3,3,3,3,4),(0.,1.06575788955667E-5,0.096303357436282,
0.136648204916452,0.150788021901318,0.152446205165607),.UNSPECIFIED.);
#1422=B_SPLINE_CURVE_WITH_KNOTS('',3,(#6696,#6697,#6698,#6699,#6700,#6701,
#6702,#6703,#6704,#6705),.UNSPECIFIED.,.F.,.F.,(4,2,2,2,4),(-0.343244339022107,
-0.129020709467736,-0.0392649992859598,-0.00780796339207574,-0.0041189819156759),
 .UNSPECIFIED.);
#1423=B_SPLINE_CURVE_WITH_KNOTS('',3,(#6728,#6729,#6730,#6731,#6732,#6733,
#6734,#6735,#6736,#6737),.UNSPECIFIED.,.F.,.F.,(4,3,3,4),(0.,6.83752004251748E-6,
0.154795149549365,0.237973559428298),.UNSPECIFIED.);
#1424=B_SPLINE_CURVE_WITH_KNOTS('',3,(#6739,#6740,#6741,#6742,#6743,#6744,
#6745,#6746,#6747,#6748),.UNSPECIFIED.,.F.,.F.,(4,3,3,4),(-1.00004417336137,
-1.,0.,0.537368802517698),.UNSPECIFIED.);
#1425=B_SPLINE_CURVE_WITH_KNOTS('',3,(#6760,#6761,#6762,#6763),
 .UNSPECIFIED.,.F.,.F.,(4,4),(0.,0.150795640780122),.UNSPECIFIED.);
#1426=B_SPLINE_CURVE_WITH_KNOTS('',3,(#6778,#6779,#6780,#6781),
 .UNSPECIFIED.,.F.,.F.,(4,4),(0.,0.0970580665092441),.UNSPECIFIED.);
#1427=B_SPLINE_CURVE_WITH_KNOTS('',3,(#6783,#6784,#6785,#6786),
 .UNSPECIFIED.,.F.,.F.,(4,4),(-0.117633785343083,0.),.UNSPECIFIED.);
#1428=B_SPLINE_CURVE_WITH_KNOTS('',3,(#6797,#6798,#6799,#6800),
 .UNSPECIFIED.,.F.,.F.,(4,4),(0.,0.163804044116743),.UNSPECIFIED.);
#1429=B_SPLINE_CURVE_WITH_KNOTS('',3,(#6802,#6803,#6804,#6805),
 .UNSPECIFIED.,.F.,.F.,(4,4),(-0.258212908881506,0.),.UNSPECIFIED.);
#1430=B_SPLINE_CURVE_WITH_KNOTS('',3,(#6816,#6817,#6818,#6819),
 .UNSPECIFIED.,.F.,.F.,(4,4),(0.,0.101023399474541),.UNSPECIFIED.);
#1431=B_SPLINE_CURVE_WITH_KNOTS('',3,(#6821,#6822,#6823,#6824),
 .UNSPECIFIED.,.F.,.F.,(4,4),(-0.138245863207848,0.),.UNSPECIFIED.);
#1432=B_SPLINE_CURVE_WITH_KNOTS('',3,(#6835,#6836,#6837,#6838),
 .UNSPECIFIED.,.F.,.F.,(4,4),(0.,0.148749867181194),.UNSPECIFIED.);
#1433=B_SPLINE_CURVE_WITH_KNOTS('',3,(#6840,#6841,#6842,#6843),
 .UNSPECIFIED.,.F.,.F.,(4,4),(-0.210890555571786,0.),.UNSPECIFIED.);
#1434=B_SPLINE_CURVE_WITH_KNOTS('',3,(#6854,#6855,#6856,#6857),
 .UNSPECIFIED.,.F.,.F.,(4,4),(0.,0.247749780100461),.UNSPECIFIED.);
#1435=B_SPLINE_CURVE_WITH_KNOTS('',3,(#6870,#6871,#6872,#6873),
 .UNSPECIFIED.,.F.,.F.,(4,4),(0.,0.140289139635236),.UNSPECIFIED.);
#1436=B_SPLINE_CURVE_WITH_KNOTS('',3,(#6875,#6876,#6877,#6878),
 .UNSPECIFIED.,.F.,.F.,(4,4),(-0.13587009730679,0.),.UNSPECIFIED.);
#1437=B_SPLINE_CURVE_WITH_KNOTS('',3,(#6889,#6890,#6891,#6892),
 .UNSPECIFIED.,.F.,.F.,(4,4),(0.,0.237812836825642),.UNSPECIFIED.);
#1438=B_SPLINE_CURVE_WITH_KNOTS('',3,(#6894,#6895,#6896,#6897),
 .UNSPECIFIED.,.F.,.F.,(4,4),(-0.336201610385149,0.),.UNSPECIFIED.);
#1439=B_SPLINE_CURVE_WITH_KNOTS('',3,(#6908,#6909,#6910,#6911),
 .UNSPECIFIED.,.F.,.F.,(4,4),(0.,0.196716389619559),.UNSPECIFIED.);
#1440=B_SPLINE_CURVE_WITH_KNOTS('',3,(#6924,#6925,#6926,#6927),
 .UNSPECIFIED.,.F.,.F.,(4,4),(0.,0.157570477051501),.UNSPECIFIED.);
#1441=B_SPLINE_CURVE_WITH_KNOTS('',3,(#6929,#6930,#6931,#6932),
 .UNSPECIFIED.,.F.,.F.,(4,4),(0.,0.221476067427633),.UNSPECIFIED.);
#1442=B_SPLINE_CURVE_WITH_KNOTS('',3,(#6943,#6944,#6945,#6946),
 .UNSPECIFIED.,.F.,.F.,(4,4),(0.,0.0978111940961708),.UNSPECIFIED.);
#1443=B_SPLINE_CURVE_WITH_KNOTS('',3,(#6948,#6949,#6950,#6951),
 .UNSPECIFIED.,.F.,.F.,(4,4),(-0.137065412772635,0.),.UNSPECIFIED.);
#1444=B_SPLINE_CURVE_WITH_KNOTS('',3,(#6962,#6963,#6964,#6965,#6966,#6967),
 .UNSPECIFIED.,.F.,.F.,(4,2,4),(0.,0.00119906748164561,0.00239811399681213),
 .UNSPECIFIED.);
#1445=B_SPLINE_CURVE_WITH_KNOTS('',3,(#6981,#6982,#6983,#6984),
 .UNSPECIFIED.,.F.,.F.,(4,4),(0.,0.062402478955148),.UNSPECIFIED.);
#1446=B_SPLINE_CURVE_WITH_KNOTS('',3,(#6988,#6989,#6990,#6991),
 .UNSPECIFIED.,.F.,.F.,(4,4),(-0.0879309420050464,0.),.UNSPECIFIED.);
#1447=B_SPLINE_CURVE_WITH_KNOTS('',3,(#7002,#7003,#7004,#7005),
 .UNSPECIFIED.,.F.,.F.,(4,4),(0.,0.151920302053027),.UNSPECIFIED.);
#1448=B_SPLINE_CURVE_WITH_KNOTS('',3,(#7007,#7008,#7009,#7010),
 .UNSPECIFIED.,.F.,.F.,(4,4),(-0.214108854443119,0.),.UNSPECIFIED.);
#1449=B_SPLINE_CURVE_WITH_KNOTS('',3,(#7021,#7022,#7023,#7024),
 .UNSPECIFIED.,.F.,.F.,(4,4),(0.,0.212815692137378),.UNSPECIFIED.);
#1450=B_SPLINE_CURVE_WITH_KNOTS('',3,(#7026,#7027,#7028,#7029),
 .UNSPECIFIED.,.F.,.F.,(4,4),(-0.613279114128932,-0.314465384708737),
 .UNSPECIFIED.);
#1451=B_SPLINE_CURVE_WITH_KNOTS('',3,(#7059,#7060,#7061,#7062,#7063,#7064,
#7065,#7066,#7067,#7068),.UNSPECIFIED.,.F.,.F.,(4,3,3,4),(0.,0.00173032023163073,
0.0513502632592804,0.0797154047818424),.UNSPECIFIED.);
#1452=B_SPLINE_CURVE_WITH_KNOTS('',3,(#7072,#7073,#7074,#7075,#7076,#7077,
#7078,#7079,#7080,#7081,#7082,#7083,#7084),.UNSPECIFIED.,.F.,.F.,(4,3,3,
3,4),(-1.03487146751996,-1.,0.,0.496000281105063,0.5716480066645),
 .UNSPECIFIED.);
#1453=B_SPLINE_CURVE_WITH_KNOTS('',3,(#7095,#7096,#7097,#7098),
 .UNSPECIFIED.,.F.,.F.,(4,4),(0.,0.210946924269115),.UNSPECIFIED.);
#1454=B_SPLINE_CURVE_WITH_KNOTS('',3,(#7100,#7101,#7102,#7103),
 .UNSPECIFIED.,.F.,.F.,(4,4),(-0.295677040139049,0.),.UNSPECIFIED.);
#1455=B_SPLINE_CURVE_WITH_KNOTS('',3,(#7121,#7122,#7123,#7124,#7125,#7126,
#7127),.UNSPECIFIED.,.F.,.F.,(4,3,4),(0.,0.182877901153372,0.252713213504491),
 .UNSPECIFIED.);
#1456=B_SPLINE_CURVE_WITH_KNOTS('',3,(#7131,#7132,#7133,#7134,#7135,#7136),
 .UNSPECIFIED.,.F.,.F.,(4,2,4),(-0.545289603260295,-0.334195911474509,-0.253585877084143),
 .UNSPECIFIED.);
#1457=B_SPLINE_CURVE_WITH_KNOTS('',3,(#7147,#7148,#7149,#7150),
 .UNSPECIFIED.,.F.,.F.,(4,4),(0.,0.175203279335985),.UNSPECIFIED.);
#1458=B_SPLINE_CURVE_WITH_KNOTS('',3,(#7173,#7174,#7175,#7176),
 .UNSPECIFIED.,.F.,.F.,(4,4),(-0.0462585014581358,-2.39855730416183E-9),
 .UNSPECIFIED.);
#1459=B_SPLINE_CURVE_WITH_KNOTS('',3,(#7178,#7179,#7180,#7181,#7182,#7183,
#7184),.UNSPECIFIED.,.F.,.F.,(4,3,4),(-1.16547777385438,-1.,0.),
 .UNSPECIFIED.);
#1460=B_SPLINE_CURVE_WITH_KNOTS('',3,(#7187,#7188,#7189,#7190),
 .UNSPECIFIED.,.F.,.F.,(4,4),(-0.108583366160733,0.),.UNSPECIFIED.);
#1461=B_SPLINE_CURVE_WITH_KNOTS('',3,(#7192,#7193,#7194,#7195),
 .UNSPECIFIED.,.F.,.F.,(4,4),(-0.267076278766007,0.),.UNSPECIFIED.);
#1462=B_SPLINE_CURVE_WITH_KNOTS('',3,(#7197,#7198,#7199,#7200),
 .UNSPECIFIED.,.F.,.F.,(4,4),(-0.113020046932758,-1.38777878078145E-17),
 .UNSPECIFIED.);
#1463=B_SPLINE_CURVE_WITH_KNOTS('',3,(#7203,#7204,#7205,#7206),
 .UNSPECIFIED.,.F.,.F.,(4,4),(-0.0291475986284045,0.),.UNSPECIFIED.);
#1464=B_SPLINE_CURVE_WITH_KNOTS('',3,(#7208,#7209,#7210,#7211),
 .UNSPECIFIED.,.F.,.F.,(4,4),(-0.194983023944011,0.),.UNSPECIFIED.);
#1465=B_SPLINE_CURVE_WITH_KNOTS('',3,(#7213,#7214,#7215,#7216),
 .UNSPECIFIED.,.F.,.F.,(4,4),(0.,0.376878304496582),.UNSPECIFIED.);
#1466=B_SPLINE_CURVE_WITH_KNOTS('',3,(#7219,#7220,#7221,#7222),
 .UNSPECIFIED.,.F.,.F.,(4,4),(-0.729773756020257,0.),.UNSPECIFIED.);
#1467=B_SPLINE_CURVE_WITH_KNOTS('',3,(#7224,#7225,#7226,#7227),
 .UNSPECIFIED.,.F.,.F.,(4,4),(-0.178508253256299,0.),.UNSPECIFIED.);
#1468=B_SPLINE_CURVE_WITH_KNOTS('',3,(#7229,#7230,#7231,#7232),
 .UNSPECIFIED.,.F.,.F.,(4,4),(-0.192530478596689,0.),.UNSPECIFIED.);
#1469=B_SPLINE_CURVE_WITH_KNOTS('',3,(#7234,#7235,#7236,#7237),
 .UNSPECIFIED.,.F.,.F.,(4,4),(-0.0419765722205801,0.),.UNSPECIFIED.);
#1470=B_SPLINE_CURVE_WITH_KNOTS('',3,(#7240,#7241,#7242,#7243),
 .UNSPECIFIED.,.F.,.F.,(4,4),(-0.347928550134045,0.),.UNSPECIFIED.);
#1471=B_SPLINE_CURVE_WITH_KNOTS('',3,(#7245,#7246,#7247,#7248),
 .UNSPECIFIED.,.F.,.F.,(4,4),(-0.258669072668215,0.),.UNSPECIFIED.);
#1472=B_SPLINE_CURVE_WITH_KNOTS('',3,(#7254,#7255,#7256,#7257),
 .UNSPECIFIED.,.F.,.F.,(4,4),(-0.0415590121925607,0.),.UNSPECIFIED.);
#1473=B_SPLINE_CURVE_WITH_KNOTS('',3,(#7259,#7260,#7261,#7262),
 .UNSPECIFIED.,.F.,.F.,(4,4),(-0.0813574700509166,0.),.UNSPECIFIED.);
#1474=B_SPLINE_CURVE_WITH_KNOTS('',3,(#7263,#7264,#7265,#7266),
 .UNSPECIFIED.,.F.,.F.,(4,4),(9.99998111937522E-7,0.323464158978283),
 .UNSPECIFIED.);
#1475=B_SPLINE_CURVE_WITH_KNOTS('',3,(#7269,#7270,#7271,#7272),
 .UNSPECIFIED.,.F.,.F.,(4,4),(0.,0.0956507223459721),.UNSPECIFIED.);
#1476=B_SPLINE_CURVE_WITH_KNOTS('',3,(#7274,#7275,#7276,#7277),
 .UNSPECIFIED.,.F.,.F.,(4,4),(-0.441665599405762,-0.318103160410779),
 .UNSPECIFIED.);
#1477=B_SPLINE_CURVE_WITH_KNOTS('',3,(#7279,#7280,#7281,#7282),
 .UNSPECIFIED.,.F.,.F.,(4,4),(-0.16266671889943,0.),.UNSPECIFIED.);
#1478=B_SPLINE_CURVE_WITH_KNOTS('',3,(#7285,#7286,#7287,#7288),
 .UNSPECIFIED.,.F.,.F.,(4,4),(-0.176428919267162,0.),.UNSPECIFIED.);
#1479=B_SPLINE_CURVE_WITH_KNOTS('',3,(#7290,#7291,#7292,#7293),
 .UNSPECIFIED.,.F.,.F.,(4,4),(-0.213598570405853,0.),.UNSPECIFIED.);
#1480=B_SPLINE_CURVE_WITH_KNOTS('',3,(#7297,#7298,#7299,#7300),
 .UNSPECIFIED.,.F.,.F.,(4,4),(-0.204876547260748,0.),.UNSPECIFIED.);
#1481=B_SPLINE_CURVE_WITH_KNOTS('',3,(#7302,#7303,#7304,#7305),
 .UNSPECIFIED.,.F.,.F.,(4,4),(-0.203067175897936,0.),.UNSPECIFIED.);
#1482=B_SPLINE_CURVE_WITH_KNOTS('',3,(#7307,#7308,#7309,#7310),
 .UNSPECIFIED.,.F.,.F.,(4,4),(0.,0.125115325041936),.UNSPECIFIED.);
#1483=B_SPLINE_CURVE_WITH_KNOTS('',3,(#7312,#7313,#7314,#7315),
 .UNSPECIFIED.,.F.,.F.,(4,4),(-0.12467651388917,0.),.UNSPECIFIED.);
#1484=B_SPLINE_CURVE_WITH_KNOTS('',3,(#7316,#7317,#7318,#7319),
 .UNSPECIFIED.,.F.,.F.,(4,4),(-0.333605752451516,0.),.UNSPECIFIED.);
#1485=B_SPLINE_CURVE_WITH_KNOTS('',3,(#7320,#7321,#7322,#7323),
 .UNSPECIFIED.,.F.,.F.,(4,4),(0.,0.0206859203088035),.UNSPECIFIED.);
#1486=B_SPLINE_CURVE_WITH_KNOTS('',3,(#7325,#7326,#7327,#7328),
 .UNSPECIFIED.,.F.,.F.,(4,4),(-0.136364635450993,0.),.UNSPECIFIED.);
#1487=B_SPLINE_CURVE_WITH_KNOTS('',3,(#7330,#7331,#7332,#7333),
 .UNSPECIFIED.,.F.,.F.,(4,4),(-0.0801358168999862,0.),.UNSPECIFIED.);
#1488=B_SPLINE_CURVE_WITH_KNOTS('',3,(#7337,#7338,#7339,#7340,#7341,#7342),
 .UNSPECIFIED.,.F.,.F.,(4,2,4),(-0.322998425886463,-0.190466995332724,0.),
 .UNSPECIFIED.);
#1489=B_SPLINE_CURVE_WITH_KNOTS('',3,(#7343,#7344,#7345,#7346,#7347,#7348),
 .UNSPECIFIED.,.F.,.F.,(4,2,4),(1.00000000111122E-6,0.0223362886268461,
0.0446715246670932),.UNSPECIFIED.);
#1490=B_SPLINE_CURVE_WITH_KNOTS('',3,(#7350,#7351,#7352,#7353),
 .UNSPECIFIED.,.F.,.F.,(4,4),(-0.124236736374583,0.),.UNSPECIFIED.);
#1491=B_SPLINE_CURVE_WITH_KNOTS('',3,(#7355,#7356,#7357,#7358),
 .UNSPECIFIED.,.F.,.F.,(4,4),(-0.0894464112192073,0.),.UNSPECIFIED.);
#1492=B_SPLINE_CURVE_WITH_KNOTS('',3,(#7360,#7361,#7362,#7363),
 .UNSPECIFIED.,.F.,.F.,(4,4),(-0.0894781659832087,0.),.UNSPECIFIED.);
#1493=B_SPLINE_CURVE_WITH_KNOTS('',3,(#7365,#7366,#7367,#7368),
 .UNSPECIFIED.,.F.,.F.,(4,4),(-0.285755838655607,0.),.UNSPECIFIED.);
#1494=B_SPLINE_CURVE_WITH_KNOTS('',3,(#7370,#7371,#7372,#7373),
 .UNSPECIFIED.,.F.,.F.,(4,4),(-0.055952894491075,0.),.UNSPECIFIED.);
#1495=B_SPLINE_CURVE_WITH_KNOTS('',3,(#7377,#7378,#7379,#7380),
 .UNSPECIFIED.,.F.,.F.,(4,4),(-0.294575207913343,0.),.UNSPECIFIED.);
#1496=B_SPLINE_CURVE_WITH_KNOTS('',3,(#7382,#7383,#7384,#7385),
 .UNSPECIFIED.,.F.,.F.,(4,4),(-0.294455134879996,0.),.UNSPECIFIED.);
#1497=B_SPLINE_CURVE_WITH_KNOTS('',3,(#7387,#7388,#7389,#7390),
 .UNSPECIFIED.,.F.,.F.,(4,4),(-0.365311057478199,0.),.UNSPECIFIED.);
#1498=B_SPLINE_CURVE_WITH_KNOTS('',3,(#7392,#7393,#7394,#7395),
 .UNSPECIFIED.,.F.,.F.,(4,4),(-0.259038862804992,0.),.UNSPECIFIED.);
#1499=B_SPLINE_CURVE_WITH_KNOTS('',3,(#7396,#7397,#7398,#7399),
 .UNSPECIFIED.,.F.,.F.,(4,4),(-0.377655164737261,0.),.UNSPECIFIED.);
#1500=B_SPLINE_CURVE_WITH_KNOTS('',3,(#7403,#7404,#7405,#7406,#7407,#7408,
#7409,#7410,#7411,#7412),.UNSPECIFIED.,.F.,.F.,(4,3,3,4),(-1.36485577574907,
-1.,0.,0.00727320780242801),.UNSPECIFIED.);
#1501=B_SPLINE_CURVE_WITH_KNOTS('',3,(#7415,#7416,#7417,#7418),
 .UNSPECIFIED.,.F.,.F.,(4,4),(0.,0.197776785535058),.UNSPECIFIED.);
#1502=B_SPLINE_CURVE_WITH_KNOTS('',3,(#7419,#7420,#7421,#7422,#7423,#7424),
 .UNSPECIFIED.,.F.,.F.,(4,2,4),(-0.0911611631617205,-0.0626476505465999,
-1.38777878078145E-17),.UNSPECIFIED.);
#1503=B_SPLINE_CURVE_WITH_KNOTS('',3,(#7426,#7427,#7428,#7429,#7430,#7431,
#7432,#7433,#7434,#7435),.UNSPECIFIED.,.F.,.F.,(4,3,3,4),(-1.54035584508834,
-1.,0.,0.027043218276588),.UNSPECIFIED.);
#1504=B_SPLINE_CURVE_WITH_KNOTS('',3,(#7437,#7438,#7439,#7440),
 .UNSPECIFIED.,.F.,.F.,(4,4),(-0.121381725001282,0.),.UNSPECIFIED.);
#1505=B_SPLINE_CURVE_WITH_KNOTS('',3,(#7442,#7443,#7444,#7445),
 .UNSPECIFIED.,.F.,.F.,(4,4),(-0.0304095187829582,0.),.UNSPECIFIED.);
#1506=B_SPLINE_CURVE_WITH_KNOTS('',3,(#7489,#7490,#7491,#7492),
 .UNSPECIFIED.,.F.,.F.,(4,4),(0.,0.230130017698763),.UNSPECIFIED.);
#1507=B_SPLINE_CURVE_WITH_KNOTS('',3,(#7509,#7510,#7511,#7512,#7513,#7514),
 .UNSPECIFIED.,.F.,.F.,(4,2,4),(0.,0.0158916284345937,0.0317811127720607),
 .UNSPECIFIED.);
#1508=B_SPLINE_CURVE_WITH_KNOTS('',3,(#7531,#7532,#7533,#7534,#7535,#7536,
#7537),.UNSPECIFIED.,.F.,.F.,(4,3,4),(0.,0.124847372948884,0.304271256788393),
 .UNSPECIFIED.);
#1509=B_SPLINE_CURVE_WITH_KNOTS('',3,(#7566,#7567,#7568,#7569,#7570,#7571,
#7572,#7573,#7574,#7575),.UNSPECIFIED.,.F.,.F.,(4,3,3,4),(0.,0.440423633984476,
1.2554858526831,1.27752775817237),.UNSPECIFIED.);
#1510=B_SPLINE_CURVE_WITH_KNOTS('',3,(#7592,#7593,#7594,#7595,#7596,#7597),
 .UNSPECIFIED.,.F.,.F.,(4,2,4),(0.,0.00518546648475848,0.0103704167446039),
 .UNSPECIFIED.);
#1511=B_SPLINE_CURVE_WITH_KNOTS('',3,(#7608,#7609,#7610,#7611),
 .UNSPECIFIED.,.F.,.F.,(4,4),(0.,0.0858946625882294),.UNSPECIFIED.);
#1512=B_SPLINE_CURVE_WITH_KNOTS('',3,(#7622,#7623,#7624,#7625),
 .UNSPECIFIED.,.F.,.F.,(4,4),(0.,0.0733867561156819),.UNSPECIFIED.);
#1513=B_SPLINE_CURVE_WITH_KNOTS('',3,(#7641,#7642,#7643,#7644),
 .UNSPECIFIED.,.F.,.F.,(4,4),(0.,0.154769365386232),.UNSPECIFIED.);
#1514=B_SPLINE_CURVE_WITH_KNOTS('',3,(#7666,#7667,#7668,#7669),
 .UNSPECIFIED.,.F.,.F.,(4,4),(0.,0.13837404764953),.UNSPECIFIED.);
#1515=B_SPLINE_CURVE_WITH_KNOTS('',3,(#7691,#7692,#7693,#7694,#7695,#7696,
#7697,#7698,#7699,#7700),.UNSPECIFIED.,.F.,.F.,(4,3,3,4),(0.,0.21779061646327,
0.814713101837478,0.819054643115546),.UNSPECIFIED.);
#1516=B_SPLINE_CURVE_WITH_KNOTS('',3,(#7710,#7711,#7712,#7713),
 .UNSPECIFIED.,.F.,.F.,(4,4),(0.,0.0680512411483906),.UNSPECIFIED.);
#1517=B_SPLINE_CURVE_WITH_KNOTS('',3,(#7736,#7737,#7738,#7739),
 .UNSPECIFIED.,.F.,.F.,(4,4),(0.,0.0132707479454961),.UNSPECIFIED.);
#1518=B_SPLINE_CURVE_WITH_KNOTS('',3,(#7749,#7750,#7751,#7752),
 .UNSPECIFIED.,.F.,.F.,(4,4),(0.,0.115488265037124),.UNSPECIFIED.);
#1519=B_SPLINE_CURVE_WITH_KNOTS('',3,(#7762,#7763,#7764,#7765),
 .UNSPECIFIED.,.F.,.F.,(4,4),(0.,0.125514748180466),.UNSPECIFIED.);
#1520=B_SPLINE_CURVE_WITH_KNOTS('',3,(#7776,#7777,#7778,#7779),
 .UNSPECIFIED.,.F.,.F.,(4,4),(0.,0.151915043942487),.UNSPECIFIED.);
#1521=B_SPLINE_CURVE_WITH_KNOTS('',3,(#7794,#7795,#7796,#7797),
 .UNSPECIFIED.,.F.,.F.,(4,4),(0.,0.145050161865533),.UNSPECIFIED.);
#1522=B_SPLINE_CURVE_WITH_KNOTS('',3,(#7808,#7809,#7810,#7811),
 .UNSPECIFIED.,.F.,.F.,(4,4),(0.,0.144672308329303),.UNSPECIFIED.);
#1523=B_SPLINE_CURVE_WITH_KNOTS('',3,(#7822,#7823,#7824,#7825),
 .UNSPECIFIED.,.F.,.F.,(4,4),(0.,0.088895362263007),.UNSPECIFIED.);
#1524=B_SPLINE_CURVE_WITH_KNOTS('',3,(#7836,#7837,#7838,#7839),
 .UNSPECIFIED.,.F.,.F.,(4,4),(0.,0.0887402825779163),.UNSPECIFIED.);
#1525=B_SPLINE_CURVE_WITH_KNOTS('',3,(#7849,#7850,#7851,#7852),
 .UNSPECIFIED.,.F.,.F.,(4,4),(0.,0.237303531324205),.UNSPECIFIED.);
#1526=B_SPLINE_CURVE_WITH_KNOTS('',3,(#7862,#7863,#7864,#7865),
 .UNSPECIFIED.,.F.,.F.,(4,4),(0.,0.0147171226301983),.UNSPECIFIED.);
#1527=B_SPLINE_CURVE_WITH_KNOTS('',3,(#7875,#7876,#7877,#7878),
 .UNSPECIFIED.,.F.,.F.,(4,4),(0.,0.0972069277088387),.UNSPECIFIED.);
#1528=B_SPLINE_CURVE_WITH_KNOTS('',3,(#7888,#7889,#7890,#7891),
 .UNSPECIFIED.,.F.,.F.,(4,4),(0.,0.0570037769157949),.UNSPECIFIED.);
#1529=B_SPLINE_CURVE_WITH_KNOTS('',3,(#7901,#7902,#7903,#7904),
 .UNSPECIFIED.,.F.,.F.,(4,4),(0.,0.0167691732662664),.UNSPECIFIED.);
#1530=B_SPLINE_CURVE_WITH_KNOTS('',3,(#7915,#7916,#7917,#7918),
 .UNSPECIFIED.,.F.,.F.,(4,4),(0.,0.0329077914643803),.UNSPECIFIED.);
#1531=B_SPLINE_CURVE_WITH_KNOTS('',3,(#7934,#7935,#7936,#7937,#7938,#7939,
#7940),.UNSPECIFIED.,.F.,.F.,(4,3,4),(0.,0.113423974810793,0.798857263940038),
 .UNSPECIFIED.);
#1532=B_SPLINE_CURVE_WITH_KNOTS('',3,(#7950,#7951,#7952,#7953),
 .UNSPECIFIED.,.F.,.F.,(4,4),(0.,0.0805782623121009),.UNSPECIFIED.);
#1533=B_SPLINE_CURVE_WITH_KNOTS('',3,(#7964,#7965,#7966,#7967),
 .UNSPECIFIED.,.F.,.F.,(4,4),(0.,0.190027966908091),.UNSPECIFIED.);
#1534=B_SPLINE_CURVE_WITH_KNOTS('',3,(#7977,#7978,#7979,#7980),
 .UNSPECIFIED.,.F.,.F.,(4,4),(0.,0.0806945262257225),.UNSPECIFIED.);
#1535=B_SPLINE_CURVE_WITH_KNOTS('',3,(#7990,#7991,#7992,#7993),
 .UNSPECIFIED.,.F.,.F.,(4,4),(0.,0.0207999691448404),.UNSPECIFIED.);
#1536=B_SPLINE_CURVE_WITH_KNOTS('',3,(#8004,#8005,#8006,#8007),
 .UNSPECIFIED.,.F.,.F.,(4,4),(0.,0.140288505497731),.UNSPECIFIED.);
#1537=B_SPLINE_CURVE_WITH_KNOTS('',3,(#8017,#8018,#8019,#8020),
 .UNSPECIFIED.,.F.,.F.,(4,4),(0.,0.268132387427982),.UNSPECIFIED.);
#1538=B_SPLINE_CURVE_WITH_KNOTS('',3,(#8030,#8031,#8032,#8033),
 .UNSPECIFIED.,.F.,.F.,(4,4),(0.,0.519193061314344),.UNSPECIFIED.);
#1539=B_SPLINE_CURVE_WITH_KNOTS('',3,(#8042,#8043,#8044,#8045),
 .UNSPECIFIED.,.F.,.F.,(4,4),(0.,0.168129237213909),.UNSPECIFIED.);
#1540=B_SPLINE_CURVE_WITH_KNOTS('',3,(#8054,#8055,#8056,#8057),
 .UNSPECIFIED.,.F.,.F.,(4,4),(0.,0.248732179380447),.UNSPECIFIED.);
#1541=B_SPLINE_CURVE_WITH_KNOTS('',3,(#8067,#8068,#8069,#8070),
 .UNSPECIFIED.,.F.,.F.,(4,4),(0.,0.0299153306856632),.UNSPECIFIED.);
#1542=B_SPLINE_CURVE_WITH_KNOTS('',3,(#8080,#8081,#8082,#8083),
 .UNSPECIFIED.,.F.,.F.,(4,4),(0.,0.24760795037903),.UNSPECIFIED.);
#1543=B_SPLINE_CURVE_WITH_KNOTS('',3,(#8094,#8095,#8096,#8097),
 .UNSPECIFIED.,.F.,.F.,(4,4),(0.,0.185015394890277),.UNSPECIFIED.);
#1544=B_SPLINE_CURVE_WITH_KNOTS('',3,(#8112,#8113,#8114,#8115),
 .UNSPECIFIED.,.F.,.F.,(4,4),(0.,0.363699278790905),.UNSPECIFIED.);
#1545=B_SPLINE_CURVE_WITH_KNOTS('',3,(#8126,#8127,#8128,#8129),
 .UNSPECIFIED.,.F.,.F.,(4,4),(0.,0.0306114076617834),.UNSPECIFIED.);
#1546=B_SPLINE_CURVE_WITH_KNOTS('',3,(#8139,#8140,#8141,#8142),
 .UNSPECIFIED.,.F.,.F.,(4,4),(0.,0.0578765877332268),.UNSPECIFIED.);
#1547=B_SPLINE_CURVE_WITH_KNOTS('',3,(#8152,#8153,#8154,#8155),
 .UNSPECIFIED.,.F.,.F.,(4,4),(0.,0.0883504465081571),.UNSPECIFIED.);
#1548=B_SPLINE_CURVE_WITH_KNOTS('',3,(#8166,#8167,#8168,#8169),
 .UNSPECIFIED.,.F.,.F.,(4,4),(0.,0.0634081822449304),.UNSPECIFIED.);
#1549=B_SPLINE_CURVE_WITH_KNOTS('',3,(#8180,#8181,#8182,#8183),
 .UNSPECIFIED.,.F.,.F.,(4,4),(0.,0.0637829005158242),.UNSPECIFIED.);
#1550=B_SPLINE_CURVE_WITH_KNOTS('',3,(#8194,#8195,#8196,#8197),
 .UNSPECIFIED.,.F.,.F.,(4,4),(0.,0.202845215441752),.UNSPECIFIED.);
#1551=B_SPLINE_CURVE_WITH_KNOTS('',3,(#8208,#8209,#8210,#8211),
 .UNSPECIFIED.,.F.,.F.,(4,4),(0.,0.0363512778243539),.UNSPECIFIED.);
#1552=B_SPLINE_CURVE_WITH_KNOTS('',3,(#8222,#8223,#8224,#8225),
 .UNSPECIFIED.,.F.,.F.,(4,4),(0.,0.05031170467858),.UNSPECIFIED.);
#1553=B_SPLINE_CURVE_WITH_KNOTS('',3,(#8236,#8237,#8238,#8239),
 .UNSPECIFIED.,.F.,.F.,(4,4),(0.,0.209467366275447),.UNSPECIFIED.);
#1554=B_SPLINE_CURVE_WITH_KNOTS('',3,(#8250,#8251,#8252,#8253),
 .UNSPECIFIED.,.F.,.F.,(4,4),(0.,0.200394021450885),.UNSPECIFIED.);
#1555=B_SPLINE_CURVE_WITH_KNOTS('',3,(#8264,#8265,#8266,#8267),
 .UNSPECIFIED.,.F.,.F.,(4,4),(0.,0.263791682762703),.UNSPECIFIED.);
#1556=B_SPLINE_CURVE_WITH_KNOTS('',3,(#8278,#8279,#8280,#8281),
 .UNSPECIFIED.,.F.,.F.,(4,4),(0.,0.184383593166272),.UNSPECIFIED.);
#1557=B_SPLINE_CURVE_WITH_KNOTS('',3,(#8291,#8292,#8293,#8294),
 .UNSPECIFIED.,.F.,.F.,(4,4),(0.,0.267265908889886),.UNSPECIFIED.);
#1558=B_SPLINE_CURVE_WITH_KNOTS('',3,(#8310,#8311,#8312,#8313,#8314,#8315,
#8316),.UNSPECIFIED.,.F.,.F.,(4,3,4),(0.,0.209609038757988,0.670145556610772),
 .UNSPECIFIED.);
#1559=B_SPLINE_CURVE_WITH_KNOTS('',3,(#8326,#8327,#8328,#8329,#8330,#8331),
 .UNSPECIFIED.,.F.,.F.,(4,2,4),(0.,0.0703505032186243,0.140709480434468),
 .UNSPECIFIED.);
#1560=B_SPLINE_CURVE_WITH_KNOTS('',3,(#8459,#8460,#8461,#8462,#8463,#8464),
 .UNSPECIFIED.,.F.,.F.,(4,2,4),(-0.0446715246671082,-0.0223362886268502,
-9.99999999094339E-7),.UNSPECIFIED.);
#1561=B_SPLINE_CURVE_WITH_KNOTS('',3,(#8468,#8469,#8470,#8471),
 .UNSPECIFIED.,.F.,.F.,(4,4),(-0.137480313745575,0.),.UNSPECIFIED.);
#1562=B_SPLINE_CURVE_WITH_KNOTS('',3,(#8473,#8474,#8475,#8476),
 .UNSPECIFIED.,.F.,.F.,(4,4),(-0.221476067427634,0.),.UNSPECIFIED.);
#1563=B_SPLINE_CURVE_WITH_KNOTS('',3,(#8480,#8481,#8482,#8483),
 .UNSPECIFIED.,.F.,.F.,(4,4),(-0.334262184626476,0.),.UNSPECIFIED.);
#1564=B_SPLINE_CURVE_WITH_KNOTS('',3,(#8485,#8486,#8487,#8488),
 .UNSPECIFIED.,.F.,.F.,(4,4),(-0.197185967417748,0.),.UNSPECIFIED.);
#1565=B_SPLINE_CURVE_WITH_KNOTS('',3,(#8492,#8493,#8494,#8495),
 .UNSPECIFIED.,.F.,.F.,(4,4),(-0.209078097845969,0.),.UNSPECIFIED.);
#1566=B_SPLINE_CURVE_WITH_KNOTS('',3,(#8497,#8498,#8499,#8500),
 .UNSPECIFIED.,.F.,.F.,(4,4),(-0.14199528779648,0.),.UNSPECIFIED.);
#1567=B_SPLINE_CURVE_WITH_KNOTS('',3,(#8502,#8503,#8504,#8505),
 .UNSPECIFIED.,.F.,.F.,(4,4),(-0.230237771719761,0.),.UNSPECIFIED.);
#1568=B_SPLINE_CURVE_WITH_KNOTS('',3,(#8507,#8508,#8509,#8510),
 .UNSPECIFIED.,.F.,.F.,(4,4),(-0.136421741483876,0.),.UNSPECIFIED.);
#1569=B_SPLINE_CURVE_WITH_KNOTS('',3,(#8514,#8515,#8516,#8517),
 .UNSPECIFIED.,.F.,.F.,(4,4),(-0.124182586847563,0.),.UNSPECIFIED.);
#1570=B_SPLINE_CURVE_WITH_KNOTS('',3,(#8519,#8520,#8521,#8522),
 .UNSPECIFIED.,.F.,.F.,(4,4),(-0.0891245308844748,0.),.UNSPECIFIED.);
#1571=B_SPLINE_CURVE_WITH_KNOTS('',3,(#8524,#8525,#8526,#8527),
 .UNSPECIFIED.,.F.,.F.,(4,4),(-0.0896512230070759,0.),.UNSPECIFIED.);
#1572=B_SPLINE_CURVE_WITH_KNOTS('',3,(#8529,#8530,#8531,#8532),
 .UNSPECIFIED.,.F.,.F.,(4,4),(-0.285534570689084,0.),.UNSPECIFIED.);
#1573=B_SPLINE_CURVE_WITH_KNOTS('',3,(#8534,#8535,#8536,#8537),
 .UNSPECIFIED.,.F.,.F.,(4,4),(-0.0510942037523149,0.),.UNSPECIFIED.);
#1574=B_SPLINE_CURVE_WITH_KNOTS('',3,(#8541,#8542,#8543,#8544),
 .UNSPECIFIED.,.F.,.F.,(4,4),(-0.294420689790419,0.),.UNSPECIFIED.);
#1575=B_SPLINE_CURVE_WITH_KNOTS('',3,(#8546,#8547,#8548,#8549),
 .UNSPECIFIED.,.F.,.F.,(4,4),(-0.281667483935455,0.),.UNSPECIFIED.);
#1576=B_SPLINE_CURVE_WITH_KNOTS('',3,(#8551,#8552,#8553,#8554),
 .UNSPECIFIED.,.F.,.F.,(4,4),(-0.370777226930437,0.),.UNSPECIFIED.);
#1577=B_SPLINE_CURVE_WITH_KNOTS('',3,(#8556,#8557,#8558,#8559),
 .UNSPECIFIED.,.F.,.F.,(4,4),(-0.259163733479853,0.),.UNSPECIFIED.);
#1578=B_SPLINE_CURVE_WITH_KNOTS('',3,(#8561,#8562,#8563,#8564),
 .UNSPECIFIED.,.F.,.F.,(4,4),(-0.375660489039174,0.),.UNSPECIFIED.);
#1579=B_SPLINE_CURVE_WITH_KNOTS('',3,(#8565,#8566,#8567,#8568,#8569,#8570),
 .UNSPECIFIED.,.F.,.F.,(4,2,4),(0.377564394049357,1.0868645648145,2.10623236119428),
 .UNSPECIFIED.);
#1580=B_SPLINE_CURVE_WITH_KNOTS('',3,(#8573,#8574,#8575,#8576),
 .UNSPECIFIED.,.F.,.F.,(4,4),(0.,0.298818717195842),.UNSPECIFIED.);
#1581=B_SPLINE_CURVE_WITH_KNOTS('',3,(#8578,#8579,#8580,#8581),
 .UNSPECIFIED.,.F.,.F.,(4,4),(-0.213534360597155,0.),.UNSPECIFIED.);
#1582=B_SPLINE_CURVE_WITH_KNOTS('',3,(#8583,#8584,#8585,#8586),
 .UNSPECIFIED.,.F.,.F.,(4,4),(-0.0877109462217829,0.),.UNSPECIFIED.);
#1583=B_SPLINE_CURVE_WITH_KNOTS('',3,(#8588,#8589,#8590,#8591),
 .UNSPECIFIED.,.F.,.F.,(4,4),(-0.12073081481944,0.),.UNSPECIFIED.);
#1584=B_SPLINE_CURVE_WITH_KNOTS('',3,(#8593,#8594,#8595,#8596),
 .UNSPECIFIED.,.F.,.F.,(4,4),(-0.103150097984631,0.),.UNSPECIFIED.);
#1585=B_SPLINE_CURVE_WITH_KNOTS('',3,(#8599,#8600,#8601,#8602,#8603,#8604,
#8605,#8606,#8607,#8608),.UNSPECIFIED.,.F.,.F.,(4,3,3,4),(-1.54035584508834,
-1.,0.,0.0270432182765824),.UNSPECIFIED.);
#1586=B_SPLINE_CURVE_WITH_KNOTS('',3,(#8611,#8612,#8613,#8614,#8615,#8616),
 .UNSPECIFIED.,.F.,.F.,(4,2,4),(-0.655494507179077,-0.474353746795053,0.),
 .UNSPECIFIED.);
#1587=B_SPLINE_CURVE_WITH_KNOTS('',3,(#8618,#8619,#8620,#8621),
 .UNSPECIFIED.,.F.,.F.,(4,4),(-0.197776785538275,0.),.UNSPECIFIED.);
#1588=B_SPLINE_CURVE_WITH_KNOTS('',3,(#8623,#8624,#8625,#8626,#8627,#8628),
 .UNSPECIFIED.,.F.,.F.,(4,2,4),(-2.88726244854538,-2.52010360710748,-2.35299457483331),
 .UNSPECIFIED.);
#1589=B_SPLINE_CURVE_WITH_KNOTS('',3,(#8632,#8633,#8634,#8635,#8636,#8637,
#8638,#8639,#8640,#8641,#8642,#8643,#8644),.UNSPECIFIED.,.F.,.F.,(4,3,3,
3,4),(-0.5716480066645,-0.496000281105063,0.,1.,1.03487146751995),
 .UNSPECIFIED.);
#1590=B_SPLINE_CURVE_WITH_KNOTS('',3,(#8648,#8649,#8650,#8651,#8652,#8653,
#8654,#8655,#8656,#8657),.UNSPECIFIED.,.F.,.F.,(4,3,3,4),(-1.36485577574907,
-1.,0.,0.00727320780241645),.UNSPECIFIED.);
#1591=B_SPLINE_CURVE_WITH_KNOTS('',3,(#8660,#8661,#8662,#8663),
 .UNSPECIFIED.,.F.,.F.,(4,4),(0.317606066118374,0.613323014051777),
 .UNSPECIFIED.);
#1592=B_SPLINE_CURVE_WITH_KNOTS('',3,(#8670,#8671,#8672,#8673),
 .UNSPECIFIED.,.F.,.F.,(4,4),(-0.158913636328997,0.),.UNSPECIFIED.);
#1593=B_SPLINE_CURVE_WITH_KNOTS('',3,(#8675,#8676,#8677,#8678),
 .UNSPECIFIED.,.F.,.F.,(4,4),(-0.348029885725911,0.),.UNSPECIFIED.);
#1594=B_SPLINE_CURVE_WITH_KNOTS('',3,(#8680,#8681,#8682,#8683),
 .UNSPECIFIED.,.F.,.F.,(4,4),(-0.260051773947369,-4.32437732224176E-8),
 .UNSPECIFIED.);
#1595=B_SPLINE_CURVE_WITH_KNOTS('',3,(#8689,#8690,#8691,#8692),
 .UNSPECIFIED.,.F.,.F.,(4,4),(-0.0430264242086144,0.),.UNSPECIFIED.);
#1596=B_SPLINE_CURVE_WITH_KNOTS('',3,(#8694,#8695,#8696,#8697),
 .UNSPECIFIED.,.F.,.F.,(4,4),(-0.0813494966773698,0.),.UNSPECIFIED.);
#1597=B_SPLINE_CURVE_WITH_KNOTS('',3,(#8699,#8700,#8701,#8702),
 .UNSPECIFIED.,.F.,.F.,(4,4),(-0.32346415898017,-9.9999999880751E-7),
 .UNSPECIFIED.);
#1598=B_SPLINE_CURVE_WITH_KNOTS('',3,(#8704,#8705,#8706,#8707,#8708,#8709,
#8710,#8711,#8712,#8713),.UNSPECIFIED.,.F.,.F.,(4,3,3,4),(-1.00004417336131,
-1.,0.,0.5373688025177),.UNSPECIFIED.);
#1599=B_SPLINE_CURVE_WITH_KNOTS('',3,(#8715,#8716,#8717,#8718,#8719,#8720,
#8721,#8722,#8723,#8724,#8725,#8726,#8727,#8728,#8729,#8730),
 .UNSPECIFIED.,.F.,.F.,(4,3,3,3,3,4),(3.59834095102314E-5,0.0109135223002228,
0.103669499563322,0.368328211876161,1.,1.00006991279632),.UNSPECIFIED.);
#1600=B_SPLINE_CURVE_WITH_KNOTS('',3,(#8731,#8732,#8733,#8734,#8735,#8736,
#8737),.UNSPECIFIED.,.F.,.F.,(4,3,4),(-0.801685533188328,-0.367113936322581,
-4.64067501329442E-5),.UNSPECIFIED.);
#1601=B_SPLINE_CURVE_WITH_KNOTS('',3,(#8742,#8743,#8744,#8745),
 .UNSPECIFIED.,.F.,.F.,(4,4),(-0.20876255489989,0.),.UNSPECIFIED.);
#1602=B_SPLINE_CURVE_WITH_KNOTS('',3,(#8749,#8750,#8751,#8752,#8753,#8754,
#8755,#8756,#8757,#8758),.UNSPECIFIED.,.F.,.F.,(4,3,3,4),(-0.36263893827598,
0.,1.,1.08888199276115),.UNSPECIFIED.);
#1603=B_SPLINE_CURVE_WITH_KNOTS('',3,(#8760,#8761,#8762,#8763),
 .UNSPECIFIED.,.F.,.F.,(4,4),(-0.0956507223459721,0.),.UNSPECIFIED.);
#1604=B_SPLINE_CURVE_WITH_KNOTS('',3,(#8765,#8766,#8767,#8768),
 .UNSPECIFIED.,.F.,.F.,(4,4),(-0.026503974766285,-0.0047792055067064),
 .UNSPECIFIED.);
#1605=B_SPLINE_CURVE_WITH_KNOTS('',3,(#8769,#8770,#8771,#8772),
 .UNSPECIFIED.,.F.,.F.,(4,4),(-0.162326644286074,0.),.UNSPECIFIED.);
#1606=B_SPLINE_CURVE_WITH_KNOTS('',3,(#8777,#8778,#8779,#8780),
 .UNSPECIFIED.,.F.,.F.,(4,4),(-0.251305408595485,0.),.UNSPECIFIED.);
#1607=B_SPLINE_CURVE_WITH_KNOTS('',3,(#8782,#8783,#8784,#8785),
 .UNSPECIFIED.,.F.,.F.,(4,4),(-0.361864220421975,0.),.UNSPECIFIED.);
#1608=B_SPLINE_CURVE_WITH_KNOTS('',3,(#8787,#8788,#8789,#8790),
 .UNSPECIFIED.,.F.,.F.,(4,4),(-0.451566541390097,0.),.UNSPECIFIED.);
#1609=B_SPLINE_CURVE_WITH_KNOTS('',3,(#8792,#8793,#8794,#8795),
 .UNSPECIFIED.,.F.,.F.,(4,4),(-0.127190166857683,0.),.UNSPECIFIED.);
#1610=B_SPLINE_CURVE_WITH_KNOTS('',3,(#8797,#8798,#8799,#8800),
 .UNSPECIFIED.,.F.,.F.,(4,4),(-0.146498067673461,0.),.UNSPECIFIED.);
#1611=B_SPLINE_CURVE_WITH_KNOTS('',3,(#8802,#8803,#8804,#8805),
 .UNSPECIFIED.,.F.,.F.,(4,4),(-0.252470512107917,0.),.UNSPECIFIED.);
#1612=B_SPLINE_CURVE_WITH_KNOTS('',3,(#8807,#8808,#8809,#8810),
 .UNSPECIFIED.,.F.,.F.,(4,4),(-0.136767374486329,0.),.UNSPECIFIED.);
#1613=B_SPLINE_CURVE_WITH_KNOTS('',3,(#8812,#8813,#8814,#8815),
 .UNSPECIFIED.,.F.,.F.,(4,4),(-0.0276691214841633,0.),.UNSPECIFIED.);
#1614=B_SPLINE_CURVE_WITH_KNOTS('',3,(#8817,#8818,#8819,#8820),
 .UNSPECIFIED.,.F.,.F.,(4,4),(-0.0618454667676188,0.),.UNSPECIFIED.);
#1615=B_SPLINE_CURVE_WITH_KNOTS('',3,(#8822,#8823,#8824,#8825),
 .UNSPECIFIED.,.F.,.F.,(4,4),(-0.10531335687822,0.),.UNSPECIFIED.);
#1616=B_SPLINE_CURVE_WITH_KNOTS('',3,(#8827,#8828,#8829,#8830),
 .UNSPECIFIED.,.F.,.F.,(4,4),(-0.195064214664316,0.),.UNSPECIFIED.);
#1617=B_SPLINE_CURVE_WITH_KNOTS('',3,(#8832,#8833,#8834,#8835),
 .UNSPECIFIED.,.F.,.F.,(4,4),(-0.176419551146603,0.),.UNSPECIFIED.);
#1618=B_SPLINE_CURVE_WITH_KNOTS('',3,(#8837,#8838,#8839,#8840),
 .UNSPECIFIED.,.F.,.F.,(4,4),(-0.21352696996358,0.),.UNSPECIFIED.);
#1619=B_SPLINE_CURVE_WITH_KNOTS('',3,(#8844,#8845,#8846,#8847),
 .UNSPECIFIED.,.F.,.F.,(4,4),(-0.203877909337362,0.),.UNSPECIFIED.);
#1620=B_SPLINE_CURVE_WITH_KNOTS('',3,(#8849,#8850,#8851,#8852),
 .UNSPECIFIED.,.F.,.F.,(4,4),(-0.203346810385046,0.),.UNSPECIFIED.);
#1621=B_SPLINE_CURVE_WITH_KNOTS('',3,(#8854,#8855,#8856,#8857),
 .UNSPECIFIED.,.F.,.F.,(4,4),(-0.125115325041932,0.),.UNSPECIFIED.);
#1622=B_SPLINE_CURVE_WITH_KNOTS('',3,(#8859,#8860,#8861,#8862),
 .UNSPECIFIED.,.F.,.F.,(4,4),(-0.124730528069096,0.),.UNSPECIFIED.);
#1623=B_SPLINE_CURVE_WITH_KNOTS('',3,(#8864,#8865,#8866,#8867),
 .UNSPECIFIED.,.F.,.F.,(4,4),(-0.333546320958935,0.),.UNSPECIFIED.);
#1624=B_SPLINE_CURVE_WITH_KNOTS('',3,(#8870,#8871,#8872,#8873),
 .UNSPECIFIED.,.F.,.F.,(4,4),(-0.020685920308832,0.),.UNSPECIFIED.);
#1625=B_SPLINE_CURVE_WITH_KNOTS('',3,(#8875,#8876,#8877,#8878),
 .UNSPECIFIED.,.F.,.F.,(4,4),(-0.136630976067152,0.),.UNSPECIFIED.);
#1626=B_SPLINE_CURVE_WITH_KNOTS('',3,(#8879,#8880,#8881,#8882),
 .UNSPECIFIED.,.F.,.F.,(4,4),(-0.0801227017775774,0.),.UNSPECIFIED.);
#1627=B_SPLINE_CURVE_WITH_KNOTS('',3,(#8887,#8888,#8889,#8890,#8891,#8892),
 .UNSPECIFIED.,.F.,.F.,(4,2,4),(-0.444070457447089,-0.296239934878632,0.),
 .UNSPECIFIED.);
#1628=B_SPLINE_CURVE_WITH_KNOTS('',3,(#8894,#8895,#8896,#8897),
 .UNSPECIFIED.,.F.,.F.,(4,4),(-0.185841058423887,0.),.UNSPECIFIED.);
#1629=B_SPLINE_CURVE_WITH_KNOTS('',3,(#8899,#8900,#8901,#8902),
 .UNSPECIFIED.,.F.,.F.,(4,4),(-0.0713385804925338,0.),.UNSPECIFIED.);
#1630=B_SPLINE_CURVE_WITH_KNOTS('',3,(#8904,#8905,#8906,#8907),
 .UNSPECIFIED.,.F.,.F.,(4,4),(-0.188088633597713,0.),.UNSPECIFIED.);
#1631=B_SPLINE_CURVE_WITH_KNOTS('',3,(#8909,#8910,#8911,#8912),
 .UNSPECIFIED.,.F.,.F.,(4,4),(-0.113258251122954,0.),.UNSPECIFIED.);
#1632=B_SPLINE_CURVE_WITH_KNOTS('',3,(#8914,#8915,#8916,#8917),
 .UNSPECIFIED.,.F.,.F.,(4,4),(-0.267097286280709,0.),.UNSPECIFIED.);
#1633=B_SPLINE_CURVE_WITH_KNOTS('',3,(#8918,#8919,#8920,#8921),
 .UNSPECIFIED.,.F.,.F.,(4,4),(-0.113421667996306,0.),.UNSPECIFIED.);
#1634=B_SPLINE_CURVE_WITH_KNOTS('',3,(#8928,#8929,#8930,#8931),
 .UNSPECIFIED.,.F.,.F.,(4,4),(-0.235994257512739,0.),.UNSPECIFIED.);
#1635=B_SPLINE_CURVE_WITH_KNOTS('',3,(#8933,#8934,#8935,#8936),
 .UNSPECIFIED.,.F.,.F.,(4,4),(-0.0366029404231739,0.),.UNSPECIFIED.);
#1636=B_SPLINE_CURVE_WITH_KNOTS('',3,(#8938,#8939,#8940,#8941),
 .UNSPECIFIED.,.F.,.F.,(4,4),(-0.0292357772580801,0.),.UNSPECIFIED.);
#1637=B_SPLINE_CURVE_WITH_KNOTS('',3,(#8943,#8944,#8945,#8946),
 .UNSPECIFIED.,.F.,.F.,(4,4),(-0.197185076094322,0.),.UNSPECIFIED.);
#1638=B_SPLINE_CURVE_WITH_KNOTS('',3,(#8947,#8948,#8949,#8950),
 .UNSPECIFIED.,.F.,.F.,(4,4),(-0.376878304496573,0.),.UNSPECIFIED.);
#1639=B_SPLINE_CURVE_WITH_KNOTS('',3,(#8953,#8954,#8955,#8956),
 .UNSPECIFIED.,.F.,.F.,(4,4),(-0.447021425479831,0.),.UNSPECIFIED.);
#1640=B_SPLINE_CURVE_WITH_KNOTS('',3,(#8958,#8959,#8960,#8961),
 .UNSPECIFIED.,.F.,.F.,(4,4),(-0.0910896552034511,0.),.UNSPECIFIED.);
#1641=B_SPLINE_CURVE_WITH_KNOTS('',3,(#8963,#8964,#8965,#8966),
 .UNSPECIFIED.,.F.,.F.,(4,4),(-0.23291252706118,0.),.UNSPECIFIED.);
#1642=B_SPLINE_CURVE_WITH_KNOTS('',3,(#8968,#8969,#8970,#8971),
 .UNSPECIFIED.,.F.,.F.,(4,4),(-0.306473295110584,0.),.UNSPECIFIED.);
#1643=B_SPLINE_CURVE_WITH_KNOTS('',3,(#8973,#8974,#8975,#8976),
 .UNSPECIFIED.,.F.,.F.,(4,4),(-0.207885078175727,0.),.UNSPECIFIED.);
#1644=B_SPLINE_CURVE_WITH_KNOTS('',3,(#8978,#8979,#8980,#8981),
 .UNSPECIFIED.,.F.,.F.,(4,4),(-0.729761308238758,0.),.UNSPECIFIED.);
#1645=B_SPLINE_CURVE_WITH_KNOTS('',3,(#8983,#8984,#8985,#8986),
 .UNSPECIFIED.,.F.,.F.,(4,4),(-0.236317126026379,0.),.UNSPECIFIED.);
#1646=B_SPLINE_CURVE_WITH_KNOTS('',3,(#8988,#8989,#8990,#8991),
 .UNSPECIFIED.,.F.,.F.,(4,4),(-0.349610066372274,0.),.UNSPECIFIED.);
#1647=B_SPLINE_CURVE_WITH_KNOTS('',3,(#8993,#8994,#8995,#8996),
 .UNSPECIFIED.,.F.,.F.,(4,4),(-0.0420480404769287,0.),.UNSPECIFIED.);
#1648=B_SPLINE_CURVE_WITH_KNOTS('',3,(#9002,#9003,#9004,#9005,#9006,#9007),
 .UNSPECIFIED.,.F.,.F.,(4,2,4),(0.,0.0570729297221652,0.114145859444324),
 .UNSPECIFIED.);
#1649=B_SPLINE_CURVE_WITH_KNOTS('',3,(#9013,#9014,#9015,#9016),
 .UNSPECIFIED.,.F.,.F.,(4,4),(-0.0462447686217052,0.),.UNSPECIFIED.);
#1650=B_SPLINE_CURVE_WITH_KNOTS('',3,(#9018,#9019,#9020,#9021,#9022,#9023,
#9024),.UNSPECIFIED.,.F.,.F.,(4,3,4),(0.,1.,1.16547777383875),
 .UNSPECIFIED.);
#1651=B_SPLINE_CURVE_WITH_KNOTS('',3,(#9028,#9029,#9030,#9031),
 .UNSPECIFIED.,.F.,.F.,(4,4),(-0.155947961792652,0.),.UNSPECIFIED.);
#1652=B_SPLINE_CURVE_WITH_KNOTS('',3,(#9033,#9034,#9035,#9036),
 .UNSPECIFIED.,.F.,.F.,(4,4),(-0.212691045133333,0.),.UNSPECIFIED.);
#1653=B_SPLINE_CURVE_WITH_KNOTS('',3,(#9038,#9039,#9040,#9041),
 .UNSPECIFIED.,.F.,.F.,(4,4),(-0.138468092095944,0.),.UNSPECIFIED.);
#1654=B_SPLINE_CURVE_WITH_KNOTS('',3,(#9042,#9043,#9044,#9045,#9046,#9047),
 .UNSPECIFIED.,.F.,.F.,(4,2,4),(-1.75825552357435,-0.82353196814231,-0.398723543879633),
 .UNSPECIFIED.);
#1655=B_SPLINE_CURVE_WITH_KNOTS('',3,(#9062,#9063,#9064,#9065,#9066,#9067),
 .UNSPECIFIED.,.F.,.F.,(4,2,4),(-0.114145859444325,-0.0570729297221637,
0.),.UNSPECIFIED.);
#1656=B_SPLINE_CURVE_WITH_KNOTS('',3,(#9071,#9072,#9073,#9074,#9075,#9076),
 .UNSPECIFIED.,.F.,.F.,(4,2,4),(-0.258197083164606,-0.177519101560228,0.),
 .UNSPECIFIED.);
#1657=B_SPLINE_CURVE_WITH_KNOTS('',3,(#9078,#9079,#9080,#9081),
 .UNSPECIFIED.,.F.,.F.,(4,4),(-0.138664304816397,0.),.UNSPECIFIED.);
#1658=B_SPLINE_CURVE_WITH_KNOTS('',3,(#9083,#9084,#9085,#9086),
 .UNSPECIFIED.,.F.,.F.,(4,4),(-0.212690434200025,0.),.UNSPECIFIED.);
#1659=B_SPLINE_CURVE_WITH_KNOTS('',3,(#9088,#9089,#9090,#9091),
 .UNSPECIFIED.,.F.,.F.,(4,4),(-0.155939553506789,0.),.UNSPECIFIED.);
#1660=B_SPLINE_CURVE_WITH_KNOTS('',3,(#9095,#9096,#9097,#9098),
 .UNSPECIFIED.,.F.,.F.,(4,4),(-0.0801358168999862,0.),.UNSPECIFIED.);
#1661=B_SPLINE_CURVE_WITH_KNOTS('',3,(#9100,#9101,#9102,#9103),
 .UNSPECIFIED.,.F.,.F.,(4,4),(-0.136364635450993,0.),.UNSPECIFIED.);
#1662=B_SPLINE_CURVE_WITH_KNOTS('',3,(#9105,#9106,#9107,#9108),
 .UNSPECIFIED.,.F.,.F.,(4,4),(0.,0.0206859203088035),.UNSPECIFIED.);
#1663=B_SPLINE_CURVE_WITH_KNOTS('',3,(#9111,#9112,#9113,#9114),
 .UNSPECIFIED.,.F.,.F.,(4,4),(-0.333605752451516,0.),.UNSPECIFIED.);
#1664=B_SPLINE_CURVE_WITH_KNOTS('',3,(#9116,#9117,#9118,#9119),
 .UNSPECIFIED.,.F.,.F.,(4,4),(-0.12467651388917,0.),.UNSPECIFIED.);
#1665=B_SPLINE_CURVE_WITH_KNOTS('',3,(#9121,#9122,#9123,#9124),
 .UNSPECIFIED.,.F.,.F.,(4,4),(0.,0.125115325041936),.UNSPECIFIED.);
#1666=B_SPLINE_CURVE_WITH_KNOTS('',3,(#9126,#9127,#9128,#9129),
 .UNSPECIFIED.,.F.,.F.,(4,4),(-0.203067175897936,0.),.UNSPECIFIED.);
#1667=B_SPLINE_CURVE_WITH_KNOTS('',3,(#9131,#9132,#9133,#9134),
 .UNSPECIFIED.,.F.,.F.,(4,4),(-0.204876547260748,0.),.UNSPECIFIED.);
#1668=B_SPLINE_CURVE_WITH_KNOTS('',3,(#9138,#9139,#9140,#9141),
 .UNSPECIFIED.,.F.,.F.,(4,4),(-0.213598570405853,0.),.UNSPECIFIED.);
#1669=B_SPLINE_CURVE_WITH_KNOTS('',3,(#9143,#9144,#9145,#9146),
 .UNSPECIFIED.,.F.,.F.,(4,4),(-0.176428919267162,0.),.UNSPECIFIED.);
#1670=B_SPLINE_CURVE_WITH_KNOTS('',3,(#9148,#9149,#9150,#9151),
 .UNSPECIFIED.,.F.,.F.,(4,4),(-0.196163414937727,0.),.UNSPECIFIED.);
#1671=B_SPLINE_CURVE_WITH_KNOTS('',3,(#9153,#9154,#9155,#9156),
 .UNSPECIFIED.,.F.,.F.,(4,4),(-0.0828843417264132,0.),.UNSPECIFIED.);
#1672=B_SPLINE_CURVE_WITH_KNOTS('',3,(#9158,#9159,#9160,#9161),
 .UNSPECIFIED.,.F.,.F.,(4,4),(0.,0.061845466767641),.UNSPECIFIED.);
#1673=B_SPLINE_CURVE_WITH_KNOTS('',3,(#9163,#9164,#9165,#9166),
 .UNSPECIFIED.,.F.,.F.,(4,4),(-0.0448702312552932,0.),.UNSPECIFIED.);
#1674=B_SPLINE_CURVE_WITH_KNOTS('',3,(#9168,#9169,#9170,#9171),
 .UNSPECIFIED.,.F.,.F.,(4,4),(-0.136350188385744,0.),.UNSPECIFIED.);
#1675=B_SPLINE_CURVE_WITH_KNOTS('',3,(#9173,#9174,#9175,#9176),
 .UNSPECIFIED.,.F.,.F.,(4,4),(-0.27921317900535,0.),.UNSPECIFIED.);
#1676=B_SPLINE_CURVE_WITH_KNOTS('',3,(#9178,#9179,#9180,#9181),
 .UNSPECIFIED.,.F.,.F.,(4,4),(-0.147112385123163,0.),.UNSPECIFIED.);
#1677=B_SPLINE_CURVE_WITH_KNOTS('',3,(#9183,#9184,#9185,#9186),
 .UNSPECIFIED.,.F.,.F.,(4,4),(-0.0742870803137856,0.),.UNSPECIFIED.);
#1678=B_SPLINE_CURVE_WITH_KNOTS('',3,(#9188,#9189,#9190,#9191),
 .UNSPECIFIED.,.F.,.F.,(4,4),(-0.451004313908633,0.),.UNSPECIFIED.);
#1679=B_SPLINE_CURVE_WITH_KNOTS('',3,(#9193,#9194,#9195,#9196),
 .UNSPECIFIED.,.F.,.F.,(4,4),(-0.361830189152193,0.),.UNSPECIFIED.);
#1680=B_SPLINE_CURVE_WITH_KNOTS('',3,(#9198,#9199,#9200,#9201),
 .UNSPECIFIED.,.F.,.F.,(4,4),(-0.251205387773955,0.),.UNSPECIFIED.);
#1681=B_SPLINE_CURVE_WITH_KNOTS('',3,(#9205,#9206,#9207,#9208),
 .UNSPECIFIED.,.F.,.F.,(4,4),(-0.16266671889943,0.),.UNSPECIFIED.);
#1682=B_SPLINE_CURVE_WITH_KNOTS('',3,(#9210,#9211,#9212,#9213),
 .UNSPECIFIED.,.F.,.F.,(4,4),(-0.441665599405762,-0.318103160410779),
 .UNSPECIFIED.);
#1683=B_SPLINE_CURVE_WITH_KNOTS('',3,(#9215,#9216,#9217,#9218),
 .UNSPECIFIED.,.F.,.F.,(4,4),(0.,0.0956507223459721),.UNSPECIFIED.);
#1684=B_SPLINE_CURVE_WITH_KNOTS('',3,(#9220,#9221,#9222,#9223,#9224,#9225,
#9226,#9227,#9228,#9229),.UNSPECIFIED.,.F.,.F.,(4,3,3,4),(-1.08888199276078,
-1.,0.,0.36263893827598),.UNSPECIFIED.);
#1685=B_SPLINE_CURVE_WITH_KNOTS('',3,(#9233,#9234,#9235,#9236),
 .UNSPECIFIED.,.F.,.F.,(4,4),(-0.208758776294896,0.),.UNSPECIFIED.);
#1686=B_SPLINE_CURVE_WITH_KNOTS('',3,(#9240,#9241,#9242,#9243,#9244,#9245),
 .UNSPECIFIED.,.F.,.F.,(4,2,4),(-0.212707621607759,-0.100255243789391,-0.00526677821389743),
 .UNSPECIFIED.);
#1687=B_SPLINE_CURVE_WITH_KNOTS('',3,(#9247,#9248,#9249,#9250,#9251,#9252,
#9253,#9254,#9255,#9256),.UNSPECIFIED.,.F.,.F.,(4,2,2,2,4),(-0.343244339022107,
-0.129020709467736,-0.0392649992859598,-0.00780796339207574,-0.0041189819156759),
 .UNSPECIFIED.);
#1688=B_SPLINE_CURVE_WITH_KNOTS('',3,(#9258,#9259,#9260,#9261,#9262,#9263,
#9264,#9265,#9266,#9267),.UNSPECIFIED.,.F.,.F.,(4,3,3,4),(-1.00004417336137,
-1.,0.,0.537368802517698),.UNSPECIFIED.);
#1689=B_SPLINE_CURVE_WITH_KNOTS('',3,(#9269,#9270,#9271,#9272),
 .UNSPECIFIED.,.F.,.F.,(4,4),(9.99998111937522E-7,0.323464158978283),
 .UNSPECIFIED.);
#1690=B_SPLINE_CURVE_WITH_KNOTS('',3,(#9274,#9275,#9276,#9277),
 .UNSPECIFIED.,.F.,.F.,(4,4),(-0.0813574700509166,0.),.UNSPECIFIED.);
#1691=B_SPLINE_CURVE_WITH_KNOTS('',3,(#9279,#9280,#9281,#9282),
 .UNSPECIFIED.,.F.,.F.,(4,4),(-0.0415590121925607,0.),.UNSPECIFIED.);
#1692=B_SPLINE_CURVE_WITH_KNOTS('',3,(#9288,#9289,#9290,#9291),
 .UNSPECIFIED.,.F.,.F.,(4,4),(-0.258669072668215,0.),.UNSPECIFIED.);
#1693=B_SPLINE_CURVE_WITH_KNOTS('',3,(#9293,#9294,#9295,#9296),
 .UNSPECIFIED.,.F.,.F.,(4,4),(-0.347928550134045,0.),.UNSPECIFIED.);
#1694=B_SPLINE_CURVE_WITH_KNOTS('',3,(#9298,#9299,#9300,#9301),
 .UNSPECIFIED.,.F.,.F.,(4,4),(-0.159013840605792,0.),.UNSPECIFIED.);
#1695=B_SPLINE_CURVE_WITH_KNOTS('',3,(#9307,#9308,#9309,#9310),
 .UNSPECIFIED.,.F.,.F.,(4,4),(-0.0419765722205801,0.),.UNSPECIFIED.);
#1696=B_SPLINE_CURVE_WITH_KNOTS('',3,(#9312,#9313,#9314,#9315),
 .UNSPECIFIED.,.F.,.F.,(4,4),(-0.192530478596689,0.),.UNSPECIFIED.);
#1697=B_SPLINE_CURVE_WITH_KNOTS('',3,(#9317,#9318,#9319,#9320),
 .UNSPECIFIED.,.F.,.F.,(4,4),(-0.178508253256299,0.),.UNSPECIFIED.);
#1698=B_SPLINE_CURVE_WITH_KNOTS('',3,(#9322,#9323,#9324,#9325),
 .UNSPECIFIED.,.F.,.F.,(4,4),(-0.729773756020257,0.),.UNSPECIFIED.);
#1699=B_SPLINE_CURVE_WITH_KNOTS('',3,(#9327,#9328,#9329,#9330),
 .UNSPECIFIED.,.F.,.F.,(4,4),(0.,0.207885078175731),.UNSPECIFIED.);
#1700=B_SPLINE_CURVE_WITH_KNOTS('',3,(#9332,#9333,#9334,#9335),
 .UNSPECIFIED.,.F.,.F.,(4,4),(-0.31041552523893,0.),.UNSPECIFIED.);
#1701=B_SPLINE_CURVE_WITH_KNOTS('',3,(#9337,#9338,#9339,#9340),
 .UNSPECIFIED.,.F.,.F.,(4,4),(-0.210811815215113,0.),.UNSPECIFIED.);
#1702=B_SPLINE_CURVE_WITH_KNOTS('',3,(#9342,#9343,#9344,#9345),
 .UNSPECIFIED.,.F.,.F.,(4,4),(-0.0915272190685117,0.),.UNSPECIFIED.);
#1703=B_SPLINE_CURVE_WITH_KNOTS('',3,(#9347,#9348,#9349,#9350),
 .UNSPECIFIED.,.F.,.F.,(4,4),(-0.441581486527712,0.),.UNSPECIFIED.);
#1704=B_SPLINE_CURVE_WITH_KNOTS('',3,(#9354,#9355,#9356,#9357),
 .UNSPECIFIED.,.F.,.F.,(4,4),(0.,0.376878304496582),.UNSPECIFIED.);
#1705=B_SPLINE_CURVE_WITH_KNOTS('',3,(#9359,#9360,#9361,#9362),
 .UNSPECIFIED.,.F.,.F.,(4,4),(-0.194983023944011,0.),.UNSPECIFIED.);
#1706=B_SPLINE_CURVE_WITH_KNOTS('',3,(#9364,#9365,#9366,#9367),
 .UNSPECIFIED.,.F.,.F.,(4,4),(-0.0291475986284045,0.),.UNSPECIFIED.);
#1707=B_SPLINE_CURVE_WITH_KNOTS('',3,(#9369,#9370,#9371,#9372),
 .UNSPECIFIED.,.F.,.F.,(4,4),(-0.0364769296148107,0.),.UNSPECIFIED.);
#1708=B_SPLINE_CURVE_WITH_KNOTS('',3,(#9374,#9375,#9376,#9377),
 .UNSPECIFIED.,.F.,.F.,(4,4),(-0.226951930057197,0.),.UNSPECIFIED.);
#1709=B_SPLINE_CURVE_WITH_KNOTS('',3,(#9383,#9384,#9385,#9386),
 .UNSPECIFIED.,.F.,.F.,(4,4),(-0.113020046932758,-1.38777878078145E-17),
 .UNSPECIFIED.);
#1710=B_SPLINE_CURVE_WITH_KNOTS('',3,(#9388,#9389,#9390,#9391),
 .UNSPECIFIED.,.F.,.F.,(4,4),(-0.267076278766007,0.),.UNSPECIFIED.);
#1711=B_SPLINE_CURVE_WITH_KNOTS('',3,(#9393,#9394,#9395,#9396),
 .UNSPECIFIED.,.F.,.F.,(4,4),(-0.108583366160733,0.),.UNSPECIFIED.);
#1712=B_SPLINE_CURVE_WITH_KNOTS('',3,(#9398,#9399,#9400,#9401),
 .UNSPECIFIED.,.F.,.F.,(4,4),(-0.189050028805868,0.),.UNSPECIFIED.);
#1713=B_SPLINE_CURVE_WITH_KNOTS('',3,(#9403,#9404,#9405,#9406),
 .UNSPECIFIED.,.F.,.F.,(4,4),(-0.077130115654193,0.),.UNSPECIFIED.);
#1714=B_SPLINE_CURVE_WITH_KNOTS('',3,(#9408,#9409,#9410,#9411),
 .UNSPECIFIED.,.F.,.F.,(4,4),(-0.120994579946397,0.),.UNSPECIFIED.);
#1715=B_SPLINE_CURVE_WITH_KNOTS('',3,(#9413,#9414,#9415,#9416,#9417,#9418),
 .UNSPECIFIED.,.F.,.F.,(4,2,4),(-1.02808357918742,-0.803850344383401,-0.691952816820565),
 .UNSPECIFIED.);
#1716=B_SPLINE_CURVE_WITH_KNOTS('',3,(#9422,#9423,#9424,#9425,#9426,#9427,
#9428),.UNSPECIFIED.,.F.,.F.,(4,3,4),(-1.16547777385438,-1.,0.),
 .UNSPECIFIED.);
#1717=B_SPLINE_CURVE_WITH_KNOTS('',3,(#9430,#9431,#9432,#9433),
 .UNSPECIFIED.,.F.,.F.,(4,4),(-0.0462585014581358,-2.39855730416183E-9),
 .UNSPECIFIED.);
#1718=B_SPLINE_CURVE_WITH_KNOTS('',3,(#9439,#9440,#9441,#9442,#9443,#9444),
 .UNSPECIFIED.,.F.,.F.,(4,2,4),(-0.322998425886463,-0.190466995332724,0.),
 .UNSPECIFIED.);
#1719=B_SPLINE_CURVE_WITH_KNOTS('',3,(#9446,#9447,#9448,#9449),
 .UNSPECIFIED.,.F.,.F.,(4,4),(-0.377655164737261,0.),.UNSPECIFIED.);
#1720=B_SPLINE_CURVE_WITH_KNOTS('',3,(#9451,#9452,#9453,#9454),
 .UNSPECIFIED.,.F.,.F.,(4,4),(-0.259038862804992,0.),.UNSPECIFIED.);
#1721=B_SPLINE_CURVE_WITH_KNOTS('',3,(#9456,#9457,#9458,#9459),
 .UNSPECIFIED.,.F.,.F.,(4,4),(-0.365311057478199,0.),.UNSPECIFIED.);
#1722=B_SPLINE_CURVE_WITH_KNOTS('',3,(#9461,#9462,#9463,#9464),
 .UNSPECIFIED.,.F.,.F.,(4,4),(-0.294455134879996,0.),.UNSPECIFIED.);
#1723=B_SPLINE_CURVE_WITH_KNOTS('',3,(#9466,#9467,#9468,#9469),
 .UNSPECIFIED.,.F.,.F.,(4,4),(-0.294575207913343,0.),.UNSPECIFIED.);
#1724=B_SPLINE_CURVE_WITH_KNOTS('',3,(#9473,#9474,#9475,#9476),
 .UNSPECIFIED.,.F.,.F.,(4,4),(-0.055952894491075,0.),.UNSPECIFIED.);
#1725=B_SPLINE_CURVE_WITH_KNOTS('',3,(#9478,#9479,#9480,#9481),
 .UNSPECIFIED.,.F.,.F.,(4,4),(-0.285755838655607,0.),.UNSPECIFIED.);
#1726=B_SPLINE_CURVE_WITH_KNOTS('',3,(#9483,#9484,#9485,#9486),
 .UNSPECIFIED.,.F.,.F.,(4,4),(-0.0894781659832087,0.),.UNSPECIFIED.);
#1727=B_SPLINE_CURVE_WITH_KNOTS('',3,(#9488,#9489,#9490,#9491),
 .UNSPECIFIED.,.F.,.F.,(4,4),(-0.0894464112192073,0.),.UNSPECIFIED.);
#1728=B_SPLINE_CURVE_WITH_KNOTS('',3,(#9493,#9494,#9495,#9496),
 .UNSPECIFIED.,.F.,.F.,(4,4),(-0.124236736374583,0.),.UNSPECIFIED.);
#1729=B_SPLINE_CURVE_WITH_KNOTS('',3,(#9500,#9501,#9502,#9503),
 .UNSPECIFIED.,.F.,.F.,(4,4),(-0.117633785343083,0.),.UNSPECIFIED.);
#1730=B_SPLINE_CURVE_WITH_KNOTS('',3,(#9505,#9506,#9507,#9508),
 .UNSPECIFIED.,.F.,.F.,(4,4),(-0.258212908881506,0.),.UNSPECIFIED.);
#1731=B_SPLINE_CURVE_WITH_KNOTS('',3,(#9510,#9511,#9512,#9513),
 .UNSPECIFIED.,.F.,.F.,(4,4),(-0.138245863207848,0.),.UNSPECIFIED.);
#1732=B_SPLINE_CURVE_WITH_KNOTS('',3,(#9515,#9516,#9517,#9518),
 .UNSPECIFIED.,.F.,.F.,(4,4),(-0.210890555571786,0.),.UNSPECIFIED.);
#1733=B_SPLINE_CURVE_WITH_KNOTS('',3,(#9522,#9523,#9524,#9525),
 .UNSPECIFIED.,.F.,.F.,(4,4),(-0.13587009730679,0.),.UNSPECIFIED.);
#1734=B_SPLINE_CURVE_WITH_KNOTS('',3,(#9527,#9528,#9529,#9530),
 .UNSPECIFIED.,.F.,.F.,(4,4),(-0.336201610385149,0.),.UNSPECIFIED.);
#1735=B_SPLINE_CURVE_WITH_KNOTS('',3,(#9534,#9535,#9536,#9537),
 .UNSPECIFIED.,.F.,.F.,(4,4),(0.,0.221476067427633),.UNSPECIFIED.);
#1736=B_SPLINE_CURVE_WITH_KNOTS('',3,(#9539,#9540,#9541,#9542),
 .UNSPECIFIED.,.F.,.F.,(4,4),(-0.137065412772635,0.),.UNSPECIFIED.);
#1737=B_SPLINE_CURVE_WITH_KNOTS('',3,(#9545,#9546,#9547,#9548,#9549,#9550),
 .UNSPECIFIED.,.F.,.F.,(4,2,4),(1.00000000111122E-6,0.0223362886268461,
0.0446715246670932),.UNSPECIFIED.);
#1738=B_SPLINE_CURVE_WITH_KNOTS('',3,(#9553,#9554,#9555,#9556),
 .UNSPECIFIED.,.F.,.F.,(4,4),(-0.295677040139049,0.),.UNSPECIFIED.);
#1739=B_SPLINE_CURVE_WITH_KNOTS('',3,(#9560,#9561,#9562,#9563,#9564,#9565,
#9566,#9567,#9568,#9569),.UNSPECIFIED.,.F.,.F.,(4,3,3,4),(-1.36485577574907,
-1.,0.,0.00727320780242801),.UNSPECIFIED.);
#1740=B_SPLINE_CURVE_WITH_KNOTS('',3,(#9572,#9573,#9574,#9575,#9576,#9577,
#9578,#9579,#9580,#9581,#9582,#9583,#9584),.UNSPECIFIED.,.F.,.F.,(4,3,3,
3,4),(-1.03487146751996,-1.,0.,0.496000281105063,0.5716480066645),
 .UNSPECIFIED.);
#1741=B_SPLINE_CURVE_WITH_KNOTS('',3,(#9589,#9590,#9591,#9592,#9593,#9594),
 .UNSPECIFIED.,.F.,.F.,(4,2,4),(-0.0911611631617205,-0.0626476505465999,
-1.38777878078145E-17),.UNSPECIFIED.);
#1742=B_SPLINE_CURVE_WITH_KNOTS('',3,(#9596,#9597,#9598,#9599),
 .UNSPECIFIED.,.F.,.F.,(4,4),(0.,0.197776785535058),.UNSPECIFIED.);
#1743=B_SPLINE_CURVE_WITH_KNOTS('',3,(#9600,#9601,#9602,#9603,#9604,#9605),
 .UNSPECIFIED.,.F.,.F.,(4,2,4),(-0.545289603260295,-0.334195911474509,-0.253585877084143),
 .UNSPECIFIED.);
#1744=B_SPLINE_CURVE_WITH_KNOTS('',3,(#9608,#9609,#9610,#9611,#9612,#9613,
#9614,#9615,#9616,#9617),.UNSPECIFIED.,.F.,.F.,(4,3,3,4),(-1.54035584508834,
-1.,0.,0.027043218276588),.UNSPECIFIED.);
#1745=B_SPLINE_CURVE_WITH_KNOTS('',3,(#9621,#9622,#9623,#9624),
 .UNSPECIFIED.,.F.,.F.,(4,4),(-0.0304095187829582,0.),.UNSPECIFIED.);
#1746=B_SPLINE_CURVE_WITH_KNOTS('',3,(#9626,#9627,#9628,#9629),
 .UNSPECIFIED.,.F.,.F.,(4,4),(-0.121381725001282,0.),.UNSPECIFIED.);
#1747=B_SPLINE_CURVE_WITH_KNOTS('',3,(#9631,#9632,#9633,#9634),
 .UNSPECIFIED.,.F.,.F.,(4,4),(-0.0879309420050464,0.),.UNSPECIFIED.);
#1748=B_SPLINE_CURVE_WITH_KNOTS('',3,(#9636,#9637,#9638,#9639),
 .UNSPECIFIED.,.F.,.F.,(4,4),(-0.214108854443119,0.),.UNSPECIFIED.);
#1749=B_SPLINE_CURVE_WITH_KNOTS('',3,(#9640,#9641,#9642,#9643),
 .UNSPECIFIED.,.F.,.F.,(4,4),(-0.613279114128932,-0.314465384708737),
 .UNSPECIFIED.);
#1750=B_SPLINE_CURVE_WITH_KNOTS('',3,(#9681,#9682,#9683,#9684,#9685,#9686),
 .UNSPECIFIED.,.F.,.F.,(4,2,4),(0.000321874806576093,0.0553218748069932,
0.110321874807413),.UNSPECIFIED.);
#1751=VERTEX_POINT('',#5906);
#1752=VERTEX_POINT('',#5907);
#1753=VERTEX_POINT('',#5918);
#1754=VERTEX_POINT('',#5920);
#1755=VERTEX_POINT('',#5940);
#1756=VERTEX_POINT('',#5945);
#1757=VERTEX_POINT('',#5956);
#1758=VERTEX_POINT('',#5961);
#1759=VERTEX_POINT('',#5975);
#1760=VERTEX_POINT('',#5976);
#1761=VERTEX_POINT('',#5981);
#1762=VERTEX_POINT('',#5983);
#1763=VERTEX_POINT('',#5997);
#1764=VERTEX_POINT('',#6002);
#1765=VERTEX_POINT('',#6016);
#1766=VERTEX_POINT('',#6021);
#1767=VERTEX_POINT('',#6035);
#1768=VERTEX_POINT('',#6040);
#1769=VERTEX_POINT('',#6054);
#1770=VERTEX_POINT('',#6059);
#1771=VERTEX_POINT('',#6073);
#1772=VERTEX_POINT('',#6078);
#1773=VERTEX_POINT('',#6092);
#1774=VERTEX_POINT('',#6097);
#1775=VERTEX_POINT('',#6111);
#1776=VERTEX_POINT('',#6116);
#1777=VERTEX_POINT('',#6130);
#1778=VERTEX_POINT('',#6131);
#1779=VERTEX_POINT('',#6136);
#1780=VERTEX_POINT('',#6138);
#1781=VERTEX_POINT('',#6149);
#1782=VERTEX_POINT('',#6154);
#1783=VERTEX_POINT('',#6168);
#1784=VERTEX_POINT('',#6173);
#1785=VERTEX_POINT('',#6187);
#1786=VERTEX_POINT('',#6192);
#1787=VERTEX_POINT('',#6206);
#1788=VERTEX_POINT('',#6207);
#1789=VERTEX_POINT('',#6214);
#1790=VERTEX_POINT('',#6216);
#1791=VERTEX_POINT('',#6238);
#1792=VERTEX_POINT('',#6246);
#1793=VERTEX_POINT('',#6262);
#1794=VERTEX_POINT('',#6267);
#1795=VERTEX_POINT('',#6281);
#1796=VERTEX_POINT('',#6286);
#1797=VERTEX_POINT('',#6300);
#1798=VERTEX_POINT('',#6305);
#1799=VERTEX_POINT('',#6319);
#1800=VERTEX_POINT('',#6320);
#1801=VERTEX_POINT('',#6325);
#1802=VERTEX_POINT('',#6327);
#1803=VERTEX_POINT('',#6341);
#1804=VERTEX_POINT('',#6346);
#1805=VERTEX_POINT('',#6360);
#1806=VERTEX_POINT('',#6365);
#1807=VERTEX_POINT('',#6385);
#1808=VERTEX_POINT('',#6393);
#1809=VERTEX_POINT('',#6409);
#1810=VERTEX_POINT('',#6410);
#1811=VERTEX_POINT('',#6415);
#1812=VERTEX_POINT('',#6417);
#1813=VERTEX_POINT('',#6431);
#1814=VERTEX_POINT('',#6436);
#1815=VERTEX_POINT('',#6450);
#1816=VERTEX_POINT('',#6457);
#1817=VERTEX_POINT('',#6468);
#1818=VERTEX_POINT('',#6469);
#1819=VERTEX_POINT('',#6474);
#1820=VERTEX_POINT('',#6476);
#1821=VERTEX_POINT('',#6490);
#1822=VERTEX_POINT('',#6495);
#1823=VERTEX_POINT('',#6509);
#1824=VERTEX_POINT('',#6514);
#1825=VERTEX_POINT('',#6528);
#1826=VERTEX_POINT('',#6533);
#1827=VERTEX_POINT('',#6547);
#1828=VERTEX_POINT('',#6552);
#1829=VERTEX_POINT('',#6566);
#1830=VERTEX_POINT('',#6567);
#1831=VERTEX_POINT('',#6572);
#1832=VERTEX_POINT('',#6574);
#1833=VERTEX_POINT('',#6588);
#1834=VERTEX_POINT('',#6593);
#1835=VERTEX_POINT('',#6616);
#1836=VERTEX_POINT('',#6617);
#1837=VERTEX_POINT('',#6625);
#1838=VERTEX_POINT('',#6632);
#1839=VERTEX_POINT('',#6678);
#1840=VERTEX_POINT('',#6695);
#1841=VERTEX_POINT('',#6727);
#1842=VERTEX_POINT('',#6738);
#1843=VERTEX_POINT('',#6758);
#1844=VERTEX_POINT('',#6759);
#1845=VERTEX_POINT('',#6764);
#1846=VERTEX_POINT('',#6766);
#1847=VERTEX_POINT('',#6777);
#1848=VERTEX_POINT('',#6782);
#1849=VERTEX_POINT('',#6796);
#1850=VERTEX_POINT('',#6801);
#1851=VERTEX_POINT('',#6815);
#1852=VERTEX_POINT('',#6820);
#1853=VERTEX_POINT('',#6834);
#1854=VERTEX_POINT('',#6839);
#1855=VERTEX_POINT('',#6853);
#1856=VERTEX_POINT('',#6858);
#1857=VERTEX_POINT('',#6869);
#1858=VERTEX_POINT('',#6874);
#1859=VERTEX_POINT('',#6888);
#1860=VERTEX_POINT('',#6893);
#1861=VERTEX_POINT('',#6907);
#1862=VERTEX_POINT('',#6912);
#1863=VERTEX_POINT('',#6923);
#1864=VERTEX_POINT('',#6928);
#1865=VERTEX_POINT('',#6942);
#1866=VERTEX_POINT('',#6947);
#1867=VERTEX_POINT('',#6961);
#1868=VERTEX_POINT('',#6968);
#1869=VERTEX_POINT('',#6979);
#1870=VERTEX_POINT('',#6980);
#1871=VERTEX_POINT('',#6985);
#1872=VERTEX_POINT('',#6987);
#1873=VERTEX_POINT('',#7001);
#1874=VERTEX_POINT('',#7006);
#1875=VERTEX_POINT('',#7020);
#1876=VERTEX_POINT('',#7025);
#1877=VERTEX_POINT('',#7057);
#1878=VERTEX_POINT('',#7058);
#1879=VERTEX_POINT('',#7069);
#1880=VERTEX_POINT('',#7071);
#1881=VERTEX_POINT('',#7094);
#1882=VERTEX_POINT('',#7099);
#1883=VERTEX_POINT('',#7119);
#1884=VERTEX_POINT('',#7120);
#1885=VERTEX_POINT('',#7128);
#1886=VERTEX_POINT('',#7130);
#1887=VERTEX_POINT('',#7146);
#1888=VERTEX_POINT('',#7151);
#1889=VERTEX_POINT('',#7155);
#1890=VERTEX_POINT('',#7157);
#1891=VERTEX_POINT('',#7161);
#1892=VERTEX_POINT('',#7165);
#1893=VERTEX_POINT('',#7168);
#1894=VERTEX_POINT('',#7170);
#1895=VERTEX_POINT('',#7172);
#1896=VERTEX_POINT('',#7177);
#1897=VERTEX_POINT('',#7186);
#1898=VERTEX_POINT('',#7191);
#1899=VERTEX_POINT('',#7196);
#1900=VERTEX_POINT('',#7202);
#1901=VERTEX_POINT('',#7207);
#1902=VERTEX_POINT('',#7212);
#1903=VERTEX_POINT('',#7218);
#1904=VERTEX_POINT('',#7223);
#1905=VERTEX_POINT('',#7228);
#1906=VERTEX_POINT('',#7233);
#1907=VERTEX_POINT('',#7239);
#1908=VERTEX_POINT('',#7244);
#1909=VERTEX_POINT('',#7249);
#1910=VERTEX_POINT('',#7251);
#1911=VERTEX_POINT('',#7253);
#1912=VERTEX_POINT('',#7258);
#1913=VERTEX_POINT('',#7268);
#1914=VERTEX_POINT('',#7273);
#1915=VERTEX_POINT('',#7278);
#1916=VERTEX_POINT('',#7284);
#1917=VERTEX_POINT('',#7289);
#1918=VERTEX_POINT('',#7294);
#1919=VERTEX_POINT('',#7296);
#1920=VERTEX_POINT('',#7301);
#1921=VERTEX_POINT('',#7306);
#1922=VERTEX_POINT('',#7311);
#1923=VERTEX_POINT('',#7324);
#1924=VERTEX_POINT('',#7329);
#1925=VERTEX_POINT('',#7335);
#1926=VERTEX_POINT('',#7336);
#1927=VERTEX_POINT('',#7349);
#1928=VERTEX_POINT('',#7354);
#1929=VERTEX_POINT('',#7359);
#1930=VERTEX_POINT('',#7364);
#1931=VERTEX_POINT('',#7369);
#1932=VERTEX_POINT('',#7374);
#1933=VERTEX_POINT('',#7376);
#1934=VERTEX_POINT('',#7381);
#1935=VERTEX_POINT('',#7386);
#1936=VERTEX_POINT('',#7391);
#1937=VERTEX_POINT('',#7400);
#1938=VERTEX_POINT('',#7402);
#1939=VERTEX_POINT('',#7414);
#1940=VERTEX_POINT('',#7425);
#1941=VERTEX_POINT('',#7436);
#1942=VERTEX_POINT('',#7441);
#1943=VERTEX_POINT('',#7448);
#1944=VERTEX_POINT('',#7452);
#1945=VERTEX_POINT('',#7455);
#1946=VERTEX_POINT('',#7457);
#1947=VERTEX_POINT('',#7461);
#1948=VERTEX_POINT('',#7464);
#1949=VERTEX_POINT('',#7467);
#1950=VERTEX_POINT('',#7470);
#1951=VERTEX_POINT('',#7488);
#1952=VERTEX_POINT('',#7508);
#1953=VERTEX_POINT('',#7530);
#1954=VERTEX_POINT('',#7565);
#1955=VERTEX_POINT('',#7591);
#1956=VERTEX_POINT('',#7607);
#1957=VERTEX_POINT('',#7621);
#1958=VERTEX_POINT('',#7665);
#1959=VERTEX_POINT('',#7709);
#1960=VERTEX_POINT('',#7735);
#1961=VERTEX_POINT('',#7761);
#1962=VERTEX_POINT('',#7775);
#1963=VERTEX_POINT('',#7782);
#1964=VERTEX_POINT('',#7793);
#1965=VERTEX_POINT('',#7807);
#1966=VERTEX_POINT('',#7821);
#1967=VERTEX_POINT('',#7835);
#1968=VERTEX_POINT('',#7874);
#1969=VERTEX_POINT('',#7900);
#1970=VERTEX_POINT('',#7914);
#1971=VERTEX_POINT('',#7949);
#1972=VERTEX_POINT('',#7963);
#1973=VERTEX_POINT('',#7989);
#1974=VERTEX_POINT('',#8003);
#1975=VERTEX_POINT('',#8029);
#1976=VERTEX_POINT('',#8041);
#1977=VERTEX_POINT('',#8053);
#1978=VERTEX_POINT('',#8079);
#1979=VERTEX_POINT('',#8093);
#1980=VERTEX_POINT('',#8100);
#1981=VERTEX_POINT('',#8111);
#1982=VERTEX_POINT('',#8125);
#1983=VERTEX_POINT('',#8151);
#1984=VERTEX_POINT('',#8165);
#1985=VERTEX_POINT('',#8179);
#1986=VERTEX_POINT('',#8193);
#1987=VERTEX_POINT('',#8207);
#1988=VERTEX_POINT('',#8221);
#1989=VERTEX_POINT('',#8235);
#1990=VERTEX_POINT('',#8249);
#1991=VERTEX_POINT('',#8263);
#1992=VERTEX_POINT('',#8277);
#1993=VERTEX_POINT('',#8309);
#1994=VERTEX_POINT('',#8345);
#1995=VERTEX_POINT('',#8346);
#1996=VERTEX_POINT('',#8349);
#1997=VERTEX_POINT('',#8353);
#1998=VERTEX_POINT('',#8356);
#1999=VERTEX_POINT('',#8360);
#2000=VERTEX_POINT('',#8361);
#2001=VERTEX_POINT('',#8364);
#2002=VERTEX_POINT('',#8368);
#2003=VERTEX_POINT('',#8371);
#2004=VERTEX_POINT('',#8375);
#2005=VERTEX_POINT('',#8379);
#2006=VERTEX_POINT('',#8383);
#2007=VERTEX_POINT('',#8384);
#2008=VERTEX_POINT('',#8386);
#2009=VERTEX_POINT('',#8388);
#2010=VERTEX_POINT('',#8392);
#2011=VERTEX_POINT('',#8394);
#2012=VERTEX_POINT('',#8398);
#2013=VERTEX_POINT('',#8400);
#2014=VERTEX_POINT('',#8408);
#2015=VERTEX_POINT('',#8409);
#2016=VERTEX_POINT('',#8411);
#2017=VERTEX_POINT('',#8413);
#2018=VERTEX_POINT('',#8415);
#2019=VERTEX_POINT('',#8417);
#2020=VERTEX_POINT('',#8421);
#2021=VERTEX_POINT('',#8422);
#2022=VERTEX_POINT('',#8424);
#2023=VERTEX_POINT('',#8426);
#2024=VERTEX_POINT('',#8428);
#2025=VERTEX_POINT('',#8430);
#2026=VERTEX_POINT('',#8447);
#2027=VERTEX_POINT('',#8449);
#2028=VERTEX_POINT('',#8453);
#2029=VERTEX_POINT('',#8457);
#2030=VERTEX_POINT('',#8458);
#2031=VERTEX_POINT('',#8465);
#2032=VERTEX_POINT('',#8467);
#2033=VERTEX_POINT('',#8472);
#2034=VERTEX_POINT('',#8477);
#2035=VERTEX_POINT('',#8479);
#2036=VERTEX_POINT('',#8484);
#2037=VERTEX_POINT('',#8489);
#2038=VERTEX_POINT('',#8491);
#2039=VERTEX_POINT('',#8496);
#2040=VERTEX_POINT('',#8501);
#2041=VERTEX_POINT('',#8506);
#2042=VERTEX_POINT('',#8511);
#2043=VERTEX_POINT('',#8513);
#2044=VERTEX_POINT('',#8518);
#2045=VERTEX_POINT('',#8523);
#2046=VERTEX_POINT('',#8528);
#2047=VERTEX_POINT('',#8533);
#2048=VERTEX_POINT('',#8538);
#2049=VERTEX_POINT('',#8540);
#2050=VERTEX_POINT('',#8545);
#2051=VERTEX_POINT('',#8550);
#2052=VERTEX_POINT('',#8555);
#2053=VERTEX_POINT('',#8560);
#2054=VERTEX_POINT('',#8571);
#2055=VERTEX_POINT('',#8572);
#2056=VERTEX_POINT('',#8577);
#2057=VERTEX_POINT('',#8582);
#2058=VERTEX_POINT('',#8587);
#2059=VERTEX_POINT('',#8592);
#2060=VERTEX_POINT('',#8597);
#2061=VERTEX_POINT('',#8609);
#2062=VERTEX_POINT('',#8610);
#2063=VERTEX_POINT('',#8617);
#2064=VERTEX_POINT('',#8622);
#2065=VERTEX_POINT('',#8630);
#2066=VERTEX_POINT('',#8631);
#2067=VERTEX_POINT('',#8645);
#2068=VERTEX_POINT('',#8647);
#2069=VERTEX_POINT('',#8658);
#2070=VERTEX_POINT('',#8664);
#2071=VERTEX_POINT('',#8665);
#2072=VERTEX_POINT('',#8667);
#2073=VERTEX_POINT('',#8669);
#2074=VERTEX_POINT('',#8674);
#2075=VERTEX_POINT('',#8679);
#2076=VERTEX_POINT('',#8684);
#2077=VERTEX_POINT('',#8686);
#2078=VERTEX_POINT('',#8688);
#2079=VERTEX_POINT('',#8693);
#2080=VERTEX_POINT('',#8698);
#2081=VERTEX_POINT('',#8703);
#2082=VERTEX_POINT('',#8714);
#2083=VERTEX_POINT('',#8738);
#2084=VERTEX_POINT('',#8739);
#2085=VERTEX_POINT('',#8741);
#2086=VERTEX_POINT('',#8746);
#2087=VERTEX_POINT('',#8748);
#2088=VERTEX_POINT('',#8759);
#2089=VERTEX_POINT('',#8764);
#2090=VERTEX_POINT('',#8773);
#2091=VERTEX_POINT('',#8774);
#2092=VERTEX_POINT('',#8776);
#2093=VERTEX_POINT('',#8781);
#2094=VERTEX_POINT('',#8786);
#2095=VERTEX_POINT('',#8791);
#2096=VERTEX_POINT('',#8796);
#2097=VERTEX_POINT('',#8801);
#2098=VERTEX_POINT('',#8806);
#2099=VERTEX_POINT('',#8811);
#2100=VERTEX_POINT('',#8816);
#2101=VERTEX_POINT('',#8821);
#2102=VERTEX_POINT('',#8826);
#2103=VERTEX_POINT('',#8831);
#2104=VERTEX_POINT('',#8836);
#2105=VERTEX_POINT('',#8841);
#2106=VERTEX_POINT('',#8843);
#2107=VERTEX_POINT('',#8848);
#2108=VERTEX_POINT('',#8853);
#2109=VERTEX_POINT('',#8858);
#2110=VERTEX_POINT('',#8863);
#2111=VERTEX_POINT('',#8868);
#2112=VERTEX_POINT('',#8874);
#2113=VERTEX_POINT('',#8883);
#2114=VERTEX_POINT('',#8884);
#2115=VERTEX_POINT('',#8886);
#2116=VERTEX_POINT('',#8893);
#2117=VERTEX_POINT('',#8898);
#2118=VERTEX_POINT('',#8903);
#2119=VERTEX_POINT('',#8908);
#2120=VERTEX_POINT('',#8913);
#2121=VERTEX_POINT('',#8922);
#2122=VERTEX_POINT('',#8923);
#2123=VERTEX_POINT('',#8925);
#2124=VERTEX_POINT('',#8927);
#2125=VERTEX_POINT('',#8932);
#2126=VERTEX_POINT('',#8937);
#2127=VERTEX_POINT('',#8942);
#2128=VERTEX_POINT('',#8951);
#2129=VERTEX_POINT('',#8952);
#2130=VERTEX_POINT('',#8957);
#2131=VERTEX_POINT('',#8962);
#2132=VERTEX_POINT('',#8967);
#2133=VERTEX_POINT('',#8972);
#2134=VERTEX_POINT('',#8977);
#2135=VERTEX_POINT('',#8982);
#2136=VERTEX_POINT('',#8987);
#2137=VERTEX_POINT('',#8992);
#2138=VERTEX_POINT('',#8997);
#2139=VERTEX_POINT('',#9000);
#2140=VERTEX_POINT('',#9001);
#2141=VERTEX_POINT('',#9008);
#2142=VERTEX_POINT('',#9010);
#2143=VERTEX_POINT('',#9012);
#2144=VERTEX_POINT('',#9017);
#2145=VERTEX_POINT('',#9025);
#2146=VERTEX_POINT('',#9027);
#2147=VERTEX_POINT('',#9032);
#2148=VERTEX_POINT('',#9037);
#2149=VERTEX_POINT('',#9049);
#2150=VERTEX_POINT('',#9059);
#2151=VERTEX_POINT('',#9061);
#2152=VERTEX_POINT('',#9070);
#2153=VERTEX_POINT('',#9077);
#2154=VERTEX_POINT('',#9082);
#2155=VERTEX_POINT('',#9087);
#2156=VERTEX_POINT('',#9092);
#2157=VERTEX_POINT('',#9094);
#2158=VERTEX_POINT('',#9099);
#2159=VERTEX_POINT('',#9104);
#2160=VERTEX_POINT('',#9110);
#2161=VERTEX_POINT('',#9115);
#2162=VERTEX_POINT('',#9120);
#2163=VERTEX_POINT('',#9125);
#2164=VERTEX_POINT('',#9130);
#2165=VERTEX_POINT('',#9135);
#2166=VERTEX_POINT('',#9137);
#2167=VERTEX_POINT('',#9142);
#2168=VERTEX_POINT('',#9147);
#2169=VERTEX_POINT('',#9152);
#2170=VERTEX_POINT('',#9157);
#2171=VERTEX_POINT('',#9162);
#2172=VERTEX_POINT('',#9167);
#2173=VERTEX_POINT('',#9172);
#2174=VERTEX_POINT('',#9177);
#2175=VERTEX_POINT('',#9182);
#2176=VERTEX_POINT('',#9187);
#2177=VERTEX_POINT('',#9192);
#2178=VERTEX_POINT('',#9197);
#2179=VERTEX_POINT('',#9202);
#2180=VERTEX_POINT('',#9204);
#2181=VERTEX_POINT('',#9209);
#2182=VERTEX_POINT('',#9214);
#2183=VERTEX_POINT('',#9219);
#2184=VERTEX_POINT('',#9230);
#2185=VERTEX_POINT('',#9232);
#2186=VERTEX_POINT('',#9237);
#2187=VERTEX_POINT('',#9239);
#2188=VERTEX_POINT('',#9246);
#2189=VERTEX_POINT('',#9257);
#2190=VERTEX_POINT('',#9268);
#2191=VERTEX_POINT('',#9273);
#2192=VERTEX_POINT('',#9278);
#2193=VERTEX_POINT('',#9283);
#2194=VERTEX_POINT('',#9285);
#2195=VERTEX_POINT('',#9287);
#2196=VERTEX_POINT('',#9292);
#2197=VERTEX_POINT('',#9297);
#2198=VERTEX_POINT('',#9302);
#2199=VERTEX_POINT('',#9304);
#2200=VERTEX_POINT('',#9306);
#2201=VERTEX_POINT('',#9311);
#2202=VERTEX_POINT('',#9316);
#2203=VERTEX_POINT('',#9321);
#2204=VERTEX_POINT('',#9326);
#2205=VERTEX_POINT('',#9331);
#2206=VERTEX_POINT('',#9336);
#2207=VERTEX_POINT('',#9341);
#2208=VERTEX_POINT('',#9346);
#2209=VERTEX_POINT('',#9351);
#2210=VERTEX_POINT('',#9353);
#2211=VERTEX_POINT('',#9358);
#2212=VERTEX_POINT('',#9363);
#2213=VERTEX_POINT('',#9368);
#2214=VERTEX_POINT('',#9373);
#2215=VERTEX_POINT('',#9378);
#2216=VERTEX_POINT('',#9380);
#2217=VERTEX_POINT('',#9382);
#2218=VERTEX_POINT('',#9387);
#2219=VERTEX_POINT('',#9392);
#2220=VERTEX_POINT('',#9397);
#2221=VERTEX_POINT('',#9402);
#2222=VERTEX_POINT('',#9407);
#2223=VERTEX_POINT('',#9412);
#2224=VERTEX_POINT('',#9419);
#2225=VERTEX_POINT('',#9421);
#2226=VERTEX_POINT('',#9429);
#2227=VERTEX_POINT('',#9434);
#2228=VERTEX_POINT('',#9437);
#2229=VERTEX_POINT('',#9438);
#2230=VERTEX_POINT('',#9445);
#2231=VERTEX_POINT('',#9450);
#2232=VERTEX_POINT('',#9455);
#2233=VERTEX_POINT('',#9460);
#2234=VERTEX_POINT('',#9465);
#2235=VERTEX_POINT('',#9470);
#2236=VERTEX_POINT('',#9472);
#2237=VERTEX_POINT('',#9477);
#2238=VERTEX_POINT('',#9482);
#2239=VERTEX_POINT('',#9487);
#2240=VERTEX_POINT('',#9492);
#2241=VERTEX_POINT('',#9497);
#2242=VERTEX_POINT('',#9499);
#2243=VERTEX_POINT('',#9504);
#2244=VERTEX_POINT('',#9509);
#2245=VERTEX_POINT('',#9514);
#2246=VERTEX_POINT('',#9519);
#2247=VERTEX_POINT('',#9521);
#2248=VERTEX_POINT('',#9526);
#2249=VERTEX_POINT('',#9531);
#2250=VERTEX_POINT('',#9533);
#2251=VERTEX_POINT('',#9538);
#2252=VERTEX_POINT('',#9543);
#2253=VERTEX_POINT('',#9551);
#2254=VERTEX_POINT('',#9552);
#2255=VERTEX_POINT('',#9557);
#2256=VERTEX_POINT('',#9559);
#2257=VERTEX_POINT('',#9570);
#2258=VERTEX_POINT('',#9585);
#2259=VERTEX_POINT('',#9586);
#2260=VERTEX_POINT('',#9588);
#2261=VERTEX_POINT('',#9595);
#2262=VERTEX_POINT('',#9606);
#2263=VERTEX_POINT('',#9607);
#2264=VERTEX_POINT('',#9618);
#2265=VERTEX_POINT('',#9620);
#2266=VERTEX_POINT('',#9625);
#2267=VERTEX_POINT('',#9630);
#2268=VERTEX_POINT('',#9635);
#2269=EDGE_CURVE('',#1751,#1752,#1354,.T.);
#2270=EDGE_CURVE('',#1751,#1753,#770,.T.);
#2271=EDGE_CURVE('',#1753,#1754,#1355,.T.);
#2272=EDGE_CURVE('',#1754,#1752,#771,.F.);
#2273=EDGE_CURVE('',#1752,#1755,#1356,.T.);
#2274=EDGE_CURVE('',#1754,#1756,#159,.T.);
#2275=EDGE_CURVE('',#1755,#1756,#772,.T.);
#2276=EDGE_CURVE('',#1755,#1757,#1357,.T.);
#2277=EDGE_CURVE('',#1756,#1758,#1358,.T.);
#2278=EDGE_CURVE('',#1758,#1757,#773,.T.);
#2279=EDGE_CURVE('',#1759,#1760,#1359,.T.);
#2280=EDGE_CURVE('',#1759,#1761,#774,.T.);
#2281=EDGE_CURVE('',#1761,#1762,#1360,.T.);
#2282=EDGE_CURVE('',#1760,#1762,#775,.T.);
#2283=EDGE_CURVE('',#1760,#1763,#1361,.T.);
#2284=EDGE_CURVE('',#1762,#1764,#1362,.T.);
#2285=EDGE_CURVE('',#1763,#1764,#776,.T.);
#2286=EDGE_CURVE('',#1763,#1765,#1363,.T.);
#2287=EDGE_CURVE('',#1764,#1766,#1364,.T.);
#2288=EDGE_CURVE('',#1765,#1766,#777,.T.);
#2289=EDGE_CURVE('',#1765,#1767,#1365,.T.);
#2290=EDGE_CURVE('',#1766,#1768,#1366,.T.);
#2291=EDGE_CURVE('',#1767,#1768,#778,.T.);
#2292=EDGE_CURVE('',#1767,#1769,#1367,.T.);
#2293=EDGE_CURVE('',#1768,#1770,#1368,.T.);
#2294=EDGE_CURVE('',#1769,#1770,#779,.T.);
#2295=EDGE_CURVE('',#1769,#1771,#1369,.T.);
#2296=EDGE_CURVE('',#1770,#1772,#1370,.T.);
#2297=EDGE_CURVE('',#1771,#1772,#780,.T.);
#2298=EDGE_CURVE('',#1771,#1773,#1371,.T.);
#2299=EDGE_CURVE('',#1772,#1774,#1372,.T.);
#2300=EDGE_CURVE('',#1773,#1774,#781,.T.);
#2301=EDGE_CURVE('',#1773,#1775,#1373,.T.);
#2302=EDGE_CURVE('',#1774,#1776,#1374,.T.);
#2303=EDGE_CURVE('',#1775,#1776,#782,.T.);
#2304=EDGE_CURVE('',#1777,#1778,#1375,.T.);
#2305=EDGE_CURVE('',#1777,#1779,#783,.T.);
#2306=EDGE_CURVE('',#1779,#1780,#160,.T.);
#2307=EDGE_CURVE('',#1778,#1780,#784,.T.);
#2308=EDGE_CURVE('',#1775,#1781,#1376,.T.);
#2309=EDGE_CURVE('',#1776,#1782,#1377,.T.);
#2310=EDGE_CURVE('',#1781,#1782,#785,.T.);
#2311=EDGE_CURVE('',#1781,#1783,#1378,.T.);
#2312=EDGE_CURVE('',#1782,#1784,#1379,.T.);
#2313=EDGE_CURVE('',#1783,#1784,#786,.T.);
#2314=EDGE_CURVE('',#1783,#1785,#1380,.T.);
#2315=EDGE_CURVE('',#1784,#1786,#1381,.T.);
#2316=EDGE_CURVE('',#1786,#1785,#787,.T.);
#2317=EDGE_CURVE('',#1787,#1788,#1382,.T.);
#2318=EDGE_CURVE('',#1789,#1787,#788,.T.);
#2319=EDGE_CURVE('',#1790,#1789,#1383,.F.);
#2320=EDGE_CURVE('',#1788,#1790,#789,.T.);
#2321=EDGE_CURVE('',#1788,#1791,#1384,.T.);
#2322=EDGE_CURVE('',#1790,#1792,#1385,.T.);
#2323=EDGE_CURVE('',#1791,#1792,#790,.T.);
#2324=EDGE_CURVE('',#1791,#1793,#1386,.T.);
#2325=EDGE_CURVE('',#1792,#1794,#1387,.T.);
#2326=EDGE_CURVE('',#1793,#1794,#791,.T.);
#2327=EDGE_CURVE('',#1793,#1795,#1388,.T.);
#2328=EDGE_CURVE('',#1794,#1796,#1389,.T.);
#2329=EDGE_CURVE('',#1795,#1796,#792,.T.);
#2330=EDGE_CURVE('',#1795,#1797,#1390,.T.);
#2331=EDGE_CURVE('',#1796,#1798,#1391,.T.);
#2332=EDGE_CURVE('',#1798,#1797,#793,.T.);
#2333=EDGE_CURVE('',#1799,#1800,#1392,.T.);
#2334=EDGE_CURVE('',#1799,#1801,#794,.T.);
#2335=EDGE_CURVE('',#1801,#1802,#1393,.T.);
#2336=EDGE_CURVE('',#1800,#1802,#795,.T.);
#2337=EDGE_CURVE('',#1800,#1803,#1394,.T.);
#2338=EDGE_CURVE('',#1802,#1804,#1395,.T.);
#2339=EDGE_CURVE('',#1803,#1804,#796,.T.);
#2340=EDGE_CURVE('',#1803,#1805,#1396,.T.);
#2341=EDGE_CURVE('',#1804,#1806,#1397,.T.);
#2342=EDGE_CURVE('',#1805,#1806,#797,.T.);
#2343=EDGE_CURVE('',#1805,#1807,#1398,.T.);
#2344=EDGE_CURVE('',#1806,#1808,#1399,.T.);
#2345=EDGE_CURVE('',#1808,#1807,#798,.T.);
#2346=EDGE_CURVE('',#1809,#1810,#1400,.T.);
#2347=EDGE_CURVE('',#1809,#1811,#799,.T.);
#2348=EDGE_CURVE('',#1811,#1812,#1401,.T.);
#2349=EDGE_CURVE('',#1810,#1812,#800,.T.);
#2350=EDGE_CURVE('',#1810,#1813,#1402,.T.);
#2351=EDGE_CURVE('',#1812,#1814,#1403,.T.);
#2352=EDGE_CURVE('',#1813,#1814,#801,.T.);
#2353=EDGE_CURVE('',#1813,#1815,#1404,.T.);
#2354=EDGE_CURVE('',#1814,#1816,#106,.T.);
#2355=EDGE_CURVE('',#1816,#1815,#802,.T.);
#2356=EDGE_CURVE('',#1817,#1818,#1405,.T.);
#2357=EDGE_CURVE('',#1817,#1819,#803,.T.);
#2358=EDGE_CURVE('',#1819,#1820,#1406,.T.);
#2359=EDGE_CURVE('',#1818,#1820,#804,.T.);
#2360=EDGE_CURVE('',#1818,#1821,#1407,.T.);
#2361=EDGE_CURVE('',#1820,#1822,#1408,.T.);
#2362=EDGE_CURVE('',#1821,#1822,#805,.T.);
#2363=EDGE_CURVE('',#1821,#1823,#1409,.T.);
#2364=EDGE_CURVE('',#1822,#1824,#1410,.T.);
#2365=EDGE_CURVE('',#1823,#1824,#806,.T.);
#2366=EDGE_CURVE('',#1823,#1825,#1411,.T.);
#2367=EDGE_CURVE('',#1824,#1826,#1412,.T.);
#2368=EDGE_CURVE('',#1825,#1826,#807,.T.);
#2369=EDGE_CURVE('',#1825,#1827,#1413,.T.);
#2370=EDGE_CURVE('',#1826,#1828,#1414,.T.);
#2371=EDGE_CURVE('',#1828,#1827,#808,.T.);
#2372=EDGE_CURVE('',#1829,#1830,#1415,.T.);
#2373=EDGE_CURVE('',#1829,#1831,#809,.T.);
#2374=EDGE_CURVE('',#1831,#1832,#1416,.T.);
#2375=EDGE_CURVE('',#1830,#1832,#810,.T.);
#2376=EDGE_CURVE('',#1830,#1833,#1417,.T.);
#2377=EDGE_CURVE('',#1832,#1834,#161,.T.);
#2378=EDGE_CURVE('',#1834,#1833,#811,.T.);
#2379=EDGE_CURVE('',#1835,#1836,#1418,.T.);
#2380=EDGE_CURVE('',#1837,#1835,#1419,.T.);
#2381=EDGE_CURVE('',#1837,#1838,#1420,.T.);
#2382=EDGE_CURVE('',#1836,#1838,#812,.T.);
#2383=EDGE_CURVE('',#1836,#1839,#1421,.T.);
#2384=EDGE_CURVE('',#1838,#1840,#1422,.T.);
#2385=EDGE_CURVE('',#1839,#1840,#813,.T.);
#2386=EDGE_CURVE('',#1839,#1841,#1423,.T.);
#2387=EDGE_CURVE('',#1840,#1842,#1424,.T.);
#2388=EDGE_CURVE('',#1841,#1842,#814,.F.);
#2389=EDGE_CURVE('',#1843,#1844,#1425,.T.);
#2390=EDGE_CURVE('',#1843,#1845,#815,.T.);
#2391=EDGE_CURVE('',#1845,#1846,#162,.T.);
#2392=EDGE_CURVE('',#1844,#1846,#816,.T.);
#2393=EDGE_CURVE('',#1844,#1847,#1426,.T.);
#2394=EDGE_CURVE('',#1846,#1848,#1427,.T.);
#2395=EDGE_CURVE('',#1847,#1848,#817,.T.);
#2396=EDGE_CURVE('',#1847,#1849,#1428,.T.);
#2397=EDGE_CURVE('',#1848,#1850,#1429,.T.);
#2398=EDGE_CURVE('',#1849,#1850,#818,.T.);
#2399=EDGE_CURVE('',#1849,#1851,#1430,.T.);
#2400=EDGE_CURVE('',#1850,#1852,#1431,.T.);
#2401=EDGE_CURVE('',#1851,#1852,#819,.T.);
#2402=EDGE_CURVE('',#1851,#1853,#1432,.T.);
#2403=EDGE_CURVE('',#1852,#1854,#1433,.T.);
#2404=EDGE_CURVE('',#1853,#1854,#820,.T.);
#2405=EDGE_CURVE('',#1853,#1855,#1434,.T.);
#2406=EDGE_CURVE('',#1854,#1856,#163,.T.);
#2407=EDGE_CURVE('',#1855,#1856,#821,.T.);
#2408=EDGE_CURVE('',#1855,#1857,#1435,.T.);
#2409=EDGE_CURVE('',#1856,#1858,#1436,.T.);
#2410=EDGE_CURVE('',#1857,#1858,#822,.T.);
#2411=EDGE_CURVE('',#1857,#1859,#1437,.T.);
#2412=EDGE_CURVE('',#1858,#1860,#1438,.T.);
#2413=EDGE_CURVE('',#1859,#1860,#823,.T.);
#2414=EDGE_CURVE('',#1859,#1861,#1439,.T.);
#2415=EDGE_CURVE('',#1860,#1862,#164,.T.);
#2416=EDGE_CURVE('',#1861,#1862,#824,.T.);
#2417=EDGE_CURVE('',#1861,#1863,#1440,.T.);
#2418=EDGE_CURVE('',#1862,#1864,#1441,.T.);
#2419=EDGE_CURVE('',#1863,#1864,#825,.T.);
#2420=EDGE_CURVE('',#1863,#1865,#1442,.T.);
#2421=EDGE_CURVE('',#1864,#1866,#1443,.T.);
#2422=EDGE_CURVE('',#1865,#1866,#826,.T.);
#2423=EDGE_CURVE('',#1865,#1867,#1444,.T.);
#2424=EDGE_CURVE('',#1866,#1868,#165,.T.);
#2425=EDGE_CURVE('',#1868,#1867,#827,.T.);
#2426=EDGE_CURVE('',#1869,#1870,#1445,.T.);
#2427=EDGE_CURVE('',#1869,#1871,#828,.T.);
#2428=EDGE_CURVE('',#1871,#1872,#1446,.T.);
#2429=EDGE_CURVE('',#1870,#1872,#829,.T.);
#2430=EDGE_CURVE('',#1870,#1873,#1447,.T.);
#2431=EDGE_CURVE('',#1872,#1874,#1448,.T.);
#2432=EDGE_CURVE('',#1873,#1874,#830,.T.);
#2433=EDGE_CURVE('',#1873,#1875,#1449,.T.);
#2434=EDGE_CURVE('',#1874,#1876,#1450,.T.);
#2435=EDGE_CURVE('',#1875,#1876,#831,.F.);
#2436=EDGE_CURVE('',#1877,#1878,#1451,.T.);
#2437=EDGE_CURVE('',#1877,#1879,#832,.F.);
#2438=EDGE_CURVE('',#1879,#1880,#1452,.T.);
#2439=EDGE_CURVE('',#1880,#1878,#833,.F.);
#2440=EDGE_CURVE('',#1878,#1881,#1453,.T.);
#2441=EDGE_CURVE('',#1880,#1882,#1454,.T.);
#2442=EDGE_CURVE('',#1881,#1882,#834,.T.);
#2443=EDGE_CURVE('',#1883,#1884,#1455,.T.);
#2444=EDGE_CURVE('',#1883,#1885,#835,.T.);
#2445=EDGE_CURVE('',#1885,#1886,#1456,.T.);
#2446=EDGE_CURVE('',#1886,#1884,#836,.F.);
#2447=EDGE_CURVE('',#1884,#1887,#1457,.T.);
#2448=EDGE_CURVE('',#1886,#1888,#166,.T.);
#2449=EDGE_CURVE('',#1887,#1888,#837,.F.);
#2450=EDGE_CURVE('',#1889,#1889,#107,.T.);
#2451=EDGE_CURVE('',#1889,#1890,#838,.T.);
#2452=EDGE_CURVE('',#1890,#1890,#108,.T.);
#2453=EDGE_CURVE('',#1891,#1891,#109,.T.);
#2454=EDGE_CURVE('',#1891,#1890,#839,.T.);
#2455=EDGE_CURVE('',#1892,#1892,#110,.T.);
#2456=EDGE_CURVE('',#1893,#1789,#840,.T.);
#2457=EDGE_CURVE('',#1893,#1894,#167,.F.);
#2458=EDGE_CURVE('',#1895,#1894,#1458,.T.);
#2459=EDGE_CURVE('',#1896,#1895,#1459,.T.);
#2460=EDGE_CURVE('',#1896,#1808,#111,.T.);
#2461=EDGE_CURVE('',#1897,#1801,#1460,.T.);
#2462=EDGE_CURVE('',#1898,#1897,#1461,.T.);
#2463=EDGE_CURVE('',#1899,#1898,#1462,.T.);
#2464=EDGE_CURVE('',#1899,#1816,#112,.T.);
#2465=EDGE_CURVE('',#1900,#1811,#1463,.T.);
#2466=EDGE_CURVE('',#1901,#1900,#1464,.T.);
#2467=EDGE_CURVE('',#1902,#1901,#1465,.T.);
#2468=EDGE_CURVE('',#1902,#1828,#113,.T.);
#2469=EDGE_CURVE('',#1903,#1819,#1466,.T.);
#2470=EDGE_CURVE('',#1904,#1903,#1467,.T.);
#2471=EDGE_CURVE('',#1905,#1904,#1468,.T.);
#2472=EDGE_CURVE('',#1906,#1905,#1469,.T.);
#2473=EDGE_CURVE('',#1906,#1834,#114,.T.);
#2474=EDGE_CURVE('',#1907,#1831,#1470,.T.);
#2475=EDGE_CURVE('',#1908,#1907,#1471,.T.);
#2476=EDGE_CURVE('',#1909,#1908,#841,.F.);
#2477=EDGE_CURVE('',#1910,#1909,#168,.T.);
#2478=EDGE_CURVE('',#1911,#1910,#1472,.T.);
#2479=EDGE_CURVE('',#1912,#1911,#1473,.T.);
#2480=EDGE_CURVE('',#1842,#1912,#1474,.T.);
#2481=EDGE_CURVE('',#1837,#1758,#115,.T.);
#2482=EDGE_CURVE('',#1753,#1913,#1475,.F.);
#2483=EDGE_CURVE('',#1914,#1913,#1476,.T.);
#2484=EDGE_CURVE('',#1915,#1914,#1477,.T.);
#2485=EDGE_CURVE('',#1915,#1786,#116,.T.);
#2486=EDGE_CURVE('',#1916,#1761,#1478,.T.);
#2487=EDGE_CURVE('',#1917,#1916,#1479,.T.);
#2488=EDGE_CURVE('',#1918,#1917,#842,.F.);
#2489=EDGE_CURVE('',#1919,#1918,#1480,.T.);
#2490=EDGE_CURVE('',#1920,#1919,#1481,.T.);
#2491=EDGE_CURVE('',#1921,#1920,#1482,.T.);
#2492=EDGE_CURVE('',#1922,#1921,#1483,.T.);
#2493=EDGE_CURVE('',#1780,#1922,#1484,.T.);
#2494=EDGE_CURVE('',#1780,#1779,#1485,.T.);
#2495=EDGE_CURVE('',#1923,#1780,#1486,.T.);
#2496=EDGE_CURVE('',#1924,#1923,#1487,.T.);
#2497=EDGE_CURVE('',#1924,#1798,#117,.T.);
#2498=EDGE_CURVE('',#1925,#1926,#1488,.T.);
#2499=EDGE_CURVE('',#1868,#1925,#1489,.T.);
#2500=EDGE_CURVE('',#1927,#1845,#1490,.T.);
#2501=EDGE_CURVE('',#1928,#1927,#1491,.T.);
#2502=EDGE_CURVE('',#1929,#1928,#1492,.T.);
#2503=EDGE_CURVE('',#1930,#1929,#1493,.T.);
#2504=EDGE_CURVE('',#1931,#1930,#1494,.T.);
#2505=EDGE_CURVE('',#1932,#1931,#169,.T.);
#2506=EDGE_CURVE('',#1933,#1932,#1495,.T.);
#2507=EDGE_CURVE('',#1934,#1933,#1496,.T.);
#2508=EDGE_CURVE('',#1935,#1934,#1497,.T.);
#2509=EDGE_CURVE('',#1936,#1935,#1498,.T.);
#2510=EDGE_CURVE('',#1926,#1936,#1499,.T.);
#2511=EDGE_CURVE('',#1937,#1879,#170,.T.);
#2512=EDGE_CURVE('',#1938,#1937,#1500,.T.);
#2513=EDGE_CURVE('',#1882,#1938,#171,.T.);
#2514=EDGE_CURVE('',#1939,#1885,#1501,.T.);
#2515=EDGE_CURVE('',#1888,#1939,#1502,.T.);
#2516=EDGE_CURVE('',#1876,#1940,#1503,.T.);
#2517=EDGE_CURVE('',#1941,#1871,#1504,.T.);
#2518=EDGE_CURVE('',#1942,#1941,#1505,.T.);
#2519=EDGE_CURVE('',#1940,#1942,#172,.T.);
#2520=EDGE_CURVE('',#1943,#1787,#843,.T.);
#2521=EDGE_CURVE('',#1943,#1893,#844,.T.);
#2522=EDGE_CURVE('',#1757,#1944,#118,.T.);
#2523=EDGE_CURVE('',#1833,#1835,#119,.T.);
#2524=EDGE_CURVE('',#1945,#1906,#845,.T.);
#2525=EDGE_CURVE('',#1946,#1945,#120,.T.);
#2526=EDGE_CURVE('',#1946,#1892,#846,.T.);
#2527=EDGE_CURVE('',#1827,#1946,#121,.T.);
#2528=EDGE_CURVE('',#1947,#1902,#847,.T.);
#2529=EDGE_CURVE('',#1815,#1947,#122,.T.);
#2530=EDGE_CURVE('',#1948,#1899,#848,.T.);
#2531=EDGE_CURVE('',#1807,#1948,#123,.T.);
#2532=EDGE_CURVE('',#1949,#1896,#849,.T.);
#2533=EDGE_CURVE('',#1797,#1949,#124,.T.);
#2534=EDGE_CURVE('',#1950,#1924,#850,.T.);
#2535=EDGE_CURVE('',#1785,#1950,#125,.T.);
#2536=EDGE_CURVE('',#1944,#1915,#851,.T.);
#2537=EDGE_CURVE('',#1841,#1951,#1506,.T.);
#2538=EDGE_CURVE('',#1951,#1912,#852,.T.);
#2539=EDGE_CURVE('',#1867,#1952,#1507,.T.);
#2540=EDGE_CURVE('',#1925,#1952,#853,.F.);
#2541=EDGE_CURVE('',#1952,#1953,#1508,.T.);
#2542=EDGE_CURVE('',#1953,#1926,#854,.T.);
#2543=EDGE_CURVE('',#1875,#1954,#1509,.T.);
#2544=EDGE_CURVE('',#1954,#1940,#855,.F.);
#2545=EDGE_CURVE('',#1881,#1955,#1510,.T.);
#2546=EDGE_CURVE('',#1955,#1938,#856,.F.);
#2547=EDGE_CURVE('',#1956,#1869,#1511,.T.);
#2548=EDGE_CURVE('',#1956,#1941,#857,.T.);
#2549=EDGE_CURVE('',#1957,#1956,#1512,.T.);
#2550=EDGE_CURVE('',#1957,#1942,#858,.T.);
#2551=EDGE_CURVE('',#1954,#1957,#1513,.T.);
#2552=EDGE_CURVE('',#1958,#1877,#1514,.T.);
#2553=EDGE_CURVE('',#1958,#1937,#859,.F.);
#2554=EDGE_CURVE('',#1955,#1958,#1515,.T.);
#2555=EDGE_CURVE('',#1959,#1751,#1516,.T.);
#2556=EDGE_CURVE('',#1913,#1959,#860,.T.);
#2557=EDGE_CURVE('',#1960,#1959,#1517,.T.);
#2558=EDGE_CURVE('',#1960,#1914,#861,.T.);
#2559=EDGE_CURVE('',#1944,#1960,#1518,.T.);
#2560=EDGE_CURVE('',#1961,#1759,#1519,.T.);
#2561=EDGE_CURVE('',#1961,#1916,#862,.T.);
#2562=EDGE_CURVE('',#1962,#1961,#1520,.T.);
#2563=EDGE_CURVE('',#1962,#1917,#863,.T.);
#2564=EDGE_CURVE('',#1963,#1962,#864,.T.);
#2565=EDGE_CURVE('',#1963,#1918,#865,.T.);
#2566=EDGE_CURVE('',#1964,#1963,#1521,.T.);
#2567=EDGE_CURVE('',#1964,#1919,#866,.T.);
#2568=EDGE_CURVE('',#1965,#1964,#1522,.T.);
#2569=EDGE_CURVE('',#1965,#1920,#867,.T.);
#2570=EDGE_CURVE('',#1966,#1965,#1523,.T.);
#2571=EDGE_CURVE('',#1966,#1921,#868,.T.);
#2572=EDGE_CURVE('',#1967,#1966,#1524,.T.);
#2573=EDGE_CURVE('',#1967,#1922,#869,.T.);
#2574=EDGE_CURVE('',#1778,#1967,#1525,.T.);
#2575=EDGE_CURVE('',#1778,#1780,#870,.T.);
#2576=EDGE_CURVE('',#1778,#1777,#1526,.T.);
#2577=EDGE_CURVE('',#1968,#1778,#1527,.T.);
#2578=EDGE_CURVE('',#1968,#1923,#871,.T.);
#2579=EDGE_CURVE('',#1950,#1968,#1528,.T.);
#2580=EDGE_CURVE('',#1969,#1943,#1529,.T.);
#2581=EDGE_CURVE('',#1894,#1969,#872,.T.);
#2582=EDGE_CURVE('',#1970,#1969,#1530,.T.);
#2583=EDGE_CURVE('',#1970,#1895,#873,.T.);
#2584=EDGE_CURVE('',#1949,#1970,#1531,.T.);
#2585=EDGE_CURVE('',#1971,#1799,#1532,.T.);
#2586=EDGE_CURVE('',#1971,#1897,#874,.T.);
#2587=EDGE_CURVE('',#1972,#1971,#1533,.T.);
#2588=EDGE_CURVE('',#1972,#1898,#875,.T.);
#2589=EDGE_CURVE('',#1948,#1972,#1534,.T.);
#2590=EDGE_CURVE('',#1973,#1809,#1535,.T.);
#2591=EDGE_CURVE('',#1973,#1900,#876,.T.);
#2592=EDGE_CURVE('',#1974,#1973,#1536,.T.);
#2593=EDGE_CURVE('',#1974,#1901,#877,.T.);
#2594=EDGE_CURVE('',#1947,#1974,#1537,.T.);
#2595=EDGE_CURVE('',#1975,#1817,#1538,.T.);
#2596=EDGE_CURVE('',#1975,#1903,#878,.T.);
#2597=EDGE_CURVE('',#1976,#1975,#1539,.T.);
#2598=EDGE_CURVE('',#1976,#1904,#879,.T.);
#2599=EDGE_CURVE('',#1977,#1976,#1540,.T.);
#2600=EDGE_CURVE('',#1977,#1905,#880,.T.);
#2601=EDGE_CURVE('',#1945,#1977,#1541,.T.);
#2602=EDGE_CURVE('',#1978,#1829,#1542,.T.);
#2603=EDGE_CURVE('',#1978,#1907,#881,.T.);
#2604=EDGE_CURVE('',#1979,#1978,#1543,.T.);
#2605=EDGE_CURVE('',#1979,#1908,#882,.T.);
#2606=EDGE_CURVE('',#1980,#1979,#883,.T.);
#2607=EDGE_CURVE('',#1980,#1909,#884,.T.);
#2608=EDGE_CURVE('',#1981,#1980,#1544,.T.);
#2609=EDGE_CURVE('',#1981,#1910,#885,.T.);
#2610=EDGE_CURVE('',#1982,#1981,#1545,.T.);
#2611=EDGE_CURVE('',#1982,#1911,#886,.T.);
#2612=EDGE_CURVE('',#1951,#1982,#1546,.T.);
#2613=EDGE_CURVE('',#1983,#1843,#1547,.T.);
#2614=EDGE_CURVE('',#1983,#1927,#887,.T.);
#2615=EDGE_CURVE('',#1984,#1983,#1548,.T.);
#2616=EDGE_CURVE('',#1984,#1928,#888,.T.);
#2617=EDGE_CURVE('',#1985,#1984,#1549,.T.);
#2618=EDGE_CURVE('',#1985,#1929,#889,.T.);
#2619=EDGE_CURVE('',#1986,#1985,#1550,.T.);
#2620=EDGE_CURVE('',#1986,#1930,#890,.T.);
#2621=EDGE_CURVE('',#1987,#1986,#1551,.T.);
#2622=EDGE_CURVE('',#1987,#1931,#891,.T.);
#2623=EDGE_CURVE('',#1988,#1987,#1552,.T.);
#2624=EDGE_CURVE('',#1988,#1932,#892,.T.);
#2625=EDGE_CURVE('',#1989,#1988,#1553,.T.);
#2626=EDGE_CURVE('',#1989,#1933,#893,.T.);
#2627=EDGE_CURVE('',#1990,#1989,#1554,.T.);
#2628=EDGE_CURVE('',#1990,#1934,#894,.T.);
#2629=EDGE_CURVE('',#1991,#1990,#1555,.T.);
#2630=EDGE_CURVE('',#1991,#1935,#895,.T.);
#2631=EDGE_CURVE('',#1992,#1991,#1556,.T.);
#2632=EDGE_CURVE('',#1992,#1936,#896,.T.);
#2633=EDGE_CURVE('',#1953,#1992,#1557,.T.);
#2634=EDGE_CURVE('',#1887,#1993,#1558,.T.);
#2635=EDGE_CURVE('',#1993,#1939,#897,.T.);
#2636=EDGE_CURVE('',#1993,#1883,#1559,.T.);
#2637=EDGE_CURVE('',#1994,#1995,#126,.T.);
#2638=EDGE_CURVE('',#1995,#1994,#127,.T.);
#2639=EDGE_CURVE('',#1994,#1996,#898,.T.);
#2640=EDGE_CURVE('',#1996,#1996,#128,.T.);
#2641=EDGE_CURVE('',#1997,#1997,#129,.T.);
#2642=EDGE_CURVE('',#1998,#1998,#130,.T.);
#2643=EDGE_CURVE('',#1998,#1995,#899,.T.);
#2644=EDGE_CURVE('',#1999,#2000,#131,.T.);
#2645=EDGE_CURVE('',#2000,#1999,#132,.T.);
#2646=EDGE_CURVE('',#1999,#2001,#900,.T.);
#2647=EDGE_CURVE('',#2001,#2001,#133,.T.);
#2648=EDGE_CURVE('',#2002,#2002,#134,.T.);
#2649=EDGE_CURVE('',#2003,#2003,#135,.T.);
#2650=EDGE_CURVE('',#2003,#2000,#901,.T.);
#2651=EDGE_CURVE('',#2004,#2004,#136,.T.);
#2652=EDGE_CURVE('',#2004,#2002,#902,.T.);
#2653=EDGE_CURVE('',#2005,#2005,#137,.T.);
#2654=EDGE_CURVE('',#2005,#1997,#903,.T.);
#2655=EDGE_CURVE('',#2006,#2007,#904,.T.);
#2656=EDGE_CURVE('',#2006,#2008,#905,.T.);
#2657=EDGE_CURVE('',#2008,#2009,#906,.T.);
#2658=EDGE_CURVE('',#2007,#2009,#907,.T.);
#2659=EDGE_CURVE('',#2010,#2006,#908,.T.);
#2660=EDGE_CURVE('',#2010,#2011,#909,.T.);
#2661=EDGE_CURVE('',#2011,#2008,#910,.T.);
#2662=EDGE_CURVE('',#2012,#2010,#911,.T.);
#2663=EDGE_CURVE('',#2012,#2013,#912,.T.);
#2664=EDGE_CURVE('',#2013,#2011,#913,.T.);
#2665=EDGE_CURVE('',#2007,#2012,#914,.T.);
#2666=EDGE_CURVE('',#2009,#2013,#915,.T.);
#2667=EDGE_CURVE('',#2014,#2015,#916,.T.);
#2668=EDGE_CURVE('',#2016,#2014,#917,.T.);
#2669=EDGE_CURVE('',#2017,#2016,#918,.T.);
#2670=EDGE_CURVE('',#2018,#2017,#919,.T.);
#2671=EDGE_CURVE('',#2019,#2018,#920,.T.);
#2672=EDGE_CURVE('',#2015,#2019,#921,.T.);
#2673=EDGE_CURVE('',#2020,#2021,#922,.T.);
#2674=EDGE_CURVE('',#2021,#2022,#923,.T.);
#2675=EDGE_CURVE('',#2022,#2023,#924,.T.);
#2676=EDGE_CURVE('',#2023,#2024,#925,.T.);
#2677=EDGE_CURVE('',#2024,#2025,#926,.T.);
#2678=EDGE_CURVE('',#2025,#2020,#927,.T.);
#2679=EDGE_CURVE('',#2020,#2014,#928,.T.);
#2680=EDGE_CURVE('',#2021,#2015,#929,.T.);
#2681=EDGE_CURVE('',#2022,#2019,#930,.T.);
#2682=EDGE_CURVE('',#2023,#2018,#931,.T.);
#2683=EDGE_CURVE('',#2024,#2017,#932,.T.);
#2684=EDGE_CURVE('',#2025,#2016,#933,.T.);
#2685=EDGE_CURVE('',#2026,#2026,#138,.T.);
#2686=EDGE_CURVE('',#2026,#2027,#934,.T.);
#2687=EDGE_CURVE('',#2027,#2027,#139,.T.);
#2688=EDGE_CURVE('',#2026,#2028,#935,.T.);
#2689=EDGE_CURVE('',#2028,#2028,#140,.T.);
#2690=EDGE_CURVE('',#2029,#2030,#1560,.T.);
#2691=EDGE_CURVE('',#2030,#2031,#173,.T.);
#2692=EDGE_CURVE('',#2031,#2032,#1561,.T.);
#2693=EDGE_CURVE('',#2032,#2033,#1562,.T.);
#2694=EDGE_CURVE('',#2033,#2034,#174,.T.);
#2695=EDGE_CURVE('',#2034,#2035,#1563,.T.);
#2696=EDGE_CURVE('',#2035,#2036,#1564,.T.);
#2697=EDGE_CURVE('',#2036,#2037,#175,.T.);
#2698=EDGE_CURVE('',#2037,#2038,#1565,.T.);
#2699=EDGE_CURVE('',#2038,#2039,#1566,.T.);
#2700=EDGE_CURVE('',#2039,#2040,#1567,.T.);
#2701=EDGE_CURVE('',#2040,#2041,#1568,.T.);
#2702=EDGE_CURVE('',#2041,#2042,#176,.T.);
#2703=EDGE_CURVE('',#2042,#2043,#1569,.T.);
#2704=EDGE_CURVE('',#2043,#2044,#1570,.T.);
#2705=EDGE_CURVE('',#2044,#2045,#1571,.T.);
#2706=EDGE_CURVE('',#2045,#2046,#1572,.T.);
#2707=EDGE_CURVE('',#2046,#2047,#1573,.T.);
#2708=EDGE_CURVE('',#2047,#2048,#177,.T.);
#2709=EDGE_CURVE('',#2048,#2049,#1574,.T.);
#2710=EDGE_CURVE('',#2049,#2050,#1575,.T.);
#2711=EDGE_CURVE('',#2050,#2051,#1576,.T.);
#2712=EDGE_CURVE('',#2051,#2052,#1577,.T.);
#2713=EDGE_CURVE('',#2052,#2053,#1578,.T.);
#2714=EDGE_CURVE('',#2053,#2029,#1579,.F.);
#2715=EDGE_CURVE('',#2054,#2055,#1580,.F.);
#2716=EDGE_CURVE('',#2055,#2056,#1581,.T.);
#2717=EDGE_CURVE('',#2056,#2057,#1582,.T.);
#2718=EDGE_CURVE('',#2057,#2058,#1583,.T.);
#2719=EDGE_CURVE('',#2058,#2059,#1584,.T.);
#2720=EDGE_CURVE('',#2059,#2060,#178,.T.);
#2721=EDGE_CURVE('',#2060,#2054,#1585,.F.);
#2722=EDGE_CURVE('',#2061,#2062,#1586,.T.);
#2723=EDGE_CURVE('',#2062,#2063,#1587,.T.);
#2724=EDGE_CURVE('',#2063,#2064,#1588,.T.);
#2725=EDGE_CURVE('',#2064,#2061,#179,.F.);
#2726=EDGE_CURVE('',#2065,#2066,#1589,.T.);
#2727=EDGE_CURVE('',#2066,#2067,#180,.F.);
#2728=EDGE_CURVE('',#2067,#2068,#1590,.F.);
#2729=EDGE_CURVE('',#2068,#2069,#181,.F.);
#2730=EDGE_CURVE('',#2069,#2065,#1591,.F.);
#2731=EDGE_CURVE('',#2070,#2071,#141,.T.);
#2732=EDGE_CURVE('',#2071,#2072,#182,.T.);
#2733=EDGE_CURVE('',#2072,#2073,#1592,.T.);
#2734=EDGE_CURVE('',#2073,#2074,#1593,.T.);
#2735=EDGE_CURVE('',#2074,#2075,#1594,.T.);
#2736=EDGE_CURVE('',#2075,#2076,#936,.T.);
#2737=EDGE_CURVE('',#2076,#2077,#183,.T.);
#2738=EDGE_CURVE('',#2077,#2078,#1595,.T.);
#2739=EDGE_CURVE('',#2078,#2079,#1596,.T.);
#2740=EDGE_CURVE('',#2079,#2080,#1597,.T.);
#2741=EDGE_CURVE('',#2080,#2081,#1598,.F.);
#2742=EDGE_CURVE('',#2081,#2082,#1599,.T.);
#2743=EDGE_CURVE('',#2082,#2070,#1600,.F.);
#2744=EDGE_CURVE('',#2083,#2084,#142,.T.);
#2745=EDGE_CURVE('',#2084,#2085,#1601,.T.);
#2746=EDGE_CURVE('',#2085,#2086,#184,.F.);
#2747=EDGE_CURVE('',#2086,#2087,#1602,.T.);
#2748=EDGE_CURVE('',#2088,#2087,#1603,.F.);
#2749=EDGE_CURVE('',#2088,#2089,#1604,.T.);
#2750=EDGE_CURVE('',#2089,#2083,#1605,.T.);
#2751=EDGE_CURVE('',#2090,#2091,#143,.T.);
#2752=EDGE_CURVE('',#2091,#2092,#1606,.T.);
#2753=EDGE_CURVE('',#2092,#2093,#1607,.T.);
#2754=EDGE_CURVE('',#2093,#2094,#1608,.T.);
#2755=EDGE_CURVE('',#2094,#2095,#1609,.T.);
#2756=EDGE_CURVE('',#2095,#2096,#1610,.T.);
#2757=EDGE_CURVE('',#2096,#2097,#1611,.T.);
#2758=EDGE_CURVE('',#2097,#2098,#1612,.T.);
#2759=EDGE_CURVE('',#2098,#2099,#1613,.T.);
#2760=EDGE_CURVE('',#2099,#2100,#1614,.T.);
#2761=EDGE_CURVE('',#2100,#2101,#1615,.T.);
#2762=EDGE_CURVE('',#2101,#2102,#1616,.T.);
#2763=EDGE_CURVE('',#2102,#2103,#1617,.T.);
#2764=EDGE_CURVE('',#2103,#2104,#1618,.T.);
#2765=EDGE_CURVE('',#2104,#2105,#937,.T.);
#2766=EDGE_CURVE('',#2105,#2106,#1619,.T.);
#2767=EDGE_CURVE('',#2106,#2107,#1620,.T.);
#2768=EDGE_CURVE('',#2107,#2108,#1621,.T.);
#2769=EDGE_CURVE('',#2108,#2109,#1622,.T.);
#2770=EDGE_CURVE('',#2109,#2110,#1623,.T.);
#2771=EDGE_CURVE('',#2111,#2110,#185,.F.);
#2772=EDGE_CURVE('',#2110,#2111,#1624,.F.);
#2773=EDGE_CURVE('',#2110,#2112,#1625,.T.);
#2774=EDGE_CURVE('',#2112,#2090,#1626,.T.);
#2775=EDGE_CURVE('',#2113,#2114,#144,.T.);
#2776=EDGE_CURVE('',#2114,#2115,#1627,.T.);
#2777=EDGE_CURVE('',#2115,#2116,#1628,.T.);
#2778=EDGE_CURVE('',#2116,#2117,#1629,.T.);
#2779=EDGE_CURVE('',#2117,#2118,#1630,.T.);
#2780=EDGE_CURVE('',#2118,#2119,#1631,.T.);
#2781=EDGE_CURVE('',#2119,#2120,#1632,.T.);
#2782=EDGE_CURVE('',#2120,#2113,#1633,.T.);
#2783=EDGE_CURVE('',#2121,#2122,#145,.T.);
#2784=EDGE_CURVE('',#2122,#2123,#146,.T.);
#2785=EDGE_CURVE('',#2123,#2124,#1634,.T.);
#2786=EDGE_CURVE('',#2124,#2125,#1635,.T.);
#2787=EDGE_CURVE('',#2125,#2126,#1636,.T.);
#2788=EDGE_CURVE('',#2126,#2127,#1637,.T.);
#2789=EDGE_CURVE('',#2127,#2121,#1638,.T.);
#2790=EDGE_CURVE('',#2128,#2129,#1639,.T.);
#2791=EDGE_CURVE('',#2129,#2130,#1640,.T.);
#2792=EDGE_CURVE('',#2130,#2131,#1641,.T.);
#2793=EDGE_CURVE('',#2131,#2132,#1642,.T.);
#2794=EDGE_CURVE('',#2132,#2133,#1643,.T.);
#2795=EDGE_CURVE('',#2133,#2134,#1644,.T.);
#2796=EDGE_CURVE('',#2134,#2135,#1645,.T.);
#2797=EDGE_CURVE('',#2135,#2136,#1646,.T.);
#2798=EDGE_CURVE('',#2136,#2137,#1647,.T.);
#2799=EDGE_CURVE('',#2137,#2138,#147,.T.);
#2800=EDGE_CURVE('',#2138,#2128,#148,.T.);
#2801=EDGE_CURVE('',#2139,#2140,#1648,.F.);
#2802=EDGE_CURVE('',#2139,#2141,#938,.F.);
#2803=EDGE_CURVE('',#2142,#2141,#186,.F.);
#2804=EDGE_CURVE('',#2142,#2143,#1649,.T.);
#2805=EDGE_CURVE('',#2143,#2144,#1650,.T.);
#2806=EDGE_CURVE('',#2144,#2145,#149,.T.);
#2807=EDGE_CURVE('',#2145,#2146,#1651,.T.);
#2808=EDGE_CURVE('',#2146,#2147,#1652,.T.);
#2809=EDGE_CURVE('',#2147,#2148,#1653,.T.);
#2810=EDGE_CURVE('',#2148,#2140,#1654,.T.);
#2811=EDGE_CURVE('',#2149,#2149,#150,.T.);
#2812=EDGE_CURVE('',#2140,#2150,#939,.T.);
#2813=EDGE_CURVE('',#2150,#2151,#1655,.F.);
#2814=EDGE_CURVE('',#2151,#2139,#940,.T.);
#2815=EDGE_CURVE('',#2150,#2152,#1656,.T.);
#2816=EDGE_CURVE('',#2152,#2153,#1657,.T.);
#2817=EDGE_CURVE('',#2153,#2154,#1658,.T.);
#2818=EDGE_CURVE('',#2154,#2155,#1659,.T.);
#2819=EDGE_CURVE('',#2156,#2155,#151,.T.);
#2820=EDGE_CURVE('',#2156,#2157,#1660,.T.);
#2821=EDGE_CURVE('',#2157,#2158,#1661,.T.);
#2822=EDGE_CURVE('',#2158,#2159,#1662,.T.);
#2823=EDGE_CURVE('',#2159,#2158,#187,.T.);
#2824=EDGE_CURVE('',#2158,#2160,#1663,.T.);
#2825=EDGE_CURVE('',#2160,#2161,#1664,.T.);
#2826=EDGE_CURVE('',#2161,#2162,#1665,.T.);
#2827=EDGE_CURVE('',#2162,#2163,#1666,.T.);
#2828=EDGE_CURVE('',#2163,#2164,#1667,.T.);
#2829=EDGE_CURVE('',#2164,#2165,#941,.F.);
#2830=EDGE_CURVE('',#2165,#2166,#1668,.T.);
#2831=EDGE_CURVE('',#2166,#2167,#1669,.T.);
#2832=EDGE_CURVE('',#2167,#2168,#1670,.T.);
#2833=EDGE_CURVE('',#2168,#2169,#1671,.T.);
#2834=EDGE_CURVE('',#2169,#2170,#1672,.T.);
#2835=EDGE_CURVE('',#2170,#2171,#1673,.T.);
#2836=EDGE_CURVE('',#2171,#2172,#1674,.T.);
#2837=EDGE_CURVE('',#2172,#2173,#1675,.T.);
#2838=EDGE_CURVE('',#2173,#2174,#1676,.T.);
#2839=EDGE_CURVE('',#2174,#2175,#1677,.T.);
#2840=EDGE_CURVE('',#2175,#2176,#1678,.T.);
#2841=EDGE_CURVE('',#2176,#2177,#1679,.T.);
#2842=EDGE_CURVE('',#2177,#2178,#1680,.T.);
#2843=EDGE_CURVE('',#2179,#2178,#152,.T.);
#2844=EDGE_CURVE('',#2179,#2180,#1681,.T.);
#2845=EDGE_CURVE('',#2180,#2181,#1682,.T.);
#2846=EDGE_CURVE('',#2182,#2181,#1683,.F.);
#2847=EDGE_CURVE('',#2182,#2183,#1684,.T.);
#2848=EDGE_CURVE('',#2183,#2184,#188,.T.);
#2849=EDGE_CURVE('',#2184,#2185,#1685,.T.);
#2850=EDGE_CURVE('',#2186,#2185,#153,.T.);
#2851=EDGE_CURVE('',#2186,#2187,#1686,.T.);
#2852=EDGE_CURVE('',#2187,#2188,#1687,.T.);
#2853=EDGE_CURVE('',#2188,#2189,#1688,.T.);
#2854=EDGE_CURVE('',#2189,#2190,#1689,.T.);
#2855=EDGE_CURVE('',#2190,#2191,#1690,.T.);
#2856=EDGE_CURVE('',#2191,#2192,#1691,.T.);
#2857=EDGE_CURVE('',#2192,#2193,#189,.T.);
#2858=EDGE_CURVE('',#2193,#2194,#942,.F.);
#2859=EDGE_CURVE('',#2194,#2195,#1692,.T.);
#2860=EDGE_CURVE('',#2195,#2196,#1693,.T.);
#2861=EDGE_CURVE('',#2196,#2197,#1694,.T.);
#2862=EDGE_CURVE('',#2197,#2198,#190,.T.);
#2863=EDGE_CURVE('',#2199,#2198,#154,.T.);
#2864=EDGE_CURVE('',#2199,#2200,#1695,.T.);
#2865=EDGE_CURVE('',#2200,#2201,#1696,.T.);
#2866=EDGE_CURVE('',#2201,#2202,#1697,.T.);
#2867=EDGE_CURVE('',#2202,#2203,#1698,.T.);
#2868=EDGE_CURVE('',#2203,#2204,#1699,.T.);
#2869=EDGE_CURVE('',#2204,#2205,#1700,.T.);
#2870=EDGE_CURVE('',#2205,#2206,#1701,.T.);
#2871=EDGE_CURVE('',#2206,#2207,#1702,.T.);
#2872=EDGE_CURVE('',#2207,#2208,#1703,.T.);
#2873=EDGE_CURVE('',#2209,#2208,#155,.T.);
#2874=EDGE_CURVE('',#2209,#2210,#1704,.T.);
#2875=EDGE_CURVE('',#2210,#2211,#1705,.T.);
#2876=EDGE_CURVE('',#2211,#2212,#1706,.T.);
#2877=EDGE_CURVE('',#2212,#2213,#1707,.T.);
#2878=EDGE_CURVE('',#2213,#2214,#1708,.T.);
#2879=EDGE_CURVE('',#2214,#2215,#156,.T.);
#2880=EDGE_CURVE('',#2216,#2215,#157,.T.);
#2881=EDGE_CURVE('',#2216,#2217,#1709,.T.);
#2882=EDGE_CURVE('',#2217,#2218,#1710,.T.);
#2883=EDGE_CURVE('',#2218,#2219,#1711,.T.);
#2884=EDGE_CURVE('',#2219,#2220,#1712,.T.);
#2885=EDGE_CURVE('',#2220,#2221,#1713,.T.);
#2886=EDGE_CURVE('',#2221,#2222,#1714,.T.);
#2887=EDGE_CURVE('',#2222,#2223,#1715,.T.);
#2888=EDGE_CURVE('',#2224,#2223,#158,.T.);
#2889=EDGE_CURVE('',#2224,#2225,#1716,.T.);
#2890=EDGE_CURVE('',#2225,#2226,#1717,.T.);
#2891=EDGE_CURVE('',#2227,#2226,#191,.F.);
#2892=EDGE_CURVE('',#2227,#2151,#943,.T.);
#2893=EDGE_CURVE('',#2228,#2229,#1718,.T.);
#2894=EDGE_CURVE('',#2229,#2230,#1719,.T.);
#2895=EDGE_CURVE('',#2230,#2231,#1720,.T.);
#2896=EDGE_CURVE('',#2231,#2232,#1721,.T.);
#2897=EDGE_CURVE('',#2232,#2233,#1722,.T.);
#2898=EDGE_CURVE('',#2233,#2234,#1723,.T.);
#2899=EDGE_CURVE('',#2234,#2235,#192,.T.);
#2900=EDGE_CURVE('',#2235,#2236,#1724,.T.);
#2901=EDGE_CURVE('',#2236,#2237,#1725,.T.);
#2902=EDGE_CURVE('',#2237,#2238,#1726,.T.);
#2903=EDGE_CURVE('',#2238,#2239,#1727,.T.);
#2904=EDGE_CURVE('',#2239,#2240,#1728,.T.);
#2905=EDGE_CURVE('',#2240,#2241,#193,.T.);
#2906=EDGE_CURVE('',#2241,#2242,#1729,.T.);
#2907=EDGE_CURVE('',#2242,#2243,#1730,.T.);
#2908=EDGE_CURVE('',#2243,#2244,#1731,.T.);
#2909=EDGE_CURVE('',#2244,#2245,#1732,.T.);
#2910=EDGE_CURVE('',#2245,#2246,#194,.T.);
#2911=EDGE_CURVE('',#2246,#2247,#1733,.T.);
#2912=EDGE_CURVE('',#2247,#2248,#1734,.T.);
#2913=EDGE_CURVE('',#2248,#2249,#195,.T.);
#2914=EDGE_CURVE('',#2249,#2250,#1735,.T.);
#2915=EDGE_CURVE('',#2250,#2251,#1736,.T.);
#2916=EDGE_CURVE('',#2251,#2252,#196,.T.);
#2917=EDGE_CURVE('',#2252,#2228,#1737,.T.);
#2918=EDGE_CURVE('',#2253,#2254,#1738,.T.);
#2919=EDGE_CURVE('',#2254,#2255,#197,.T.);
#2920=EDGE_CURVE('',#2255,#2256,#1739,.T.);
#2921=EDGE_CURVE('',#2256,#2257,#198,.T.);
#2922=EDGE_CURVE('',#2257,#2253,#1740,.T.);
#2923=EDGE_CURVE('',#2258,#2259,#199,.T.);
#2924=EDGE_CURVE('',#2259,#2260,#1741,.T.);
#2925=EDGE_CURVE('',#2260,#2261,#1742,.T.);
#2926=EDGE_CURVE('',#2261,#2258,#1743,.T.);
#2927=EDGE_CURVE('',#2262,#2263,#1744,.T.);
#2928=EDGE_CURVE('',#2263,#2264,#200,.T.);
#2929=EDGE_CURVE('',#2264,#2265,#1745,.T.);
#2930=EDGE_CURVE('',#2265,#2266,#1746,.T.);
#2931=EDGE_CURVE('',#2266,#2267,#1747,.T.);
#2932=EDGE_CURVE('',#2267,#2268,#1748,.T.);
#2933=EDGE_CURVE('',#2268,#2262,#1749,.T.);
#2934=EDGE_CURVE('',#2148,#2152,#944,.T.);
#2935=EDGE_CURVE('',#2141,#2227,#945,.T.);
#2936=EDGE_CURVE('',#2186,#2070,#1750,.T.);
#2937=EDGE_CURVE('',#2082,#2187,#946,.T.);
#2938=EDGE_CURVE('',#2149,#2138,#947,.T.);
#2939=EDGE_CURVE('',#2137,#2199,#948,.T.);
#2940=EDGE_CURVE('',#2198,#2071,#949,.T.);
#2941=EDGE_CURVE('',#2185,#2084,#950,.T.);
#2942=EDGE_CURVE('',#2083,#2179,#951,.T.);
#2943=EDGE_CURVE('',#2178,#2091,#952,.T.);
#2944=EDGE_CURVE('',#2090,#2156,#953,.T.);
#2945=EDGE_CURVE('',#2155,#2145,#954,.T.);
#2946=EDGE_CURVE('',#2144,#2224,#955,.T.);
#2947=EDGE_CURVE('',#2223,#2114,#956,.T.);
#2948=EDGE_CURVE('',#2113,#2216,#957,.T.);
#2949=EDGE_CURVE('',#2215,#2122,#958,.T.);
#2950=EDGE_CURVE('',#2121,#2209,#959,.T.);
#2951=EDGE_CURVE('',#2208,#2128,#960,.T.);
#2952=EDGE_CURVE('',#2080,#2189,#961,.F.);
#2953=EDGE_CURVE('',#2079,#2190,#962,.T.);
#2954=EDGE_CURVE('',#2228,#2029,#963,.F.);
#2955=EDGE_CURVE('',#2252,#2030,#964,.T.);
#2956=EDGE_CURVE('',#2053,#2229,#965,.T.);
#2957=EDGE_CURVE('',#2031,#2251,#966,.T.);
#2958=EDGE_CURVE('',#2081,#2188,#967,.T.);
#2959=EDGE_CURVE('',#2054,#2262,#968,.F.);
#2960=EDGE_CURVE('',#2060,#2263,#969,.F.);
#2961=EDGE_CURVE('',#2055,#2268,#970,.T.);
#2962=EDGE_CURVE('',#2253,#2065,#971,.F.);
#2963=EDGE_CURVE('',#2066,#2257,#972,.F.);
#2964=EDGE_CURVE('',#2258,#2061,#973,.F.);
#2965=EDGE_CURVE('',#2062,#2261,#974,.T.);
#2966=EDGE_CURVE('',#2068,#2255,#975,.F.);
#2967=EDGE_CURVE('',#2069,#2254,#976,.T.);
#2968=EDGE_CURVE('',#2056,#2267,#977,.T.);
#2969=EDGE_CURVE('',#2057,#2266,#978,.T.);
#2970=EDGE_CURVE('',#2058,#2265,#979,.T.);
#2971=EDGE_CURVE('',#2059,#2264,#980,.T.);
#2972=EDGE_CURVE('',#2067,#2256,#981,.F.);
#2973=EDGE_CURVE('',#2085,#2184,#982,.T.);
#2974=EDGE_CURVE('',#2183,#2086,#983,.F.);
#2975=EDGE_CURVE('',#2087,#2182,#984,.T.);
#2976=EDGE_CURVE('',#2181,#2088,#985,.T.);
#2977=EDGE_CURVE('',#2089,#2180,#986,.T.);
#2978=EDGE_CURVE('',#2092,#2177,#987,.T.);
#2979=EDGE_CURVE('',#2093,#2176,#988,.T.);
#2980=EDGE_CURVE('',#2094,#2175,#989,.T.);
#2981=EDGE_CURVE('',#2095,#2174,#990,.T.);
#2982=EDGE_CURVE('',#2096,#2173,#991,.T.);
#2983=EDGE_CURVE('',#2097,#2172,#992,.T.);
#2984=EDGE_CURVE('',#2098,#2171,#993,.T.);
#2985=EDGE_CURVE('',#2099,#2170,#994,.T.);
#2986=EDGE_CURVE('',#2100,#2169,#995,.T.);
#2987=EDGE_CURVE('',#2101,#2168,#996,.T.);
#2988=EDGE_CURVE('',#2102,#2167,#997,.T.);
#2989=EDGE_CURVE('',#2103,#2166,#998,.T.);
#2990=EDGE_CURVE('',#2104,#2165,#999,.T.);
#2991=EDGE_CURVE('',#2105,#2164,#1000,.T.);
#2992=EDGE_CURVE('',#2106,#2163,#1001,.T.);
#2993=EDGE_CURVE('',#2107,#2162,#1002,.T.);
#2994=EDGE_CURVE('',#2108,#2161,#1003,.T.);
#2995=EDGE_CURVE('',#2109,#2160,#1004,.T.);
#2996=EDGE_CURVE('',#2110,#2158,#1005,.T.);
#2997=EDGE_CURVE('',#2111,#2159,#1006,.T.);
#2998=EDGE_CURVE('',#2110,#2158,#1007,.T.);
#2999=EDGE_CURVE('',#2112,#2157,#1008,.T.);
#3000=EDGE_CURVE('',#2146,#2154,#1009,.T.);
#3001=EDGE_CURVE('',#2147,#2153,#1010,.T.);
#3002=EDGE_CURVE('',#2226,#2142,#1011,.T.);
#3003=EDGE_CURVE('',#2143,#2225,#1012,.T.);
#3004=EDGE_CURVE('',#2115,#2222,#1013,.T.);
#3005=EDGE_CURVE('',#2116,#2221,#1014,.T.);
#3006=EDGE_CURVE('',#2117,#2220,#1015,.T.);
#3007=EDGE_CURVE('',#2118,#2219,#1016,.T.);
#3008=EDGE_CURVE('',#2119,#2218,#1017,.T.);
#3009=EDGE_CURVE('',#2120,#2217,#1018,.T.);
#3010=EDGE_CURVE('',#2123,#2214,#1019,.T.);
#3011=EDGE_CURVE('',#2124,#2213,#1020,.T.);
#3012=EDGE_CURVE('',#2125,#2212,#1021,.T.);
#3013=EDGE_CURVE('',#2126,#2211,#1022,.T.);
#3014=EDGE_CURVE('',#2127,#2210,#1023,.T.);
#3015=EDGE_CURVE('',#2129,#2207,#1024,.T.);
#3016=EDGE_CURVE('',#2130,#2206,#1025,.T.);
#3017=EDGE_CURVE('',#2131,#2205,#1026,.T.);
#3018=EDGE_CURVE('',#2132,#2204,#1027,.T.);
#3019=EDGE_CURVE('',#2133,#2203,#1028,.T.);
#3020=EDGE_CURVE('',#2134,#2202,#1029,.T.);
#3021=EDGE_CURVE('',#2135,#2201,#1030,.T.);
#3022=EDGE_CURVE('',#2136,#2200,#1031,.T.);
#3023=EDGE_CURVE('',#2072,#2197,#1032,.T.);
#3024=EDGE_CURVE('',#2073,#2196,#1033,.T.);
#3025=EDGE_CURVE('',#2074,#2195,#1034,.T.);
#3026=EDGE_CURVE('',#2075,#2194,#1035,.T.);
#3027=EDGE_CURVE('',#2076,#2193,#1036,.T.);
#3028=EDGE_CURVE('',#2077,#2192,#1037,.T.);
#3029=EDGE_CURVE('',#2078,#2191,#1038,.T.);
#3030=EDGE_CURVE('',#2032,#2250,#1039,.T.);
#3031=EDGE_CURVE('',#2033,#2249,#1040,.T.);
#3032=EDGE_CURVE('',#2034,#2248,#1041,.T.);
#3033=EDGE_CURVE('',#2035,#2247,#1042,.T.);
#3034=EDGE_CURVE('',#2036,#2246,#1043,.T.);
#3035=EDGE_CURVE('',#2037,#2245,#1044,.T.);
#3036=EDGE_CURVE('',#2038,#2244,#1045,.T.);
#3037=EDGE_CURVE('',#2039,#2243,#1046,.T.);
#3038=EDGE_CURVE('',#2040,#2242,#1047,.T.);
#3039=EDGE_CURVE('',#2041,#2241,#1048,.T.);
#3040=EDGE_CURVE('',#2042,#2240,#1049,.T.);
#3041=EDGE_CURVE('',#2043,#2239,#1050,.T.);
#3042=EDGE_CURVE('',#2044,#2238,#1051,.T.);
#3043=EDGE_CURVE('',#2045,#2237,#1052,.T.);
#3044=EDGE_CURVE('',#2046,#2236,#1053,.T.);
#3045=EDGE_CURVE('',#2047,#2235,#1054,.T.);
#3046=EDGE_CURVE('',#2048,#2234,#1055,.T.);
#3047=EDGE_CURVE('',#2049,#2233,#1056,.T.);
#3048=EDGE_CURVE('',#2050,#2232,#1057,.T.);
#3049=EDGE_CURVE('',#2051,#2231,#1058,.T.);
#3050=EDGE_CURVE('',#2052,#2230,#1059,.T.);
#3051=EDGE_CURVE('',#2064,#2259,#1060,.F.);
#3052=EDGE_CURVE('',#2063,#2260,#1061,.T.);
#3053=ORIENTED_EDGE('',*,*,#2269,.F.);
#3054=ORIENTED_EDGE('',*,*,#2270,.T.);
#3055=ORIENTED_EDGE('',*,*,#2271,.T.);
#3056=ORIENTED_EDGE('',*,*,#2272,.T.);
#3057=ORIENTED_EDGE('',*,*,#2273,.F.);
#3058=ORIENTED_EDGE('',*,*,#2272,.F.);
#3059=ORIENTED_EDGE('',*,*,#2274,.T.);
#3060=ORIENTED_EDGE('',*,*,#2275,.F.);
#3061=ORIENTED_EDGE('',*,*,#2276,.F.);
#3062=ORIENTED_EDGE('',*,*,#2275,.T.);
#3063=ORIENTED_EDGE('',*,*,#2277,.T.);
#3064=ORIENTED_EDGE('',*,*,#2278,.T.);
#3065=ORIENTED_EDGE('',*,*,#2279,.F.);
#3066=ORIENTED_EDGE('',*,*,#2280,.T.);
#3067=ORIENTED_EDGE('',*,*,#2281,.T.);
#3068=ORIENTED_EDGE('',*,*,#2282,.F.);
#3069=ORIENTED_EDGE('',*,*,#2283,.F.);
#3070=ORIENTED_EDGE('',*,*,#2282,.T.);
#3071=ORIENTED_EDGE('',*,*,#2284,.T.);
#3072=ORIENTED_EDGE('',*,*,#2285,.F.);
#3073=ORIENTED_EDGE('',*,*,#2286,.F.);
#3074=ORIENTED_EDGE('',*,*,#2285,.T.);
#3075=ORIENTED_EDGE('',*,*,#2287,.T.);
#3076=ORIENTED_EDGE('',*,*,#2288,.F.);
#3077=ORIENTED_EDGE('',*,*,#2289,.F.);
#3078=ORIENTED_EDGE('',*,*,#2288,.T.);
#3079=ORIENTED_EDGE('',*,*,#2290,.T.);
#3080=ORIENTED_EDGE('',*,*,#2291,.F.);
#3081=ORIENTED_EDGE('',*,*,#2292,.F.);
#3082=ORIENTED_EDGE('',*,*,#2291,.T.);
#3083=ORIENTED_EDGE('',*,*,#2293,.T.);
#3084=ORIENTED_EDGE('',*,*,#2294,.F.);
#3085=ORIENTED_EDGE('',*,*,#2295,.F.);
#3086=ORIENTED_EDGE('',*,*,#2294,.T.);
#3087=ORIENTED_EDGE('',*,*,#2296,.T.);
#3088=ORIENTED_EDGE('',*,*,#2297,.F.);
#3089=ORIENTED_EDGE('',*,*,#2298,.F.);
#3090=ORIENTED_EDGE('',*,*,#2297,.T.);
#3091=ORIENTED_EDGE('',*,*,#2299,.T.);
#3092=ORIENTED_EDGE('',*,*,#2300,.F.);
#3093=ORIENTED_EDGE('',*,*,#2301,.F.);
#3094=ORIENTED_EDGE('',*,*,#2300,.T.);
#3095=ORIENTED_EDGE('',*,*,#2302,.T.);
#3096=ORIENTED_EDGE('',*,*,#2303,.F.);
#3097=ORIENTED_EDGE('',*,*,#2304,.F.);
#3098=ORIENTED_EDGE('',*,*,#2305,.T.);
#3099=ORIENTED_EDGE('',*,*,#2306,.T.);
#3100=ORIENTED_EDGE('',*,*,#2307,.F.);
#3101=ORIENTED_EDGE('',*,*,#2308,.F.);
#3102=ORIENTED_EDGE('',*,*,#2303,.T.);
#3103=ORIENTED_EDGE('',*,*,#2309,.T.);
#3104=ORIENTED_EDGE('',*,*,#2310,.F.);
#3105=ORIENTED_EDGE('',*,*,#2311,.F.);
#3106=ORIENTED_EDGE('',*,*,#2310,.T.);
#3107=ORIENTED_EDGE('',*,*,#2312,.T.);
#3108=ORIENTED_EDGE('',*,*,#2313,.F.);
#3109=ORIENTED_EDGE('',*,*,#2314,.F.);
#3110=ORIENTED_EDGE('',*,*,#2313,.T.);
#3111=ORIENTED_EDGE('',*,*,#2315,.T.);
#3112=ORIENTED_EDGE('',*,*,#2316,.T.);
#3113=ORIENTED_EDGE('',*,*,#2317,.F.);
#3114=ORIENTED_EDGE('',*,*,#2318,.F.);
#3115=ORIENTED_EDGE('',*,*,#2319,.F.);
#3116=ORIENTED_EDGE('',*,*,#2320,.F.);
#3117=ORIENTED_EDGE('',*,*,#2321,.F.);
#3118=ORIENTED_EDGE('',*,*,#2320,.T.);
#3119=ORIENTED_EDGE('',*,*,#2322,.T.);
#3120=ORIENTED_EDGE('',*,*,#2323,.F.);
#3121=ORIENTED_EDGE('',*,*,#2324,.F.);
#3122=ORIENTED_EDGE('',*,*,#2323,.T.);
#3123=ORIENTED_EDGE('',*,*,#2325,.T.);
#3124=ORIENTED_EDGE('',*,*,#2326,.F.);
#3125=ORIENTED_EDGE('',*,*,#2327,.F.);
#3126=ORIENTED_EDGE('',*,*,#2326,.T.);
#3127=ORIENTED_EDGE('',*,*,#2328,.T.);
#3128=ORIENTED_EDGE('',*,*,#2329,.F.);
#3129=ORIENTED_EDGE('',*,*,#2330,.F.);
#3130=ORIENTED_EDGE('',*,*,#2329,.T.);
#3131=ORIENTED_EDGE('',*,*,#2331,.T.);
#3132=ORIENTED_EDGE('',*,*,#2332,.T.);
#3133=ORIENTED_EDGE('',*,*,#2333,.F.);
#3134=ORIENTED_EDGE('',*,*,#2334,.T.);
#3135=ORIENTED_EDGE('',*,*,#2335,.T.);
#3136=ORIENTED_EDGE('',*,*,#2336,.F.);
#3137=ORIENTED_EDGE('',*,*,#2337,.F.);
#3138=ORIENTED_EDGE('',*,*,#2336,.T.);
#3139=ORIENTED_EDGE('',*,*,#2338,.T.);
#3140=ORIENTED_EDGE('',*,*,#2339,.F.);
#3141=ORIENTED_EDGE('',*,*,#2340,.F.);
#3142=ORIENTED_EDGE('',*,*,#2339,.T.);
#3143=ORIENTED_EDGE('',*,*,#2341,.T.);
#3144=ORIENTED_EDGE('',*,*,#2342,.F.);
#3145=ORIENTED_EDGE('',*,*,#2343,.F.);
#3146=ORIENTED_EDGE('',*,*,#2342,.T.);
#3147=ORIENTED_EDGE('',*,*,#2344,.T.);
#3148=ORIENTED_EDGE('',*,*,#2345,.T.);
#3149=ORIENTED_EDGE('',*,*,#2346,.F.);
#3150=ORIENTED_EDGE('',*,*,#2347,.T.);
#3151=ORIENTED_EDGE('',*,*,#2348,.T.);
#3152=ORIENTED_EDGE('',*,*,#2349,.F.);
#3153=ORIENTED_EDGE('',*,*,#2350,.F.);
#3154=ORIENTED_EDGE('',*,*,#2349,.T.);
#3155=ORIENTED_EDGE('',*,*,#2351,.T.);
#3156=ORIENTED_EDGE('',*,*,#2352,.F.);
#3157=ORIENTED_EDGE('',*,*,#2353,.F.);
#3158=ORIENTED_EDGE('',*,*,#2352,.T.);
#3159=ORIENTED_EDGE('',*,*,#2354,.T.);
#3160=ORIENTED_EDGE('',*,*,#2355,.T.);
#3161=ORIENTED_EDGE('',*,*,#2356,.F.);
#3162=ORIENTED_EDGE('',*,*,#2357,.T.);
#3163=ORIENTED_EDGE('',*,*,#2358,.T.);
#3164=ORIENTED_EDGE('',*,*,#2359,.F.);
#3165=ORIENTED_EDGE('',*,*,#2360,.F.);
#3166=ORIENTED_EDGE('',*,*,#2359,.T.);
#3167=ORIENTED_EDGE('',*,*,#2361,.T.);
#3168=ORIENTED_EDGE('',*,*,#2362,.F.);
#3169=ORIENTED_EDGE('',*,*,#2363,.F.);
#3170=ORIENTED_EDGE('',*,*,#2362,.T.);
#3171=ORIENTED_EDGE('',*,*,#2364,.T.);
#3172=ORIENTED_EDGE('',*,*,#2365,.F.);
#3173=ORIENTED_EDGE('',*,*,#2366,.F.);
#3174=ORIENTED_EDGE('',*,*,#2365,.T.);
#3175=ORIENTED_EDGE('',*,*,#2367,.T.);
#3176=ORIENTED_EDGE('',*,*,#2368,.F.);
#3177=ORIENTED_EDGE('',*,*,#2369,.F.);
#3178=ORIENTED_EDGE('',*,*,#2368,.T.);
#3179=ORIENTED_EDGE('',*,*,#2370,.T.);
#3180=ORIENTED_EDGE('',*,*,#2371,.T.);
#3181=ORIENTED_EDGE('',*,*,#2372,.F.);
#3182=ORIENTED_EDGE('',*,*,#2373,.T.);
#3183=ORIENTED_EDGE('',*,*,#2374,.T.);
#3184=ORIENTED_EDGE('',*,*,#2375,.F.);
#3185=ORIENTED_EDGE('',*,*,#2376,.F.);
#3186=ORIENTED_EDGE('',*,*,#2375,.T.);
#3187=ORIENTED_EDGE('',*,*,#2377,.T.);
#3188=ORIENTED_EDGE('',*,*,#2378,.T.);
#3189=ORIENTED_EDGE('',*,*,#2379,.F.);
#3190=ORIENTED_EDGE('',*,*,#2380,.F.);
#3191=ORIENTED_EDGE('',*,*,#2381,.T.);
#3192=ORIENTED_EDGE('',*,*,#2382,.F.);
#3193=ORIENTED_EDGE('',*,*,#2383,.F.);
#3194=ORIENTED_EDGE('',*,*,#2382,.T.);
#3195=ORIENTED_EDGE('',*,*,#2384,.T.);
#3196=ORIENTED_EDGE('',*,*,#2385,.F.);
#3197=ORIENTED_EDGE('',*,*,#2386,.F.);
#3198=ORIENTED_EDGE('',*,*,#2385,.T.);
#3199=ORIENTED_EDGE('',*,*,#2387,.T.);
#3200=ORIENTED_EDGE('',*,*,#2388,.F.);
#3201=ORIENTED_EDGE('',*,*,#2389,.F.);
#3202=ORIENTED_EDGE('',*,*,#2390,.T.);
#3203=ORIENTED_EDGE('',*,*,#2391,.T.);
#3204=ORIENTED_EDGE('',*,*,#2392,.F.);
#3205=ORIENTED_EDGE('',*,*,#2393,.F.);
#3206=ORIENTED_EDGE('',*,*,#2392,.T.);
#3207=ORIENTED_EDGE('',*,*,#2394,.T.);
#3208=ORIENTED_EDGE('',*,*,#2395,.F.);
#3209=ORIENTED_EDGE('',*,*,#2396,.F.);
#3210=ORIENTED_EDGE('',*,*,#2395,.T.);
#3211=ORIENTED_EDGE('',*,*,#2397,.T.);
#3212=ORIENTED_EDGE('',*,*,#2398,.F.);
#3213=ORIENTED_EDGE('',*,*,#2399,.F.);
#3214=ORIENTED_EDGE('',*,*,#2398,.T.);
#3215=ORIENTED_EDGE('',*,*,#2400,.T.);
#3216=ORIENTED_EDGE('',*,*,#2401,.F.);
#3217=ORIENTED_EDGE('',*,*,#2402,.F.);
#3218=ORIENTED_EDGE('',*,*,#2401,.T.);
#3219=ORIENTED_EDGE('',*,*,#2403,.T.);
#3220=ORIENTED_EDGE('',*,*,#2404,.F.);
#3221=ORIENTED_EDGE('',*,*,#2405,.F.);
#3222=ORIENTED_EDGE('',*,*,#2404,.T.);
#3223=ORIENTED_EDGE('',*,*,#2406,.T.);
#3224=ORIENTED_EDGE('',*,*,#2407,.F.);
#3225=ORIENTED_EDGE('',*,*,#2408,.F.);
#3226=ORIENTED_EDGE('',*,*,#2407,.T.);
#3227=ORIENTED_EDGE('',*,*,#2409,.T.);
#3228=ORIENTED_EDGE('',*,*,#2410,.F.);
#3229=ORIENTED_EDGE('',*,*,#2411,.F.);
#3230=ORIENTED_EDGE('',*,*,#2410,.T.);
#3231=ORIENTED_EDGE('',*,*,#2412,.T.);
#3232=ORIENTED_EDGE('',*,*,#2413,.F.);
#3233=ORIENTED_EDGE('',*,*,#2414,.F.);
#3234=ORIENTED_EDGE('',*,*,#2413,.T.);
#3235=ORIENTED_EDGE('',*,*,#2415,.T.);
#3236=ORIENTED_EDGE('',*,*,#2416,.F.);
#3237=ORIENTED_EDGE('',*,*,#2417,.F.);
#3238=ORIENTED_EDGE('',*,*,#2416,.T.);
#3239=ORIENTED_EDGE('',*,*,#2418,.T.);
#3240=ORIENTED_EDGE('',*,*,#2419,.F.);
#3241=ORIENTED_EDGE('',*,*,#2420,.F.);
#3242=ORIENTED_EDGE('',*,*,#2419,.T.);
#3243=ORIENTED_EDGE('',*,*,#2421,.T.);
#3244=ORIENTED_EDGE('',*,*,#2422,.F.);
#3245=ORIENTED_EDGE('',*,*,#2423,.F.);
#3246=ORIENTED_EDGE('',*,*,#2422,.T.);
#3247=ORIENTED_EDGE('',*,*,#2424,.T.);
#3248=ORIENTED_EDGE('',*,*,#2425,.T.);
#3249=ORIENTED_EDGE('',*,*,#2426,.F.);
#3250=ORIENTED_EDGE('',*,*,#2427,.T.);
#3251=ORIENTED_EDGE('',*,*,#2428,.T.);
#3252=ORIENTED_EDGE('',*,*,#2429,.F.);
#3253=ORIENTED_EDGE('',*,*,#2430,.F.);
#3254=ORIENTED_EDGE('',*,*,#2429,.T.);
#3255=ORIENTED_EDGE('',*,*,#2431,.T.);
#3256=ORIENTED_EDGE('',*,*,#2432,.F.);
#3257=ORIENTED_EDGE('',*,*,#2433,.F.);
#3258=ORIENTED_EDGE('',*,*,#2432,.T.);
#3259=ORIENTED_EDGE('',*,*,#2434,.T.);
#3260=ORIENTED_EDGE('',*,*,#2435,.F.);
#3261=ORIENTED_EDGE('',*,*,#2436,.F.);
#3262=ORIENTED_EDGE('',*,*,#2437,.T.);
#3263=ORIENTED_EDGE('',*,*,#2438,.T.);
#3264=ORIENTED_EDGE('',*,*,#2439,.T.);
#3265=ORIENTED_EDGE('',*,*,#2440,.F.);
#3266=ORIENTED_EDGE('',*,*,#2439,.F.);
#3267=ORIENTED_EDGE('',*,*,#2441,.T.);
#3268=ORIENTED_EDGE('',*,*,#2442,.F.);
#3269=ORIENTED_EDGE('',*,*,#2443,.F.);
#3270=ORIENTED_EDGE('',*,*,#2444,.T.);
#3271=ORIENTED_EDGE('',*,*,#2445,.T.);
#3272=ORIENTED_EDGE('',*,*,#2446,.T.);
#3273=ORIENTED_EDGE('',*,*,#2447,.F.);
#3274=ORIENTED_EDGE('',*,*,#2446,.F.);
#3275=ORIENTED_EDGE('',*,*,#2448,.T.);
#3276=ORIENTED_EDGE('',*,*,#2449,.F.);
#3277=ORIENTED_EDGE('',*,*,#2450,.T.);
#3278=ORIENTED_EDGE('',*,*,#2451,.T.);
#3279=ORIENTED_EDGE('',*,*,#2452,.T.);
#3280=ORIENTED_EDGE('',*,*,#2451,.F.);
#3281=ORIENTED_EDGE('',*,*,#2453,.F.);
#3282=ORIENTED_EDGE('',*,*,#2454,.T.);
#3283=ORIENTED_EDGE('',*,*,#2452,.F.);
#3284=ORIENTED_EDGE('',*,*,#2454,.F.);
#3285=ORIENTED_EDGE('',*,*,#2450,.F.);
#3286=ORIENTED_EDGE('',*,*,#2455,.F.);
#3287=ORIENTED_EDGE('',*,*,#2319,.T.);
#3288=ORIENTED_EDGE('',*,*,#2456,.F.);
#3289=ORIENTED_EDGE('',*,*,#2457,.T.);
#3290=ORIENTED_EDGE('',*,*,#2458,.F.);
#3291=ORIENTED_EDGE('',*,*,#2459,.F.);
#3292=ORIENTED_EDGE('',*,*,#2460,.T.);
#3293=ORIENTED_EDGE('',*,*,#2344,.F.);
#3294=ORIENTED_EDGE('',*,*,#2341,.F.);
#3295=ORIENTED_EDGE('',*,*,#2338,.F.);
#3296=ORIENTED_EDGE('',*,*,#2335,.F.);
#3297=ORIENTED_EDGE('',*,*,#2461,.F.);
#3298=ORIENTED_EDGE('',*,*,#2462,.F.);
#3299=ORIENTED_EDGE('',*,*,#2463,.F.);
#3300=ORIENTED_EDGE('',*,*,#2464,.T.);
#3301=ORIENTED_EDGE('',*,*,#2354,.F.);
#3302=ORIENTED_EDGE('',*,*,#2351,.F.);
#3303=ORIENTED_EDGE('',*,*,#2348,.F.);
#3304=ORIENTED_EDGE('',*,*,#2465,.F.);
#3305=ORIENTED_EDGE('',*,*,#2466,.F.);
#3306=ORIENTED_EDGE('',*,*,#2467,.F.);
#3307=ORIENTED_EDGE('',*,*,#2468,.T.);
#3308=ORIENTED_EDGE('',*,*,#2370,.F.);
#3309=ORIENTED_EDGE('',*,*,#2367,.F.);
#3310=ORIENTED_EDGE('',*,*,#2364,.F.);
#3311=ORIENTED_EDGE('',*,*,#2361,.F.);
#3312=ORIENTED_EDGE('',*,*,#2358,.F.);
#3313=ORIENTED_EDGE('',*,*,#2469,.F.);
#3314=ORIENTED_EDGE('',*,*,#2470,.F.);
#3315=ORIENTED_EDGE('',*,*,#2471,.F.);
#3316=ORIENTED_EDGE('',*,*,#2472,.F.);
#3317=ORIENTED_EDGE('',*,*,#2473,.T.);
#3318=ORIENTED_EDGE('',*,*,#2377,.F.);
#3319=ORIENTED_EDGE('',*,*,#2374,.F.);
#3320=ORIENTED_EDGE('',*,*,#2474,.F.);
#3321=ORIENTED_EDGE('',*,*,#2475,.F.);
#3322=ORIENTED_EDGE('',*,*,#2476,.F.);
#3323=ORIENTED_EDGE('',*,*,#2477,.F.);
#3324=ORIENTED_EDGE('',*,*,#2478,.F.);
#3325=ORIENTED_EDGE('',*,*,#2479,.F.);
#3326=ORIENTED_EDGE('',*,*,#2480,.F.);
#3327=ORIENTED_EDGE('',*,*,#2387,.F.);
#3328=ORIENTED_EDGE('',*,*,#2384,.F.);
#3329=ORIENTED_EDGE('',*,*,#2381,.F.);
#3330=ORIENTED_EDGE('',*,*,#2481,.T.);
#3331=ORIENTED_EDGE('',*,*,#2277,.F.);
#3332=ORIENTED_EDGE('',*,*,#2274,.F.);
#3333=ORIENTED_EDGE('',*,*,#2271,.F.);
#3334=ORIENTED_EDGE('',*,*,#2482,.T.);
#3335=ORIENTED_EDGE('',*,*,#2483,.F.);
#3336=ORIENTED_EDGE('',*,*,#2484,.F.);
#3337=ORIENTED_EDGE('',*,*,#2485,.T.);
#3338=ORIENTED_EDGE('',*,*,#2315,.F.);
#3339=ORIENTED_EDGE('',*,*,#2312,.F.);
#3340=ORIENTED_EDGE('',*,*,#2309,.F.);
#3341=ORIENTED_EDGE('',*,*,#2302,.F.);
#3342=ORIENTED_EDGE('',*,*,#2299,.F.);
#3343=ORIENTED_EDGE('',*,*,#2296,.F.);
#3344=ORIENTED_EDGE('',*,*,#2293,.F.);
#3345=ORIENTED_EDGE('',*,*,#2290,.F.);
#3346=ORIENTED_EDGE('',*,*,#2287,.F.);
#3347=ORIENTED_EDGE('',*,*,#2284,.F.);
#3348=ORIENTED_EDGE('',*,*,#2281,.F.);
#3349=ORIENTED_EDGE('',*,*,#2486,.F.);
#3350=ORIENTED_EDGE('',*,*,#2487,.F.);
#3351=ORIENTED_EDGE('',*,*,#2488,.F.);
#3352=ORIENTED_EDGE('',*,*,#2489,.F.);
#3353=ORIENTED_EDGE('',*,*,#2490,.F.);
#3354=ORIENTED_EDGE('',*,*,#2491,.F.);
#3355=ORIENTED_EDGE('',*,*,#2492,.F.);
#3356=ORIENTED_EDGE('',*,*,#2493,.F.);
#3357=ORIENTED_EDGE('',*,*,#2306,.F.);
#3358=ORIENTED_EDGE('',*,*,#2494,.F.);
#3359=ORIENTED_EDGE('',*,*,#2495,.F.);
#3360=ORIENTED_EDGE('',*,*,#2496,.F.);
#3361=ORIENTED_EDGE('',*,*,#2497,.T.);
#3362=ORIENTED_EDGE('',*,*,#2331,.F.);
#3363=ORIENTED_EDGE('',*,*,#2328,.F.);
#3364=ORIENTED_EDGE('',*,*,#2325,.F.);
#3365=ORIENTED_EDGE('',*,*,#2322,.F.);
#3366=ORIENTED_EDGE('',*,*,#2498,.F.);
#3367=ORIENTED_EDGE('',*,*,#2499,.F.);
#3368=ORIENTED_EDGE('',*,*,#2424,.F.);
#3369=ORIENTED_EDGE('',*,*,#2421,.F.);
#3370=ORIENTED_EDGE('',*,*,#2418,.F.);
#3371=ORIENTED_EDGE('',*,*,#2415,.F.);
#3372=ORIENTED_EDGE('',*,*,#2412,.F.);
#3373=ORIENTED_EDGE('',*,*,#2409,.F.);
#3374=ORIENTED_EDGE('',*,*,#2406,.F.);
#3375=ORIENTED_EDGE('',*,*,#2403,.F.);
#3376=ORIENTED_EDGE('',*,*,#2400,.F.);
#3377=ORIENTED_EDGE('',*,*,#2397,.F.);
#3378=ORIENTED_EDGE('',*,*,#2394,.F.);
#3379=ORIENTED_EDGE('',*,*,#2391,.F.);
#3380=ORIENTED_EDGE('',*,*,#2500,.F.);
#3381=ORIENTED_EDGE('',*,*,#2501,.F.);
#3382=ORIENTED_EDGE('',*,*,#2502,.F.);
#3383=ORIENTED_EDGE('',*,*,#2503,.F.);
#3384=ORIENTED_EDGE('',*,*,#2504,.F.);
#3385=ORIENTED_EDGE('',*,*,#2505,.F.);
#3386=ORIENTED_EDGE('',*,*,#2506,.F.);
#3387=ORIENTED_EDGE('',*,*,#2507,.F.);
#3388=ORIENTED_EDGE('',*,*,#2508,.F.);
#3389=ORIENTED_EDGE('',*,*,#2509,.F.);
#3390=ORIENTED_EDGE('',*,*,#2510,.F.);
#3391=ORIENTED_EDGE('',*,*,#2441,.F.);
#3392=ORIENTED_EDGE('',*,*,#2438,.F.);
#3393=ORIENTED_EDGE('',*,*,#2511,.F.);
#3394=ORIENTED_EDGE('',*,*,#2512,.F.);
#3395=ORIENTED_EDGE('',*,*,#2513,.F.);
#3396=ORIENTED_EDGE('',*,*,#2448,.F.);
#3397=ORIENTED_EDGE('',*,*,#2445,.F.);
#3398=ORIENTED_EDGE('',*,*,#2514,.F.);
#3399=ORIENTED_EDGE('',*,*,#2515,.F.);
#3400=ORIENTED_EDGE('',*,*,#2516,.F.);
#3401=ORIENTED_EDGE('',*,*,#2434,.F.);
#3402=ORIENTED_EDGE('',*,*,#2431,.F.);
#3403=ORIENTED_EDGE('',*,*,#2428,.F.);
#3404=ORIENTED_EDGE('',*,*,#2517,.F.);
#3405=ORIENTED_EDGE('',*,*,#2518,.F.);
#3406=ORIENTED_EDGE('',*,*,#2519,.F.);
#3407=ORIENTED_EDGE('',*,*,#2520,.F.);
#3408=ORIENTED_EDGE('',*,*,#2521,.T.);
#3409=ORIENTED_EDGE('',*,*,#2456,.T.);
#3410=ORIENTED_EDGE('',*,*,#2318,.T.);
#3411=ORIENTED_EDGE('',*,*,#2522,.F.);
#3412=ORIENTED_EDGE('',*,*,#2278,.F.);
#3413=ORIENTED_EDGE('',*,*,#2481,.F.);
#3414=ORIENTED_EDGE('',*,*,#2380,.T.);
#3415=ORIENTED_EDGE('',*,*,#2523,.F.);
#3416=ORIENTED_EDGE('',*,*,#2378,.F.);
#3417=ORIENTED_EDGE('',*,*,#2473,.F.);
#3418=ORIENTED_EDGE('',*,*,#2524,.F.);
#3419=ORIENTED_EDGE('',*,*,#2525,.F.);
#3420=ORIENTED_EDGE('',*,*,#2526,.T.);
#3421=ORIENTED_EDGE('',*,*,#2455,.T.);
#3422=ORIENTED_EDGE('',*,*,#2526,.F.);
#3423=ORIENTED_EDGE('',*,*,#2527,.F.);
#3424=ORIENTED_EDGE('',*,*,#2371,.F.);
#3425=ORIENTED_EDGE('',*,*,#2468,.F.);
#3426=ORIENTED_EDGE('',*,*,#2528,.F.);
#3427=ORIENTED_EDGE('',*,*,#2529,.F.);
#3428=ORIENTED_EDGE('',*,*,#2355,.F.);
#3429=ORIENTED_EDGE('',*,*,#2464,.F.);
#3430=ORIENTED_EDGE('',*,*,#2530,.F.);
#3431=ORIENTED_EDGE('',*,*,#2531,.F.);
#3432=ORIENTED_EDGE('',*,*,#2345,.F.);
#3433=ORIENTED_EDGE('',*,*,#2460,.F.);
#3434=ORIENTED_EDGE('',*,*,#2532,.F.);
#3435=ORIENTED_EDGE('',*,*,#2533,.F.);
#3436=ORIENTED_EDGE('',*,*,#2332,.F.);
#3437=ORIENTED_EDGE('',*,*,#2497,.F.);
#3438=ORIENTED_EDGE('',*,*,#2534,.F.);
#3439=ORIENTED_EDGE('',*,*,#2535,.F.);
#3440=ORIENTED_EDGE('',*,*,#2316,.F.);
#3441=ORIENTED_EDGE('',*,*,#2485,.F.);
#3442=ORIENTED_EDGE('',*,*,#2536,.F.);
#3443=ORIENTED_EDGE('',*,*,#2537,.F.);
#3444=ORIENTED_EDGE('',*,*,#2388,.T.);
#3445=ORIENTED_EDGE('',*,*,#2480,.T.);
#3446=ORIENTED_EDGE('',*,*,#2538,.F.);
#3447=ORIENTED_EDGE('',*,*,#2539,.F.);
#3448=ORIENTED_EDGE('',*,*,#2425,.F.);
#3449=ORIENTED_EDGE('',*,*,#2499,.T.);
#3450=ORIENTED_EDGE('',*,*,#2540,.T.);
#3451=ORIENTED_EDGE('',*,*,#2541,.F.);
#3452=ORIENTED_EDGE('',*,*,#2540,.F.);
#3453=ORIENTED_EDGE('',*,*,#2498,.T.);
#3454=ORIENTED_EDGE('',*,*,#2542,.F.);
#3455=ORIENTED_EDGE('',*,*,#2543,.F.);
#3456=ORIENTED_EDGE('',*,*,#2435,.T.);
#3457=ORIENTED_EDGE('',*,*,#2516,.T.);
#3458=ORIENTED_EDGE('',*,*,#2544,.F.);
#3459=ORIENTED_EDGE('',*,*,#2545,.F.);
#3460=ORIENTED_EDGE('',*,*,#2442,.T.);
#3461=ORIENTED_EDGE('',*,*,#2513,.T.);
#3462=ORIENTED_EDGE('',*,*,#2546,.F.);
#3463=ORIENTED_EDGE('',*,*,#2547,.F.);
#3464=ORIENTED_EDGE('',*,*,#2548,.T.);
#3465=ORIENTED_EDGE('',*,*,#2517,.T.);
#3466=ORIENTED_EDGE('',*,*,#2427,.F.);
#3467=ORIENTED_EDGE('',*,*,#2549,.F.);
#3468=ORIENTED_EDGE('',*,*,#2550,.T.);
#3469=ORIENTED_EDGE('',*,*,#2518,.T.);
#3470=ORIENTED_EDGE('',*,*,#2548,.F.);
#3471=ORIENTED_EDGE('',*,*,#2551,.F.);
#3472=ORIENTED_EDGE('',*,*,#2544,.T.);
#3473=ORIENTED_EDGE('',*,*,#2519,.T.);
#3474=ORIENTED_EDGE('',*,*,#2550,.F.);
#3475=ORIENTED_EDGE('',*,*,#2552,.F.);
#3476=ORIENTED_EDGE('',*,*,#2553,.T.);
#3477=ORIENTED_EDGE('',*,*,#2511,.T.);
#3478=ORIENTED_EDGE('',*,*,#2437,.F.);
#3479=ORIENTED_EDGE('',*,*,#2554,.F.);
#3480=ORIENTED_EDGE('',*,*,#2546,.T.);
#3481=ORIENTED_EDGE('',*,*,#2512,.T.);
#3482=ORIENTED_EDGE('',*,*,#2553,.F.);
#3483=ORIENTED_EDGE('',*,*,#2555,.F.);
#3484=ORIENTED_EDGE('',*,*,#2556,.F.);
#3485=ORIENTED_EDGE('',*,*,#2482,.F.);
#3486=ORIENTED_EDGE('',*,*,#2270,.F.);
#3487=ORIENTED_EDGE('',*,*,#2557,.F.);
#3488=ORIENTED_EDGE('',*,*,#2558,.T.);
#3489=ORIENTED_EDGE('',*,*,#2483,.T.);
#3490=ORIENTED_EDGE('',*,*,#2556,.T.);
#3491=ORIENTED_EDGE('',*,*,#2559,.F.);
#3492=ORIENTED_EDGE('',*,*,#2536,.T.);
#3493=ORIENTED_EDGE('',*,*,#2484,.T.);
#3494=ORIENTED_EDGE('',*,*,#2558,.F.);
#3495=ORIENTED_EDGE('',*,*,#2560,.F.);
#3496=ORIENTED_EDGE('',*,*,#2561,.T.);
#3497=ORIENTED_EDGE('',*,*,#2486,.T.);
#3498=ORIENTED_EDGE('',*,*,#2280,.F.);
#3499=ORIENTED_EDGE('',*,*,#2562,.F.);
#3500=ORIENTED_EDGE('',*,*,#2563,.T.);
#3501=ORIENTED_EDGE('',*,*,#2487,.T.);
#3502=ORIENTED_EDGE('',*,*,#2561,.F.);
#3503=ORIENTED_EDGE('',*,*,#2564,.F.);
#3504=ORIENTED_EDGE('',*,*,#2565,.T.);
#3505=ORIENTED_EDGE('',*,*,#2488,.T.);
#3506=ORIENTED_EDGE('',*,*,#2563,.F.);
#3507=ORIENTED_EDGE('',*,*,#2566,.F.);
#3508=ORIENTED_EDGE('',*,*,#2567,.T.);
#3509=ORIENTED_EDGE('',*,*,#2489,.T.);
#3510=ORIENTED_EDGE('',*,*,#2565,.F.);
#3511=ORIENTED_EDGE('',*,*,#2568,.F.);
#3512=ORIENTED_EDGE('',*,*,#2569,.T.);
#3513=ORIENTED_EDGE('',*,*,#2490,.T.);
#3514=ORIENTED_EDGE('',*,*,#2567,.F.);
#3515=ORIENTED_EDGE('',*,*,#2570,.F.);
#3516=ORIENTED_EDGE('',*,*,#2571,.T.);
#3517=ORIENTED_EDGE('',*,*,#2491,.T.);
#3518=ORIENTED_EDGE('',*,*,#2569,.F.);
#3519=ORIENTED_EDGE('',*,*,#2572,.F.);
#3520=ORIENTED_EDGE('',*,*,#2573,.T.);
#3521=ORIENTED_EDGE('',*,*,#2492,.T.);
#3522=ORIENTED_EDGE('',*,*,#2571,.F.);
#3523=ORIENTED_EDGE('',*,*,#2574,.F.);
#3524=ORIENTED_EDGE('',*,*,#2575,.T.);
#3525=ORIENTED_EDGE('',*,*,#2493,.T.);
#3526=ORIENTED_EDGE('',*,*,#2573,.F.);
#3527=ORIENTED_EDGE('',*,*,#2576,.F.);
#3528=ORIENTED_EDGE('',*,*,#2307,.T.);
#3529=ORIENTED_EDGE('',*,*,#2494,.T.);
#3530=ORIENTED_EDGE('',*,*,#2305,.F.);
#3531=ORIENTED_EDGE('',*,*,#2577,.F.);
#3532=ORIENTED_EDGE('',*,*,#2578,.T.);
#3533=ORIENTED_EDGE('',*,*,#2495,.T.);
#3534=ORIENTED_EDGE('',*,*,#2575,.F.);
#3535=ORIENTED_EDGE('',*,*,#2579,.F.);
#3536=ORIENTED_EDGE('',*,*,#2534,.T.);
#3537=ORIENTED_EDGE('',*,*,#2496,.T.);
#3538=ORIENTED_EDGE('',*,*,#2578,.F.);
#3539=ORIENTED_EDGE('',*,*,#2580,.F.);
#3540=ORIENTED_EDGE('',*,*,#2581,.F.);
#3541=ORIENTED_EDGE('',*,*,#2457,.F.);
#3542=ORIENTED_EDGE('',*,*,#2521,.F.);
#3543=ORIENTED_EDGE('',*,*,#2582,.F.);
#3544=ORIENTED_EDGE('',*,*,#2583,.T.);
#3545=ORIENTED_EDGE('',*,*,#2458,.T.);
#3546=ORIENTED_EDGE('',*,*,#2581,.T.);
#3547=ORIENTED_EDGE('',*,*,#2584,.F.);
#3548=ORIENTED_EDGE('',*,*,#2532,.T.);
#3549=ORIENTED_EDGE('',*,*,#2459,.T.);
#3550=ORIENTED_EDGE('',*,*,#2583,.F.);
#3551=ORIENTED_EDGE('',*,*,#2585,.F.);
#3552=ORIENTED_EDGE('',*,*,#2586,.T.);
#3553=ORIENTED_EDGE('',*,*,#2461,.T.);
#3554=ORIENTED_EDGE('',*,*,#2334,.F.);
#3555=ORIENTED_EDGE('',*,*,#2587,.F.);
#3556=ORIENTED_EDGE('',*,*,#2588,.T.);
#3557=ORIENTED_EDGE('',*,*,#2462,.T.);
#3558=ORIENTED_EDGE('',*,*,#2586,.F.);
#3559=ORIENTED_EDGE('',*,*,#2589,.F.);
#3560=ORIENTED_EDGE('',*,*,#2530,.T.);
#3561=ORIENTED_EDGE('',*,*,#2463,.T.);
#3562=ORIENTED_EDGE('',*,*,#2588,.F.);
#3563=ORIENTED_EDGE('',*,*,#2590,.F.);
#3564=ORIENTED_EDGE('',*,*,#2591,.T.);
#3565=ORIENTED_EDGE('',*,*,#2465,.T.);
#3566=ORIENTED_EDGE('',*,*,#2347,.F.);
#3567=ORIENTED_EDGE('',*,*,#2592,.F.);
#3568=ORIENTED_EDGE('',*,*,#2593,.T.);
#3569=ORIENTED_EDGE('',*,*,#2466,.T.);
#3570=ORIENTED_EDGE('',*,*,#2591,.F.);
#3571=ORIENTED_EDGE('',*,*,#2594,.F.);
#3572=ORIENTED_EDGE('',*,*,#2528,.T.);
#3573=ORIENTED_EDGE('',*,*,#2467,.T.);
#3574=ORIENTED_EDGE('',*,*,#2593,.F.);
#3575=ORIENTED_EDGE('',*,*,#2595,.F.);
#3576=ORIENTED_EDGE('',*,*,#2596,.T.);
#3577=ORIENTED_EDGE('',*,*,#2469,.T.);
#3578=ORIENTED_EDGE('',*,*,#2357,.F.);
#3579=ORIENTED_EDGE('',*,*,#2597,.F.);
#3580=ORIENTED_EDGE('',*,*,#2598,.T.);
#3581=ORIENTED_EDGE('',*,*,#2470,.T.);
#3582=ORIENTED_EDGE('',*,*,#2596,.F.);
#3583=ORIENTED_EDGE('',*,*,#2599,.F.);
#3584=ORIENTED_EDGE('',*,*,#2600,.T.);
#3585=ORIENTED_EDGE('',*,*,#2471,.T.);
#3586=ORIENTED_EDGE('',*,*,#2598,.F.);
#3587=ORIENTED_EDGE('',*,*,#2601,.F.);
#3588=ORIENTED_EDGE('',*,*,#2524,.T.);
#3589=ORIENTED_EDGE('',*,*,#2472,.T.);
#3590=ORIENTED_EDGE('',*,*,#2600,.F.);
#3591=ORIENTED_EDGE('',*,*,#2602,.F.);
#3592=ORIENTED_EDGE('',*,*,#2603,.T.);
#3593=ORIENTED_EDGE('',*,*,#2474,.T.);
#3594=ORIENTED_EDGE('',*,*,#2373,.F.);
#3595=ORIENTED_EDGE('',*,*,#2604,.F.);
#3596=ORIENTED_EDGE('',*,*,#2605,.T.);
#3597=ORIENTED_EDGE('',*,*,#2475,.T.);
#3598=ORIENTED_EDGE('',*,*,#2603,.F.);
#3599=ORIENTED_EDGE('',*,*,#2606,.F.);
#3600=ORIENTED_EDGE('',*,*,#2607,.T.);
#3601=ORIENTED_EDGE('',*,*,#2476,.T.);
#3602=ORIENTED_EDGE('',*,*,#2605,.F.);
#3603=ORIENTED_EDGE('',*,*,#2608,.F.);
#3604=ORIENTED_EDGE('',*,*,#2609,.T.);
#3605=ORIENTED_EDGE('',*,*,#2477,.T.);
#3606=ORIENTED_EDGE('',*,*,#2607,.F.);
#3607=ORIENTED_EDGE('',*,*,#2610,.F.);
#3608=ORIENTED_EDGE('',*,*,#2611,.T.);
#3609=ORIENTED_EDGE('',*,*,#2478,.T.);
#3610=ORIENTED_EDGE('',*,*,#2609,.F.);
#3611=ORIENTED_EDGE('',*,*,#2612,.F.);
#3612=ORIENTED_EDGE('',*,*,#2538,.T.);
#3613=ORIENTED_EDGE('',*,*,#2479,.T.);
#3614=ORIENTED_EDGE('',*,*,#2611,.F.);
#3615=ORIENTED_EDGE('',*,*,#2613,.F.);
#3616=ORIENTED_EDGE('',*,*,#2614,.T.);
#3617=ORIENTED_EDGE('',*,*,#2500,.T.);
#3618=ORIENTED_EDGE('',*,*,#2390,.F.);
#3619=ORIENTED_EDGE('',*,*,#2615,.F.);
#3620=ORIENTED_EDGE('',*,*,#2616,.T.);
#3621=ORIENTED_EDGE('',*,*,#2501,.T.);
#3622=ORIENTED_EDGE('',*,*,#2614,.F.);
#3623=ORIENTED_EDGE('',*,*,#2617,.F.);
#3624=ORIENTED_EDGE('',*,*,#2618,.T.);
#3625=ORIENTED_EDGE('',*,*,#2502,.T.);
#3626=ORIENTED_EDGE('',*,*,#2616,.F.);
#3627=ORIENTED_EDGE('',*,*,#2619,.F.);
#3628=ORIENTED_EDGE('',*,*,#2620,.T.);
#3629=ORIENTED_EDGE('',*,*,#2503,.T.);
#3630=ORIENTED_EDGE('',*,*,#2618,.F.);
#3631=ORIENTED_EDGE('',*,*,#2621,.F.);
#3632=ORIENTED_EDGE('',*,*,#2622,.T.);
#3633=ORIENTED_EDGE('',*,*,#2504,.T.);
#3634=ORIENTED_EDGE('',*,*,#2620,.F.);
#3635=ORIENTED_EDGE('',*,*,#2623,.F.);
#3636=ORIENTED_EDGE('',*,*,#2624,.T.);
#3637=ORIENTED_EDGE('',*,*,#2505,.T.);
#3638=ORIENTED_EDGE('',*,*,#2622,.F.);
#3639=ORIENTED_EDGE('',*,*,#2625,.F.);
#3640=ORIENTED_EDGE('',*,*,#2626,.T.);
#3641=ORIENTED_EDGE('',*,*,#2506,.T.);
#3642=ORIENTED_EDGE('',*,*,#2624,.F.);
#3643=ORIENTED_EDGE('',*,*,#2627,.F.);
#3644=ORIENTED_EDGE('',*,*,#2628,.T.);
#3645=ORIENTED_EDGE('',*,*,#2507,.T.);
#3646=ORIENTED_EDGE('',*,*,#2626,.F.);
#3647=ORIENTED_EDGE('',*,*,#2629,.F.);
#3648=ORIENTED_EDGE('',*,*,#2630,.T.);
#3649=ORIENTED_EDGE('',*,*,#2508,.T.);
#3650=ORIENTED_EDGE('',*,*,#2628,.F.);
#3651=ORIENTED_EDGE('',*,*,#2631,.F.);
#3652=ORIENTED_EDGE('',*,*,#2632,.T.);
#3653=ORIENTED_EDGE('',*,*,#2509,.T.);
#3654=ORIENTED_EDGE('',*,*,#2630,.F.);
#3655=ORIENTED_EDGE('',*,*,#2633,.F.);
#3656=ORIENTED_EDGE('',*,*,#2542,.T.);
#3657=ORIENTED_EDGE('',*,*,#2510,.T.);
#3658=ORIENTED_EDGE('',*,*,#2632,.F.);
#3659=ORIENTED_EDGE('',*,*,#2634,.F.);
#3660=ORIENTED_EDGE('',*,*,#2449,.T.);
#3661=ORIENTED_EDGE('',*,*,#2515,.T.);
#3662=ORIENTED_EDGE('',*,*,#2635,.F.);
#3663=ORIENTED_EDGE('',*,*,#2636,.F.);
#3664=ORIENTED_EDGE('',*,*,#2635,.T.);
#3665=ORIENTED_EDGE('',*,*,#2514,.T.);
#3666=ORIENTED_EDGE('',*,*,#2444,.F.);
#3667=ORIENTED_EDGE('',*,*,#2634,.T.);
#3668=ORIENTED_EDGE('',*,*,#2636,.T.);
#3669=ORIENTED_EDGE('',*,*,#2443,.T.);
#3670=ORIENTED_EDGE('',*,*,#2447,.T.);
#3671=ORIENTED_EDGE('',*,*,#2545,.T.);
#3672=ORIENTED_EDGE('',*,*,#2554,.T.);
#3673=ORIENTED_EDGE('',*,*,#2552,.T.);
#3674=ORIENTED_EDGE('',*,*,#2436,.T.);
#3675=ORIENTED_EDGE('',*,*,#2440,.T.);
#3676=ORIENTED_EDGE('',*,*,#2543,.T.);
#3677=ORIENTED_EDGE('',*,*,#2551,.T.);
#3678=ORIENTED_EDGE('',*,*,#2549,.T.);
#3679=ORIENTED_EDGE('',*,*,#2547,.T.);
#3680=ORIENTED_EDGE('',*,*,#2426,.T.);
#3681=ORIENTED_EDGE('',*,*,#2430,.T.);
#3682=ORIENTED_EDGE('',*,*,#2433,.T.);
#3683=ORIENTED_EDGE('',*,*,#2539,.T.);
#3684=ORIENTED_EDGE('',*,*,#2541,.T.);
#3685=ORIENTED_EDGE('',*,*,#2633,.T.);
#3686=ORIENTED_EDGE('',*,*,#2631,.T.);
#3687=ORIENTED_EDGE('',*,*,#2629,.T.);
#3688=ORIENTED_EDGE('',*,*,#2627,.T.);
#3689=ORIENTED_EDGE('',*,*,#2625,.T.);
#3690=ORIENTED_EDGE('',*,*,#2623,.T.);
#3691=ORIENTED_EDGE('',*,*,#2621,.T.);
#3692=ORIENTED_EDGE('',*,*,#2619,.T.);
#3693=ORIENTED_EDGE('',*,*,#2617,.T.);
#3694=ORIENTED_EDGE('',*,*,#2615,.T.);
#3695=ORIENTED_EDGE('',*,*,#2613,.T.);
#3696=ORIENTED_EDGE('',*,*,#2389,.T.);
#3697=ORIENTED_EDGE('',*,*,#2393,.T.);
#3698=ORIENTED_EDGE('',*,*,#2396,.T.);
#3699=ORIENTED_EDGE('',*,*,#2399,.T.);
#3700=ORIENTED_EDGE('',*,*,#2402,.T.);
#3701=ORIENTED_EDGE('',*,*,#2405,.T.);
#3702=ORIENTED_EDGE('',*,*,#2408,.T.);
#3703=ORIENTED_EDGE('',*,*,#2411,.T.);
#3704=ORIENTED_EDGE('',*,*,#2414,.T.);
#3705=ORIENTED_EDGE('',*,*,#2417,.T.);
#3706=ORIENTED_EDGE('',*,*,#2420,.T.);
#3707=ORIENTED_EDGE('',*,*,#2423,.T.);
#3708=ORIENTED_EDGE('',*,*,#2537,.T.);
#3709=ORIENTED_EDGE('',*,*,#2612,.T.);
#3710=ORIENTED_EDGE('',*,*,#2610,.T.);
#3711=ORIENTED_EDGE('',*,*,#2608,.T.);
#3712=ORIENTED_EDGE('',*,*,#2606,.T.);
#3713=ORIENTED_EDGE('',*,*,#2604,.T.);
#3714=ORIENTED_EDGE('',*,*,#2602,.T.);
#3715=ORIENTED_EDGE('',*,*,#2372,.T.);
#3716=ORIENTED_EDGE('',*,*,#2376,.T.);
#3717=ORIENTED_EDGE('',*,*,#2523,.T.);
#3718=ORIENTED_EDGE('',*,*,#2379,.T.);
#3719=ORIENTED_EDGE('',*,*,#2383,.T.);
#3720=ORIENTED_EDGE('',*,*,#2386,.T.);
#3721=ORIENTED_EDGE('',*,*,#2527,.T.);
#3722=ORIENTED_EDGE('',*,*,#2525,.T.);
#3723=ORIENTED_EDGE('',*,*,#2601,.T.);
#3724=ORIENTED_EDGE('',*,*,#2599,.T.);
#3725=ORIENTED_EDGE('',*,*,#2597,.T.);
#3726=ORIENTED_EDGE('',*,*,#2595,.T.);
#3727=ORIENTED_EDGE('',*,*,#2356,.T.);
#3728=ORIENTED_EDGE('',*,*,#2360,.T.);
#3729=ORIENTED_EDGE('',*,*,#2363,.T.);
#3730=ORIENTED_EDGE('',*,*,#2366,.T.);
#3731=ORIENTED_EDGE('',*,*,#2369,.T.);
#3732=ORIENTED_EDGE('',*,*,#2529,.T.);
#3733=ORIENTED_EDGE('',*,*,#2594,.T.);
#3734=ORIENTED_EDGE('',*,*,#2592,.T.);
#3735=ORIENTED_EDGE('',*,*,#2590,.T.);
#3736=ORIENTED_EDGE('',*,*,#2346,.T.);
#3737=ORIENTED_EDGE('',*,*,#2350,.T.);
#3738=ORIENTED_EDGE('',*,*,#2353,.T.);
#3739=ORIENTED_EDGE('',*,*,#2531,.T.);
#3740=ORIENTED_EDGE('',*,*,#2589,.T.);
#3741=ORIENTED_EDGE('',*,*,#2587,.T.);
#3742=ORIENTED_EDGE('',*,*,#2585,.T.);
#3743=ORIENTED_EDGE('',*,*,#2333,.T.);
#3744=ORIENTED_EDGE('',*,*,#2337,.T.);
#3745=ORIENTED_EDGE('',*,*,#2340,.T.);
#3746=ORIENTED_EDGE('',*,*,#2343,.T.);
#3747=ORIENTED_EDGE('',*,*,#2533,.T.);
#3748=ORIENTED_EDGE('',*,*,#2584,.T.);
#3749=ORIENTED_EDGE('',*,*,#2582,.T.);
#3750=ORIENTED_EDGE('',*,*,#2580,.T.);
#3751=ORIENTED_EDGE('',*,*,#2520,.T.);
#3752=ORIENTED_EDGE('',*,*,#2317,.T.);
#3753=ORIENTED_EDGE('',*,*,#2321,.T.);
#3754=ORIENTED_EDGE('',*,*,#2324,.T.);
#3755=ORIENTED_EDGE('',*,*,#2327,.T.);
#3756=ORIENTED_EDGE('',*,*,#2330,.T.);
#3757=ORIENTED_EDGE('',*,*,#2576,.T.);
#3758=ORIENTED_EDGE('',*,*,#2304,.T.);
#3759=ORIENTED_EDGE('',*,*,#2535,.T.);
#3760=ORIENTED_EDGE('',*,*,#2579,.T.);
#3761=ORIENTED_EDGE('',*,*,#2577,.T.);
#3762=ORIENTED_EDGE('',*,*,#2574,.T.);
#3763=ORIENTED_EDGE('',*,*,#2572,.T.);
#3764=ORIENTED_EDGE('',*,*,#2570,.T.);
#3765=ORIENTED_EDGE('',*,*,#2568,.T.);
#3766=ORIENTED_EDGE('',*,*,#2566,.T.);
#3767=ORIENTED_EDGE('',*,*,#2564,.T.);
#3768=ORIENTED_EDGE('',*,*,#2562,.T.);
#3769=ORIENTED_EDGE('',*,*,#2560,.T.);
#3770=ORIENTED_EDGE('',*,*,#2279,.T.);
#3771=ORIENTED_EDGE('',*,*,#2283,.T.);
#3772=ORIENTED_EDGE('',*,*,#2286,.T.);
#3773=ORIENTED_EDGE('',*,*,#2289,.T.);
#3774=ORIENTED_EDGE('',*,*,#2292,.T.);
#3775=ORIENTED_EDGE('',*,*,#2295,.T.);
#3776=ORIENTED_EDGE('',*,*,#2298,.T.);
#3777=ORIENTED_EDGE('',*,*,#2301,.T.);
#3778=ORIENTED_EDGE('',*,*,#2308,.T.);
#3779=ORIENTED_EDGE('',*,*,#2311,.T.);
#3780=ORIENTED_EDGE('',*,*,#2314,.T.);
#3781=ORIENTED_EDGE('',*,*,#2522,.T.);
#3782=ORIENTED_EDGE('',*,*,#2559,.T.);
#3783=ORIENTED_EDGE('',*,*,#2557,.T.);
#3784=ORIENTED_EDGE('',*,*,#2555,.T.);
#3785=ORIENTED_EDGE('',*,*,#2269,.T.);
#3786=ORIENTED_EDGE('',*,*,#2273,.T.);
#3787=ORIENTED_EDGE('',*,*,#2276,.T.);
#3788=ORIENTED_EDGE('',*,*,#2637,.T.);
#3789=ORIENTED_EDGE('',*,*,#2638,.T.);
#3790=ORIENTED_EDGE('',*,*,#2639,.T.);
#3791=ORIENTED_EDGE('',*,*,#2640,.T.);
#3792=ORIENTED_EDGE('',*,*,#2639,.F.);
#3793=ORIENTED_EDGE('',*,*,#2641,.F.);
#3794=ORIENTED_EDGE('',*,*,#2640,.F.);
#3795=ORIENTED_EDGE('',*,*,#2642,.F.);
#3796=ORIENTED_EDGE('',*,*,#2643,.T.);
#3797=ORIENTED_EDGE('',*,*,#2637,.F.);
#3798=ORIENTED_EDGE('',*,*,#2638,.F.);
#3799=ORIENTED_EDGE('',*,*,#2643,.F.);
#3800=ORIENTED_EDGE('',*,*,#2644,.T.);
#3801=ORIENTED_EDGE('',*,*,#2645,.T.);
#3802=ORIENTED_EDGE('',*,*,#2646,.T.);
#3803=ORIENTED_EDGE('',*,*,#2647,.T.);
#3804=ORIENTED_EDGE('',*,*,#2646,.F.);
#3805=ORIENTED_EDGE('',*,*,#2648,.F.);
#3806=ORIENTED_EDGE('',*,*,#2647,.F.);
#3807=ORIENTED_EDGE('',*,*,#2649,.F.);
#3808=ORIENTED_EDGE('',*,*,#2650,.T.);
#3809=ORIENTED_EDGE('',*,*,#2644,.F.);
#3810=ORIENTED_EDGE('',*,*,#2645,.F.);
#3811=ORIENTED_EDGE('',*,*,#2650,.F.);
#3812=ORIENTED_EDGE('',*,*,#2651,.F.);
#3813=ORIENTED_EDGE('',*,*,#2652,.T.);
#3814=ORIENTED_EDGE('',*,*,#2648,.T.);
#3815=ORIENTED_EDGE('',*,*,#2652,.F.);
#3816=ORIENTED_EDGE('',*,*,#2653,.F.);
#3817=ORIENTED_EDGE('',*,*,#2654,.T.);
#3818=ORIENTED_EDGE('',*,*,#2641,.T.);
#3819=ORIENTED_EDGE('',*,*,#2654,.F.);
#3820=ORIENTED_EDGE('',*,*,#2655,.F.);
#3821=ORIENTED_EDGE('',*,*,#2656,.T.);
#3822=ORIENTED_EDGE('',*,*,#2657,.T.);
#3823=ORIENTED_EDGE('',*,*,#2658,.F.);
#3824=ORIENTED_EDGE('',*,*,#2659,.F.);
#3825=ORIENTED_EDGE('',*,*,#2660,.T.);
#3826=ORIENTED_EDGE('',*,*,#2661,.T.);
#3827=ORIENTED_EDGE('',*,*,#2656,.F.);
#3828=ORIENTED_EDGE('',*,*,#2662,.F.);
#3829=ORIENTED_EDGE('',*,*,#2663,.T.);
#3830=ORIENTED_EDGE('',*,*,#2664,.T.);
#3831=ORIENTED_EDGE('',*,*,#2660,.F.);
#3832=ORIENTED_EDGE('',*,*,#2665,.F.);
#3833=ORIENTED_EDGE('',*,*,#2658,.T.);
#3834=ORIENTED_EDGE('',*,*,#2666,.T.);
#3835=ORIENTED_EDGE('',*,*,#2663,.F.);
#3836=ORIENTED_EDGE('',*,*,#2666,.F.);
#3837=ORIENTED_EDGE('',*,*,#2657,.F.);
#3838=ORIENTED_EDGE('',*,*,#2661,.F.);
#3839=ORIENTED_EDGE('',*,*,#2664,.F.);
#3840=ORIENTED_EDGE('',*,*,#2649,.T.);
#3841=ORIENTED_EDGE('',*,*,#2642,.T.);
#3842=ORIENTED_EDGE('',*,*,#2667,.F.);
#3843=ORIENTED_EDGE('',*,*,#2668,.F.);
#3844=ORIENTED_EDGE('',*,*,#2669,.F.);
#3845=ORIENTED_EDGE('',*,*,#2670,.F.);
#3846=ORIENTED_EDGE('',*,*,#2671,.F.);
#3847=ORIENTED_EDGE('',*,*,#2672,.F.);
#3848=ORIENTED_EDGE('',*,*,#2655,.T.);
#3849=ORIENTED_EDGE('',*,*,#2665,.T.);
#3850=ORIENTED_EDGE('',*,*,#2662,.T.);
#3851=ORIENTED_EDGE('',*,*,#2659,.T.);
#3852=ORIENTED_EDGE('',*,*,#2673,.T.);
#3853=ORIENTED_EDGE('',*,*,#2674,.T.);
#3854=ORIENTED_EDGE('',*,*,#2675,.T.);
#3855=ORIENTED_EDGE('',*,*,#2676,.T.);
#3856=ORIENTED_EDGE('',*,*,#2677,.T.);
#3857=ORIENTED_EDGE('',*,*,#2678,.T.);
#3858=ORIENTED_EDGE('',*,*,#2651,.T.);
#3859=ORIENTED_EDGE('',*,*,#2653,.T.);
#3860=ORIENTED_EDGE('',*,*,#2673,.F.);
#3861=ORIENTED_EDGE('',*,*,#2679,.T.);
#3862=ORIENTED_EDGE('',*,*,#2667,.T.);
#3863=ORIENTED_EDGE('',*,*,#2680,.F.);
#3864=ORIENTED_EDGE('',*,*,#2453,.T.);
#3865=ORIENTED_EDGE('',*,*,#2674,.F.);
#3866=ORIENTED_EDGE('',*,*,#2680,.T.);
#3867=ORIENTED_EDGE('',*,*,#2672,.T.);
#3868=ORIENTED_EDGE('',*,*,#2681,.F.);
#3869=ORIENTED_EDGE('',*,*,#2675,.F.);
#3870=ORIENTED_EDGE('',*,*,#2681,.T.);
#3871=ORIENTED_EDGE('',*,*,#2671,.T.);
#3872=ORIENTED_EDGE('',*,*,#2682,.F.);
#3873=ORIENTED_EDGE('',*,*,#2676,.F.);
#3874=ORIENTED_EDGE('',*,*,#2682,.T.);
#3875=ORIENTED_EDGE('',*,*,#2670,.T.);
#3876=ORIENTED_EDGE('',*,*,#2683,.F.);
#3877=ORIENTED_EDGE('',*,*,#2677,.F.);
#3878=ORIENTED_EDGE('',*,*,#2683,.T.);
#3879=ORIENTED_EDGE('',*,*,#2669,.T.);
#3880=ORIENTED_EDGE('',*,*,#2684,.F.);
#3881=ORIENTED_EDGE('',*,*,#2678,.F.);
#3882=ORIENTED_EDGE('',*,*,#2684,.T.);
#3883=ORIENTED_EDGE('',*,*,#2668,.T.);
#3884=ORIENTED_EDGE('',*,*,#2679,.F.);
#3885=ORIENTED_EDGE('',*,*,#2685,.F.);
#3886=ORIENTED_EDGE('',*,*,#2686,.T.);
#3887=ORIENTED_EDGE('',*,*,#2687,.F.);
#3888=ORIENTED_EDGE('',*,*,#2686,.F.);
#3889=ORIENTED_EDGE('',*,*,#2685,.T.);
#3890=ORIENTED_EDGE('',*,*,#2688,.T.);
#3891=ORIENTED_EDGE('',*,*,#2689,.T.);
#3892=ORIENTED_EDGE('',*,*,#2688,.F.);
#3893=ORIENTED_EDGE('',*,*,#2689,.F.);
#3894=ORIENTED_EDGE('',*,*,#2690,.T.);
#3895=ORIENTED_EDGE('',*,*,#2691,.T.);
#3896=ORIENTED_EDGE('',*,*,#2692,.T.);
#3897=ORIENTED_EDGE('',*,*,#2693,.T.);
#3898=ORIENTED_EDGE('',*,*,#2694,.T.);
#3899=ORIENTED_EDGE('',*,*,#2695,.T.);
#3900=ORIENTED_EDGE('',*,*,#2696,.T.);
#3901=ORIENTED_EDGE('',*,*,#2697,.T.);
#3902=ORIENTED_EDGE('',*,*,#2698,.T.);
#3903=ORIENTED_EDGE('',*,*,#2699,.T.);
#3904=ORIENTED_EDGE('',*,*,#2700,.T.);
#3905=ORIENTED_EDGE('',*,*,#2701,.T.);
#3906=ORIENTED_EDGE('',*,*,#2702,.T.);
#3907=ORIENTED_EDGE('',*,*,#2703,.T.);
#3908=ORIENTED_EDGE('',*,*,#2704,.T.);
#3909=ORIENTED_EDGE('',*,*,#2705,.T.);
#3910=ORIENTED_EDGE('',*,*,#2706,.T.);
#3911=ORIENTED_EDGE('',*,*,#2707,.T.);
#3912=ORIENTED_EDGE('',*,*,#2708,.T.);
#3913=ORIENTED_EDGE('',*,*,#2709,.T.);
#3914=ORIENTED_EDGE('',*,*,#2710,.T.);
#3915=ORIENTED_EDGE('',*,*,#2711,.T.);
#3916=ORIENTED_EDGE('',*,*,#2712,.T.);
#3917=ORIENTED_EDGE('',*,*,#2713,.T.);
#3918=ORIENTED_EDGE('',*,*,#2714,.T.);
#3919=ORIENTED_EDGE('',*,*,#2715,.T.);
#3920=ORIENTED_EDGE('',*,*,#2716,.T.);
#3921=ORIENTED_EDGE('',*,*,#2717,.T.);
#3922=ORIENTED_EDGE('',*,*,#2718,.T.);
#3923=ORIENTED_EDGE('',*,*,#2719,.T.);
#3924=ORIENTED_EDGE('',*,*,#2720,.T.);
#3925=ORIENTED_EDGE('',*,*,#2721,.T.);
#3926=ORIENTED_EDGE('',*,*,#2722,.T.);
#3927=ORIENTED_EDGE('',*,*,#2723,.T.);
#3928=ORIENTED_EDGE('',*,*,#2724,.T.);
#3929=ORIENTED_EDGE('',*,*,#2725,.T.);
#3930=ORIENTED_EDGE('',*,*,#2726,.T.);
#3931=ORIENTED_EDGE('',*,*,#2727,.T.);
#3932=ORIENTED_EDGE('',*,*,#2728,.T.);
#3933=ORIENTED_EDGE('',*,*,#2729,.T.);
#3934=ORIENTED_EDGE('',*,*,#2730,.T.);
#3935=ORIENTED_EDGE('',*,*,#2731,.T.);
#3936=ORIENTED_EDGE('',*,*,#2732,.T.);
#3937=ORIENTED_EDGE('',*,*,#2733,.T.);
#3938=ORIENTED_EDGE('',*,*,#2734,.T.);
#3939=ORIENTED_EDGE('',*,*,#2735,.T.);
#3940=ORIENTED_EDGE('',*,*,#2736,.T.);
#3941=ORIENTED_EDGE('',*,*,#2737,.T.);
#3942=ORIENTED_EDGE('',*,*,#2738,.T.);
#3943=ORIENTED_EDGE('',*,*,#2739,.T.);
#3944=ORIENTED_EDGE('',*,*,#2740,.T.);
#3945=ORIENTED_EDGE('',*,*,#2741,.T.);
#3946=ORIENTED_EDGE('',*,*,#2742,.T.);
#3947=ORIENTED_EDGE('',*,*,#2743,.T.);
#3948=ORIENTED_EDGE('',*,*,#2744,.T.);
#3949=ORIENTED_EDGE('',*,*,#2745,.T.);
#3950=ORIENTED_EDGE('',*,*,#2746,.T.);
#3951=ORIENTED_EDGE('',*,*,#2747,.T.);
#3952=ORIENTED_EDGE('',*,*,#2748,.F.);
#3953=ORIENTED_EDGE('',*,*,#2749,.T.);
#3954=ORIENTED_EDGE('',*,*,#2750,.T.);
#3955=ORIENTED_EDGE('',*,*,#2751,.T.);
#3956=ORIENTED_EDGE('',*,*,#2752,.T.);
#3957=ORIENTED_EDGE('',*,*,#2753,.T.);
#3958=ORIENTED_EDGE('',*,*,#2754,.T.);
#3959=ORIENTED_EDGE('',*,*,#2755,.T.);
#3960=ORIENTED_EDGE('',*,*,#2756,.T.);
#3961=ORIENTED_EDGE('',*,*,#2757,.T.);
#3962=ORIENTED_EDGE('',*,*,#2758,.T.);
#3963=ORIENTED_EDGE('',*,*,#2759,.T.);
#3964=ORIENTED_EDGE('',*,*,#2760,.T.);
#3965=ORIENTED_EDGE('',*,*,#2761,.T.);
#3966=ORIENTED_EDGE('',*,*,#2762,.T.);
#3967=ORIENTED_EDGE('',*,*,#2763,.T.);
#3968=ORIENTED_EDGE('',*,*,#2764,.T.);
#3969=ORIENTED_EDGE('',*,*,#2765,.T.);
#3970=ORIENTED_EDGE('',*,*,#2766,.T.);
#3971=ORIENTED_EDGE('',*,*,#2767,.T.);
#3972=ORIENTED_EDGE('',*,*,#2768,.T.);
#3973=ORIENTED_EDGE('',*,*,#2769,.T.);
#3974=ORIENTED_EDGE('',*,*,#2770,.T.);
#3975=ORIENTED_EDGE('',*,*,#2771,.F.);
#3976=ORIENTED_EDGE('',*,*,#2772,.F.);
#3977=ORIENTED_EDGE('',*,*,#2773,.T.);
#3978=ORIENTED_EDGE('',*,*,#2774,.T.);
#3979=ORIENTED_EDGE('',*,*,#2775,.T.);
#3980=ORIENTED_EDGE('',*,*,#2776,.T.);
#3981=ORIENTED_EDGE('',*,*,#2777,.T.);
#3982=ORIENTED_EDGE('',*,*,#2778,.T.);
#3983=ORIENTED_EDGE('',*,*,#2779,.T.);
#3984=ORIENTED_EDGE('',*,*,#2780,.T.);
#3985=ORIENTED_EDGE('',*,*,#2781,.T.);
#3986=ORIENTED_EDGE('',*,*,#2782,.T.);
#3987=ORIENTED_EDGE('',*,*,#2783,.T.);
#3988=ORIENTED_EDGE('',*,*,#2784,.T.);
#3989=ORIENTED_EDGE('',*,*,#2785,.T.);
#3990=ORIENTED_EDGE('',*,*,#2786,.T.);
#3991=ORIENTED_EDGE('',*,*,#2787,.T.);
#3992=ORIENTED_EDGE('',*,*,#2788,.T.);
#3993=ORIENTED_EDGE('',*,*,#2789,.T.);
#3994=ORIENTED_EDGE('',*,*,#2790,.T.);
#3995=ORIENTED_EDGE('',*,*,#2791,.T.);
#3996=ORIENTED_EDGE('',*,*,#2792,.T.);
#3997=ORIENTED_EDGE('',*,*,#2793,.T.);
#3998=ORIENTED_EDGE('',*,*,#2794,.T.);
#3999=ORIENTED_EDGE('',*,*,#2795,.T.);
#4000=ORIENTED_EDGE('',*,*,#2796,.T.);
#4001=ORIENTED_EDGE('',*,*,#2797,.T.);
#4002=ORIENTED_EDGE('',*,*,#2798,.T.);
#4003=ORIENTED_EDGE('',*,*,#2799,.T.);
#4004=ORIENTED_EDGE('',*,*,#2800,.T.);
#4005=ORIENTED_EDGE('',*,*,#2801,.F.);
#4006=ORIENTED_EDGE('',*,*,#2802,.T.);
#4007=ORIENTED_EDGE('',*,*,#2803,.F.);
#4008=ORIENTED_EDGE('',*,*,#2804,.T.);
#4009=ORIENTED_EDGE('',*,*,#2805,.T.);
#4010=ORIENTED_EDGE('',*,*,#2806,.T.);
#4011=ORIENTED_EDGE('',*,*,#2807,.T.);
#4012=ORIENTED_EDGE('',*,*,#2808,.T.);
#4013=ORIENTED_EDGE('',*,*,#2809,.T.);
#4014=ORIENTED_EDGE('',*,*,#2810,.T.);
#4015=ORIENTED_EDGE('',*,*,#2687,.T.);
#4016=ORIENTED_EDGE('',*,*,#2811,.T.);
#4017=ORIENTED_EDGE('',*,*,#2801,.T.);
#4018=ORIENTED_EDGE('',*,*,#2812,.T.);
#4019=ORIENTED_EDGE('',*,*,#2813,.T.);
#4020=ORIENTED_EDGE('',*,*,#2814,.T.);
#4021=ORIENTED_EDGE('',*,*,#2813,.F.);
#4022=ORIENTED_EDGE('',*,*,#2815,.T.);
#4023=ORIENTED_EDGE('',*,*,#2816,.T.);
#4024=ORIENTED_EDGE('',*,*,#2817,.T.);
#4025=ORIENTED_EDGE('',*,*,#2818,.T.);
#4026=ORIENTED_EDGE('',*,*,#2819,.F.);
#4027=ORIENTED_EDGE('',*,*,#2820,.T.);
#4028=ORIENTED_EDGE('',*,*,#2821,.T.);
#4029=ORIENTED_EDGE('',*,*,#2822,.T.);
#4030=ORIENTED_EDGE('',*,*,#2823,.T.);
#4031=ORIENTED_EDGE('',*,*,#2824,.T.);
#4032=ORIENTED_EDGE('',*,*,#2825,.T.);
#4033=ORIENTED_EDGE('',*,*,#2826,.T.);
#4034=ORIENTED_EDGE('',*,*,#2827,.T.);
#4035=ORIENTED_EDGE('',*,*,#2828,.T.);
#4036=ORIENTED_EDGE('',*,*,#2829,.T.);
#4037=ORIENTED_EDGE('',*,*,#2830,.T.);
#4038=ORIENTED_EDGE('',*,*,#2831,.T.);
#4039=ORIENTED_EDGE('',*,*,#2832,.T.);
#4040=ORIENTED_EDGE('',*,*,#2833,.T.);
#4041=ORIENTED_EDGE('',*,*,#2834,.T.);
#4042=ORIENTED_EDGE('',*,*,#2835,.T.);
#4043=ORIENTED_EDGE('',*,*,#2836,.T.);
#4044=ORIENTED_EDGE('',*,*,#2837,.T.);
#4045=ORIENTED_EDGE('',*,*,#2838,.T.);
#4046=ORIENTED_EDGE('',*,*,#2839,.T.);
#4047=ORIENTED_EDGE('',*,*,#2840,.T.);
#4048=ORIENTED_EDGE('',*,*,#2841,.T.);
#4049=ORIENTED_EDGE('',*,*,#2842,.T.);
#4050=ORIENTED_EDGE('',*,*,#2843,.F.);
#4051=ORIENTED_EDGE('',*,*,#2844,.T.);
#4052=ORIENTED_EDGE('',*,*,#2845,.T.);
#4053=ORIENTED_EDGE('',*,*,#2846,.F.);
#4054=ORIENTED_EDGE('',*,*,#2847,.T.);
#4055=ORIENTED_EDGE('',*,*,#2848,.T.);
#4056=ORIENTED_EDGE('',*,*,#2849,.T.);
#4057=ORIENTED_EDGE('',*,*,#2850,.F.);
#4058=ORIENTED_EDGE('',*,*,#2851,.T.);
#4059=ORIENTED_EDGE('',*,*,#2852,.T.);
#4060=ORIENTED_EDGE('',*,*,#2853,.T.);
#4061=ORIENTED_EDGE('',*,*,#2854,.T.);
#4062=ORIENTED_EDGE('',*,*,#2855,.T.);
#4063=ORIENTED_EDGE('',*,*,#2856,.T.);
#4064=ORIENTED_EDGE('',*,*,#2857,.T.);
#4065=ORIENTED_EDGE('',*,*,#2858,.T.);
#4066=ORIENTED_EDGE('',*,*,#2859,.T.);
#4067=ORIENTED_EDGE('',*,*,#2860,.T.);
#4068=ORIENTED_EDGE('',*,*,#2861,.T.);
#4069=ORIENTED_EDGE('',*,*,#2862,.T.);
#4070=ORIENTED_EDGE('',*,*,#2863,.F.);
#4071=ORIENTED_EDGE('',*,*,#2864,.T.);
#4072=ORIENTED_EDGE('',*,*,#2865,.T.);
#4073=ORIENTED_EDGE('',*,*,#2866,.T.);
#4074=ORIENTED_EDGE('',*,*,#2867,.T.);
#4075=ORIENTED_EDGE('',*,*,#2868,.T.);
#4076=ORIENTED_EDGE('',*,*,#2869,.T.);
#4077=ORIENTED_EDGE('',*,*,#2870,.T.);
#4078=ORIENTED_EDGE('',*,*,#2871,.T.);
#4079=ORIENTED_EDGE('',*,*,#2872,.T.);
#4080=ORIENTED_EDGE('',*,*,#2873,.F.);
#4081=ORIENTED_EDGE('',*,*,#2874,.T.);
#4082=ORIENTED_EDGE('',*,*,#2875,.T.);
#4083=ORIENTED_EDGE('',*,*,#2876,.T.);
#4084=ORIENTED_EDGE('',*,*,#2877,.T.);
#4085=ORIENTED_EDGE('',*,*,#2878,.T.);
#4086=ORIENTED_EDGE('',*,*,#2879,.T.);
#4087=ORIENTED_EDGE('',*,*,#2880,.F.);
#4088=ORIENTED_EDGE('',*,*,#2881,.T.);
#4089=ORIENTED_EDGE('',*,*,#2882,.T.);
#4090=ORIENTED_EDGE('',*,*,#2883,.T.);
#4091=ORIENTED_EDGE('',*,*,#2884,.T.);
#4092=ORIENTED_EDGE('',*,*,#2885,.T.);
#4093=ORIENTED_EDGE('',*,*,#2886,.T.);
#4094=ORIENTED_EDGE('',*,*,#2887,.T.);
#4095=ORIENTED_EDGE('',*,*,#2888,.F.);
#4096=ORIENTED_EDGE('',*,*,#2889,.T.);
#4097=ORIENTED_EDGE('',*,*,#2890,.T.);
#4098=ORIENTED_EDGE('',*,*,#2891,.F.);
#4099=ORIENTED_EDGE('',*,*,#2892,.T.);
#4100=ORIENTED_EDGE('',*,*,#2893,.T.);
#4101=ORIENTED_EDGE('',*,*,#2894,.T.);
#4102=ORIENTED_EDGE('',*,*,#2895,.T.);
#4103=ORIENTED_EDGE('',*,*,#2896,.T.);
#4104=ORIENTED_EDGE('',*,*,#2897,.T.);
#4105=ORIENTED_EDGE('',*,*,#2898,.T.);
#4106=ORIENTED_EDGE('',*,*,#2899,.T.);
#4107=ORIENTED_EDGE('',*,*,#2900,.T.);
#4108=ORIENTED_EDGE('',*,*,#2901,.T.);
#4109=ORIENTED_EDGE('',*,*,#2902,.T.);
#4110=ORIENTED_EDGE('',*,*,#2903,.T.);
#4111=ORIENTED_EDGE('',*,*,#2904,.T.);
#4112=ORIENTED_EDGE('',*,*,#2905,.T.);
#4113=ORIENTED_EDGE('',*,*,#2906,.T.);
#4114=ORIENTED_EDGE('',*,*,#2907,.T.);
#4115=ORIENTED_EDGE('',*,*,#2908,.T.);
#4116=ORIENTED_EDGE('',*,*,#2909,.T.);
#4117=ORIENTED_EDGE('',*,*,#2910,.T.);
#4118=ORIENTED_EDGE('',*,*,#2911,.T.);
#4119=ORIENTED_EDGE('',*,*,#2912,.T.);
#4120=ORIENTED_EDGE('',*,*,#2913,.T.);
#4121=ORIENTED_EDGE('',*,*,#2914,.T.);
#4122=ORIENTED_EDGE('',*,*,#2915,.T.);
#4123=ORIENTED_EDGE('',*,*,#2916,.T.);
#4124=ORIENTED_EDGE('',*,*,#2917,.T.);
#4125=ORIENTED_EDGE('',*,*,#2918,.T.);
#4126=ORIENTED_EDGE('',*,*,#2919,.T.);
#4127=ORIENTED_EDGE('',*,*,#2920,.T.);
#4128=ORIENTED_EDGE('',*,*,#2921,.T.);
#4129=ORIENTED_EDGE('',*,*,#2922,.T.);
#4130=ORIENTED_EDGE('',*,*,#2923,.T.);
#4131=ORIENTED_EDGE('',*,*,#2924,.T.);
#4132=ORIENTED_EDGE('',*,*,#2925,.T.);
#4133=ORIENTED_EDGE('',*,*,#2926,.T.);
#4134=ORIENTED_EDGE('',*,*,#2927,.T.);
#4135=ORIENTED_EDGE('',*,*,#2928,.T.);
#4136=ORIENTED_EDGE('',*,*,#2929,.T.);
#4137=ORIENTED_EDGE('',*,*,#2930,.T.);
#4138=ORIENTED_EDGE('',*,*,#2931,.T.);
#4139=ORIENTED_EDGE('',*,*,#2932,.T.);
#4140=ORIENTED_EDGE('',*,*,#2933,.T.);
#4141=ORIENTED_EDGE('',*,*,#2812,.F.);
#4142=ORIENTED_EDGE('',*,*,#2810,.F.);
#4143=ORIENTED_EDGE('',*,*,#2934,.T.);
#4144=ORIENTED_EDGE('',*,*,#2815,.F.);
#4145=ORIENTED_EDGE('',*,*,#2814,.F.);
#4146=ORIENTED_EDGE('',*,*,#2892,.F.);
#4147=ORIENTED_EDGE('',*,*,#2935,.F.);
#4148=ORIENTED_EDGE('',*,*,#2802,.F.);
#4149=ORIENTED_EDGE('',*,*,#2936,.T.);
#4150=ORIENTED_EDGE('',*,*,#2743,.F.);
#4151=ORIENTED_EDGE('',*,*,#2937,.T.);
#4152=ORIENTED_EDGE('',*,*,#2851,.F.);
#4153=ORIENTED_EDGE('',*,*,#2811,.F.);
#4154=ORIENTED_EDGE('',*,*,#2938,.T.);
#4155=ORIENTED_EDGE('',*,*,#2799,.F.);
#4156=ORIENTED_EDGE('',*,*,#2939,.T.);
#4157=ORIENTED_EDGE('',*,*,#2863,.T.);
#4158=ORIENTED_EDGE('',*,*,#2940,.T.);
#4159=ORIENTED_EDGE('',*,*,#2731,.F.);
#4160=ORIENTED_EDGE('',*,*,#2936,.F.);
#4161=ORIENTED_EDGE('',*,*,#2850,.T.);
#4162=ORIENTED_EDGE('',*,*,#2941,.T.);
#4163=ORIENTED_EDGE('',*,*,#2744,.F.);
#4164=ORIENTED_EDGE('',*,*,#2942,.T.);
#4165=ORIENTED_EDGE('',*,*,#2843,.T.);
#4166=ORIENTED_EDGE('',*,*,#2943,.T.);
#4167=ORIENTED_EDGE('',*,*,#2751,.F.);
#4168=ORIENTED_EDGE('',*,*,#2944,.T.);
#4169=ORIENTED_EDGE('',*,*,#2819,.T.);
#4170=ORIENTED_EDGE('',*,*,#2945,.T.);
#4171=ORIENTED_EDGE('',*,*,#2806,.F.);
#4172=ORIENTED_EDGE('',*,*,#2946,.T.);
#4173=ORIENTED_EDGE('',*,*,#2888,.T.);
#4174=ORIENTED_EDGE('',*,*,#2947,.T.);
#4175=ORIENTED_EDGE('',*,*,#2775,.F.);
#4176=ORIENTED_EDGE('',*,*,#2948,.T.);
#4177=ORIENTED_EDGE('',*,*,#2880,.T.);
#4178=ORIENTED_EDGE('',*,*,#2949,.T.);
#4179=ORIENTED_EDGE('',*,*,#2783,.F.);
#4180=ORIENTED_EDGE('',*,*,#2950,.T.);
#4181=ORIENTED_EDGE('',*,*,#2873,.T.);
#4182=ORIENTED_EDGE('',*,*,#2951,.T.);
#4183=ORIENTED_EDGE('',*,*,#2800,.F.);
#4184=ORIENTED_EDGE('',*,*,#2938,.F.);
#4185=ORIENTED_EDGE('',*,*,#2952,.F.);
#4186=ORIENTED_EDGE('',*,*,#2740,.F.);
#4187=ORIENTED_EDGE('',*,*,#2953,.T.);
#4188=ORIENTED_EDGE('',*,*,#2854,.F.);
#4189=ORIENTED_EDGE('',*,*,#2954,.F.);
#4190=ORIENTED_EDGE('',*,*,#2917,.F.);
#4191=ORIENTED_EDGE('',*,*,#2955,.T.);
#4192=ORIENTED_EDGE('',*,*,#2690,.F.);
#4193=ORIENTED_EDGE('',*,*,#2954,.T.);
#4194=ORIENTED_EDGE('',*,*,#2714,.F.);
#4195=ORIENTED_EDGE('',*,*,#2956,.T.);
#4196=ORIENTED_EDGE('',*,*,#2893,.F.);
#4197=ORIENTED_EDGE('',*,*,#2955,.F.);
#4198=ORIENTED_EDGE('',*,*,#2916,.F.);
#4199=ORIENTED_EDGE('',*,*,#2957,.F.);
#4200=ORIENTED_EDGE('',*,*,#2691,.F.);
#4201=ORIENTED_EDGE('',*,*,#2952,.T.);
#4202=ORIENTED_EDGE('',*,*,#2853,.F.);
#4203=ORIENTED_EDGE('',*,*,#2958,.F.);
#4204=ORIENTED_EDGE('',*,*,#2741,.F.);
#4205=ORIENTED_EDGE('',*,*,#2959,.F.);
#4206=ORIENTED_EDGE('',*,*,#2721,.F.);
#4207=ORIENTED_EDGE('',*,*,#2960,.T.);
#4208=ORIENTED_EDGE('',*,*,#2927,.F.);
#4209=ORIENTED_EDGE('',*,*,#2959,.T.);
#4210=ORIENTED_EDGE('',*,*,#2933,.F.);
#4211=ORIENTED_EDGE('',*,*,#2961,.F.);
#4212=ORIENTED_EDGE('',*,*,#2715,.F.);
#4213=ORIENTED_EDGE('',*,*,#2962,.F.);
#4214=ORIENTED_EDGE('',*,*,#2922,.F.);
#4215=ORIENTED_EDGE('',*,*,#2963,.F.);
#4216=ORIENTED_EDGE('',*,*,#2726,.F.);
#4217=ORIENTED_EDGE('',*,*,#2964,.F.);
#4218=ORIENTED_EDGE('',*,*,#2926,.F.);
#4219=ORIENTED_EDGE('',*,*,#2965,.F.);
#4220=ORIENTED_EDGE('',*,*,#2722,.F.);
#4221=ORIENTED_EDGE('',*,*,#2966,.T.);
#4222=ORIENTED_EDGE('',*,*,#2919,.F.);
#4223=ORIENTED_EDGE('',*,*,#2967,.F.);
#4224=ORIENTED_EDGE('',*,*,#2729,.F.);
#4225=ORIENTED_EDGE('',*,*,#2962,.T.);
#4226=ORIENTED_EDGE('',*,*,#2730,.F.);
#4227=ORIENTED_EDGE('',*,*,#2967,.T.);
#4228=ORIENTED_EDGE('',*,*,#2918,.F.);
#4229=ORIENTED_EDGE('',*,*,#2716,.F.);
#4230=ORIENTED_EDGE('',*,*,#2961,.T.);
#4231=ORIENTED_EDGE('',*,*,#2932,.F.);
#4232=ORIENTED_EDGE('',*,*,#2968,.F.);
#4233=ORIENTED_EDGE('',*,*,#2717,.F.);
#4234=ORIENTED_EDGE('',*,*,#2968,.T.);
#4235=ORIENTED_EDGE('',*,*,#2931,.F.);
#4236=ORIENTED_EDGE('',*,*,#2969,.F.);
#4237=ORIENTED_EDGE('',*,*,#2718,.F.);
#4238=ORIENTED_EDGE('',*,*,#2969,.T.);
#4239=ORIENTED_EDGE('',*,*,#2930,.F.);
#4240=ORIENTED_EDGE('',*,*,#2970,.F.);
#4241=ORIENTED_EDGE('',*,*,#2719,.F.);
#4242=ORIENTED_EDGE('',*,*,#2970,.T.);
#4243=ORIENTED_EDGE('',*,*,#2929,.F.);
#4244=ORIENTED_EDGE('',*,*,#2971,.F.);
#4245=ORIENTED_EDGE('',*,*,#2720,.F.);
#4246=ORIENTED_EDGE('',*,*,#2971,.T.);
#4247=ORIENTED_EDGE('',*,*,#2928,.F.);
#4248=ORIENTED_EDGE('',*,*,#2960,.F.);
#4249=ORIENTED_EDGE('',*,*,#2727,.F.);
#4250=ORIENTED_EDGE('',*,*,#2963,.T.);
#4251=ORIENTED_EDGE('',*,*,#2921,.F.);
#4252=ORIENTED_EDGE('',*,*,#2972,.F.);
#4253=ORIENTED_EDGE('',*,*,#2966,.F.);
#4254=ORIENTED_EDGE('',*,*,#2728,.F.);
#4255=ORIENTED_EDGE('',*,*,#2972,.T.);
#4256=ORIENTED_EDGE('',*,*,#2920,.F.);
#4257=ORIENTED_EDGE('',*,*,#2745,.F.);
#4258=ORIENTED_EDGE('',*,*,#2941,.F.);
#4259=ORIENTED_EDGE('',*,*,#2849,.F.);
#4260=ORIENTED_EDGE('',*,*,#2973,.F.);
#4261=ORIENTED_EDGE('',*,*,#2974,.T.);
#4262=ORIENTED_EDGE('',*,*,#2746,.F.);
#4263=ORIENTED_EDGE('',*,*,#2973,.T.);
#4264=ORIENTED_EDGE('',*,*,#2848,.F.);
#4265=ORIENTED_EDGE('',*,*,#2974,.F.);
#4266=ORIENTED_EDGE('',*,*,#2847,.F.);
#4267=ORIENTED_EDGE('',*,*,#2975,.F.);
#4268=ORIENTED_EDGE('',*,*,#2747,.F.);
#4269=ORIENTED_EDGE('',*,*,#2748,.T.);
#4270=ORIENTED_EDGE('',*,*,#2975,.T.);
#4271=ORIENTED_EDGE('',*,*,#2846,.T.);
#4272=ORIENTED_EDGE('',*,*,#2976,.T.);
#4273=ORIENTED_EDGE('',*,*,#2976,.F.);
#4274=ORIENTED_EDGE('',*,*,#2845,.F.);
#4275=ORIENTED_EDGE('',*,*,#2977,.F.);
#4276=ORIENTED_EDGE('',*,*,#2749,.F.);
#4277=ORIENTED_EDGE('',*,*,#2750,.F.);
#4278=ORIENTED_EDGE('',*,*,#2977,.T.);
#4279=ORIENTED_EDGE('',*,*,#2844,.F.);
#4280=ORIENTED_EDGE('',*,*,#2942,.F.);
#4281=ORIENTED_EDGE('',*,*,#2752,.F.);
#4282=ORIENTED_EDGE('',*,*,#2943,.F.);
#4283=ORIENTED_EDGE('',*,*,#2842,.F.);
#4284=ORIENTED_EDGE('',*,*,#2978,.F.);
#4285=ORIENTED_EDGE('',*,*,#2753,.F.);
#4286=ORIENTED_EDGE('',*,*,#2978,.T.);
#4287=ORIENTED_EDGE('',*,*,#2841,.F.);
#4288=ORIENTED_EDGE('',*,*,#2979,.F.);
#4289=ORIENTED_EDGE('',*,*,#2754,.F.);
#4290=ORIENTED_EDGE('',*,*,#2979,.T.);
#4291=ORIENTED_EDGE('',*,*,#2840,.F.);
#4292=ORIENTED_EDGE('',*,*,#2980,.F.);
#4293=ORIENTED_EDGE('',*,*,#2755,.F.);
#4294=ORIENTED_EDGE('',*,*,#2980,.T.);
#4295=ORIENTED_EDGE('',*,*,#2839,.F.);
#4296=ORIENTED_EDGE('',*,*,#2981,.F.);
#4297=ORIENTED_EDGE('',*,*,#2756,.F.);
#4298=ORIENTED_EDGE('',*,*,#2981,.T.);
#4299=ORIENTED_EDGE('',*,*,#2838,.F.);
#4300=ORIENTED_EDGE('',*,*,#2982,.F.);
#4301=ORIENTED_EDGE('',*,*,#2757,.F.);
#4302=ORIENTED_EDGE('',*,*,#2982,.T.);
#4303=ORIENTED_EDGE('',*,*,#2837,.F.);
#4304=ORIENTED_EDGE('',*,*,#2983,.F.);
#4305=ORIENTED_EDGE('',*,*,#2758,.F.);
#4306=ORIENTED_EDGE('',*,*,#2983,.T.);
#4307=ORIENTED_EDGE('',*,*,#2836,.F.);
#4308=ORIENTED_EDGE('',*,*,#2984,.F.);
#4309=ORIENTED_EDGE('',*,*,#2759,.F.);
#4310=ORIENTED_EDGE('',*,*,#2984,.T.);
#4311=ORIENTED_EDGE('',*,*,#2835,.F.);
#4312=ORIENTED_EDGE('',*,*,#2985,.F.);
#4313=ORIENTED_EDGE('',*,*,#2760,.F.);
#4314=ORIENTED_EDGE('',*,*,#2985,.T.);
#4315=ORIENTED_EDGE('',*,*,#2834,.F.);
#4316=ORIENTED_EDGE('',*,*,#2986,.F.);
#4317=ORIENTED_EDGE('',*,*,#2761,.F.);
#4318=ORIENTED_EDGE('',*,*,#2986,.T.);
#4319=ORIENTED_EDGE('',*,*,#2833,.F.);
#4320=ORIENTED_EDGE('',*,*,#2987,.F.);
#4321=ORIENTED_EDGE('',*,*,#2762,.F.);
#4322=ORIENTED_EDGE('',*,*,#2987,.T.);
#4323=ORIENTED_EDGE('',*,*,#2832,.F.);
#4324=ORIENTED_EDGE('',*,*,#2988,.F.);
#4325=ORIENTED_EDGE('',*,*,#2763,.F.);
#4326=ORIENTED_EDGE('',*,*,#2988,.T.);
#4327=ORIENTED_EDGE('',*,*,#2831,.F.);
#4328=ORIENTED_EDGE('',*,*,#2989,.F.);
#4329=ORIENTED_EDGE('',*,*,#2764,.F.);
#4330=ORIENTED_EDGE('',*,*,#2989,.T.);
#4331=ORIENTED_EDGE('',*,*,#2830,.F.);
#4332=ORIENTED_EDGE('',*,*,#2990,.F.);
#4333=ORIENTED_EDGE('',*,*,#2765,.F.);
#4334=ORIENTED_EDGE('',*,*,#2990,.T.);
#4335=ORIENTED_EDGE('',*,*,#2829,.F.);
#4336=ORIENTED_EDGE('',*,*,#2991,.F.);
#4337=ORIENTED_EDGE('',*,*,#2766,.F.);
#4338=ORIENTED_EDGE('',*,*,#2991,.T.);
#4339=ORIENTED_EDGE('',*,*,#2828,.F.);
#4340=ORIENTED_EDGE('',*,*,#2992,.F.);
#4341=ORIENTED_EDGE('',*,*,#2767,.F.);
#4342=ORIENTED_EDGE('',*,*,#2992,.T.);
#4343=ORIENTED_EDGE('',*,*,#2827,.F.);
#4344=ORIENTED_EDGE('',*,*,#2993,.F.);
#4345=ORIENTED_EDGE('',*,*,#2768,.F.);
#4346=ORIENTED_EDGE('',*,*,#2993,.T.);
#4347=ORIENTED_EDGE('',*,*,#2826,.F.);
#4348=ORIENTED_EDGE('',*,*,#2994,.F.);
#4349=ORIENTED_EDGE('',*,*,#2769,.F.);
#4350=ORIENTED_EDGE('',*,*,#2994,.T.);
#4351=ORIENTED_EDGE('',*,*,#2825,.F.);
#4352=ORIENTED_EDGE('',*,*,#2995,.F.);
#4353=ORIENTED_EDGE('',*,*,#2770,.F.);
#4354=ORIENTED_EDGE('',*,*,#2995,.T.);
#4355=ORIENTED_EDGE('',*,*,#2824,.F.);
#4356=ORIENTED_EDGE('',*,*,#2996,.F.);
#4357=ORIENTED_EDGE('',*,*,#2771,.T.);
#4358=ORIENTED_EDGE('',*,*,#2996,.T.);
#4359=ORIENTED_EDGE('',*,*,#2823,.F.);
#4360=ORIENTED_EDGE('',*,*,#2997,.F.);
#4361=ORIENTED_EDGE('',*,*,#2772,.T.);
#4362=ORIENTED_EDGE('',*,*,#2997,.T.);
#4363=ORIENTED_EDGE('',*,*,#2822,.F.);
#4364=ORIENTED_EDGE('',*,*,#2998,.F.);
#4365=ORIENTED_EDGE('',*,*,#2773,.F.);
#4366=ORIENTED_EDGE('',*,*,#2998,.T.);
#4367=ORIENTED_EDGE('',*,*,#2821,.F.);
#4368=ORIENTED_EDGE('',*,*,#2999,.F.);
#4369=ORIENTED_EDGE('',*,*,#2774,.F.);
#4370=ORIENTED_EDGE('',*,*,#2999,.T.);
#4371=ORIENTED_EDGE('',*,*,#2820,.F.);
#4372=ORIENTED_EDGE('',*,*,#2944,.F.);
#4373=ORIENTED_EDGE('',*,*,#2807,.F.);
#4374=ORIENTED_EDGE('',*,*,#2945,.F.);
#4375=ORIENTED_EDGE('',*,*,#2818,.F.);
#4376=ORIENTED_EDGE('',*,*,#3000,.F.);
#4377=ORIENTED_EDGE('',*,*,#2808,.F.);
#4378=ORIENTED_EDGE('',*,*,#3000,.T.);
#4379=ORIENTED_EDGE('',*,*,#2817,.F.);
#4380=ORIENTED_EDGE('',*,*,#3001,.F.);
#4381=ORIENTED_EDGE('',*,*,#2809,.F.);
#4382=ORIENTED_EDGE('',*,*,#3001,.T.);
#4383=ORIENTED_EDGE('',*,*,#2816,.F.);
#4384=ORIENTED_EDGE('',*,*,#2934,.F.);
#4385=ORIENTED_EDGE('',*,*,#2803,.T.);
#4386=ORIENTED_EDGE('',*,*,#2935,.T.);
#4387=ORIENTED_EDGE('',*,*,#2891,.T.);
#4388=ORIENTED_EDGE('',*,*,#3002,.T.);
#4389=ORIENTED_EDGE('',*,*,#3002,.F.);
#4390=ORIENTED_EDGE('',*,*,#2890,.F.);
#4391=ORIENTED_EDGE('',*,*,#3003,.F.);
#4392=ORIENTED_EDGE('',*,*,#2804,.F.);
#4393=ORIENTED_EDGE('',*,*,#2946,.F.);
#4394=ORIENTED_EDGE('',*,*,#2805,.F.);
#4395=ORIENTED_EDGE('',*,*,#3003,.T.);
#4396=ORIENTED_EDGE('',*,*,#2889,.F.);
#4397=ORIENTED_EDGE('',*,*,#2947,.F.);
#4398=ORIENTED_EDGE('',*,*,#2887,.F.);
#4399=ORIENTED_EDGE('',*,*,#3004,.F.);
#4400=ORIENTED_EDGE('',*,*,#2776,.F.);
#4401=ORIENTED_EDGE('',*,*,#2777,.F.);
#4402=ORIENTED_EDGE('',*,*,#3004,.T.);
#4403=ORIENTED_EDGE('',*,*,#2886,.F.);
#4404=ORIENTED_EDGE('',*,*,#3005,.F.);
#4405=ORIENTED_EDGE('',*,*,#2778,.F.);
#4406=ORIENTED_EDGE('',*,*,#3005,.T.);
#4407=ORIENTED_EDGE('',*,*,#2885,.F.);
#4408=ORIENTED_EDGE('',*,*,#3006,.F.);
#4409=ORIENTED_EDGE('',*,*,#2779,.F.);
#4410=ORIENTED_EDGE('',*,*,#3006,.T.);
#4411=ORIENTED_EDGE('',*,*,#2884,.F.);
#4412=ORIENTED_EDGE('',*,*,#3007,.F.);
#4413=ORIENTED_EDGE('',*,*,#2780,.F.);
#4414=ORIENTED_EDGE('',*,*,#3007,.T.);
#4415=ORIENTED_EDGE('',*,*,#2883,.F.);
#4416=ORIENTED_EDGE('',*,*,#3008,.F.);
#4417=ORIENTED_EDGE('',*,*,#2781,.F.);
#4418=ORIENTED_EDGE('',*,*,#3008,.T.);
#4419=ORIENTED_EDGE('',*,*,#2882,.F.);
#4420=ORIENTED_EDGE('',*,*,#3009,.F.);
#4421=ORIENTED_EDGE('',*,*,#2782,.F.);
#4422=ORIENTED_EDGE('',*,*,#3009,.T.);
#4423=ORIENTED_EDGE('',*,*,#2881,.F.);
#4424=ORIENTED_EDGE('',*,*,#2948,.F.);
#4425=ORIENTED_EDGE('',*,*,#2784,.F.);
#4426=ORIENTED_EDGE('',*,*,#2949,.F.);
#4427=ORIENTED_EDGE('',*,*,#2879,.F.);
#4428=ORIENTED_EDGE('',*,*,#3010,.F.);
#4429=ORIENTED_EDGE('',*,*,#2785,.F.);
#4430=ORIENTED_EDGE('',*,*,#3010,.T.);
#4431=ORIENTED_EDGE('',*,*,#2878,.F.);
#4432=ORIENTED_EDGE('',*,*,#3011,.F.);
#4433=ORIENTED_EDGE('',*,*,#2786,.F.);
#4434=ORIENTED_EDGE('',*,*,#3011,.T.);
#4435=ORIENTED_EDGE('',*,*,#2877,.F.);
#4436=ORIENTED_EDGE('',*,*,#3012,.F.);
#4437=ORIENTED_EDGE('',*,*,#2787,.F.);
#4438=ORIENTED_EDGE('',*,*,#3012,.T.);
#4439=ORIENTED_EDGE('',*,*,#2876,.F.);
#4440=ORIENTED_EDGE('',*,*,#3013,.F.);
#4441=ORIENTED_EDGE('',*,*,#2788,.F.);
#4442=ORIENTED_EDGE('',*,*,#3013,.T.);
#4443=ORIENTED_EDGE('',*,*,#2875,.F.);
#4444=ORIENTED_EDGE('',*,*,#3014,.F.);
#4445=ORIENTED_EDGE('',*,*,#2789,.F.);
#4446=ORIENTED_EDGE('',*,*,#3014,.T.);
#4447=ORIENTED_EDGE('',*,*,#2874,.F.);
#4448=ORIENTED_EDGE('',*,*,#2950,.F.);
#4449=ORIENTED_EDGE('',*,*,#2790,.F.);
#4450=ORIENTED_EDGE('',*,*,#2951,.F.);
#4451=ORIENTED_EDGE('',*,*,#2872,.F.);
#4452=ORIENTED_EDGE('',*,*,#3015,.F.);
#4453=ORIENTED_EDGE('',*,*,#2791,.F.);
#4454=ORIENTED_EDGE('',*,*,#3015,.T.);
#4455=ORIENTED_EDGE('',*,*,#2871,.F.);
#4456=ORIENTED_EDGE('',*,*,#3016,.F.);
#4457=ORIENTED_EDGE('',*,*,#2792,.F.);
#4458=ORIENTED_EDGE('',*,*,#3016,.T.);
#4459=ORIENTED_EDGE('',*,*,#2870,.F.);
#4460=ORIENTED_EDGE('',*,*,#3017,.F.);
#4461=ORIENTED_EDGE('',*,*,#2793,.F.);
#4462=ORIENTED_EDGE('',*,*,#3017,.T.);
#4463=ORIENTED_EDGE('',*,*,#2869,.F.);
#4464=ORIENTED_EDGE('',*,*,#3018,.F.);
#4465=ORIENTED_EDGE('',*,*,#2794,.F.);
#4466=ORIENTED_EDGE('',*,*,#3018,.T.);
#4467=ORIENTED_EDGE('',*,*,#2868,.F.);
#4468=ORIENTED_EDGE('',*,*,#3019,.F.);
#4469=ORIENTED_EDGE('',*,*,#2795,.F.);
#4470=ORIENTED_EDGE('',*,*,#3019,.T.);
#4471=ORIENTED_EDGE('',*,*,#2867,.F.);
#4472=ORIENTED_EDGE('',*,*,#3020,.F.);
#4473=ORIENTED_EDGE('',*,*,#2796,.F.);
#4474=ORIENTED_EDGE('',*,*,#3020,.T.);
#4475=ORIENTED_EDGE('',*,*,#2866,.F.);
#4476=ORIENTED_EDGE('',*,*,#3021,.F.);
#4477=ORIENTED_EDGE('',*,*,#2797,.F.);
#4478=ORIENTED_EDGE('',*,*,#3021,.T.);
#4479=ORIENTED_EDGE('',*,*,#2865,.F.);
#4480=ORIENTED_EDGE('',*,*,#3022,.F.);
#4481=ORIENTED_EDGE('',*,*,#2798,.F.);
#4482=ORIENTED_EDGE('',*,*,#3022,.T.);
#4483=ORIENTED_EDGE('',*,*,#2864,.F.);
#4484=ORIENTED_EDGE('',*,*,#2939,.F.);
#4485=ORIENTED_EDGE('',*,*,#2732,.F.);
#4486=ORIENTED_EDGE('',*,*,#2940,.F.);
#4487=ORIENTED_EDGE('',*,*,#2862,.F.);
#4488=ORIENTED_EDGE('',*,*,#3023,.F.);
#4489=ORIENTED_EDGE('',*,*,#2733,.F.);
#4490=ORIENTED_EDGE('',*,*,#3023,.T.);
#4491=ORIENTED_EDGE('',*,*,#2861,.F.);
#4492=ORIENTED_EDGE('',*,*,#3024,.F.);
#4493=ORIENTED_EDGE('',*,*,#2734,.F.);
#4494=ORIENTED_EDGE('',*,*,#3024,.T.);
#4495=ORIENTED_EDGE('',*,*,#2860,.F.);
#4496=ORIENTED_EDGE('',*,*,#3025,.F.);
#4497=ORIENTED_EDGE('',*,*,#2735,.F.);
#4498=ORIENTED_EDGE('',*,*,#3025,.T.);
#4499=ORIENTED_EDGE('',*,*,#2859,.F.);
#4500=ORIENTED_EDGE('',*,*,#3026,.F.);
#4501=ORIENTED_EDGE('',*,*,#2736,.F.);
#4502=ORIENTED_EDGE('',*,*,#3026,.T.);
#4503=ORIENTED_EDGE('',*,*,#2858,.F.);
#4504=ORIENTED_EDGE('',*,*,#3027,.F.);
#4505=ORIENTED_EDGE('',*,*,#2737,.F.);
#4506=ORIENTED_EDGE('',*,*,#3027,.T.);
#4507=ORIENTED_EDGE('',*,*,#2857,.F.);
#4508=ORIENTED_EDGE('',*,*,#3028,.F.);
#4509=ORIENTED_EDGE('',*,*,#2738,.F.);
#4510=ORIENTED_EDGE('',*,*,#3028,.T.);
#4511=ORIENTED_EDGE('',*,*,#2856,.F.);
#4512=ORIENTED_EDGE('',*,*,#3029,.F.);
#4513=ORIENTED_EDGE('',*,*,#2739,.F.);
#4514=ORIENTED_EDGE('',*,*,#3029,.T.);
#4515=ORIENTED_EDGE('',*,*,#2855,.F.);
#4516=ORIENTED_EDGE('',*,*,#2953,.F.);
#4517=ORIENTED_EDGE('',*,*,#2692,.F.);
#4518=ORIENTED_EDGE('',*,*,#2957,.T.);
#4519=ORIENTED_EDGE('',*,*,#2915,.F.);
#4520=ORIENTED_EDGE('',*,*,#3030,.F.);
#4521=ORIENTED_EDGE('',*,*,#2693,.F.);
#4522=ORIENTED_EDGE('',*,*,#3030,.T.);
#4523=ORIENTED_EDGE('',*,*,#2914,.F.);
#4524=ORIENTED_EDGE('',*,*,#3031,.F.);
#4525=ORIENTED_EDGE('',*,*,#2694,.F.);
#4526=ORIENTED_EDGE('',*,*,#3031,.T.);
#4527=ORIENTED_EDGE('',*,*,#2913,.F.);
#4528=ORIENTED_EDGE('',*,*,#3032,.F.);
#4529=ORIENTED_EDGE('',*,*,#2695,.F.);
#4530=ORIENTED_EDGE('',*,*,#3032,.T.);
#4531=ORIENTED_EDGE('',*,*,#2912,.F.);
#4532=ORIENTED_EDGE('',*,*,#3033,.F.);
#4533=ORIENTED_EDGE('',*,*,#2696,.F.);
#4534=ORIENTED_EDGE('',*,*,#3033,.T.);
#4535=ORIENTED_EDGE('',*,*,#2911,.F.);
#4536=ORIENTED_EDGE('',*,*,#3034,.F.);
#4537=ORIENTED_EDGE('',*,*,#2697,.F.);
#4538=ORIENTED_EDGE('',*,*,#3034,.T.);
#4539=ORIENTED_EDGE('',*,*,#2910,.F.);
#4540=ORIENTED_EDGE('',*,*,#3035,.F.);
#4541=ORIENTED_EDGE('',*,*,#2698,.F.);
#4542=ORIENTED_EDGE('',*,*,#3035,.T.);
#4543=ORIENTED_EDGE('',*,*,#2909,.F.);
#4544=ORIENTED_EDGE('',*,*,#3036,.F.);
#4545=ORIENTED_EDGE('',*,*,#2699,.F.);
#4546=ORIENTED_EDGE('',*,*,#3036,.T.);
#4547=ORIENTED_EDGE('',*,*,#2908,.F.);
#4548=ORIENTED_EDGE('',*,*,#3037,.F.);
#4549=ORIENTED_EDGE('',*,*,#2700,.F.);
#4550=ORIENTED_EDGE('',*,*,#3037,.T.);
#4551=ORIENTED_EDGE('',*,*,#2907,.F.);
#4552=ORIENTED_EDGE('',*,*,#3038,.F.);
#4553=ORIENTED_EDGE('',*,*,#2701,.F.);
#4554=ORIENTED_EDGE('',*,*,#3038,.T.);
#4555=ORIENTED_EDGE('',*,*,#2906,.F.);
#4556=ORIENTED_EDGE('',*,*,#3039,.F.);
#4557=ORIENTED_EDGE('',*,*,#2702,.F.);
#4558=ORIENTED_EDGE('',*,*,#3039,.T.);
#4559=ORIENTED_EDGE('',*,*,#2905,.F.);
#4560=ORIENTED_EDGE('',*,*,#3040,.F.);
#4561=ORIENTED_EDGE('',*,*,#2703,.F.);
#4562=ORIENTED_EDGE('',*,*,#3040,.T.);
#4563=ORIENTED_EDGE('',*,*,#2904,.F.);
#4564=ORIENTED_EDGE('',*,*,#3041,.F.);
#4565=ORIENTED_EDGE('',*,*,#2704,.F.);
#4566=ORIENTED_EDGE('',*,*,#3041,.T.);
#4567=ORIENTED_EDGE('',*,*,#2903,.F.);
#4568=ORIENTED_EDGE('',*,*,#3042,.F.);
#4569=ORIENTED_EDGE('',*,*,#2705,.F.);
#4570=ORIENTED_EDGE('',*,*,#3042,.T.);
#4571=ORIENTED_EDGE('',*,*,#2902,.F.);
#4572=ORIENTED_EDGE('',*,*,#3043,.F.);
#4573=ORIENTED_EDGE('',*,*,#2706,.F.);
#4574=ORIENTED_EDGE('',*,*,#3043,.T.);
#4575=ORIENTED_EDGE('',*,*,#2901,.F.);
#4576=ORIENTED_EDGE('',*,*,#3044,.F.);
#4577=ORIENTED_EDGE('',*,*,#2707,.F.);
#4578=ORIENTED_EDGE('',*,*,#3044,.T.);
#4579=ORIENTED_EDGE('',*,*,#2900,.F.);
#4580=ORIENTED_EDGE('',*,*,#3045,.F.);
#4581=ORIENTED_EDGE('',*,*,#2708,.F.);
#4582=ORIENTED_EDGE('',*,*,#3045,.T.);
#4583=ORIENTED_EDGE('',*,*,#2899,.F.);
#4584=ORIENTED_EDGE('',*,*,#3046,.F.);
#4585=ORIENTED_EDGE('',*,*,#2709,.F.);
#4586=ORIENTED_EDGE('',*,*,#3046,.T.);
#4587=ORIENTED_EDGE('',*,*,#2898,.F.);
#4588=ORIENTED_EDGE('',*,*,#3047,.F.);
#4589=ORIENTED_EDGE('',*,*,#2710,.F.);
#4590=ORIENTED_EDGE('',*,*,#3047,.T.);
#4591=ORIENTED_EDGE('',*,*,#2897,.F.);
#4592=ORIENTED_EDGE('',*,*,#3048,.F.);
#4593=ORIENTED_EDGE('',*,*,#2711,.F.);
#4594=ORIENTED_EDGE('',*,*,#3048,.T.);
#4595=ORIENTED_EDGE('',*,*,#2896,.F.);
#4596=ORIENTED_EDGE('',*,*,#3049,.F.);
#4597=ORIENTED_EDGE('',*,*,#2712,.F.);
#4598=ORIENTED_EDGE('',*,*,#3049,.T.);
#4599=ORIENTED_EDGE('',*,*,#2895,.F.);
#4600=ORIENTED_EDGE('',*,*,#3050,.F.);
#4601=ORIENTED_EDGE('',*,*,#2713,.F.);
#4602=ORIENTED_EDGE('',*,*,#3050,.T.);
#4603=ORIENTED_EDGE('',*,*,#2894,.F.);
#4604=ORIENTED_EDGE('',*,*,#2956,.F.);
#4605=ORIENTED_EDGE('',*,*,#2742,.F.);
#4606=ORIENTED_EDGE('',*,*,#2958,.T.);
#4607=ORIENTED_EDGE('',*,*,#2852,.F.);
#4608=ORIENTED_EDGE('',*,*,#2937,.F.);
#4609=ORIENTED_EDGE('',*,*,#3051,.F.);
#4610=ORIENTED_EDGE('',*,*,#2724,.F.);
#4611=ORIENTED_EDGE('',*,*,#3052,.T.);
#4612=ORIENTED_EDGE('',*,*,#2924,.F.);
#4613=ORIENTED_EDGE('',*,*,#2723,.F.);
#4614=ORIENTED_EDGE('',*,*,#2965,.T.);
#4615=ORIENTED_EDGE('',*,*,#2925,.F.);
#4616=ORIENTED_EDGE('',*,*,#3052,.F.);
#4617=ORIENTED_EDGE('',*,*,#2964,.T.);
#4618=ORIENTED_EDGE('',*,*,#2725,.F.);
#4619=ORIENTED_EDGE('',*,*,#3051,.T.);
#4620=ORIENTED_EDGE('',*,*,#2923,.F.);
#4621=B_SPLINE_SURFACE_WITH_KNOTS('',3,1,((#5880,#5881),(#5882,#5883),(#5884,
#5885),(#5886,#5887),(#5888,#5889),(#5890,#5891),(#5892,#5893),(#5894,#5895),
(#5896,#5897),(#5898,#5899),(#5900,#5901),(#5902,#5903),(#5904,#5905)),
 .UNSPECIFIED.,.F.,.F.,.F.,(4,3,3,3,4),(2,2),(-1.51825290163215,-1.14289701662447,
-1.,0.,9.90054568964743),(0.,0.288000000001128),.UNSPECIFIED.);
#4622=B_SPLINE_SURFACE_WITH_KNOTS('',3,1,((#5932,#5933),(#5934,#5935),(#5936,
#5937),(#5938,#5939)),.UNSPECIFIED.,.F.,.F.,.F.,(4,4),(2,2),(-1.,0.),(0.,
0.360000000000014),.UNSPECIFIED.);
#4623=B_SPLINE_SURFACE_WITH_KNOTS('',3,1,((#5948,#5949),(#5950,#5951),(#5952,
#5953),(#5954,#5955)),.UNSPECIFIED.,.F.,.F.,.F.,(4,4),(2,2),(-1.,-0.162506667079219),
(0.,0.360000000000006),.UNSPECIFIED.);
#4624=B_SPLINE_SURFACE_WITH_KNOTS('',3,1,((#5967,#5968),(#5969,#5970),(#5971,
#5972),(#5973,#5974)),.UNSPECIFIED.,.F.,.F.,.F.,(4,4),(2,2),(-1.,0.),(0.,
0.360000000000006),.UNSPECIFIED.);
#4625=B_SPLINE_SURFACE_WITH_KNOTS('',3,1,((#5989,#5990),(#5991,#5992),(#5993,
#5994),(#5995,#5996)),.UNSPECIFIED.,.F.,.F.,.F.,(4,4),(2,2),(-1.,0.),(0.,
0.360000000000002),.UNSPECIFIED.);
#4626=B_SPLINE_SURFACE_WITH_KNOTS('',3,1,((#6008,#6009),(#6010,#6011),(#6012,
#6013),(#6014,#6015)),.UNSPECIFIED.,.F.,.F.,.F.,(4,4),(2,2),(-1.,0.),(0.,
0.360000000000001),.UNSPECIFIED.);
#4627=B_SPLINE_SURFACE_WITH_KNOTS('',3,1,((#6027,#6028),(#6029,#6030),(#6031,
#6032),(#6033,#6034)),.UNSPECIFIED.,.F.,.F.,.F.,(4,4),(2,2),(-1.,-6.01158405816546E-5),
(0.,0.360000000000001),.UNSPECIFIED.);
#4628=B_SPLINE_SURFACE_WITH_KNOTS('',3,1,((#6046,#6047),(#6048,#6049),(#6050,
#6051),(#6052,#6053)),.UNSPECIFIED.,.F.,.F.,.F.,(4,4),(2,2),(-0.999989015940574,
0.),(0.,0.360000000000001),.UNSPECIFIED.);
#4629=B_SPLINE_SURFACE_WITH_KNOTS('',3,1,((#6065,#6066),(#6067,#6068),(#6069,
#6070),(#6071,#6072)),.UNSPECIFIED.,.F.,.F.,.F.,(4,4),(2,2),(-1.,0.),(0.,
0.360000000000001),.UNSPECIFIED.);
#4630=B_SPLINE_SURFACE_WITH_KNOTS('',3,1,((#6084,#6085),(#6086,#6087),(#6088,
#6089),(#6090,#6091)),.UNSPECIFIED.,.F.,.F.,.F.,(4,4),(2,2),(-1.,0.),(0.,
0.360000000000001),.UNSPECIFIED.);
#4631=B_SPLINE_SURFACE_WITH_KNOTS('',3,1,((#6103,#6104),(#6105,#6106),(#6107,
#6108),(#6109,#6110)),.UNSPECIFIED.,.F.,.F.,.F.,(4,4),(2,2),(-1.,0.),(0.,
0.360000000000001),.UNSPECIFIED.);
#4632=B_SPLINE_SURFACE_WITH_KNOTS('',3,1,((#6122,#6123),(#6124,#6125),(#6126,
#6127),(#6128,#6129)),.UNSPECIFIED.,.F.,.F.,.F.,(4,4),(2,2),(0.,0.134990619002057),
(0.,0.360000000000001),.UNSPECIFIED.);
#4633=B_SPLINE_SURFACE_WITH_KNOTS('',3,1,((#6141,#6142),(#6143,#6144),(#6145,
#6146),(#6147,#6148)),.UNSPECIFIED.,.F.,.F.,.F.,(4,4),(2,2),(-1.,0.),(0.,
0.360000000000014),.UNSPECIFIED.);
#4634=B_SPLINE_SURFACE_WITH_KNOTS('',3,1,((#6160,#6161),(#6162,#6163),(#6164,
#6165),(#6166,#6167)),.UNSPECIFIED.,.F.,.F.,.F.,(4,4),(2,2),(-1.,0.),(0.,
0.360000000000011),.UNSPECIFIED.);
#4635=B_SPLINE_SURFACE_WITH_KNOTS('',3,1,((#6179,#6180),(#6181,#6182),(#6183,
#6184),(#6185,#6186)),.UNSPECIFIED.,.F.,.F.,.F.,(4,4),(2,2),(-1.,-0.305721529867724),
(0.,0.360000000000005),.UNSPECIFIED.);
#4636=B_SPLINE_SURFACE_WITH_KNOTS('',3,1,((#6198,#6199),(#6200,#6201),(#6202,
#6203),(#6204,#6205)),.UNSPECIFIED.,.F.,.F.,.F.,(4,4),(2,2),(0.,1.),(0.,
0.132000000000996),.UNSPECIFIED.);
#4637=B_SPLINE_SURFACE_WITH_KNOTS('',3,1,((#6224,#6225),(#6226,#6227),(#6228,
#6229),(#6230,#6231),(#6232,#6233),(#6234,#6235),(#6236,#6237)),
 .UNSPECIFIED.,.F.,.F.,.F.,(4,3,4),(2,2),(-3.102581452833,-1.,0.),(0.,0.30960000000111),
 .UNSPECIFIED.);
#4638=B_SPLINE_SURFACE_WITH_KNOTS('',3,1,((#6254,#6255),(#6256,#6257),(#6258,
#6259),(#6260,#6261)),.UNSPECIFIED.,.F.,.F.,.F.,(4,4),(2,2),(-1.,0.),(0.,
0.360000000000005),.UNSPECIFIED.);
#4639=B_SPLINE_SURFACE_WITH_KNOTS('',3,1,((#6273,#6274),(#6275,#6276),(#6277,
#6278),(#6279,#6280)),.UNSPECIFIED.,.F.,.F.,.F.,(4,4),(2,2),(-1.,0.),(0.,
0.360000000000004),.UNSPECIFIED.);
#4640=B_SPLINE_SURFACE_WITH_KNOTS('',3,1,((#6292,#6293),(#6294,#6295),(#6296,
#6297),(#6298,#6299)),.UNSPECIFIED.,.F.,.F.,.F.,(4,4),(2,2),(-1.,-0.266642251355358),
(0.,0.360000000000001),.UNSPECIFIED.);
#4641=B_SPLINE_SURFACE_WITH_KNOTS('',3,1,((#6311,#6312),(#6313,#6314),(#6315,
#6316),(#6317,#6318)),.UNSPECIFIED.,.F.,.F.,.F.,(4,4),(2,2),(-1.,0.),(0.,
0.360000000000006),.UNSPECIFIED.);
#4642=B_SPLINE_SURFACE_WITH_KNOTS('',3,1,((#6333,#6334),(#6335,#6336),(#6337,
#6338),(#6339,#6340)),.UNSPECIFIED.,.F.,.F.,.F.,(4,4),(2,2),(-1.,0.),(0.,
0.360000000000002),.UNSPECIFIED.);
#4643=B_SPLINE_SURFACE_WITH_KNOTS('',3,1,((#6352,#6353),(#6354,#6355),(#6356,
#6357),(#6358,#6359)),.UNSPECIFIED.,.F.,.F.,.F.,(4,4),(2,2),(-1.,0.),(0.,
0.360000000000001),.UNSPECIFIED.);
#4644=B_SPLINE_SURFACE_WITH_KNOTS('',3,1,((#6371,#6372),(#6373,#6374),(#6375,
#6376),(#6377,#6378),(#6379,#6380),(#6381,#6382),(#6383,#6384)),
 .UNSPECIFIED.,.F.,.F.,.F.,(4,3,4),(2,2),(-1.,0.,2.75592782444974),(0.,
0.360000000000001),.UNSPECIFIED.);
#4645=B_SPLINE_SURFACE_WITH_KNOTS('',3,1,((#6401,#6402),(#6403,#6404),(#6405,
#6406),(#6407,#6408)),.UNSPECIFIED.,.F.,.F.,.F.,(4,4),(2,2),(-1.,0.),(0.,
0.360000000000001),.UNSPECIFIED.);
#4646=B_SPLINE_SURFACE_WITH_KNOTS('',3,1,((#6423,#6424),(#6425,#6426),(#6427,
#6428),(#6429,#6430)),.UNSPECIFIED.,.F.,.F.,.F.,(4,4),(2,2),(-1.,0.),(0.,
0.360000000000001),.UNSPECIFIED.);
#4647=B_SPLINE_SURFACE_WITH_KNOTS('',3,1,((#6442,#6443),(#6444,#6445),(#6446,
#6447),(#6448,#6449)),.UNSPECIFIED.,.F.,.F.,.F.,(4,4),(2,2),(-1.,-0.375178190712983),
(0.,0.360000000000001),.UNSPECIFIED.);
#4648=B_SPLINE_SURFACE_WITH_KNOTS('',3,1,((#6460,#6461),(#6462,#6463),(#6464,
#6465),(#6466,#6467)),.UNSPECIFIED.,.F.,.F.,.F.,(4,4),(2,2),(-1.,0.),(0.,
0.360000000000001),.UNSPECIFIED.);
#4649=B_SPLINE_SURFACE_WITH_KNOTS('',3,1,((#6482,#6483),(#6484,#6485),(#6486,
#6487),(#6488,#6489)),.UNSPECIFIED.,.F.,.F.,.F.,(4,4),(2,2),(-1.,0.),(0.,
0.360000000000001),.UNSPECIFIED.);
#4650=B_SPLINE_SURFACE_WITH_KNOTS('',3,1,((#6501,#6502),(#6503,#6504),(#6505,
#6506),(#6507,#6508)),.UNSPECIFIED.,.F.,.F.,.F.,(4,4),(2,2),(-1.,0.),(0.,
0.360000000000001),.UNSPECIFIED.);
#4651=B_SPLINE_SURFACE_WITH_KNOTS('',3,1,((#6520,#6521),(#6522,#6523),(#6524,
#6525),(#6526,#6527)),.UNSPECIFIED.,.F.,.F.,.F.,(4,4),(2,2),(-1.,0.),(0.,
0.360000000000001),.UNSPECIFIED.);
#4652=B_SPLINE_SURFACE_WITH_KNOTS('',3,1,((#6539,#6540),(#6541,#6542),(#6543,
#6544),(#6545,#6546)),.UNSPECIFIED.,.F.,.F.,.F.,(4,4),(2,2),(-1.,-0.0918129036808231),
(0.,0.360000000000001),.UNSPECIFIED.);
#4653=B_SPLINE_SURFACE_WITH_KNOTS('',3,1,((#6558,#6559),(#6560,#6561),(#6562,
#6563),(#6564,#6565)),.UNSPECIFIED.,.F.,.F.,.F.,(4,4),(2,2),(-1.,0.),(0.,
0.360000000000006),.UNSPECIFIED.);
#4654=B_SPLINE_SURFACE_WITH_KNOTS('',3,1,((#6580,#6581),(#6582,#6583),(#6584,
#6585),(#6586,#6587)),.UNSPECIFIED.,.F.,.F.,.F.,(4,4),(2,2),(-1.,-0.730668966147163),
(0.,0.360000000000002),.UNSPECIFIED.);
#4655=B_SPLINE_SURFACE_WITH_KNOTS('',3,1,((#6596,#6597),(#6598,#6599),(#6600,
#6601),(#6602,#6603),(#6604,#6605),(#6606,#6607),(#6608,#6609),(#6610,#6611),
(#6612,#6613),(#6614,#6615)),.UNSPECIFIED.,.F.,.F.,.F.,(4,3,3,4),(2,2),
(-0.951250595105623,-0.367113936322581,-1.21923826579426E-5,0.00950019164457171),
(0.,0.288000000000049),.UNSPECIFIED.);
#4656=B_SPLINE_SURFACE_WITH_KNOTS('',3,1,((#6640,#6641),(#6642,#6643),(#6644,
#6645),(#6646,#6647),(#6648,#6649),(#6650,#6651),(#6652,#6653),(#6654,#6655),
(#6656,#6657),(#6658,#6659),(#6660,#6661),(#6662,#6663),(#6664,#6665),(#6666,
#6667),(#6668,#6669),(#6670,#6671),(#6672,#6673),(#6674,#6675),(#6676,#6677)),
 .UNSPECIFIED.,.F.,.F.,.F.,(4,3,3,3,3,3,4),(2,2),(-1.01,-1.,-0.368328211876161,
-0.103669499563322,-0.0109135223002228,4.61390838028501E-6,0.0100046600474641),
(0.,0.288),.UNSPECIFIED.);
#4657=B_SPLINE_SURFACE_WITH_KNOTS('',3,1,((#6707,#6708),(#6709,#6710),(#6711,
#6712),(#6713,#6714),(#6715,#6716),(#6717,#6718),(#6719,#6720),(#6721,#6722),
(#6723,#6724),(#6725,#6726)),.UNSPECIFIED.,.F.,.F.,.F.,(4,3,3,4),(2,2),
(-1.01691451746932,-1.,0.,0.691451746931845),(0.,0.288),.UNSPECIFIED.);
#4658=B_SPLINE_SURFACE_WITH_KNOTS('',3,1,((#6750,#6751),(#6752,#6753),(#6754,
#6755),(#6756,#6757)),.UNSPECIFIED.,.F.,.F.,.F.,(4,4),(2,2),(-1.,0.),(0.,
0.360000000000001),.UNSPECIFIED.);
#4659=B_SPLINE_SURFACE_WITH_KNOTS('',3,1,((#6769,#6770),(#6771,#6772),(#6773,
#6774),(#6775,#6776)),.UNSPECIFIED.,.F.,.F.,.F.,(4,4),(2,2),(-1.,0.),(0.,
0.360000000000001),.UNSPECIFIED.);
#4660=B_SPLINE_SURFACE_WITH_KNOTS('',3,1,((#6788,#6789),(#6790,#6791),(#6792,
#6793),(#6794,#6795)),.UNSPECIFIED.,.F.,.F.,.F.,(4,4),(2,2),(-1.,0.),(0.,
0.360000000000001),.UNSPECIFIED.);
#4661=B_SPLINE_SURFACE_WITH_KNOTS('',3,1,((#6807,#6808),(#6809,#6810),(#6811,
#6812),(#6813,#6814)),.UNSPECIFIED.,.F.,.F.,.F.,(4,4),(2,2),(-1.,0.),(0.,
0.360000000000001),.UNSPECIFIED.);
#4662=B_SPLINE_SURFACE_WITH_KNOTS('',3,1,((#6826,#6827),(#6828,#6829),(#6830,
#6831),(#6832,#6833)),.UNSPECIFIED.,.F.,.F.,.F.,(4,4),(2,2),(-1.,0.),(0.,
0.360000000000001),.UNSPECIFIED.);
#4663=B_SPLINE_SURFACE_WITH_KNOTS('',3,1,((#6845,#6846),(#6847,#6848),(#6849,
#6850),(#6851,#6852)),.UNSPECIFIED.,.F.,.F.,.F.,(4,4),(2,2),(-1.,0.),(0.,
0.360000000000005),.UNSPECIFIED.);
#4664=B_SPLINE_SURFACE_WITH_KNOTS('',3,1,((#6861,#6862),(#6863,#6864),(#6865,
#6866),(#6867,#6868)),.UNSPECIFIED.,.F.,.F.,.F.,(4,4),(2,2),(-1.,0.),(0.,
0.360000000000001),.UNSPECIFIED.);
#4665=B_SPLINE_SURFACE_WITH_KNOTS('',3,1,((#6880,#6881),(#6882,#6883),(#6884,
#6885),(#6886,#6887)),.UNSPECIFIED.,.F.,.F.,.F.,(4,4),(2,2),(-1.,0.),(0.,
0.360000000000001),.UNSPECIFIED.);
#4666=B_SPLINE_SURFACE_WITH_KNOTS('',3,1,((#6899,#6900),(#6901,#6902),(#6903,
#6904),(#6905,#6906)),.UNSPECIFIED.,.F.,.F.,.F.,(4,4),(2,2),(-1.,0.),(0.,
0.360000000000001),.UNSPECIFIED.);
#4667=B_SPLINE_SURFACE_WITH_KNOTS('',3,1,((#6915,#6916),(#6917,#6918),(#6919,
#6920),(#6921,#6922)),.UNSPECIFIED.,.F.,.F.,.F.,(4,4),(2,2),(-1.,0.),(0.,
0.360000000000008),.UNSPECIFIED.);
#4668=B_SPLINE_SURFACE_WITH_KNOTS('',3,1,((#6934,#6935),(#6936,#6937),(#6938,
#6939),(#6940,#6941)),.UNSPECIFIED.,.F.,.F.,.F.,(4,4),(2,2),(-1.,0.),(0.,
0.360000000000001),.UNSPECIFIED.);
#4669=B_SPLINE_SURFACE_WITH_KNOTS('',3,1,((#6953,#6954),(#6955,#6956),(#6957,
#6958),(#6959,#6960)),.UNSPECIFIED.,.F.,.F.,.F.,(4,4),(2,2),(-1.,0.),(0.,
0.360000000000006),.UNSPECIFIED.);
#4670=B_SPLINE_SURFACE_WITH_KNOTS('',3,1,((#6971,#6972),(#6973,#6974),(#6975,
#6976),(#6977,#6978)),.UNSPECIFIED.,.F.,.F.,.F.,(4,4),(2,2),(-1.,0.),(0.,
0.360000000000001),.UNSPECIFIED.);
#4671=B_SPLINE_SURFACE_WITH_KNOTS('',3,1,((#6993,#6994),(#6995,#6996),(#6997,
#6998),(#6999,#7000)),.UNSPECIFIED.,.F.,.F.,.F.,(4,4),(2,2),(-1.,0.),(0.,
0.360000000000006),.UNSPECIFIED.);
#4672=B_SPLINE_SURFACE_WITH_KNOTS('',3,1,((#7012,#7013),(#7014,#7015),(#7016,
#7017),(#7018,#7019)),.UNSPECIFIED.,.F.,.F.,.F.,(4,4),(2,2),(-1.,0.),(0.,
0.360000000000018),.UNSPECIFIED.);
#4673=B_SPLINE_SURFACE_WITH_KNOTS('',3,1,((#7031,#7032),(#7033,#7034),(#7035,
#7036),(#7037,#7038),(#7039,#7040),(#7041,#7042),(#7043,#7044),(#7045,#7046),
(#7047,#7048),(#7049,#7050),(#7051,#7052),(#7053,#7054),(#7055,#7056)),
 .UNSPECIFIED.,.F.,.F.,.F.,(4,3,3,3,4),(2,2),(-1.09072011434229,-1.,0.,
0.496000281105063,1.72024604770877),(0.,0.288),.UNSPECIFIED.);
#4674=B_SPLINE_SURFACE_WITH_KNOTS('',3,1,((#7086,#7087),(#7088,#7089),(#7090,
#7091),(#7092,#7093)),.UNSPECIFIED.,.F.,.F.,.F.,(4,4),(2,2),(-1.,0.),(0.,
0.360000000000018),.UNSPECIFIED.);
#4675=B_SPLINE_SURFACE_WITH_KNOTS('',3,1,((#7105,#7106),(#7107,#7108),(#7109,
#7110),(#7111,#7112),(#7113,#7114),(#7115,#7116),(#7117,#7118)),
 .UNSPECIFIED.,.F.,.F.,.F.,(4,3,4),(2,2),(-1.,0.,1.20648980959716),(0.,
0.360000000000001),.UNSPECIFIED.);
#4676=B_SPLINE_SURFACE_WITH_KNOTS('',3,1,((#7138,#7139),(#7140,#7141),(#7142,
#7143),(#7144,#7145)),.UNSPECIFIED.,.F.,.F.,.F.,(4,4),(2,2),(-1.,0.),(0.,
0.360000000000014),.UNSPECIFIED.);
#4677=B_SPLINE_SURFACE_WITH_KNOTS('',3,1,((#7474,#7475),(#7476,#7477),(#7478,
#7479),(#7480,#7481),(#7482,#7483),(#7484,#7485),(#7486,#7487)),
 .UNSPECIFIED.,.F.,.F.,.F.,(4,3,4),(2,2),(-1.42797093331693,-1.,0.),(0.,
0.360000000000007),.UNSPECIFIED.);
#4678=B_SPLINE_SURFACE_WITH_KNOTS('',3,1,((#7494,#7495),(#7496,#7497),(#7498,
#7499),(#7500,#7501),(#7502,#7503),(#7504,#7505),(#7506,#7507)),
 .UNSPECIFIED.,.F.,.F.,.F.,(4,3,4),(2,2),(-1.24464468199864,-1.,0.),(0.,
0.360000000000007),.UNSPECIFIED.);
#4679=B_SPLINE_SURFACE_WITH_KNOTS('',3,1,((#7516,#7517),(#7518,#7519),(#7520,
#7521),(#7522,#7523),(#7524,#7525),(#7526,#7527),(#7528,#7529)),
 .UNSPECIFIED.,.F.,.F.,.F.,(4,3,4),(2,2),(-3.19285572116431,-1.,0.),(0.,
0.360000000000026),.UNSPECIFIED.);
#4680=B_SPLINE_SURFACE_WITH_KNOTS('',3,1,((#7539,#7540),(#7541,#7542),(#7543,
#7544),(#7545,#7546),(#7547,#7548),(#7549,#7550),(#7551,#7552),(#7553,#7554),
(#7555,#7556),(#7557,#7558),(#7559,#7560),(#7561,#7562),(#7563,#7564)),
 .UNSPECIFIED.,.F.,.F.,.F.,(4,3,3,3,4),(2,2),(-2.72495949358261,-2.19623268879384,
-1.,0.,0.0661961787453749),(0.,0.288),.UNSPECIFIED.);
#4681=B_SPLINE_SURFACE_WITH_KNOTS('',3,1,((#7577,#7578),(#7579,#7580),(#7581,
#7582),(#7583,#7584),(#7585,#7586),(#7587,#7588),(#7589,#7590)),
 .UNSPECIFIED.,.F.,.F.,.F.,(4,3,4),(2,2),(-1.02064499436859,-1.,0.),(0.,
0.360000000000015),.UNSPECIFIED.);
#4682=B_SPLINE_SURFACE_WITH_KNOTS('',3,1,((#7599,#7600),(#7601,#7602),(#7603,
#7604),(#7605,#7606)),.UNSPECIFIED.,.F.,.F.,.F.,(4,4),(2,2),(-1.,0.),(0.,
0.360000000000001),.UNSPECIFIED.);
#4683=B_SPLINE_SURFACE_WITH_KNOTS('',3,1,((#7613,#7614),(#7615,#7616),(#7617,
#7618),(#7619,#7620)),.UNSPECIFIED.,.F.,.F.,.F.,(4,4),(2,2),(-1.,0.),(0.,
0.360000000000001),.UNSPECIFIED.);
#4684=B_SPLINE_SURFACE_WITH_KNOTS('',3,1,((#7627,#7628),(#7629,#7630),(#7631,
#7632),(#7633,#7634),(#7635,#7636),(#7637,#7638),(#7639,#7640)),
 .UNSPECIFIED.,.F.,.F.,.F.,(4,3,4),(2,2),(-1.17711130876952,-1.,0.),(0.,
0.360000000000001),.UNSPECIFIED.);
#4685=B_SPLINE_SURFACE_WITH_KNOTS('',3,1,((#7645,#7646),(#7647,#7648),(#7649,
#7650),(#7651,#7652),(#7653,#7654),(#7655,#7656),(#7657,#7658),(#7659,#7660),
(#7661,#7662),(#7663,#7664)),.UNSPECIFIED.,.F.,.F.,.F.,(4,3,3,4),(2,2),
(-1.45245779950738,-1.,0.,0.168963892487999),(0.,0.360000000000001),
 .UNSPECIFIED.);
#4686=B_SPLINE_SURFACE_WITH_KNOTS('',3,1,((#7671,#7672),(#7673,#7674),(#7675,
#7676),(#7677,#7678),(#7679,#7680),(#7681,#7682),(#7683,#7684),(#7685,#7686),
(#7687,#7688),(#7689,#7690)),.UNSPECIFIED.,.F.,.F.,.F.,(4,3,3,4),(2,2),
(-2.16020484473647,-1.,0.,0.01),(0.,0.287999999999989),.UNSPECIFIED.);
#4687=B_SPLINE_SURFACE_WITH_KNOTS('',3,1,((#7701,#7702),(#7703,#7704),(#7705,
#7706),(#7707,#7708)),.UNSPECIFIED.,.F.,.F.,.F.,(4,4),(2,2),(0.,1.),(0.,
0.132000000000996),.UNSPECIFIED.);
#4688=B_SPLINE_SURFACE_WITH_KNOTS('',3,1,((#7715,#7716),(#7717,#7718),(#7719,
#7720),(#7721,#7722),(#7723,#7724),(#7725,#7726),(#7727,#7728),(#7729,#7730),
(#7731,#7732),(#7733,#7734)),.UNSPECIFIED.,.F.,.F.,.F.,(4,3,3,4),(2,2),
(-1.05051761234751,-1.,0.,0.510996080997694),(0.,0.309600000001128),
 .UNSPECIFIED.);
#4689=B_SPLINE_SURFACE_WITH_KNOTS('',3,1,((#7741,#7742),(#7743,#7744),(#7745,
#7746),(#7747,#7748)),.UNSPECIFIED.,.F.,.F.,.F.,(4,4),(2,2),(-0.855722352289261,
0.),(0.,0.360000000000001),.UNSPECIFIED.);
#4690=B_SPLINE_SURFACE_WITH_KNOTS('',3,1,((#7753,#7754),(#7755,#7756),(#7757,
#7758),(#7759,#7760)),.UNSPECIFIED.,.F.,.F.,.F.,(4,4),(2,2),(-1.,0.),(0.,
0.360000000000003),.UNSPECIFIED.);
#4691=B_SPLINE_SURFACE_WITH_KNOTS('',3,1,((#7767,#7768),(#7769,#7770),(#7771,
#7772),(#7773,#7774)),.UNSPECIFIED.,.F.,.F.,.F.,(4,4),(2,2),(-1.,0.),(0.,
0.360000000000007),.UNSPECIFIED.);
#4692=B_SPLINE_SURFACE_WITH_KNOTS('',3,1,((#7785,#7786),(#7787,#7788),(#7789,
#7790),(#7791,#7792)),.UNSPECIFIED.,.F.,.F.,.F.,(4,4),(2,2),(-1.,0.),(0.,
0.360000000000001),.UNSPECIFIED.);
#4693=B_SPLINE_SURFACE_WITH_KNOTS('',3,1,((#7799,#7800),(#7801,#7802),(#7803,
#7804),(#7805,#7806)),.UNSPECIFIED.,.F.,.F.,.F.,(4,4),(2,2),(-1.,0.),(0.,
0.360000000000001),.UNSPECIFIED.);
#4694=B_SPLINE_SURFACE_WITH_KNOTS('',3,1,((#7813,#7814),(#7815,#7816),(#7817,
#7818),(#7819,#7820)),.UNSPECIFIED.,.F.,.F.,.F.,(4,4),(2,2),(-1.,0.),(0.,
0.360000000000001),.UNSPECIFIED.);
#4695=B_SPLINE_SURFACE_WITH_KNOTS('',3,1,((#7827,#7828),(#7829,#7830),(#7831,
#7832),(#7833,#7834)),.UNSPECIFIED.,.F.,.F.,.F.,(4,4),(2,2),(-1.,0.),(0.,
0.360000000000001),.UNSPECIFIED.);
#4696=B_SPLINE_SURFACE_WITH_KNOTS('',3,1,((#7841,#7842),(#7843,#7844),(#7845,
#7846),(#7847,#7848)),.UNSPECIFIED.,.F.,.F.,.F.,(4,4),(2,2),(-0.941749136827916,
0.),(0.,0.36000000000001),.UNSPECIFIED.);
#4697=B_SPLINE_SURFACE_WITH_KNOTS('',3,1,((#7854,#7855),(#7856,#7857),(#7858,
#7859),(#7860,#7861)),.UNSPECIFIED.,.F.,.F.,.F.,(4,4),(2,2),(0.941749136828575,
1.),(0.,0.360000000000001),.UNSPECIFIED.);
#4698=B_SPLINE_SURFACE_WITH_KNOTS('',3,1,((#7866,#7867),(#7868,#7869),(#7870,
#7871),(#7872,#7873)),.UNSPECIFIED.,.F.,.F.,.F.,(4,4),(2,2),(-1.,-0.134990619002095),
(0.,0.360000000000002),.UNSPECIFIED.);
#4699=B_SPLINE_SURFACE_WITH_KNOTS('',3,1,((#7880,#7881),(#7882,#7883),(#7884,
#7885),(#7886,#7887)),.UNSPECIFIED.,.F.,.F.,.F.,(4,4),(2,2),(-0.505562869406339,
0.),(0.,0.360000000000003),.UNSPECIFIED.);
#4700=B_SPLINE_SURFACE_WITH_KNOTS('',3,1,((#7892,#7893),(#7894,#7895),(#7896,
#7897),(#7898,#7899)),.UNSPECIFIED.,.F.,.F.,.F.,(4,4),(2,2),(0.,1.),(0.,
0.132000000001008),.UNSPECIFIED.);
#4701=B_SPLINE_SURFACE_WITH_KNOTS('',3,1,((#7906,#7907),(#7908,#7909),(#7910,
#7911),(#7912,#7913)),.UNSPECIFIED.,.F.,.F.,.F.,(4,4),(2,2),(-1.00000000000632,
-0.721185002718191),(0.,0.28800000000101),.UNSPECIFIED.);
#4702=B_SPLINE_SURFACE_WITH_KNOTS('',3,1,((#7920,#7921),(#7922,#7923),(#7924,
#7925),(#7926,#7927),(#7928,#7929),(#7930,#7931),(#7932,#7933)),
 .UNSPECIFIED.,.F.,.F.,.F.,(4,3,4),(2,2),(-1.23382281608186,-1.,0.),(0.,
0.287999999999929),.UNSPECIFIED.);
#4703=B_SPLINE_SURFACE_WITH_KNOTS('',3,1,((#7941,#7942),(#7943,#7944),(#7945,
#7946),(#7947,#7948)),.UNSPECIFIED.,.F.,.F.,.F.,(4,4),(2,2),(-1.,0.),(0.,
0.360000000000003),.UNSPECIFIED.);
#4704=B_SPLINE_SURFACE_WITH_KNOTS('',3,1,((#7955,#7956),(#7957,#7958),(#7959,
#7960),(#7961,#7962)),.UNSPECIFIED.,.F.,.F.,.F.,(4,4),(2,2),(-1.,0.),(0.,
0.360000000000009),.UNSPECIFIED.);
#4705=B_SPLINE_SURFACE_WITH_KNOTS('',3,1,((#7969,#7970),(#7971,#7972),(#7973,
#7974),(#7975,#7976)),.UNSPECIFIED.,.F.,.F.,.F.,(4,4),(2,2),(-0.791591942596953,
0.),(0.,0.360000000000004),.UNSPECIFIED.);
#4706=B_SPLINE_SURFACE_WITH_KNOTS('',3,1,((#7981,#7982),(#7983,#7984),(#7985,
#7986),(#7987,#7988)),.UNSPECIFIED.,.F.,.F.,.F.,(4,4),(2,2),(-1.,0.),(0.,
0.360000000000001),.UNSPECIFIED.);
#4707=B_SPLINE_SURFACE_WITH_KNOTS('',3,1,((#7995,#7996),(#7997,#7998),(#7999,
#8000),(#8001,#8002)),.UNSPECIFIED.,.F.,.F.,.F.,(4,4),(2,2),(-1.,0.),(0.,
0.360000000000005),.UNSPECIFIED.);
#4708=B_SPLINE_SURFACE_WITH_KNOTS('',3,1,((#8009,#8010),(#8011,#8012),(#8013,
#8014),(#8015,#8016)),.UNSPECIFIED.,.F.,.F.,.F.,(4,4),(2,2),(-0.87511364504575,
0.),(0.,0.360000000000001),.UNSPECIFIED.);
#4709=B_SPLINE_SURFACE_WITH_KNOTS('',3,1,((#8021,#8022),(#8023,#8024),(#8025,
#8026),(#8027,#8028)),.UNSPECIFIED.,.F.,.F.,.F.,(4,4),(2,2),(-1.,0.),(0.,
0.360000000000001),.UNSPECIFIED.);
#4710=B_SPLINE_SURFACE_WITH_KNOTS('',2,1,((#8035,#8036),(#8037,#8038),(#8039,
#8040)),.UNSPECIFIED.,.F.,.F.,.F.,(3,3),(2,2),(-1.,0.),(0.,0.360000000000001),
 .UNSPECIFIED.);
#4711=B_SPLINE_SURFACE_WITH_KNOTS('',2,1,((#8047,#8048),(#8049,#8050),(#8051,
#8052)),.UNSPECIFIED.,.F.,.F.,.F.,(3,3),(2,2),(-1.,0.),(0.,0.360000000000001),
 .UNSPECIFIED.);
#4712=B_SPLINE_SURFACE_WITH_KNOTS('',3,1,((#8059,#8060),(#8061,#8062),(#8063,
#8064),(#8065,#8066)),.UNSPECIFIED.,.F.,.F.,.F.,(4,4),(2,2),(-0.40508971602961,
0.),(0.,0.360000000000001),.UNSPECIFIED.);
#4713=B_SPLINE_SURFACE_WITH_KNOTS('',3,1,((#8071,#8072),(#8073,#8074),(#8075,
#8076),(#8077,#8078)),.UNSPECIFIED.,.F.,.F.,.F.,(4,4),(2,2),(-1.,0.),(0.,
0.360000000000012),.UNSPECIFIED.);
#4714=B_SPLINE_SURFACE_WITH_KNOTS('',3,1,((#8085,#8086),(#8087,#8088),(#8089,
#8090),(#8091,#8092)),.UNSPECIFIED.,.F.,.F.,.F.,(4,4),(2,2),(-1.,0.),(0.,
0.360000000000007),.UNSPECIFIED.);
#4715=B_SPLINE_SURFACE_WITH_KNOTS('',3,1,((#8103,#8104),(#8105,#8106),(#8107,
#8108),(#8109,#8110)),.UNSPECIFIED.,.F.,.F.,.F.,(4,4),(2,2),(-1.,0.),(0.,
0.36000000000001),.UNSPECIFIED.);
#4716=B_SPLINE_SURFACE_WITH_KNOTS('',3,1,((#8117,#8118),(#8119,#8120),(#8121,
#8122),(#8123,#8124)),.UNSPECIFIED.,.F.,.F.,.F.,(4,4),(2,2),(-1.,0.),(0.,
0.360000000000002),.UNSPECIFIED.);
#4717=B_SPLINE_SURFACE_WITH_KNOTS('',3,1,((#8131,#8132),(#8133,#8134),(#8135,
#8136),(#8137,#8138)),.UNSPECIFIED.,.F.,.F.,.F.,(4,4),(2,2),(-1.,0.),(0.,
0.360000000000001),.UNSPECIFIED.);
#4718=B_SPLINE_SURFACE_WITH_KNOTS('',3,1,((#8143,#8144),(#8145,#8146),(#8147,
#8148),(#8149,#8150)),.UNSPECIFIED.,.F.,.F.,.F.,(4,4),(2,2),(-1.,0.),(0.,
0.360000000000001),.UNSPECIFIED.);
#4719=B_SPLINE_SURFACE_WITH_KNOTS('',3,1,((#8157,#8158),(#8159,#8160),(#8161,
#8162),(#8163,#8164)),.UNSPECIFIED.,.F.,.F.,.F.,(4,4),(2,2),(-1.,0.),(0.,
0.360000000000002),.UNSPECIFIED.);
#4720=B_SPLINE_SURFACE_WITH_KNOTS('',3,1,((#8171,#8172),(#8173,#8174),(#8175,
#8176),(#8177,#8178)),.UNSPECIFIED.,.F.,.F.,.F.,(4,4),(2,2),(-1.,0.),(0.,
0.360000000000002),.UNSPECIFIED.);
#4721=B_SPLINE_SURFACE_WITH_KNOTS('',3,1,((#8185,#8186),(#8187,#8188),(#8189,
#8190),(#8191,#8192)),.UNSPECIFIED.,.F.,.F.,.F.,(4,4),(2,2),(-1.,0.),(0.,
0.360000000000001),.UNSPECIFIED.);
#4722=B_SPLINE_SURFACE_WITH_KNOTS('',3,1,((#8199,#8200),(#8201,#8202),(#8203,
#8204),(#8205,#8206)),.UNSPECIFIED.,.F.,.F.,.F.,(4,4),(2,2),(-1.,0.),(0.,
0.360000000000001),.UNSPECIFIED.);
#4723=B_SPLINE_SURFACE_WITH_KNOTS('',3,1,((#8213,#8214),(#8215,#8216),(#8217,
#8218),(#8219,#8220)),.UNSPECIFIED.,.F.,.F.,.F.,(4,4),(2,2),(-1.,0.),(0.,
0.360000000000001),.UNSPECIFIED.);
#4724=B_SPLINE_SURFACE_WITH_KNOTS('',3,1,((#8227,#8228),(#8229,#8230),(#8231,
#8232),(#8233,#8234)),.UNSPECIFIED.,.F.,.F.,.F.,(4,4),(2,2),(-1.,0.),(0.,
0.360000000000008),.UNSPECIFIED.);
#4725=B_SPLINE_SURFACE_WITH_KNOTS('',3,1,((#8241,#8242),(#8243,#8244),(#8245,
#8246),(#8247,#8248)),.UNSPECIFIED.,.F.,.F.,.F.,(4,4),(2,2),(-1.,0.),(0.,
0.360000000000005),.UNSPECIFIED.);
#4726=B_SPLINE_SURFACE_WITH_KNOTS('',3,1,((#8255,#8256),(#8257,#8258),(#8259,
#8260),(#8261,#8262)),.UNSPECIFIED.,.F.,.F.,.F.,(4,4),(2,2),(-1.,0.),(0.,
0.360000000000001),.UNSPECIFIED.);
#4727=B_SPLINE_SURFACE_WITH_KNOTS('',3,1,((#8269,#8270),(#8271,#8272),(#8273,
#8274),(#8275,#8276)),.UNSPECIFIED.,.F.,.F.,.F.,(4,4),(2,2),(-1.,0.),(0.,
0.360000000000005),.UNSPECIFIED.);
#4728=B_SPLINE_SURFACE_WITH_KNOTS('',3,1,((#8283,#8284),(#8285,#8286),(#8287,
#8288),(#8289,#8290)),.UNSPECIFIED.,.F.,.F.,.F.,(4,4),(2,2),(-1.,0.),(0.,
0.360000000000009),.UNSPECIFIED.);
#4729=B_SPLINE_SURFACE_WITH_KNOTS('',3,1,((#8295,#8296),(#8297,#8298),(#8299,
#8300),(#8301,#8302),(#8303,#8304),(#8305,#8306),(#8307,#8308)),
 .UNSPECIFIED.,.F.,.F.,.F.,(4,3,4),(2,2),(-11.7213210779524,-1.,0.),(0.,
0.360000000000008),.UNSPECIFIED.);
#4730=B_SPLINE_SURFACE_WITH_KNOTS('',3,1,((#8318,#8319),(#8320,#8321),(#8322,
#8323),(#8324,#8325)),.UNSPECIFIED.,.F.,.F.,.F.,(4,4),(2,2),(-1.,0.),(0.,
0.360000000000001),.UNSPECIFIED.);
#4731=B_SPLINE_SURFACE_WITH_KNOTS('',3,1,((#9051,#9052),(#9053,#9054),(#9055,
#9056),(#9057,#9058)),.UNSPECIFIED.,.F.,.F.,.F.,(4,4),(2,2),(0.,1.),(0.,
0.132000000000996),.UNSPECIFIED.);
#4732=B_SPLINE_SURFACE_WITH_KNOTS('',3,1,((#9644,#9645),(#9646,#9647),(#9648,
#9649),(#9650,#9651),(#9652,#9653),(#9654,#9655),(#9656,#9657)),
 .UNSPECIFIED.,.F.,.F.,.F.,(4,3,4),(2,2),(-3.102581452833,-1.,0.),(0.,0.30960000000111),
 .UNSPECIFIED.);
#4733=B_SPLINE_SURFACE_WITH_KNOTS('',3,1,((#9661,#9662),(#9663,#9664),(#9665,
#9666),(#9667,#9668),(#9669,#9670),(#9671,#9672),(#9673,#9674),(#9675,#9676),
(#9677,#9678),(#9679,#9680)),.UNSPECIFIED.,.F.,.F.,.F.,(4,3,3,4),(2,2),
(-0.951250595105623,-0.367113936322581,-1.21923826579426E-5,0.00950019164457171),
(0.,0.288000000000049),.UNSPECIFIED.);
#4734=B_SPLINE_SURFACE_WITH_KNOTS('',3,1,((#9703,#9704),(#9705,#9706),(#9707,
#9708),(#9709,#9710),(#9711,#9712),(#9713,#9714),(#9715,#9716)),
 .UNSPECIFIED.,.F.,.F.,.F.,(4,3,4),(2,2),(-1.42797093331693,-1.,0.),(0.,
0.360000000000007),.UNSPECIFIED.);
#4735=B_SPLINE_SURFACE_WITH_KNOTS('',3,1,((#9719,#9720),(#9721,#9722),(#9723,
#9724),(#9725,#9726),(#9727,#9728),(#9729,#9730),(#9731,#9732)),
 .UNSPECIFIED.,.F.,.F.,.F.,(4,3,4),(2,2),(-1.24464468199864,-1.,0.),(0.,
0.360000000000007),.UNSPECIFIED.);
#4736=B_SPLINE_SURFACE_WITH_KNOTS('',3,1,((#9735,#9736),(#9737,#9738),(#9739,
#9740),(#9741,#9742),(#9743,#9744),(#9745,#9746),(#9747,#9748)),
 .UNSPECIFIED.,.F.,.F.,.F.,(4,3,4),(2,2),(-3.19285572116431,-1.,0.),(0.,
0.360000000000026),.UNSPECIFIED.);
#4737=B_SPLINE_SURFACE_WITH_KNOTS('',3,1,((#9750,#9751),(#9752,#9753),(#9754,
#9755),(#9756,#9757)),.UNSPECIFIED.,.F.,.F.,.F.,(4,4),(2,2),(-1.,0.),(0.,
0.360000000000006),.UNSPECIFIED.);
#4738=B_SPLINE_SURFACE_WITH_KNOTS('',3,1,((#9759,#9760),(#9761,#9762),(#9763,
#9764),(#9765,#9766),(#9767,#9768),(#9769,#9770),(#9771,#9772),(#9773,#9774),
(#9775,#9776),(#9777,#9778)),.UNSPECIFIED.,.F.,.F.,.F.,(4,3,3,4),(2,2),
(-1.01691451746932,-1.,0.,0.691451746931845),(0.,0.288),.UNSPECIFIED.);
#4739=B_SPLINE_SURFACE_WITH_KNOTS('',3,1,((#9780,#9781),(#9782,#9783),(#9784,
#9785),(#9786,#9787),(#9788,#9789),(#9790,#9791),(#9792,#9793),(#9794,#9795),
(#9796,#9797),(#9798,#9799),(#9800,#9801),(#9802,#9803),(#9804,#9805)),
 .UNSPECIFIED.,.F.,.F.,.F.,(4,3,3,3,4),(2,2),(-2.72495949358261,-2.19623268879384,
-1.,0.,0.0661961787453749),(0.,0.288),.UNSPECIFIED.);
#4740=B_SPLINE_SURFACE_WITH_KNOTS('',3,1,((#9808,#9809),(#9810,#9811),(#9812,
#9813),(#9814,#9815)),.UNSPECIFIED.,.F.,.F.,.F.,(4,4),(2,2),(-1.,0.),(0.,
0.360000000000018),.UNSPECIFIED.);
#4741=B_SPLINE_SURFACE_WITH_KNOTS('',3,1,((#9817,#9818),(#9819,#9820),(#9821,
#9822),(#9823,#9824),(#9825,#9826),(#9827,#9828),(#9829,#9830),(#9831,#9832),
(#9833,#9834),(#9835,#9836),(#9837,#9838),(#9839,#9840),(#9841,#9842)),
 .UNSPECIFIED.,.F.,.F.,.F.,(4,3,3,3,4),(2,2),(-1.09072011434229,-1.,0.,
0.496000281105063,1.72024604770877),(0.,0.288),.UNSPECIFIED.);
#4742=B_SPLINE_SURFACE_WITH_KNOTS('',3,1,((#9845,#9846),(#9847,#9848),(#9849,
#9850),(#9851,#9852),(#9853,#9854),(#9855,#9856),(#9857,#9858)),
 .UNSPECIFIED.,.F.,.F.,.F.,(4,3,4),(2,2),(-1.,0.,1.20648980959716),(0.,
0.360000000000001),.UNSPECIFIED.);
#4743=B_SPLINE_SURFACE_WITH_KNOTS('',3,1,((#9861,#9862),(#9863,#9864),(#9865,
#9866),(#9867,#9868),(#9869,#9870),(#9871,#9872),(#9873,#9874)),
 .UNSPECIFIED.,.F.,.F.,.F.,(4,3,4),(2,2),(-1.02064499436859,-1.,0.),(0.,
0.360000000000015),.UNSPECIFIED.);
#4744=B_SPLINE_SURFACE_WITH_KNOTS('',3,1,((#9877,#9878),(#9879,#9880),(#9881,
#9882),(#9883,#9884)),.UNSPECIFIED.,.F.,.F.,.F.,(4,4),(2,2),(-1.,0.),(0.,
0.360000000000018),.UNSPECIFIED.);
#4745=B_SPLINE_SURFACE_WITH_KNOTS('',3,1,((#9885,#9886),(#9887,#9888),(#9889,
#9890),(#9891,#9892)),.UNSPECIFIED.,.F.,.F.,.F.,(4,4),(2,2),(-1.,0.),(0.,
0.360000000000006),.UNSPECIFIED.);
#4746=B_SPLINE_SURFACE_WITH_KNOTS('',3,1,((#9894,#9895),(#9896,#9897),(#9898,
#9899),(#9900,#9901)),.UNSPECIFIED.,.F.,.F.,.F.,(4,4),(2,2),(-1.,0.),(0.,
0.360000000000001),.UNSPECIFIED.);
#4747=B_SPLINE_SURFACE_WITH_KNOTS('',3,1,((#9903,#9904),(#9905,#9906),(#9907,
#9908),(#9909,#9910)),.UNSPECIFIED.,.F.,.F.,.F.,(4,4),(2,2),(-1.,0.),(0.,
0.360000000000001),.UNSPECIFIED.);
#4748=B_SPLINE_SURFACE_WITH_KNOTS('',3,1,((#9912,#9913),(#9914,#9915),(#9916,
#9917),(#9918,#9919)),.UNSPECIFIED.,.F.,.F.,.F.,(4,4),(2,2),(-1.,0.),(0.,
0.360000000000001),.UNSPECIFIED.);
#4749=B_SPLINE_SURFACE_WITH_KNOTS('',3,1,((#9921,#9922),(#9923,#9924),(#9925,
#9926),(#9927,#9928),(#9929,#9930),(#9931,#9932),(#9933,#9934)),
 .UNSPECIFIED.,.F.,.F.,.F.,(4,3,4),(2,2),(-1.17711130876952,-1.,0.),(0.,
0.360000000000001),.UNSPECIFIED.);
#4750=B_SPLINE_SURFACE_WITH_KNOTS('',3,1,((#9935,#9936),(#9937,#9938),(#9939,
#9940),(#9941,#9942),(#9943,#9944),(#9945,#9946),(#9947,#9948),(#9949,#9950),
(#9951,#9952),(#9953,#9954)),.UNSPECIFIED.,.F.,.F.,.F.,(4,3,3,4),(2,2),
(-1.45245779950738,-1.,0.,0.168963892487999),(0.,0.360000000000001),
 .UNSPECIFIED.);
#4751=B_SPLINE_SURFACE_WITH_KNOTS('',3,1,((#9956,#9957),(#9958,#9959),(#9960,
#9961),(#9962,#9963),(#9964,#9965),(#9966,#9967),(#9968,#9969),(#9970,#9971),
(#9972,#9973),(#9974,#9975)),.UNSPECIFIED.,.F.,.F.,.F.,(4,3,3,4),(2,2),
(-2.16020484473647,-1.,0.,0.01),(0.,0.287999999999989),.UNSPECIFIED.);
#4752=B_SPLINE_SURFACE_WITH_KNOTS('',3,1,((#9976,#9977),(#9978,#9979),(#9980,
#9981),(#9982,#9983)),.UNSPECIFIED.,.F.,.F.,.F.,(4,4),(2,2),(-1.,-0.162506667079219),
(0.,0.360000000000006),.UNSPECIFIED.);
#4753=B_SPLINE_SURFACE_WITH_KNOTS('',3,1,((#9985,#9986),(#9987,#9988),(#9989,
#9990),(#9991,#9992)),.UNSPECIFIED.,.F.,.F.,.F.,(4,4),(2,2),(-1.,0.),(0.,
0.360000000000014),.UNSPECIFIED.);
#4754=B_SPLINE_SURFACE_WITH_KNOTS('',3,1,((#9994,#9995),(#9996,#9997),(#9998,
#9999),(#10000,#10001),(#10002,#10003),(#10004,#10005),(#10006,#10007),
(#10008,#10009),(#10010,#10011),(#10012,#10013),(#10014,#10015),(#10016,
#10017),(#10018,#10019)),.UNSPECIFIED.,.F.,.F.,.F.,(4,3,3,3,4),(2,2),(-1.51825290163215,
-1.14289701662447,-1.,0.,9.90054568964743),(0.,0.288000000001128),
 .UNSPECIFIED.);
#4755=B_SPLINE_SURFACE_WITH_KNOTS('',3,1,((#10021,#10022),(#10023,#10024),
(#10025,#10026),(#10027,#10028)),.UNSPECIFIED.,.F.,.F.,.F.,(4,4),(2,2),
(0.,1.),(0.,0.132000000000996),.UNSPECIFIED.);
#4756=B_SPLINE_SURFACE_WITH_KNOTS('',3,1,((#10030,#10031),(#10032,#10033),
(#10034,#10035),(#10036,#10037),(#10038,#10039),(#10040,#10041),(#10042,
#10043),(#10044,#10045),(#10046,#10047),(#10048,#10049)),.UNSPECIFIED.,
 .F.,.F.,.F.,(4,3,3,4),(2,2),(-1.05051761234751,-1.,0.,0.510996080997694),
(0.,0.309600000001128),.UNSPECIFIED.);
#4757=B_SPLINE_SURFACE_WITH_KNOTS('',3,1,((#10051,#10052),(#10053,#10054),
(#10055,#10056),(#10057,#10058)),.UNSPECIFIED.,.F.,.F.,.F.,(4,4),(2,2),
(-0.855722352289261,0.),(0.,0.360000000000001),.UNSPECIFIED.);
#4758=B_SPLINE_SURFACE_WITH_KNOTS('',3,1,((#10059,#10060),(#10061,#10062),
(#10063,#10064),(#10065,#10066)),.UNSPECIFIED.,.F.,.F.,.F.,(4,4),(2,2),
(-1.,-0.305721529867724),(0.,0.360000000000005),.UNSPECIFIED.);
#4759=B_SPLINE_SURFACE_WITH_KNOTS('',3,1,((#10068,#10069),(#10070,#10071),
(#10072,#10073),(#10074,#10075)),.UNSPECIFIED.,.F.,.F.,.F.,(4,4),(2,2),
(-1.,0.),(0.,0.360000000000011),.UNSPECIFIED.);
#4760=B_SPLINE_SURFACE_WITH_KNOTS('',3,1,((#10077,#10078),(#10079,#10080),
(#10081,#10082),(#10083,#10084)),.UNSPECIFIED.,.F.,.F.,.F.,(4,4),(2,2),
(-1.,0.),(0.,0.360000000000014),.UNSPECIFIED.);
#4761=B_SPLINE_SURFACE_WITH_KNOTS('',3,1,((#10086,#10087),(#10088,#10089),
(#10090,#10091),(#10092,#10093)),.UNSPECIFIED.,.F.,.F.,.F.,(4,4),(2,2),
(-1.,0.),(0.,0.360000000000001),.UNSPECIFIED.);
#4762=B_SPLINE_SURFACE_WITH_KNOTS('',3,1,((#10095,#10096),(#10097,#10098),
(#10099,#10100),(#10101,#10102)),.UNSPECIFIED.,.F.,.F.,.F.,(4,4),(2,2),
(-1.,0.),(0.,0.360000000000001),.UNSPECIFIED.);
#4763=B_SPLINE_SURFACE_WITH_KNOTS('',3,1,((#10104,#10105),(#10106,#10107),
(#10108,#10109),(#10110,#10111)),.UNSPECIFIED.,.F.,.F.,.F.,(4,4),(2,2),
(-1.,0.),(0.,0.360000000000001),.UNSPECIFIED.);
#4764=B_SPLINE_SURFACE_WITH_KNOTS('',3,1,((#10113,#10114),(#10115,#10116),
(#10117,#10118),(#10119,#10120)),.UNSPECIFIED.,.F.,.F.,.F.,(4,4),(2,2),
(-0.999989015940574,0.),(0.,0.360000000000001),.UNSPECIFIED.);
#4765=B_SPLINE_SURFACE_WITH_KNOTS('',3,1,((#10122,#10123),(#10124,#10125),
(#10126,#10127),(#10128,#10129)),.UNSPECIFIED.,.F.,.F.,.F.,(4,4),(2,2),
(-1.,-6.01158405816546E-5),(0.,0.360000000000001),.UNSPECIFIED.);
#4766=B_SPLINE_SURFACE_WITH_KNOTS('',3,1,((#10131,#10132),(#10133,#10134),
(#10135,#10136),(#10137,#10138)),.UNSPECIFIED.,.F.,.F.,.F.,(4,4),(2,2),
(-1.,0.),(0.,0.360000000000001),.UNSPECIFIED.);
#4767=B_SPLINE_SURFACE_WITH_KNOTS('',3,1,((#10140,#10141),(#10142,#10143),
(#10144,#10145),(#10146,#10147)),.UNSPECIFIED.,.F.,.F.,.F.,(4,4),(2,2),
(-1.,0.),(0.,0.360000000000002),.UNSPECIFIED.);
#4768=B_SPLINE_SURFACE_WITH_KNOTS('',3,1,((#10149,#10150),(#10151,#10152),
(#10153,#10154),(#10155,#10156)),.UNSPECIFIED.,.F.,.F.,.F.,(4,4),(2,2),
(-1.,0.),(0.,0.360000000000006),.UNSPECIFIED.);
#4769=B_SPLINE_SURFACE_WITH_KNOTS('',3,1,((#10158,#10159),(#10160,#10161),
(#10162,#10163),(#10164,#10165)),.UNSPECIFIED.,.F.,.F.,.F.,(4,4),(2,2),
(-1.,0.),(0.,0.360000000000003),.UNSPECIFIED.);
#4770=B_SPLINE_SURFACE_WITH_KNOTS('',3,1,((#10167,#10168),(#10169,#10170),
(#10171,#10172),(#10173,#10174)),.UNSPECIFIED.,.F.,.F.,.F.,(4,4),(2,2),
(-1.,0.),(0.,0.360000000000007),.UNSPECIFIED.);
#4771=B_SPLINE_SURFACE_WITH_KNOTS('',3,1,((#10178,#10179),(#10180,#10181),
(#10182,#10183),(#10184,#10185)),.UNSPECIFIED.,.F.,.F.,.F.,(4,4),(2,2),
(-1.,0.),(0.,0.360000000000001),.UNSPECIFIED.);
#4772=B_SPLINE_SURFACE_WITH_KNOTS('',3,1,((#10187,#10188),(#10189,#10190),
(#10191,#10192),(#10193,#10194)),.UNSPECIFIED.,.F.,.F.,.F.,(4,4),(2,2),
(-1.,0.),(0.,0.360000000000001),.UNSPECIFIED.);
#4773=B_SPLINE_SURFACE_WITH_KNOTS('',3,1,((#10196,#10197),(#10198,#10199),
(#10200,#10201),(#10202,#10203)),.UNSPECIFIED.,.F.,.F.,.F.,(4,4),(2,2),
(-1.,0.),(0.,0.360000000000001),.UNSPECIFIED.);
#4774=B_SPLINE_SURFACE_WITH_KNOTS('',3,1,((#10205,#10206),(#10207,#10208),
(#10209,#10210),(#10211,#10212)),.UNSPECIFIED.,.F.,.F.,.F.,(4,4),(2,2),
(-1.,0.),(0.,0.360000000000001),.UNSPECIFIED.);
#4775=B_SPLINE_SURFACE_WITH_KNOTS('',3,1,((#10214,#10215),(#10216,#10217),
(#10218,#10219),(#10220,#10221)),.UNSPECIFIED.,.F.,.F.,.F.,(4,4),(2,2),
(-0.941749136827916,0.),(0.,0.36000000000001),.UNSPECIFIED.);
#4776=B_SPLINE_SURFACE_WITH_KNOTS('',3,1,((#10223,#10224),(#10225,#10226),
(#10227,#10228),(#10229,#10230)),.UNSPECIFIED.,.F.,.F.,.F.,(4,4),(2,2),
(0.,0.134990619002057),(0.,0.360000000000001),.UNSPECIFIED.);
#4777=B_SPLINE_SURFACE_WITH_KNOTS('',3,1,((#10232,#10233),(#10234,#10235),
(#10236,#10237),(#10238,#10239)),.UNSPECIFIED.,.F.,.F.,.F.,(4,4),(2,2),
(0.941749136828575,1.),(0.,0.360000000000001),.UNSPECIFIED.);
#4778=B_SPLINE_SURFACE_WITH_KNOTS('',3,1,((#10241,#10242),(#10243,#10244),
(#10245,#10246),(#10247,#10248)),.UNSPECIFIED.,.F.,.F.,.F.,(4,4),(2,2),
(-1.,-0.134990619002095),(0.,0.360000000000002),.UNSPECIFIED.);
#4779=B_SPLINE_SURFACE_WITH_KNOTS('',3,1,((#10250,#10251),(#10252,#10253),
(#10254,#10255),(#10256,#10257)),.UNSPECIFIED.,.F.,.F.,.F.,(4,4),(2,2),
(-0.505562869406339,0.),(0.,0.360000000000003),.UNSPECIFIED.);
#4780=B_SPLINE_SURFACE_WITH_KNOTS('',3,1,((#10258,#10259),(#10260,#10261),
(#10262,#10263),(#10264,#10265)),.UNSPECIFIED.,.F.,.F.,.F.,(4,4),(2,2),
(-1.,-0.266642251355358),(0.,0.360000000000001),.UNSPECIFIED.);
#4781=B_SPLINE_SURFACE_WITH_KNOTS('',3,1,((#10267,#10268),(#10269,#10270),
(#10271,#10272),(#10273,#10274)),.UNSPECIFIED.,.F.,.F.,.F.,(4,4),(2,2),
(-1.,0.),(0.,0.360000000000004),.UNSPECIFIED.);
#4782=B_SPLINE_SURFACE_WITH_KNOTS('',3,1,((#10276,#10277),(#10278,#10279),
(#10280,#10281),(#10282,#10283)),.UNSPECIFIED.,.F.,.F.,.F.,(4,4),(2,2),
(-1.,0.),(0.,0.360000000000005),.UNSPECIFIED.);
#4783=B_SPLINE_SURFACE_WITH_KNOTS('',3,1,((#10284,#10285),(#10286,#10287),
(#10288,#10289),(#10290,#10291)),.UNSPECIFIED.,.F.,.F.,.F.,(4,4),(2,2),
(0.,1.),(0.,0.132000000001008),.UNSPECIFIED.);
#4784=B_SPLINE_SURFACE_WITH_KNOTS('',3,1,((#10293,#10294),(#10295,#10296),
(#10297,#10298),(#10299,#10300)),.UNSPECIFIED.,.F.,.F.,.F.,(4,4),(2,2),
(-1.00000000000632,-0.721185002718191),(0.,0.28800000000101),
 .UNSPECIFIED.);
#4785=B_SPLINE_SURFACE_WITH_KNOTS('',3,1,((#10302,#10303),(#10304,#10305),
(#10306,#10307),(#10308,#10309),(#10310,#10311),(#10312,#10313),(#10314,
#10315)),.UNSPECIFIED.,.F.,.F.,.F.,(4,3,4),(2,2),(-1.23382281608186,-1.,
0.),(0.,0.287999999999929),.UNSPECIFIED.);
#4786=B_SPLINE_SURFACE_WITH_KNOTS('',3,1,((#10316,#10317),(#10318,#10319),
(#10320,#10321),(#10322,#10323),(#10324,#10325),(#10326,#10327),(#10328,
#10329)),.UNSPECIFIED.,.F.,.F.,.F.,(4,3,4),(2,2),(-1.,0.,2.75592782444974),
(0.,0.360000000000001),.UNSPECIFIED.);
#4787=B_SPLINE_SURFACE_WITH_KNOTS('',3,1,((#10331,#10332),(#10333,#10334),
(#10335,#10336),(#10337,#10338)),.UNSPECIFIED.,.F.,.F.,.F.,(4,4),(2,2),
(-1.,0.),(0.,0.360000000000001),.UNSPECIFIED.);
#4788=B_SPLINE_SURFACE_WITH_KNOTS('',3,1,((#10340,#10341),(#10342,#10343),
(#10344,#10345),(#10346,#10347)),.UNSPECIFIED.,.F.,.F.,.F.,(4,4),(2,2),
(-1.,0.),(0.,0.360000000000002),.UNSPECIFIED.);
#4789=B_SPLINE_SURFACE_WITH_KNOTS('',3,1,((#10349,#10350),(#10351,#10352),
(#10353,#10354),(#10355,#10356)),.UNSPECIFIED.,.F.,.F.,.F.,(4,4),(2,2),
(-1.,0.),(0.,0.360000000000006),.UNSPECIFIED.);
#4790=B_SPLINE_SURFACE_WITH_KNOTS('',3,1,((#10358,#10359),(#10360,#10361),
(#10362,#10363),(#10364,#10365)),.UNSPECIFIED.,.F.,.F.,.F.,(4,4),(2,2),
(-1.,0.),(0.,0.360000000000003),.UNSPECIFIED.);
#4791=B_SPLINE_SURFACE_WITH_KNOTS('',3,1,((#10367,#10368),(#10369,#10370),
(#10371,#10372),(#10373,#10374)),.UNSPECIFIED.,.F.,.F.,.F.,(4,4),(2,2),
(-1.,0.),(0.,0.360000000000009),.UNSPECIFIED.);
#4792=B_SPLINE_SURFACE_WITH_KNOTS('',3,1,((#10376,#10377),(#10378,#10379),
(#10380,#10381),(#10382,#10383)),.UNSPECIFIED.,.F.,.F.,.F.,(4,4),(2,2),
(-0.791591942596953,0.),(0.,0.360000000000004),.UNSPECIFIED.);
#4793=B_SPLINE_SURFACE_WITH_KNOTS('',3,1,((#10384,#10385),(#10386,#10387),
(#10388,#10389),(#10390,#10391)),.UNSPECIFIED.,.F.,.F.,.F.,(4,4),(2,2),
(-1.,-0.375178190712983),(0.,0.360000000000001),.UNSPECIFIED.);
#4794=B_SPLINE_SURFACE_WITH_KNOTS('',3,1,((#10393,#10394),(#10395,#10396),
(#10397,#10398),(#10399,#10400)),.UNSPECIFIED.,.F.,.F.,.F.,(4,4),(2,2),
(-1.,0.),(0.,0.360000000000001),.UNSPECIFIED.);
#4795=B_SPLINE_SURFACE_WITH_KNOTS('',3,1,((#10402,#10403),(#10404,#10405),
(#10406,#10407),(#10408,#10409)),.UNSPECIFIED.,.F.,.F.,.F.,(4,4),(2,2),
(-1.,0.),(0.,0.360000000000001),.UNSPECIFIED.);
#4796=B_SPLINE_SURFACE_WITH_KNOTS('',3,1,((#10411,#10412),(#10413,#10414),
(#10415,#10416),(#10417,#10418)),.UNSPECIFIED.,.F.,.F.,.F.,(4,4),(2,2),
(-1.,0.),(0.,0.360000000000001),.UNSPECIFIED.);
#4797=B_SPLINE_SURFACE_WITH_KNOTS('',3,1,((#10420,#10421),(#10422,#10423),
(#10424,#10425),(#10426,#10427)),.UNSPECIFIED.,.F.,.F.,.F.,(4,4),(2,2),
(-1.,0.),(0.,0.360000000000005),.UNSPECIFIED.);
#4798=B_SPLINE_SURFACE_WITH_KNOTS('',3,1,((#10429,#10430),(#10431,#10432),
(#10433,#10434),(#10435,#10436)),.UNSPECIFIED.,.F.,.F.,.F.,(4,4),(2,2),
(-0.87511364504575,0.),(0.,0.360000000000001),.UNSPECIFIED.);
#4799=B_SPLINE_SURFACE_WITH_KNOTS('',3,1,((#10437,#10438),(#10439,#10440),
(#10441,#10442),(#10443,#10444)),.UNSPECIFIED.,.F.,.F.,.F.,(4,4),(2,2),
(-1.,-0.0918129036808231),(0.,0.360000000000001),.UNSPECIFIED.);
#4800=B_SPLINE_SURFACE_WITH_KNOTS('',3,1,((#10446,#10447),(#10448,#10449),
(#10450,#10451),(#10452,#10453)),.UNSPECIFIED.,.F.,.F.,.F.,(4,4),(2,2),
(-1.,0.),(0.,0.360000000000001),.UNSPECIFIED.);
#4801=B_SPLINE_SURFACE_WITH_KNOTS('',3,1,((#10455,#10456),(#10457,#10458),
(#10459,#10460),(#10461,#10462)),.UNSPECIFIED.,.F.,.F.,.F.,(4,4),(2,2),
(-1.,0.),(0.,0.360000000000001),.UNSPECIFIED.);
#4802=B_SPLINE_SURFACE_WITH_KNOTS('',3,1,((#10464,#10465),(#10466,#10467),
(#10468,#10469),(#10470,#10471)),.UNSPECIFIED.,.F.,.F.,.F.,(4,4),(2,2),
(-1.,0.),(0.,0.360000000000001),.UNSPECIFIED.);
#4803=B_SPLINE_SURFACE_WITH_KNOTS('',3,1,((#10473,#10474),(#10475,#10476),
(#10477,#10478),(#10479,#10480)),.UNSPECIFIED.,.F.,.F.,.F.,(4,4),(2,2),
(-1.,0.),(0.,0.360000000000001),.UNSPECIFIED.);
#4804=B_SPLINE_SURFACE_WITH_KNOTS('',3,1,((#10482,#10483),(#10484,#10485),
(#10486,#10487),(#10488,#10489)),.UNSPECIFIED.,.F.,.F.,.F.,(4,4),(2,2),
(-1.,0.),(0.,0.360000000000001),.UNSPECIFIED.);
#4805=B_SPLINE_SURFACE_WITH_KNOTS('',2,1,((#10491,#10492),(#10493,#10494),
(#10495,#10496)),.UNSPECIFIED.,.F.,.F.,.F.,(3,3),(2,2),(-1.,0.),(0.,0.360000000000001),
 .UNSPECIFIED.);
#4806=B_SPLINE_SURFACE_WITH_KNOTS('',2,1,((#10498,#10499),(#10500,#10501),
(#10502,#10503)),.UNSPECIFIED.,.F.,.F.,.F.,(3,3),(2,2),(-1.,0.),(0.,0.360000000000001),
 .UNSPECIFIED.);
#4807=B_SPLINE_SURFACE_WITH_KNOTS('',3,1,((#10505,#10506),(#10507,#10508),
(#10509,#10510),(#10511,#10512)),.UNSPECIFIED.,.F.,.F.,.F.,(4,4),(2,2),
(-0.40508971602961,0.),(0.,0.360000000000001),.UNSPECIFIED.);
#4808=B_SPLINE_SURFACE_WITH_KNOTS('',3,1,((#10513,#10514),(#10515,#10516),
(#10517,#10518),(#10519,#10520)),.UNSPECIFIED.,.F.,.F.,.F.,(4,4),(2,2),
(-1.,-0.730668966147163),(0.,0.360000000000002),.UNSPECIFIED.);
#4809=B_SPLINE_SURFACE_WITH_KNOTS('',3,1,((#10522,#10523),(#10524,#10525),
(#10526,#10527),(#10528,#10529)),.UNSPECIFIED.,.F.,.F.,.F.,(4,4),(2,2),
(-1.,0.),(0.,0.360000000000006),.UNSPECIFIED.);
#4810=B_SPLINE_SURFACE_WITH_KNOTS('',3,1,((#10531,#10532),(#10533,#10534),
(#10535,#10536),(#10537,#10538)),.UNSPECIFIED.,.F.,.F.,.F.,(4,4),(2,2),
(-1.,0.),(0.,0.360000000000012),.UNSPECIFIED.);
#4811=B_SPLINE_SURFACE_WITH_KNOTS('',3,1,((#10540,#10541),(#10542,#10543),
(#10544,#10545),(#10546,#10547)),.UNSPECIFIED.,.F.,.F.,.F.,(4,4),(2,2),
(-1.,0.),(0.,0.360000000000007),.UNSPECIFIED.);
#4812=B_SPLINE_SURFACE_WITH_KNOTS('',3,1,((#10551,#10552),(#10553,#10554),
(#10555,#10556),(#10557,#10558)),.UNSPECIFIED.,.F.,.F.,.F.,(4,4),(2,2),
(-1.,0.),(0.,0.36000000000001),.UNSPECIFIED.);
#4813=B_SPLINE_SURFACE_WITH_KNOTS('',3,1,((#10560,#10561),(#10562,#10563),
(#10564,#10565),(#10566,#10567)),.UNSPECIFIED.,.F.,.F.,.F.,(4,4),(2,2),
(-1.,0.),(0.,0.360000000000002),.UNSPECIFIED.);
#4814=B_SPLINE_SURFACE_WITH_KNOTS('',3,1,((#10569,#10570),(#10571,#10572),
(#10573,#10574),(#10575,#10576)),.UNSPECIFIED.,.F.,.F.,.F.,(4,4),(2,2),
(-1.,0.),(0.,0.360000000000001),.UNSPECIFIED.);
#4815=B_SPLINE_SURFACE_WITH_KNOTS('',3,1,((#10577,#10578),(#10579,#10580),
(#10581,#10582),(#10583,#10584)),.UNSPECIFIED.,.F.,.F.,.F.,(4,4),(2,2),
(-1.,0.),(0.,0.360000000000001),.UNSPECIFIED.);
#4816=B_SPLINE_SURFACE_WITH_KNOTS('',3,1,((#10586,#10587),(#10588,#10589),
(#10590,#10591),(#10592,#10593)),.UNSPECIFIED.,.F.,.F.,.F.,(4,4),(2,2),
(-1.,0.),(0.,0.360000000000008),.UNSPECIFIED.);
#4817=B_SPLINE_SURFACE_WITH_KNOTS('',3,1,((#10595,#10596),(#10597,#10598),
(#10599,#10600),(#10601,#10602)),.UNSPECIFIED.,.F.,.F.,.F.,(4,4),(2,2),
(-1.,0.),(0.,0.360000000000001),.UNSPECIFIED.);
#4818=B_SPLINE_SURFACE_WITH_KNOTS('',3,1,((#10604,#10605),(#10606,#10607),
(#10608,#10609),(#10610,#10611)),.UNSPECIFIED.,.F.,.F.,.F.,(4,4),(2,2),
(-1.,0.),(0.,0.360000000000001),.UNSPECIFIED.);
#4819=B_SPLINE_SURFACE_WITH_KNOTS('',3,1,((#10613,#10614),(#10615,#10616),
(#10617,#10618),(#10619,#10620)),.UNSPECIFIED.,.F.,.F.,.F.,(4,4),(2,2),
(-1.,0.),(0.,0.360000000000001),.UNSPECIFIED.);
#4820=B_SPLINE_SURFACE_WITH_KNOTS('',3,1,((#10622,#10623),(#10624,#10625),
(#10626,#10627),(#10628,#10629)),.UNSPECIFIED.,.F.,.F.,.F.,(4,4),(2,2),
(-1.,0.),(0.,0.360000000000005),.UNSPECIFIED.);
#4821=B_SPLINE_SURFACE_WITH_KNOTS('',3,1,((#10631,#10632),(#10633,#10634),
(#10635,#10636),(#10637,#10638)),.UNSPECIFIED.,.F.,.F.,.F.,(4,4),(2,2),
(-1.,0.),(0.,0.360000000000001),.UNSPECIFIED.);
#4822=B_SPLINE_SURFACE_WITH_KNOTS('',3,1,((#10640,#10641),(#10642,#10643),
(#10644,#10645),(#10646,#10647)),.UNSPECIFIED.,.F.,.F.,.F.,(4,4),(2,2),
(-1.,0.),(0.,0.360000000000001),.UNSPECIFIED.);
#4823=B_SPLINE_SURFACE_WITH_KNOTS('',3,1,((#10649,#10650),(#10651,#10652),
(#10653,#10654),(#10655,#10656)),.UNSPECIFIED.,.F.,.F.,.F.,(4,4),(2,2),
(-1.,0.),(0.,0.360000000000001),.UNSPECIFIED.);
#4824=B_SPLINE_SURFACE_WITH_KNOTS('',3,1,((#10658,#10659),(#10660,#10661),
(#10662,#10663),(#10664,#10665)),.UNSPECIFIED.,.F.,.F.,.F.,(4,4),(2,2),
(-1.,0.),(0.,0.360000000000001),.UNSPECIFIED.);
#4825=B_SPLINE_SURFACE_WITH_KNOTS('',3,1,((#10667,#10668),(#10669,#10670),
(#10671,#10672),(#10673,#10674)),.UNSPECIFIED.,.F.,.F.,.F.,(4,4),(2,2),
(-1.,0.),(0.,0.360000000000001),.UNSPECIFIED.);
#4826=B_SPLINE_SURFACE_WITH_KNOTS('',3,1,((#10676,#10677),(#10678,#10679),
(#10680,#10681),(#10682,#10683)),.UNSPECIFIED.,.F.,.F.,.F.,(4,4),(2,2),
(-1.,0.),(0.,0.360000000000001),.UNSPECIFIED.);
#4827=B_SPLINE_SURFACE_WITH_KNOTS('',3,1,((#10685,#10686),(#10687,#10688),
(#10689,#10690),(#10691,#10692)),.UNSPECIFIED.,.F.,.F.,.F.,(4,4),(2,2),
(-1.,0.),(0.,0.360000000000002),.UNSPECIFIED.);
#4828=B_SPLINE_SURFACE_WITH_KNOTS('',3,1,((#10694,#10695),(#10696,#10697),
(#10698,#10699),(#10700,#10701)),.UNSPECIFIED.,.F.,.F.,.F.,(4,4),(2,2),
(-1.,0.),(0.,0.360000000000002),.UNSPECIFIED.);
#4829=B_SPLINE_SURFACE_WITH_KNOTS('',3,1,((#10703,#10704),(#10705,#10706),
(#10707,#10708),(#10709,#10710)),.UNSPECIFIED.,.F.,.F.,.F.,(4,4),(2,2),
(-1.,0.),(0.,0.360000000000001),.UNSPECIFIED.);
#4830=B_SPLINE_SURFACE_WITH_KNOTS('',3,1,((#10712,#10713),(#10714,#10715),
(#10716,#10717),(#10718,#10719)),.UNSPECIFIED.,.F.,.F.,.F.,(4,4),(2,2),
(-1.,0.),(0.,0.360000000000001),.UNSPECIFIED.);
#4831=B_SPLINE_SURFACE_WITH_KNOTS('',3,1,((#10721,#10722),(#10723,#10724),
(#10725,#10726),(#10727,#10728)),.UNSPECIFIED.,.F.,.F.,.F.,(4,4),(2,2),
(-1.,0.),(0.,0.360000000000001),.UNSPECIFIED.);
#4832=B_SPLINE_SURFACE_WITH_KNOTS('',3,1,((#10730,#10731),(#10732,#10733),
(#10734,#10735),(#10736,#10737)),.UNSPECIFIED.,.F.,.F.,.F.,(4,4),(2,2),
(-1.,0.),(0.,0.360000000000008),.UNSPECIFIED.);
#4833=B_SPLINE_SURFACE_WITH_KNOTS('',3,1,((#10739,#10740),(#10741,#10742),
(#10743,#10744),(#10745,#10746)),.UNSPECIFIED.,.F.,.F.,.F.,(4,4),(2,2),
(-1.,0.),(0.,0.360000000000005),.UNSPECIFIED.);
#4834=B_SPLINE_SURFACE_WITH_KNOTS('',3,1,((#10748,#10749),(#10750,#10751),
(#10752,#10753),(#10754,#10755)),.UNSPECIFIED.,.F.,.F.,.F.,(4,4),(2,2),
(-1.,0.),(0.,0.360000000000001),.UNSPECIFIED.);
#4835=B_SPLINE_SURFACE_WITH_KNOTS('',3,1,((#10757,#10758),(#10759,#10760),
(#10761,#10762),(#10763,#10764)),.UNSPECIFIED.,.F.,.F.,.F.,(4,4),(2,2),
(-1.,0.),(0.,0.360000000000005),.UNSPECIFIED.);
#4836=B_SPLINE_SURFACE_WITH_KNOTS('',3,1,((#10766,#10767),(#10768,#10769),
(#10770,#10771),(#10772,#10773)),.UNSPECIFIED.,.F.,.F.,.F.,(4,4),(2,2),
(-1.,0.),(0.,0.360000000000009),.UNSPECIFIED.);
#4837=B_SPLINE_SURFACE_WITH_KNOTS('',3,1,((#10774,#10775),(#10776,#10777),
(#10778,#10779),(#10780,#10781),(#10782,#10783),(#10784,#10785),(#10786,
#10787),(#10788,#10789),(#10790,#10791),(#10792,#10793),(#10794,#10795),
(#10796,#10797),(#10798,#10799),(#10800,#10801),(#10802,#10803),(#10804,
#10805),(#10806,#10807),(#10808,#10809),(#10810,#10811)),.UNSPECIFIED.,
 .F.,.F.,.F.,(4,3,3,3,3,3,4),(2,2),(-1.01,-1.,-0.368328211876161,-0.103669499563322,
-0.0109135223002228,4.61390838028501E-6,0.0100046600474641),(0.,0.288),
 .UNSPECIFIED.);
#4838=B_SPLINE_SURFACE_WITH_KNOTS('',3,1,((#10812,#10813),(#10814,#10815),
(#10816,#10817),(#10818,#10819),(#10820,#10821),(#10822,#10823),(#10824,
#10825)),.UNSPECIFIED.,.F.,.F.,.F.,(4,3,4),(2,2),(-11.7213210779524,-1.,
0.),(0.,0.360000000000008),.UNSPECIFIED.);
#4839=B_SPLINE_SURFACE_WITH_KNOTS('',3,1,((#10828,#10829),(#10830,#10831),
(#10832,#10833),(#10834,#10835)),.UNSPECIFIED.,.F.,.F.,.F.,(4,4),(2,2),
(-1.,0.),(0.,0.360000000000001),.UNSPECIFIED.);
#4840=B_SPLINE_SURFACE_WITH_KNOTS('',3,1,((#10836,#10837),(#10838,#10839),
(#10840,#10841),(#10842,#10843)),.UNSPECIFIED.,.F.,.F.,.F.,(4,4),(2,2),
(-1.,0.),(0.,0.360000000000014),.UNSPECIFIED.);
#4841=ADVANCED_FACE('',(#201),#4621,.F.);
#4842=ADVANCED_FACE('',(#202),#4622,.F.);
#4843=ADVANCED_FACE('',(#203),#4623,.F.);
#4844=ADVANCED_FACE('',(#204),#4624,.F.);
#4845=ADVANCED_FACE('',(#205),#4625,.F.);
#4846=ADVANCED_FACE('',(#206),#4626,.F.);
#4847=ADVANCED_FACE('',(#207),#4627,.F.);
#4848=ADVANCED_FACE('',(#208),#4628,.F.);
#4849=ADVANCED_FACE('',(#209),#4629,.F.);
#4850=ADVANCED_FACE('',(#210),#4630,.F.);
#4851=ADVANCED_FACE('',(#211),#4631,.F.);
#4852=ADVANCED_FACE('',(#212),#4632,.F.);
#4853=ADVANCED_FACE('',(#213),#4633,.F.);
#4854=ADVANCED_FACE('',(#214),#4634,.F.);
#4855=ADVANCED_FACE('',(#215),#4635,.F.);
#4856=ADVANCED_FACE('',(#216),#4636,.T.);
#4857=ADVANCED_FACE('',(#217),#4637,.F.);
#4858=ADVANCED_FACE('',(#218),#4638,.F.);
#4859=ADVANCED_FACE('',(#219),#4639,.F.);
#4860=ADVANCED_FACE('',(#220),#4640,.F.);
#4861=ADVANCED_FACE('',(#221),#4641,.F.);
#4862=ADVANCED_FACE('',(#222),#4642,.F.);
#4863=ADVANCED_FACE('',(#223),#4643,.F.);
#4864=ADVANCED_FACE('',(#224),#4644,.F.);
#4865=ADVANCED_FACE('',(#225),#4645,.F.);
#4866=ADVANCED_FACE('',(#226),#4646,.F.);
#4867=ADVANCED_FACE('',(#227),#4647,.F.);
#4868=ADVANCED_FACE('',(#228),#4648,.F.);
#4869=ADVANCED_FACE('',(#229),#4649,.F.);
#4870=ADVANCED_FACE('',(#230),#4650,.F.);
#4871=ADVANCED_FACE('',(#231),#4651,.F.);
#4872=ADVANCED_FACE('',(#232),#4652,.F.);
#4873=ADVANCED_FACE('',(#233),#4653,.F.);
#4874=ADVANCED_FACE('',(#234),#4654,.F.);
#4875=ADVANCED_FACE('',(#235),#4655,.F.);
#4876=ADVANCED_FACE('',(#236),#4656,.F.);
#4877=ADVANCED_FACE('',(#237),#4657,.F.);
#4878=ADVANCED_FACE('',(#238),#4658,.F.);
#4879=ADVANCED_FACE('',(#239),#4659,.F.);
#4880=ADVANCED_FACE('',(#240),#4660,.F.);
#4881=ADVANCED_FACE('',(#241),#4661,.F.);
#4882=ADVANCED_FACE('',(#242),#4662,.F.);
#4883=ADVANCED_FACE('',(#243),#4663,.F.);
#4884=ADVANCED_FACE('',(#244),#4664,.F.);
#4885=ADVANCED_FACE('',(#245),#4665,.F.);
#4886=ADVANCED_FACE('',(#246),#4666,.F.);
#4887=ADVANCED_FACE('',(#247),#4667,.F.);
#4888=ADVANCED_FACE('',(#248),#4668,.F.);
#4889=ADVANCED_FACE('',(#249),#4669,.F.);
#4890=ADVANCED_FACE('',(#250),#4670,.F.);
#4891=ADVANCED_FACE('',(#251),#4671,.F.);
#4892=ADVANCED_FACE('',(#252),#4672,.F.);
#4893=ADVANCED_FACE('',(#253),#4673,.F.);
#4894=ADVANCED_FACE('',(#254),#4674,.F.);
#4895=ADVANCED_FACE('',(#255),#4675,.F.);
#4896=ADVANCED_FACE('',(#256),#4676,.F.);
#4897=ADVANCED_FACE('',(#257),#98,.F.);
#4898=ADVANCED_FACE('',(#258),#94,.F.);
#4899=ADVANCED_FACE('',(#259,#27),#56,.T.);
#4900=ADVANCED_FACE('',(#260,#28,#29,#30,#31),#57,.T.);
#4901=ADVANCED_FACE('',(#261),#58,.F.);
#4902=ADVANCED_FACE('',(#262),#99,.T.);
#4903=ADVANCED_FACE('',(#263),#4677,.F.);
#4904=ADVANCED_FACE('',(#264),#4678,.F.);
#4905=ADVANCED_FACE('',(#265),#4679,.F.);
#4906=ADVANCED_FACE('',(#266),#4680,.F.);
#4907=ADVANCED_FACE('',(#267),#4681,.F.);
#4908=ADVANCED_FACE('',(#268),#4682,.F.);
#4909=ADVANCED_FACE('',(#269),#4683,.F.);
#4910=ADVANCED_FACE('',(#270),#4684,.F.);
#4911=ADVANCED_FACE('',(#271),#4685,.F.);
#4912=ADVANCED_FACE('',(#272),#4686,.F.);
#4913=ADVANCED_FACE('',(#273),#4687,.F.);
#4914=ADVANCED_FACE('',(#274),#4688,.F.);
#4915=ADVANCED_FACE('',(#275),#4689,.F.);
#4916=ADVANCED_FACE('',(#276),#4690,.F.);
#4917=ADVANCED_FACE('',(#277),#4691,.F.);
#4918=ADVANCED_FACE('',(#278),#59,.F.);
#4919=ADVANCED_FACE('',(#279),#4692,.F.);
#4920=ADVANCED_FACE('',(#280),#4693,.F.);
#4921=ADVANCED_FACE('',(#281),#4694,.F.);
#4922=ADVANCED_FACE('',(#282),#4695,.F.);
#4923=ADVANCED_FACE('',(#283),#4696,.F.);
#4924=ADVANCED_FACE('',(#284),#4697,.F.);
#4925=ADVANCED_FACE('',(#285),#4698,.F.);
#4926=ADVANCED_FACE('',(#286),#4699,.F.);
#4927=ADVANCED_FACE('',(#287),#4700,.F.);
#4928=ADVANCED_FACE('',(#288),#4701,.F.);
#4929=ADVANCED_FACE('',(#289),#4702,.F.);
#4930=ADVANCED_FACE('',(#290),#4703,.F.);
#4931=ADVANCED_FACE('',(#291),#4704,.F.);
#4932=ADVANCED_FACE('',(#292),#4705,.F.);
#4933=ADVANCED_FACE('',(#293),#4706,.F.);
#4934=ADVANCED_FACE('',(#294),#4707,.F.);
#4935=ADVANCED_FACE('',(#295),#4708,.F.);
#4936=ADVANCED_FACE('',(#296),#4709,.F.);
#4937=ADVANCED_FACE('',(#297),#4710,.F.);
#4938=ADVANCED_FACE('',(#298),#4711,.F.);
#4939=ADVANCED_FACE('',(#299),#4712,.F.);
#4940=ADVANCED_FACE('',(#300),#4713,.F.);
#4941=ADVANCED_FACE('',(#301),#4714,.F.);
#4942=ADVANCED_FACE('',(#302),#60,.F.);
#4943=ADVANCED_FACE('',(#303),#4715,.F.);
#4944=ADVANCED_FACE('',(#304),#4716,.F.);
#4945=ADVANCED_FACE('',(#305),#4717,.F.);
#4946=ADVANCED_FACE('',(#306),#4718,.F.);
#4947=ADVANCED_FACE('',(#307),#4719,.F.);
#4948=ADVANCED_FACE('',(#308),#4720,.F.);
#4949=ADVANCED_FACE('',(#309),#4721,.F.);
#4950=ADVANCED_FACE('',(#310),#4722,.F.);
#4951=ADVANCED_FACE('',(#311),#4723,.F.);
#4952=ADVANCED_FACE('',(#312),#4724,.F.);
#4953=ADVANCED_FACE('',(#313),#4725,.F.);
#4954=ADVANCED_FACE('',(#314),#4726,.F.);
#4955=ADVANCED_FACE('',(#315),#4727,.F.);
#4956=ADVANCED_FACE('',(#316),#4728,.F.);
#4957=ADVANCED_FACE('',(#317),#4729,.F.);
#4958=ADVANCED_FACE('',(#318),#4730,.F.);
#4959=ADVANCED_FACE('',(#319),#61,.F.);
#4960=ADVANCED_FACE('',(#320),#62,.F.);
#4961=ADVANCED_FACE('',(#321),#63,.F.);
#4962=ADVANCED_FACE('',(#322),#64,.F.);
#4963=ADVANCED_FACE('',(#323),#65,.F.);
#4964=ADVANCED_FACE('',(#324),#66,.F.);
#4965=ADVANCED_FACE('',(#325),#67,.F.);
#4966=ADVANCED_FACE('',(#326),#68,.F.);
#4967=ADVANCED_FACE('',(#327),#69,.F.);
#4968=ADVANCED_FACE('',(#328),#70,.F.);
#4969=ADVANCED_FACE('',(#329),#71,.F.);
#4970=ADVANCED_FACE('',(#330),#72,.F.);
#4971=ADVANCED_FACE('',(#331),#95,.F.);
#4972=ADVANCED_FACE('',(#332,#32),#73,.T.);
#4973=ADVANCED_FACE('',(#333),#100,.F.);
#4974=ADVANCED_FACE('',(#334),#96,.F.);
#4975=ADVANCED_FACE('',(#335,#33),#74,.T.);
#4976=ADVANCED_FACE('',(#336),#101,.F.);
#4977=ADVANCED_FACE('',(#337),#102,.F.);
#4978=ADVANCED_FACE('',(#338),#103,.F.);
#4979=ADVANCED_FACE('',(#339),#75,.F.);
#4980=ADVANCED_FACE('',(#340),#76,.F.);
#4981=ADVANCED_FACE('',(#341),#77,.F.);
#4982=ADVANCED_FACE('',(#342),#78,.F.);
#4983=ADVANCED_FACE('',(#343,#34,#35),#79,.F.);
#4984=ADVANCED_FACE('',(#344,#36),#80,.T.);
#4985=ADVANCED_FACE('',(#345,#37,#38),#81,.F.);
#4986=ADVANCED_FACE('',(#346,#39),#82,.F.);
#4987=ADVANCED_FACE('',(#347),#83,.F.);
#4988=ADVANCED_FACE('',(#348),#84,.F.);
#4989=ADVANCED_FACE('',(#349),#85,.F.);
#4990=ADVANCED_FACE('',(#350),#86,.F.);
#4991=ADVANCED_FACE('',(#351),#87,.F.);
#4992=ADVANCED_FACE('',(#352),#104,.T.);
#4993=ADVANCED_FACE('',(#353),#97,.T.);
#4994=ADVANCED_FACE('',(#354,#40,#41,#42,#43,#44,#45,#46,#47,#48,#49,#50),
#88,.T.);
#4995=ADVANCED_FACE('',(#355,#51),#89,.F.);
#4996=ADVANCED_FACE('',(#356),#4731,.F.);
#4997=ADVANCED_FACE('',(#357,#52,#53,#54,#55),#90,.F.);
#4998=ADVANCED_FACE('',(#358),#4732,.T.);
#4999=ADVANCED_FACE('',(#359),#91,.T.);
#5000=ADVANCED_FACE('',(#360),#4733,.T.);
#5001=ADVANCED_FACE('',(#361),#105,.F.);
#5002=ADVANCED_FACE('',(#362),#4734,.T.);
#5003=ADVANCED_FACE('',(#363),#4735,.T.);
#5004=ADVANCED_FACE('',(#364),#4736,.T.);
#5005=ADVANCED_FACE('',(#365),#4737,.T.);
#5006=ADVANCED_FACE('',(#366),#4738,.T.);
#5007=ADVANCED_FACE('',(#367),#4739,.T.);
#5008=ADVANCED_FACE('',(#368),#4740,.T.);
#5009=ADVANCED_FACE('',(#369),#4741,.T.);
#5010=ADVANCED_FACE('',(#370),#4742,.T.);
#5011=ADVANCED_FACE('',(#371),#4743,.T.);
#5012=ADVANCED_FACE('',(#372),#4744,.T.);
#5013=ADVANCED_FACE('',(#373),#4745,.T.);
#5014=ADVANCED_FACE('',(#374),#4746,.T.);
#5015=ADVANCED_FACE('',(#375),#4747,.T.);
#5016=ADVANCED_FACE('',(#376),#4748,.T.);
#5017=ADVANCED_FACE('',(#377),#4749,.T.);
#5018=ADVANCED_FACE('',(#378),#4750,.T.);
#5019=ADVANCED_FACE('',(#379),#4751,.T.);
#5020=ADVANCED_FACE('',(#380),#4752,.T.);
#5021=ADVANCED_FACE('',(#381),#4753,.T.);
#5022=ADVANCED_FACE('',(#382),#4754,.T.);
#5023=ADVANCED_FACE('',(#383),#4755,.T.);
#5024=ADVANCED_FACE('',(#384),#4756,.T.);
#5025=ADVANCED_FACE('',(#385),#4757,.T.);
#5026=ADVANCED_FACE('',(#386),#4758,.T.);
#5027=ADVANCED_FACE('',(#387),#4759,.T.);
#5028=ADVANCED_FACE('',(#388),#4760,.T.);
#5029=ADVANCED_FACE('',(#389),#4761,.T.);
#5030=ADVANCED_FACE('',(#390),#4762,.T.);
#5031=ADVANCED_FACE('',(#391),#4763,.T.);
#5032=ADVANCED_FACE('',(#392),#4764,.T.);
#5033=ADVANCED_FACE('',(#393),#4765,.T.);
#5034=ADVANCED_FACE('',(#394),#4766,.T.);
#5035=ADVANCED_FACE('',(#395),#4767,.T.);
#5036=ADVANCED_FACE('',(#396),#4768,.T.);
#5037=ADVANCED_FACE('',(#397),#4769,.T.);
#5038=ADVANCED_FACE('',(#398),#4770,.T.);
#5039=ADVANCED_FACE('',(#399),#92,.T.);
#5040=ADVANCED_FACE('',(#400),#4771,.T.);
#5041=ADVANCED_FACE('',(#401),#4772,.T.);
#5042=ADVANCED_FACE('',(#402),#4773,.T.);
#5043=ADVANCED_FACE('',(#403),#4774,.T.);
#5044=ADVANCED_FACE('',(#404),#4775,.T.);
#5045=ADVANCED_FACE('',(#405),#4776,.T.);
#5046=ADVANCED_FACE('',(#406),#4777,.T.);
#5047=ADVANCED_FACE('',(#407),#4778,.T.);
#5048=ADVANCED_FACE('',(#408),#4779,.T.);
#5049=ADVANCED_FACE('',(#409),#4780,.T.);
#5050=ADVANCED_FACE('',(#410),#4781,.T.);
#5051=ADVANCED_FACE('',(#411),#4782,.T.);
#5052=ADVANCED_FACE('',(#412),#4783,.T.);
#5053=ADVANCED_FACE('',(#413),#4784,.T.);
#5054=ADVANCED_FACE('',(#414),#4785,.T.);
#5055=ADVANCED_FACE('',(#415),#4786,.T.);
#5056=ADVANCED_FACE('',(#416),#4787,.T.);
#5057=ADVANCED_FACE('',(#417),#4788,.T.);
#5058=ADVANCED_FACE('',(#418),#4789,.T.);
#5059=ADVANCED_FACE('',(#419),#4790,.T.);
#5060=ADVANCED_FACE('',(#420),#4791,.T.);
#5061=ADVANCED_FACE('',(#421),#4792,.T.);
#5062=ADVANCED_FACE('',(#422),#4793,.T.);
#5063=ADVANCED_FACE('',(#423),#4794,.T.);
#5064=ADVANCED_FACE('',(#424),#4795,.T.);
#5065=ADVANCED_FACE('',(#425),#4796,.T.);
#5066=ADVANCED_FACE('',(#426),#4797,.T.);
#5067=ADVANCED_FACE('',(#427),#4798,.T.);
#5068=ADVANCED_FACE('',(#428),#4799,.T.);
#5069=ADVANCED_FACE('',(#429),#4800,.T.);
#5070=ADVANCED_FACE('',(#430),#4801,.T.);
#5071=ADVANCED_FACE('',(#431),#4802,.T.);
#5072=ADVANCED_FACE('',(#432),#4803,.T.);
#5073=ADVANCED_FACE('',(#433),#4804,.T.);
#5074=ADVANCED_FACE('',(#434),#4805,.T.);
#5075=ADVANCED_FACE('',(#435),#4806,.T.);
#5076=ADVANCED_FACE('',(#436),#4807,.T.);
#5077=ADVANCED_FACE('',(#437),#4808,.T.);
#5078=ADVANCED_FACE('',(#438),#4809,.T.);
#5079=ADVANCED_FACE('',(#439),#4810,.T.);
#5080=ADVANCED_FACE('',(#440),#4811,.T.);
#5081=ADVANCED_FACE('',(#441),#93,.T.);
#5082=ADVANCED_FACE('',(#442),#4812,.T.);
#5083=ADVANCED_FACE('',(#443),#4813,.T.);
#5084=ADVANCED_FACE('',(#444),#4814,.T.);
#5085=ADVANCED_FACE('',(#445),#4815,.T.);
#5086=ADVANCED_FACE('',(#446),#4816,.T.);
#5087=ADVANCED_FACE('',(#447),#4817,.T.);
#5088=ADVANCED_FACE('',(#448),#4818,.T.);
#5089=ADVANCED_FACE('',(#449),#4819,.T.);
#5090=ADVANCED_FACE('',(#450),#4820,.T.);
#5091=ADVANCED_FACE('',(#451),#4821,.T.);
#5092=ADVANCED_FACE('',(#452),#4822,.T.);
#5093=ADVANCED_FACE('',(#453),#4823,.T.);
#5094=ADVANCED_FACE('',(#454),#4824,.T.);
#5095=ADVANCED_FACE('',(#455),#4825,.T.);
#5096=ADVANCED_FACE('',(#456),#4826,.T.);
#5097=ADVANCED_FACE('',(#457),#4827,.T.);
#5098=ADVANCED_FACE('',(#458),#4828,.T.);
#5099=ADVANCED_FACE('',(#459),#4829,.T.);
#5100=ADVANCED_FACE('',(#460),#4830,.T.);
#5101=ADVANCED_FACE('',(#461),#4831,.T.);
#5102=ADVANCED_FACE('',(#462),#4832,.T.);
#5103=ADVANCED_FACE('',(#463),#4833,.T.);
#5104=ADVANCED_FACE('',(#464),#4834,.T.);
#5105=ADVANCED_FACE('',(#465),#4835,.T.);
#5106=ADVANCED_FACE('',(#466),#4836,.T.);
#5107=ADVANCED_FACE('',(#467),#4837,.T.);
#5108=ADVANCED_FACE('',(#468),#4838,.T.);
#5109=ADVANCED_FACE('',(#469),#4839,.T.);
#5110=ADVANCED_FACE('',(#470),#4840,.T.);
#5111=CLOSED_SHELL('',(#4841,#4842,#4843,#4844,#4845,#4846,#4847,#4848,
#4849,#4850,#4851,#4852,#4853,#4854,#4855,#4856,#4857,#4858,#4859,#4860,
#4861,#4862,#4863,#4864,#4865,#4866,#4867,#4868,#4869,#4870,#4871,#4872,
#4873,#4874,#4875,#4876,#4877,#4878,#4879,#4880,#4881,#4882,#4883,#4884,
#4885,#4886,#4887,#4888,#4889,#4890,#4891,#4892,#4893,#4894,#4895,#4896,
#4897,#4898,#4899,#4900,#4901,#4902,#4903,#4904,#4905,#4906,#4907,#4908,
#4909,#4910,#4911,#4912,#4913,#4914,#4915,#4916,#4917,#4918,#4919,#4920,
#4921,#4922,#4923,#4924,#4925,#4926,#4927,#4928,#4929,#4930,#4931,#4932,
#4933,#4934,#4935,#4936,#4937,#4938,#4939,#4940,#4941,#4942,#4943,#4944,
#4945,#4946,#4947,#4948,#4949,#4950,#4951,#4952,#4953,#4954,#4955,#4956,
#4957,#4958,#4959,#4960,#4961,#4962,#4963,#4964,#4965,#4966,#4967,#4968,
#4969,#4970,#4971,#4972,#4973,#4974,#4975,#4976,#4977,#4978,#4979,#4980,
#4981,#4982,#4983,#4984,#4985,#4986,#4987,#4988,#4989,#4990,#4991));
#5112=CLOSED_SHELL('',(#4992,#4993,#4994,#4995,#4996,#4997,#4998,#4999,
#5000,#5001,#5002,#5003,#5004,#5005,#5006,#5007,#5008,#5009,#5010,#5011,
#5012,#5013,#5014,#5015,#5016,#5017,#5018,#5019,#5020,#5021,#5022,#5023,
#5024,#5025,#5026,#5027,#5028,#5029,#5030,#5031,#5032,#5033,#5034,#5035,
#5036,#5037,#5038,#5039,#5040,#5041,#5042,#5043,#5044,#5045,#5046,#5047,
#5048,#5049,#5050,#5051,#5052,#5053,#5054,#5055,#5056,#5057,#5058,#5059,
#5060,#5061,#5062,#5063,#5064,#5065,#5066,#5067,#5068,#5069,#5070,#5071,
#5072,#5073,#5074,#5075,#5076,#5077,#5078,#5079,#5080,#5081,#5082,#5083,
#5084,#5085,#5086,#5087,#5088,#5089,#5090,#5091,#5092,#5093,#5094,#5095,
#5096,#5097,#5098,#5099,#5100,#5101,#5102,#5103,#5104,#5105,#5106,#5107,
#5108,#5109,#5110));
#5113=DERIVED_UNIT_ELEMENT(#5117,1.);
#5114=DERIVED_UNIT_ELEMENT(#10855,-3.);
#5115=DERIVED_UNIT_ELEMENT(#5117,1.);
#5116=DERIVED_UNIT_ELEMENT(#10855,-3.);
#5117=(
MASS_UNIT()
NAMED_UNIT(*)
SI_UNIT(.KILO.,.GRAM.)
);
#5118=DERIVED_UNIT((#5113,#5114));
#5119=DERIVED_UNIT((#5115,#5116));
#5120=MEASURE_REPRESENTATION_ITEM('density measure',
POSITIVE_RATIO_MEASURE(7850.),#5118);
#5121=MEASURE_REPRESENTATION_ITEM('density measure',
POSITIVE_RATIO_MEASURE(7850.),#5119);
#5122=PROPERTY_DEFINITION_REPRESENTATION(#5132,#5126);
#5123=PROPERTY_DEFINITION_REPRESENTATION(#5133,#5127);
#5124=PROPERTY_DEFINITION_REPRESENTATION(#5134,#5128);
#5125=PROPERTY_DEFINITION_REPRESENTATION(#5135,#5129);
#5126=REPRESENTATION('material name',(#5130),#10851);
#5127=REPRESENTATION('density',(#5120),#10851);
#5128=REPRESENTATION('material name',(#5131),#10852);
#5129=REPRESENTATION('density',(#5121),#10852);
#5130=DESCRIPTIVE_REPRESENTATION_ITEM('Steel','Steel');
#5131=DESCRIPTIVE_REPRESENTATION_ITEM('Steel','Steel');
#5132=PROPERTY_DEFINITION('material property','material name',#10871);
#5133=PROPERTY_DEFINITION('material property','density of part',#10871);
#5134=PROPERTY_DEFINITION('material property','material name',#10872);
#5135=PROPERTY_DEFINITION('material property','density of part',#10872);
#5136=AXIS2_PLACEMENT_3D('',#5878,#5286,#5287);
#5137=AXIS2_PLACEMENT_3D('',#5879,#5288,#5289);
#5138=AXIS2_PLACEMENT_3D('',#5946,#5292,#5293);
#5139=AXIS2_PLACEMENT_3D('',#6139,#5306,#5307);
#5140=AXIS2_PLACEMENT_3D('',#6458,#5326,#5327);
#5141=AXIS2_PLACEMENT_3D('',#6594,#5337,#5338);
#5142=AXIS2_PLACEMENT_3D('',#6767,#5344,#5345);
#5143=AXIS2_PLACEMENT_3D('',#6859,#5351,#5352);
#5144=AXIS2_PLACEMENT_3D('',#6913,#5356,#5357);
#5145=AXIS2_PLACEMENT_3D('',#6969,#5361,#5362);
#5146=AXIS2_PLACEMENT_3D('',#7152,#5373,#5374);
#5147=AXIS2_PLACEMENT_3D('',#7154,#5376,#5377);
#5148=AXIS2_PLACEMENT_3D('',#7156,#5378,#5379);
#5149=AXIS2_PLACEMENT_3D('',#7159,#5381,#5382);
#5150=AXIS2_PLACEMENT_3D('',#7160,#5383,#5384);
#5151=AXIS2_PLACEMENT_3D('',#7162,#5385,#5386);
#5152=AXIS2_PLACEMENT_3D('',#7164,#5388,#5389);
#5153=AXIS2_PLACEMENT_3D('',#7166,#5390,#5391);
#5154=AXIS2_PLACEMENT_3D('',#7167,#5392,#5393);
#5155=AXIS2_PLACEMENT_3D('',#7171,#5395,#5396);
#5156=AXIS2_PLACEMENT_3D('',#7185,#5397,#5398);
#5157=AXIS2_PLACEMENT_3D('',#7201,#5399,#5400);
#5158=AXIS2_PLACEMENT_3D('',#7217,#5401,#5402);
#5159=AXIS2_PLACEMENT_3D('',#7238,#5403,#5404);
#5160=AXIS2_PLACEMENT_3D('',#7252,#5406,#5407);
#5161=AXIS2_PLACEMENT_3D('',#7267,#5408,#5409);
#5162=AXIS2_PLACEMENT_3D('',#7283,#5410,#5411);
#5163=AXIS2_PLACEMENT_3D('',#7334,#5413,#5414);
#5164=AXIS2_PLACEMENT_3D('',#7375,#5415,#5416);
#5165=AXIS2_PLACEMENT_3D('',#7401,#5417,#5418);
#5166=AXIS2_PLACEMENT_3D('',#7413,#5419,#5420);
#5167=AXIS2_PLACEMENT_3D('',#7446,#5421,#5422);
#5168=AXIS2_PLACEMENT_3D('',#7447,#5423,#5424);
#5169=AXIS2_PLACEMENT_3D('',#7451,#5427,#5428);
#5170=AXIS2_PLACEMENT_3D('',#7453,#5429,#5430);
#5171=AXIS2_PLACEMENT_3D('',#7454,#5431,#5432);
#5172=AXIS2_PLACEMENT_3D('',#7458,#5434,#5435);
#5173=AXIS2_PLACEMENT_3D('',#7460,#5437,#5438);
#5174=AXIS2_PLACEMENT_3D('',#7463,#5440,#5441);
#5175=AXIS2_PLACEMENT_3D('',#7466,#5443,#5444);
#5176=AXIS2_PLACEMENT_3D('',#7469,#5446,#5447);
#5177=AXIS2_PLACEMENT_3D('',#7472,#5449,#5450);
#5178=AXIS2_PLACEMENT_3D('',#7781,#5464,#5465);
#5179=AXIS2_PLACEMENT_3D('',#8099,#5485,#5486);
#5180=AXIS2_PLACEMENT_3D('',#8332,#5502,#5503);
#5181=AXIS2_PLACEMENT_3D('',#8333,#5504,#5505);
#5182=AXIS2_PLACEMENT_3D('',#8334,#5506,#5507);
#5183=AXIS2_PLACEMENT_3D('',#8335,#5508,#5509);
#5184=AXIS2_PLACEMENT_3D('',#8336,#5510,#5511);
#5185=AXIS2_PLACEMENT_3D('',#8337,#5512,#5513);
#5186=AXIS2_PLACEMENT_3D('',#8338,#5514,#5515);
#5187=AXIS2_PLACEMENT_3D('',#8339,#5516,#5517);
#5188=AXIS2_PLACEMENT_3D('',#8340,#5518,#5519);
#5189=AXIS2_PLACEMENT_3D('',#8341,#5520,#5521);
#5190=AXIS2_PLACEMENT_3D('',#8342,#5522,#5523);
#5191=AXIS2_PLACEMENT_3D('',#8343,#5524,#5525);
#5192=AXIS2_PLACEMENT_3D('',#8344,#5526,#5527);
#5193=AXIS2_PLACEMENT_3D('',#8347,#5528,#5529);
#5194=AXIS2_PLACEMENT_3D('',#8348,#5530,#5531);
#5195=AXIS2_PLACEMENT_3D('',#8351,#5533,#5534);
#5196=AXIS2_PLACEMENT_3D('',#8352,#5535,#5536);
#5197=AXIS2_PLACEMENT_3D('',#8354,#5537,#5538);
#5198=AXIS2_PLACEMENT_3D('',#8355,#5539,#5540);
#5199=AXIS2_PLACEMENT_3D('',#8357,#5541,#5542);
#5200=AXIS2_PLACEMENT_3D('',#8359,#5544,#5545);
#5201=AXIS2_PLACEMENT_3D('',#8362,#5546,#5547);
#5202=AXIS2_PLACEMENT_3D('',#8363,#5548,#5549);
#5203=AXIS2_PLACEMENT_3D('',#8366,#5551,#5552);
#5204=AXIS2_PLACEMENT_3D('',#8367,#5553,#5554);
#5205=AXIS2_PLACEMENT_3D('',#8369,#5555,#5556);
#5206=AXIS2_PLACEMENT_3D('',#8370,#5557,#5558);
#5207=AXIS2_PLACEMENT_3D('',#8372,#5559,#5560);
#5208=AXIS2_PLACEMENT_3D('',#8374,#5562,#5563);
#5209=AXIS2_PLACEMENT_3D('',#8376,#5564,#5565);
#5210=AXIS2_PLACEMENT_3D('',#8378,#5567,#5568);
#5211=AXIS2_PLACEMENT_3D('',#8380,#5569,#5570);
#5212=AXIS2_PLACEMENT_3D('',#8382,#5572,#5573);
#5213=AXIS2_PLACEMENT_3D('',#8391,#5578,#5579);
#5214=AXIS2_PLACEMENT_3D('',#8397,#5583,#5584);
#5215=AXIS2_PLACEMENT_3D('',#8403,#5588,#5589);
#5216=AXIS2_PLACEMENT_3D('',#8406,#5592,#5593);
#5217=AXIS2_PLACEMENT_3D('',#8407,#5594,#5595);
#5218=AXIS2_PLACEMENT_3D('',#8420,#5602,#5603);
#5219=AXIS2_PLACEMENT_3D('',#8433,#5610,#5611);
#5220=AXIS2_PLACEMENT_3D('',#8436,#5614,#5615);
#5221=AXIS2_PLACEMENT_3D('',#8438,#5617,#5618);
#5222=AXIS2_PLACEMENT_3D('',#8440,#5620,#5621);
#5223=AXIS2_PLACEMENT_3D('',#8442,#5623,#5624);
#5224=AXIS2_PLACEMENT_3D('',#8444,#5626,#5627);
#5225=AXIS2_PLACEMENT_3D('',#8445,#5628,#5629);
#5226=AXIS2_PLACEMENT_3D('',#8446,#5630,#5631);
#5227=AXIS2_PLACEMENT_3D('',#8448,#5632,#5633);
#5228=AXIS2_PLACEMENT_3D('',#8451,#5635,#5636);
#5229=AXIS2_PLACEMENT_3D('',#8452,#5637,#5638);
#5230=AXIS2_PLACEMENT_3D('',#8455,#5640,#5641);
#5231=AXIS2_PLACEMENT_3D('',#8456,#5642,#5643);
#5232=AXIS2_PLACEMENT_3D('',#8466,#5644,#5645);
#5233=AXIS2_PLACEMENT_3D('',#8478,#5646,#5647);
#5234=AXIS2_PLACEMENT_3D('',#8490,#5648,#5649);
#5235=AXIS2_PLACEMENT_3D('',#8512,#5650,#5651);
#5236=AXIS2_PLACEMENT_3D('',#8539,#5652,#5653);
#5237=AXIS2_PLACEMENT_3D('',#8598,#5654,#5655);
#5238=AXIS2_PLACEMENT_3D('',#8629,#5656,#5657);
#5239=AXIS2_PLACEMENT_3D('',#8646,#5658,#5659);
#5240=AXIS2_PLACEMENT_3D('',#8659,#5660,#5661);
#5241=AXIS2_PLACEMENT_3D('',#8666,#5662,#5663);
#5242=AXIS2_PLACEMENT_3D('',#8668,#5664,#5665);
#5243=AXIS2_PLACEMENT_3D('',#8687,#5667,#5668);
#5244=AXIS2_PLACEMENT_3D('',#8740,#5669,#5670);
#5245=AXIS2_PLACEMENT_3D('',#8747,#5671,#5672);
#5246=AXIS2_PLACEMENT_3D('',#8775,#5673,#5674);
#5247=AXIS2_PLACEMENT_3D('',#8869,#5676,#5677);
#5248=AXIS2_PLACEMENT_3D('',#8885,#5678,#5679);
#5249=AXIS2_PLACEMENT_3D('',#8924,#5680,#5681);
#5250=AXIS2_PLACEMENT_3D('',#8926,#5682,#5683);
#5251=AXIS2_PLACEMENT_3D('',#8998,#5684,#5685);
#5252=AXIS2_PLACEMENT_3D('',#8999,#5686,#5687);
#5253=AXIS2_PLACEMENT_3D('',#9011,#5689,#5690);
#5254=AXIS2_PLACEMENT_3D('',#9026,#5691,#5692);
#5255=AXIS2_PLACEMENT_3D('',#9048,#5693,#5694);
#5256=AXIS2_PLACEMENT_3D('',#9050,#5695,#5696);
#5257=AXIS2_PLACEMENT_3D('',#9069,#5699,#5700);
#5258=AXIS2_PLACEMENT_3D('',#9093,#5701,#5702);
#5259=AXIS2_PLACEMENT_3D('',#9109,#5703,#5704);
#5260=AXIS2_PLACEMENT_3D('',#9203,#5706,#5707);
#5261=AXIS2_PLACEMENT_3D('',#9231,#5708,#5709);
#5262=AXIS2_PLACEMENT_3D('',#9238,#5710,#5711);
#5263=AXIS2_PLACEMENT_3D('',#9284,#5712,#5713);
#5264=AXIS2_PLACEMENT_3D('',#9303,#5715,#5716);
#5265=AXIS2_PLACEMENT_3D('',#9305,#5717,#5718);
#5266=AXIS2_PLACEMENT_3D('',#9352,#5719,#5720);
#5267=AXIS2_PLACEMENT_3D('',#9379,#5721,#5722);
#5268=AXIS2_PLACEMENT_3D('',#9381,#5723,#5724);
#5269=AXIS2_PLACEMENT_3D('',#9420,#5725,#5726);
#5270=AXIS2_PLACEMENT_3D('',#9435,#5727,#5728);
#5271=AXIS2_PLACEMENT_3D('',#9471,#5730,#5731);
#5272=AXIS2_PLACEMENT_3D('',#9498,#5732,#5733);
#5273=AXIS2_PLACEMENT_3D('',#9520,#5734,#5735);
#5274=AXIS2_PLACEMENT_3D('',#9532,#5736,#5737);
#5275=AXIS2_PLACEMENT_3D('',#9544,#5738,#5739);
#5276=AXIS2_PLACEMENT_3D('',#9558,#5740,#5741);
#5277=AXIS2_PLACEMENT_3D('',#9571,#5742,#5743);
#5278=AXIS2_PLACEMENT_3D('',#9587,#5744,#5745);
#5279=AXIS2_PLACEMENT_3D('',#9619,#5746,#5747);
#5280=AXIS2_PLACEMENT_3D('',#9659,#5749,#5750);
#5281=AXIS2_PLACEMENT_3D('',#9688,#5753,#5754);
#5282=AXIS2_PLACEMENT_3D('',#10176,#5808,#5809);
#5283=AXIS2_PLACEMENT_3D('',#10549,#5846,#5847);
#5284=AXIS2_PLACEMENT_3D('',#10844,#5874,#5875);
#5285=AXIS2_PLACEMENT_3D('',#10845,#5876,#5877);
#5286=DIRECTION('axis',(0.,0.,1.));
#5287=DIRECTION('refdir',(1.,0.,0.));
#5288=DIRECTION('axis',(0.,0.,1.));
#5289=DIRECTION('refdir',(1.,0.,0.));
#5290=DIRECTION('',(-9.14089867290645E-16,0.800000000000001,-0.599999999999998));
#5291=DIRECTION('',(-1.82876224552606E-15,0.799999999999985,-0.60000000000002));
#5292=DIRECTION('center_axis',(1.82876224552606E-15,-0.800000000000001,
0.599999999999998));
#5293=DIRECTION('ref_axis',(0.44003332364687,-0.53878886650422,-0.718385155338964));
#5294=DIRECTION('',(-1.82876224552606E-15,0.799999999999986,-0.600000000000019));
#5295=DIRECTION('',(1.82876224552606E-15,-0.799999999999985,0.600000000000019));
#5296=DIRECTION('',(-1.82876224552606E-15,0.799999999999985,-0.600000000000019));
#5297=DIRECTION('',(-1.82876224552606E-15,0.799999999999985,-0.600000000000019));
#5298=DIRECTION('',(-1.82876224552606E-15,0.799999999999985,-0.600000000000019));
#5299=DIRECTION('',(-1.82876224552606E-15,0.799999999999985,-0.600000000000019));
#5300=DIRECTION('',(-1.82876224552606E-15,0.799999999999985,-0.600000000000019));
#5301=DIRECTION('',(-1.82876224552606E-15,0.799999999999985,-0.600000000000019));
#5302=DIRECTION('',(-1.82876224552606E-15,0.799999999999985,-0.600000000000019));
#5303=DIRECTION('',(-1.82876224552606E-15,0.799999999999986,-0.600000000000019));
#5304=DIRECTION('',(-1.82876224552606E-15,0.799999999999985,-0.600000000000019));
#5305=DIRECTION('',(-1.82876224552606E-15,0.799999999999985,-0.600000000000019));
#5306=DIRECTION('center_axis',(1.82876224552606E-15,-0.800000000000001,
0.599999999999998));
#5307=DIRECTION('ref_axis',(0.909046785806401,0.250016437134479,0.333355249512637));
#5308=DIRECTION('',(-1.82876224552606E-15,0.799999999999985,-0.600000000000019));
#5309=DIRECTION('',(-1.82876224552606E-15,0.799999999999985,-0.600000000000019));
#5310=DIRECTION('',(-1.82876224552606E-15,0.799999999999985,-0.600000000000019));
#5311=DIRECTION('',(1.82876224552606E-15,-0.799999999999985,0.600000000000019));
#5312=DIRECTION('',(1.82876224552606E-15,-0.799999999999985,0.60000000000002));
#5313=DIRECTION('',(6.24558702441416E-15,0.79999999999998,-0.600000000000027));
#5314=DIRECTION('',(-1.82876224552606E-15,0.799999999999985,-0.600000000000019));
#5315=DIRECTION('',(-1.82876224552606E-15,0.799999999999985,-0.600000000000019));
#5316=DIRECTION('',(-1.82876224552606E-15,0.799999999999985,-0.600000000000019));
#5317=DIRECTION('',(1.82876224552606E-15,-0.799999999999985,0.600000000000019));
#5318=DIRECTION('',(-1.82876224552606E-15,0.799999999999985,-0.600000000000019));
#5319=DIRECTION('',(-1.82876224552606E-15,0.799999999999985,-0.600000000000019));
#5320=DIRECTION('',(-1.82876224552606E-15,0.799999999999985,-0.600000000000019));
#5321=DIRECTION('',(-1.82876224552606E-15,0.799999999999985,-0.600000000000019));
#5322=DIRECTION('',(1.4539554260383E-14,-0.800000000000001,0.599999999999998));
#5323=DIRECTION('',(-1.82876224552606E-15,0.799999999999985,-0.600000000000019));
#5324=DIRECTION('',(-1.82876224552606E-15,0.799999999999985,-0.600000000000019));
#5325=DIRECTION('',(-1.82876224552606E-15,0.799999999999985,-0.600000000000019));
#5326=DIRECTION('center_axis',(7.7113798395147E-12,-0.799999999997611,0.600000000003185));
#5327=DIRECTION('ref_axis',(0.886578828909908,0.277546523758088,0.370062031662986));
#5328=DIRECTION('',(1.82876224552606E-15,-0.799999999999985,0.600000000000019));
#5329=DIRECTION('',(-1.82876224552606E-15,0.799999999999985,-0.600000000000019));
#5330=DIRECTION('',(-1.82876224552606E-15,0.799999999999985,-0.600000000000019));
#5331=DIRECTION('',(-1.82876224552606E-15,0.799999999999985,-0.600000000000019));
#5332=DIRECTION('',(-1.82876224552606E-15,0.799999999999985,-0.600000000000019));
#5333=DIRECTION('',(-1.82876224552606E-15,0.799999999999985,-0.600000000000019));
#5334=DIRECTION('',(1.82876224552606E-15,-0.799999999999985,0.600000000000019));
#5335=DIRECTION('',(-1.82876224552606E-15,0.799999999999985,-0.600000000000019));
#5336=DIRECTION('',(-1.82876224552606E-15,0.799999999999985,-0.600000000000019));
#5337=DIRECTION('center_axis',(1.82876224552606E-15,-0.800000000000001,
0.599999999999998));
#5338=DIRECTION('ref_axis',(0.51618970680156,-0.513884566000148,-0.685179421333536));
#5339=DIRECTION('',(1.82876224552606E-15,-0.799999999999985,0.600000000000019));
#5340=DIRECTION('',(-1.82876224552605E-15,0.799999999999985,-0.600000000000019));
#5341=DIRECTION('',(-1.82876224552606E-15,0.799999999999986,-0.600000000000019));
#5342=DIRECTION('',(1.82876224552606E-15,-0.799999999999986,0.600000000000019));
#5343=DIRECTION('',(-1.82876224552606E-15,0.799999999999985,-0.600000000000019));
#5344=DIRECTION('center_axis',(-1.82876224552606E-15,0.800000000000001,
-0.599999999999998));
#5345=DIRECTION('ref_axis',(0.999930628042088,0.00706725386612284,0.00942300515482745));
#5346=DIRECTION('',(-1.82876224552606E-15,0.799999999999985,-0.600000000000019));
#5347=DIRECTION('',(-1.82876224552606E-15,0.799999999999985,-0.600000000000019));
#5348=DIRECTION('',(-1.82876224552606E-15,0.799999999999985,-0.600000000000019));
#5349=DIRECTION('',(-1.82876224552606E-15,0.799999999999985,-0.600000000000019));
#5350=DIRECTION('',(-1.82876224552606E-15,0.799999999999986,-0.600000000000019));
#5351=DIRECTION('center_axis',(-1.82876224552606E-15,0.800000000000001,
-0.599999999999998));
#5352=DIRECTION('ref_axis',(0.934224186509199,-0.214011824352861,-0.285349099137153));
#5353=DIRECTION('',(-1.82876224552606E-15,0.799999999999985,-0.600000000000019));
#5354=DIRECTION('',(-1.82876224552606E-15,0.799999999999986,-0.600000000000019));
#5355=DIRECTION('',(-1.82876224552606E-15,0.799999999999985,-0.600000000000019));
#5356=DIRECTION('center_axis',(-1.82876224552606E-15,0.800000000000001,
-0.599999999999998));
#5357=DIRECTION('ref_axis',(0.819092476182122,-0.344196899414072,-0.458929199218768));
#5358=DIRECTION('',(-1.82876224552606E-15,0.799999999999985,-0.600000000000019));
#5359=DIRECTION('',(-1.82876224552606E-15,0.799999999999985,-0.600000000000019));
#5360=DIRECTION('',(-1.82876224552606E-15,0.799999999999985,-0.600000000000019));
#5361=DIRECTION('center_axis',(1.82876224552606E-15,-0.800000000000001,
0.599999999999998));
#5362=DIRECTION('ref_axis',(0.872709337523463,0.292944070415786,0.390592093887714));
#5363=DIRECTION('',(1.82876224552606E-15,-0.799999999999985,0.60000000000002));
#5364=DIRECTION('',(-1.82876224552606E-15,0.799999999999986,-0.600000000000019));
#5365=DIRECTION('',(-1.82876224552606E-15,0.799999999999985,-0.600000000000019));
#5366=DIRECTION('',(-1.82876224552606E-15,0.799999999999986,-0.600000000000019));
#5367=DIRECTION('',(1.82876224552606E-15,-0.799999999999985,0.60000000000002));
#5368=DIRECTION('',(-5.82510944755728E-19,-0.799999999999986,0.600000000000019));
#5369=DIRECTION('',(-1.82876224552606E-15,0.799999999999985,-0.60000000000002));
#5370=DIRECTION('',(-1.82876224552606E-15,0.799999999999985,-0.600000000000019));
#5371=DIRECTION('',(-1.82876224552606E-15,0.799999999999985,-0.600000000000019));
#5372=DIRECTION('',(-1.82876224552606E-15,0.799999999999985,-0.60000000000002));
#5373=DIRECTION('center_axis',(-7.62919911125961E-14,-0.800000000000018,
0.599999999999976));
#5374=DIRECTION('ref_axis',(0.465435621834216,-0.531049042456546,-0.708065389942046));
#5375=DIRECTION('',(1.82876224552606E-15,-0.799999999999985,0.60000000000002));
#5376=DIRECTION('center_axis',(-7.64681205694493E-15,-0.800000000000001,
0.599999999999998));
#5377=DIRECTION('ref_axis',(1.,-4.31792813847702E-16,1.2168963009778E-14));
#5378=DIRECTION('center_axis',(1.99146255042119E-16,0.799999999999986,-0.600000000000019));
#5379=DIRECTION('ref_axis',(1.,5.52633982767464E-15,7.700363528636E-15));
#5380=DIRECTION('',(-7.64681205694493E-15,-0.800000000000001,0.599999999999998));
#5381=DIRECTION('center_axis',(-1.99146255042119E-16,-0.799999999999986,
0.600000000000019));
#5382=DIRECTION('ref_axis',(1.,5.52633982767464E-15,7.700363528636E-15));
#5383=DIRECTION('center_axis',(1.98695817012509E-16,0.799999999999986,-0.600000000000019));
#5384=DIRECTION('ref_axis',(1.,5.52670017809832E-15,7.70009326581824E-15));
#5385=DIRECTION('center_axis',(0.,0.800000000000001,-0.599999999999998));
#5386=DIRECTION('ref_axis',(1.,5.52670017809833E-15,7.70009326581824E-15));
#5387=DIRECTION('',(-0.707106781184729,0.565685424950679,-0.424264068713038));
#5388=DIRECTION('center_axis',(-1.99146255042119E-16,-0.799999999999986,
0.600000000000019));
#5389=DIRECTION('ref_axis',(-1.,-3.3100768291318E-16,-7.73254002287739E-16));
#5390=DIRECTION('center_axis',(-1.99146255042119E-16,-0.799999999999986,
0.600000000000019));
#5391=DIRECTION('ref_axis',(1.,5.52633982767464E-15,7.700363528636E-15));
#5392=DIRECTION('center_axis',(8.03241958304851E-16,-0.799999999999986,
0.60000000000002));
#5393=DIRECTION('ref_axis',(1.,6.42905816869555E-16,-4.81528841348679E-16));
#5394=DIRECTION('',(0.708879152176931,-0.423197973930887,-0.564263965241187));
#5395=DIRECTION('center_axis',(1.82876224552606E-15,-0.800000000000001,
0.599999999999998));
#5396=DIRECTION('ref_axis',(0.439613205460135,-0.538912314435866,-0.718549752581159));
#5397=DIRECTION('center_axis',(8.03241958304851E-16,-0.799999999999986,
0.60000000000002));
#5398=DIRECTION('ref_axis',(1.,6.3282503983522E-15,7.0989306006278E-15));
#5399=DIRECTION('center_axis',(8.03241958304851E-16,-0.799999999999986,
0.60000000000002));
#5400=DIRECTION('ref_axis',(1.,6.3282503983522E-15,7.0989306006278E-15));
#5401=DIRECTION('center_axis',(8.03241958304851E-16,-0.799999999999986,
0.60000000000002));
#5402=DIRECTION('ref_axis',(1.,6.3282503983522E-15,7.0989306006278E-15));
#5403=DIRECTION('center_axis',(8.03241958304851E-16,-0.799999999999986,
0.60000000000002));
#5404=DIRECTION('ref_axis',(1.,6.3282503983522E-15,7.0989306006278E-15));
#5405=DIRECTION('',(-0.933816129734602,0.214651990219282,0.286202653625697));
#5406=DIRECTION('center_axis',(-1.82876224552606E-15,0.800000000000001,
-0.599999999999998));
#5407=DIRECTION('ref_axis',(0.814622352662941,0.3479950461071,0.463993394809466));
#5408=DIRECTION('center_axis',(8.03241958304851E-16,-0.799999999999986,
0.60000000000002));
#5409=DIRECTION('ref_axis',(1.,6.3282503983522E-15,7.0989306006278E-15));
#5410=DIRECTION('center_axis',(8.03241958304851E-16,-0.799999999999986,
0.60000000000002));
#5411=DIRECTION('ref_axis',(1.,6.3282503983522E-15,7.0989306006278E-15));
#5412=DIRECTION('',(-0.492035441627997,0.52234510115968,0.696460134879539));
#5413=DIRECTION('center_axis',(8.03241958304851E-16,-0.799999999999986,
0.60000000000002));
#5414=DIRECTION('ref_axis',(1.,6.3282503983522E-15,7.0989306006278E-15));
#5415=DIRECTION('center_axis',(-1.82876224552606E-15,0.800000000000001,
-0.599999999999998));
#5416=DIRECTION('ref_axis',(0.963337281918545,-0.160975964838493,-0.214634619784662));
#5417=DIRECTION('center_axis',(-1.82876224552606E-15,0.800000000000001,
-0.599999999999998));
#5418=DIRECTION('ref_axis',(0.0378188117797441,0.599570767709036,0.799427690278718));
#5419=DIRECTION('center_axis',(1.82876224552606E-15,-0.800000000000001,
0.599999999999998));
#5420=DIRECTION('ref_axis',(0.626102146022295,-0.467844629111693,-0.623792838815595));
#5421=DIRECTION('center_axis',(-1.82876224552606E-15,0.800000000000001,
-0.599999999999998));
#5422=DIRECTION('ref_axis',(0.644904876142826,0.458557708758444,0.611410278344593));
#5423=DIRECTION('center_axis',(0.705329956551479,0.425327491306175,0.567103321741535));
#5424=DIRECTION('ref_axis',(0.708879152176934,-0.423197973930885,-0.564263965241185));
#5425=DIRECTION('',(0.708879152176934,-0.423197973930886,-0.564263965241184));
#5426=DIRECTION('',(-1.82876224552606E-15,0.799999999999985,-0.600000000000019));
#5427=DIRECTION('center_axis',(-7.64681205694493E-15,-0.800000000000001,
0.599999999999998));
#5428=DIRECTION('ref_axis',(1.,-4.31792813847703E-16,1.2168963009778E-14));
#5429=DIRECTION('center_axis',(0.,-0.800000000000001,0.599999999999998));
#5430=DIRECTION('ref_axis',(1.,-4.31792813847703E-16,1.2168963009778E-14));
#5431=DIRECTION('center_axis',(0.,-0.800000000000001,0.599999999999998));
#5432=DIRECTION('ref_axis',(1.,-4.31792813847703E-16,1.2168963009778E-14));
#5433=DIRECTION('',(-1.82876224552606E-15,0.799999999999986,-0.600000000000019));
#5434=DIRECTION('center_axis',(0.,-0.800000000000001,0.599999999999998));
#5435=DIRECTION('ref_axis',(1.,-4.31792813847703E-16,1.2168963009778E-14));
#5436=DIRECTION('',(7.64681205694493E-15,0.800000000000001,-0.599999999999998));
#5437=DIRECTION('center_axis',(0.,-0.800000000000001,0.599999999999998));
#5438=DIRECTION('ref_axis',(1.,-4.31792813847703E-16,1.2168963009778E-14));
#5439=DIRECTION('',(-1.82876224552606E-15,0.799999999999985,-0.600000000000019));
#5440=DIRECTION('center_axis',(0.,-0.800000000000001,0.599999999999998));
#5441=DIRECTION('ref_axis',(1.,-4.31792813847703E-16,1.2168963009778E-14));
#5442=DIRECTION('',(-1.82876224552606E-15,0.799999999999985,-0.600000000000019));
#5443=DIRECTION('center_axis',(0.,-0.800000000000001,0.599999999999998));
#5444=DIRECTION('ref_axis',(1.,-4.31792813847703E-16,1.2168963009778E-14));
#5445=DIRECTION('',(-2.90796910315743E-14,0.800000000000001,-0.599999999999998));
#5446=DIRECTION('center_axis',(0.,-0.800000000000001,0.599999999999998));
#5447=DIRECTION('ref_axis',(1.,-4.31792813847703E-16,1.2168963009778E-14));
#5448=DIRECTION('',(-1.82876224552606E-15,0.799999999999985,-0.600000000000019));
#5449=DIRECTION('center_axis',(0.,-0.800000000000001,0.599999999999998));
#5450=DIRECTION('ref_axis',(1.,-4.31792813847703E-16,1.2168963009778E-14));
#5451=DIRECTION('',(-1.82876224552606E-15,0.799999999999985,-0.600000000000019));
#5452=DIRECTION('',(-1.82876224552606E-15,0.799999999999985,-0.600000000000019));
#5453=DIRECTION('',(-1.82876224552606E-15,0.79999999999999,-0.600000000000013));
#5454=DIRECTION('',(-1.82876224552606E-15,0.799999999999985,-0.600000000000019));
#5455=DIRECTION('',(8.8254944044695E-16,-0.799999999999985,0.60000000000002));
#5456=DIRECTION('',(1.82876224552606E-15,-0.799999999999984,0.600000000000021));
#5457=DIRECTION('',(-1.82876224552606E-15,0.799999999999985,-0.600000000000019));
#5458=DIRECTION('',(-1.82876224552606E-15,0.799999999999986,-0.600000000000019));
#5459=DIRECTION('',(2.71189419692577E-15,-0.799999999999985,0.60000000000002));
#5460=DIRECTION('',(1.82876224552606E-15,-0.799999999999947,0.600000000000071));
#5461=DIRECTION('',(-1.82876224552606E-15,0.799999999999985,-0.600000000000019));
#5462=DIRECTION('',(-1.82876224552606E-15,0.799999999999985,-0.600000000000019));
#5463=DIRECTION('',(-1.82876224552606E-15,0.799999999999986,-0.600000000000019));
#5464=DIRECTION('center_axis',(0.870575168599439,0.295221264976809,0.39362835330239));
#5465=DIRECTION('ref_axis',(0.492035441627997,-0.522345101159661,-0.696460134879553));
#5466=DIRECTION('',(0.492035441627997,-0.522345101159662,-0.696460134879552));
#5467=DIRECTION('',(-1.82876224552606E-15,0.799999999999985,-0.600000000000019));
#5468=DIRECTION('',(-1.82876224552606E-15,0.799999999999985,-0.600000000000019));
#5469=DIRECTION('',(-1.82876224552606E-15,0.799999999999985,-0.600000000000019));
#5470=DIRECTION('',(-1.82876224552606E-15,0.799999999999985,-0.600000000000019));
#5471=DIRECTION('',(-1.82876224552606E-15,0.799999999999985,-0.600000000000019));
#5472=DIRECTION('',(-1.82876224552606E-15,0.799999999999985,-0.600000000000019));
#5473=DIRECTION('',(-1.82876224552606E-15,0.799999999999985,-0.600000000000019));
#5474=DIRECTION('',(1.82876224552606E-15,-0.799999999999985,0.600000000000019));
#5475=DIRECTION('',(-1.82876224552606E-15,0.799999999999985,-0.600000000000019));
#5476=DIRECTION('',(-1.82876224552606E-15,0.799999999999985,-0.600000000000019));
#5477=DIRECTION('',(-1.82876224552606E-15,0.799999999999985,-0.600000000000019));
#5478=DIRECTION('',(-1.82876224552606E-15,0.799999999999985,-0.600000000000019));
#5479=DIRECTION('',(-1.82876224552606E-15,0.799999999999985,-0.600000000000019));
#5480=DIRECTION('',(-1.82876224552606E-15,0.799999999999985,-0.600000000000019));
#5481=DIRECTION('',(-1.82876224552606E-15,0.799999999999985,-0.600000000000019));
#5482=DIRECTION('',(-1.82876224552606E-15,0.799999999999986,-0.600000000000019));
#5483=DIRECTION('',(-1.82876224552606E-15,0.799999999999985,-0.600000000000019));
#5484=DIRECTION('',(-1.82876224552606E-15,0.799999999999985,-0.600000000000019));
#5485=DIRECTION('center_axis',(0.357753317032127,0.56028967784078,0.747052903787667));
#5486=DIRECTION('ref_axis',(0.933816129734602,-0.214651990219274,-0.286202653625703));
#5487=DIRECTION('',(0.933816129734602,-0.214651990219275,-0.286202653625702));
#5488=DIRECTION('',(-1.82876224552606E-15,0.799999999999985,-0.600000000000019));
#5489=DIRECTION('',(-1.82876224552606E-15,0.799999999999985,-0.600000000000019));
#5490=DIRECTION('',(-1.82876224552606E-15,0.799999999999985,-0.600000000000019));
#5491=DIRECTION('',(-1.82876224552606E-15,0.799999999999985,-0.600000000000019));
#5492=DIRECTION('',(-1.82876224552606E-15,0.799999999999985,-0.600000000000019));
#5493=DIRECTION('',(-1.82876224552606E-15,0.799999999999985,-0.600000000000019));
#5494=DIRECTION('',(-1.82876224552606E-15,0.799999999999985,-0.600000000000019));
#5495=DIRECTION('',(-1.82876224552606E-15,0.799999999999985,-0.600000000000019));
#5496=DIRECTION('',(-1.82876224552606E-15,0.799999999999985,-0.600000000000019));
#5497=DIRECTION('',(-1.82876224552606E-15,0.799999999999985,-0.600000000000019));
#5498=DIRECTION('',(-1.82876224552606E-15,0.799999999999985,-0.600000000000019));
#5499=DIRECTION('',(-1.82876224552606E-15,0.799999999999985,-0.600000000000019));
#5500=DIRECTION('',(-1.82876224552606E-15,0.799999999999986,-0.600000000000019));
#5501=DIRECTION('',(-1.82876224552606E-15,0.799999999999985,-0.600000000000019));
#5502=DIRECTION('center_axis',(0.,0.800000000000001,-0.599999999999998));
#5503=DIRECTION('ref_axis',(-1.,0.,0.));
#5504=DIRECTION('center_axis',(0.,0.800000000000001,-0.599999999999998));
#5505=DIRECTION('ref_axis',(-1.,0.,0.));
#5506=DIRECTION('center_axis',(0.,0.800000000000001,-0.599999999999998));
#5507=DIRECTION('ref_axis',(-1.,0.,0.));
#5508=DIRECTION('center_axis',(0.,0.800000000000001,-0.599999999999998));
#5509=DIRECTION('ref_axis',(-1.,0.,0.));
#5510=DIRECTION('center_axis',(0.,0.800000000000001,-0.599999999999998));
#5511=DIRECTION('ref_axis',(-1.,0.,0.));
#5512=DIRECTION('center_axis',(0.,0.800000000000001,-0.599999999999998));
#5513=DIRECTION('ref_axis',(-1.,0.,0.));
#5514=DIRECTION('center_axis',(0.,0.800000000000001,-0.599999999999998));
#5515=DIRECTION('ref_axis',(-1.,0.,0.));
#5516=DIRECTION('center_axis',(0.,0.800000000000001,-0.599999999999998));
#5517=DIRECTION('ref_axis',(-1.,0.,0.));
#5518=DIRECTION('center_axis',(0.,0.800000000000001,-0.599999999999998));
#5519=DIRECTION('ref_axis',(-1.,0.,0.));
#5520=DIRECTION('center_axis',(0.,0.800000000000001,-0.599999999999998));
#5521=DIRECTION('ref_axis',(-1.,0.,0.));
#5522=DIRECTION('center_axis',(0.,0.800000000000001,-0.599999999999998));
#5523=DIRECTION('ref_axis',(-1.,0.,0.));
#5524=DIRECTION('center_axis',(0.,0.800000000000001,-0.599999999999998));
#5525=DIRECTION('ref_axis',(-1.,0.,0.));
#5526=DIRECTION('center_axis',(0.,0.,-1.));
#5527=DIRECTION('ref_axis',(1.,0.,0.));
#5528=DIRECTION('center_axis',(0.,0.,1.));
#5529=DIRECTION('ref_axis',(1.,0.,0.));
#5530=DIRECTION('center_axis',(0.,0.,1.));
#5531=DIRECTION('ref_axis',(1.,0.,0.));
#5532=DIRECTION('',(-0.707106781186547,-8.65956056235493E-17,-0.707106781186547));
#5533=DIRECTION('center_axis',(0.,0.,-1.));
#5534=DIRECTION('ref_axis',(1.,0.,0.));
#5535=DIRECTION('center_axis',(0.,0.,-1.));
#5536=DIRECTION('ref_axis',(1.,0.,0.));
#5537=DIRECTION('center_axis',(0.,0.,1.));
#5538=DIRECTION('ref_axis',(1.,0.,0.));
#5539=DIRECTION('center_axis',(0.,0.,-1.));
#5540=DIRECTION('ref_axis',(-1.,0.,0.));
#5541=DIRECTION('center_axis',(0.,0.,-1.));
#5542=DIRECTION('ref_axis',(-1.,0.,0.));
#5543=DIRECTION('',(0.,0.,-1.));
#5544=DIRECTION('center_axis',(0.,0.,-1.));
#5545=DIRECTION('ref_axis',(1.,0.,0.));
#5546=DIRECTION('center_axis',(0.,0.,1.));
#5547=DIRECTION('ref_axis',(1.,0.,0.));
#5548=DIRECTION('center_axis',(0.,0.,1.));
#5549=DIRECTION('ref_axis',(1.,0.,0.));
#5550=DIRECTION('',(-0.707106781186547,-8.65956056235493E-17,-0.707106781186548));
#5551=DIRECTION('center_axis',(0.,0.,-1.));
#5552=DIRECTION('ref_axis',(1.,0.,0.));
#5553=DIRECTION('center_axis',(0.,0.,-1.));
#5554=DIRECTION('ref_axis',(1.,0.,0.));
#5555=DIRECTION('center_axis',(0.,0.,1.));
#5556=DIRECTION('ref_axis',(1.,0.,0.));
#5557=DIRECTION('center_axis',(0.,0.,-1.));
#5558=DIRECTION('ref_axis',(-1.,0.,0.));
#5559=DIRECTION('center_axis',(0.,0.,-1.));
#5560=DIRECTION('ref_axis',(-1.,0.,0.));
#5561=DIRECTION('',(0.,0.,-1.));
#5562=DIRECTION('center_axis',(0.,0.,1.));
#5563=DIRECTION('ref_axis',(1.,0.,0.));
#5564=DIRECTION('center_axis',(0.,0.,1.));
#5565=DIRECTION('ref_axis',(1.,0.,0.));
#5566=DIRECTION('',(0.,0.,1.));
#5567=DIRECTION('center_axis',(0.,0.,1.));
#5568=DIRECTION('ref_axis',(1.,0.,0.));
#5569=DIRECTION('center_axis',(0.,0.,1.));
#5570=DIRECTION('ref_axis',(1.,0.,0.));
#5571=DIRECTION('',(0.,0.,1.));
#5572=DIRECTION('center_axis',(-1.,0.,0.));
#5573=DIRECTION('ref_axis',(0.,1.,0.));
#5574=DIRECTION('',(0.,1.,0.));
#5575=DIRECTION('',(0.,0.,-1.));
#5576=DIRECTION('',(0.,1.,0.));
#5577=DIRECTION('',(0.,0.,-1.));
#5578=DIRECTION('center_axis',(0.,-1.,0.));
#5579=DIRECTION('ref_axis',(-1.,0.,0.));
#5580=DIRECTION('',(-1.,0.,0.));
#5581=DIRECTION('',(0.,0.,-1.));
#5582=DIRECTION('',(-1.,0.,0.));
#5583=DIRECTION('center_axis',(1.,0.,0.));
#5584=DIRECTION('ref_axis',(0.,-1.,0.));
#5585=DIRECTION('',(0.,-1.,0.));
#5586=DIRECTION('',(0.,0.,-1.));
#5587=DIRECTION('',(0.,-1.,0.));
#5588=DIRECTION('center_axis',(0.,1.,0.));
#5589=DIRECTION('ref_axis',(1.,0.,0.));
#5590=DIRECTION('',(1.,0.,0.));
#5591=DIRECTION('',(1.,0.,0.));
#5592=DIRECTION('center_axis',(0.,0.,-1.));
#5593=DIRECTION('ref_axis',(-1.,0.,0.));
#5594=DIRECTION('center_axis',(0.,0.,1.));
#5595=DIRECTION('ref_axis',(1.,0.,0.));
#5596=DIRECTION('',(-1.,0.,0.));
#5597=DIRECTION('',(-0.707106781186549,-0.707106781186546,0.));
#5598=DIRECTION('',(0.,-1.,0.));
#5599=DIRECTION('',(1.,2.53765262771464E-16,0.));
#5600=DIRECTION('',(8.64787183031247E-16,1.,0.));
#5601=DIRECTION('',(-0.707106781186547,0.707106781186548,0.));
#5602=DIRECTION('center_axis',(0.,0.,1.));
#5603=DIRECTION('ref_axis',(1.,0.,0.));
#5604=DIRECTION('',(-1.,0.,0.));
#5605=DIRECTION('',(-0.707106781186546,0.707106781186549,0.));
#5606=DIRECTION('',(8.88178419700125E-16,1.,0.));
#5607=DIRECTION('',(1.,0.,0.));
#5608=DIRECTION('',(0.,-1.,0.));
#5609=DIRECTION('',(-0.707106781186551,-0.707106781186544,0.));
#5610=DIRECTION('center_axis',(0.,0.800000000000001,-0.599999999999998));
#5611=DIRECTION('ref_axis',(-1.,0.,0.));
#5612=DIRECTION('',(-0.241191006508688,0.582286599035694,0.776382132047596));
#5613=DIRECTION('',(0.241191006508692,0.582286599035694,0.776382132047595));
#5614=DIRECTION('center_axis',(0.56568542494924,0.565685424949238,-0.599999999999999));
#5615=DIRECTION('ref_axis',(-0.727606875108997,0.,-0.685994340570037));
#5616=DIRECTION('',(0.582286599035696,0.241191006508689,0.776382132047594));
#5617=DIRECTION('center_axis',(0.8,-7.105427357601E-16,-0.6));
#5618=DIRECTION('ref_axis',(-0.6,0.,-0.8));
#5619=DIRECTION('',(0.6,-7.105427357601E-16,0.8));
#5620=DIRECTION('center_axis',(0.,-1.,-8.88178419700125E-16));
#5621=DIRECTION('ref_axis',(0.,8.88178419700125E-16,-1.));
#5622=DIRECTION('',(-0.6,0.,0.8));
#5623=DIRECTION('center_axis',(-0.8,0.,-0.6));
#5624=DIRECTION('ref_axis',(-0.6,0.,0.8));
#5625=DIRECTION('',(-0.582286599035698,0.241191006508688,0.776382132047593));
#5626=DIRECTION('center_axis',(-0.565685424949236,0.565685424949242,-0.599999999999999));
#5627=DIRECTION('ref_axis',(-0.727606875108999,0.,0.685994340570035));
#5628=DIRECTION('axis',(0.,0.,1.));
#5629=DIRECTION('refdir',(1.,0.,0.));
#5630=DIRECTION('center_axis',(-9.47557430247099E-15,-1.,2.22044604924942E-16));
#5631=DIRECTION('ref_axis',(1.,-9.47557430247099E-15,9.47557430247099E-15));
#5632=DIRECTION('center_axis',(-2.02790850056818E-15,-1.,2.60955171679276E-14));
#5633=DIRECTION('ref_axis',(1.,-2.02790850056793E-15,9.4755743024708E-15));
#5634=DIRECTION('',(9.47557430247099E-15,1.,-2.22044604924942E-16));
#5635=DIRECTION('center_axis',(2.02790850056818E-15,1.,-2.60955171679276E-14));
#5636=DIRECTION('ref_axis',(1.,-2.02790850056793E-15,9.4755743024708E-15));
#5637=DIRECTION('center_axis',(2.02745806253857E-15,1.,-2.61075883133309E-14));
#5638=DIRECTION('ref_axis',(1.,-2.02745806253832E-15,9.4755743024708E-15));
#5639=DIRECTION('',(0.707106781184728,-0.707106781188367,2.50744999761039E-14));
#5640=DIRECTION('center_axis',(2.02790850056818E-15,1.,-2.60955171679276E-14));
#5641=DIRECTION('ref_axis',(1.,-2.02790850056793E-15,9.4755743024708E-15));
#5642=DIRECTION('center_axis',(-2.02790850056818E-15,-1.,2.60955171679276E-14));
#5643=DIRECTION('ref_axis',(-1.,2.02790850056816E-15,-8.16687394535312E-16));
#5644=DIRECTION('center_axis',(0.,1.,0.));
#5645=DIRECTION('ref_axis',(0.872758446360475,0.,0.488152326949745));
#5646=DIRECTION('center_axis',(0.,-1.,0.));
#5647=DIRECTION('ref_axis',(0.81909247618218,0.,-0.573661499023374));
#5648=DIRECTION('center_axis',(0.,-1.,0.));
#5649=DIRECTION('ref_axis',(0.934224186509289,0.,-0.356686373921205));
#5650=DIRECTION('center_axis',(0.,-1.,0.));
#5651=DIRECTION('ref_axis',(0.999930628042097,0.,0.0117787564427183));
#5652=DIRECTION('center_axis',(0.,-1.,0.));
#5653=DIRECTION('ref_axis',(0.963337281918352,0.,-0.268293274731516));
#5654=DIRECTION('center_axis',(0.,-1.,0.));
#5655=DIRECTION('ref_axis',(-0.644904876142943,0.,-0.764262847930641));
#5656=DIRECTION('center_axis',(0.,-1.,0.));
#5657=DIRECTION('ref_axis',(0.465435621835346,0.,-0.88508173742697));
#5658=DIRECTION('center_axis',(0.,1.,0.));
#5659=DIRECTION('ref_axis',(0.0378188117798654,0.,0.999284612848391));
#5660=DIRECTION('center_axis',(0.,-1.,0.));
#5661=DIRECTION('ref_axis',(0.62610207018992,0.,-0.779741109409974));
#5662=DIRECTION('center_axis',(2.02790850056818E-15,1.,-2.60955171679276E-14));
#5663=DIRECTION('ref_axis',(1.,-2.02790850056793E-15,9.4755743024708E-15));
#5664=DIRECTION('center_axis',(0.,1.,0.));
#5665=DIRECTION('ref_axis',(-0.516189706801337,0.,0.856474276667052));
#5666=DIRECTION('',(-0.933816129734602,1.12294514939514E-14,0.357753317032127));
#5667=DIRECTION('center_axis',(0.,-1.,0.));
#5668=DIRECTION('ref_axis',(0.814622352663011,0.,0.579991743511733));
#5669=DIRECTION('center_axis',(2.02790850056818E-15,1.,-2.60955171679276E-14));
#5670=DIRECTION('ref_axis',(1.,-2.02790850056793E-15,9.4755743024708E-15));
#5671=DIRECTION('center_axis',(0.,-1.,0.));
#5672=DIRECTION('ref_axis',(0.440033323635778,0.,-0.897981444179138));
#5673=DIRECTION('center_axis',(2.02790850056818E-15,1.,-2.60955171679276E-14));
#5674=DIRECTION('ref_axis',(1.,-2.02790850056793E-15,9.4755743024708E-15));
#5675=DIRECTION('',(-0.492035441627997,2.37159121128164E-14,0.870575168599439));
#5676=DIRECTION('center_axis',(0.,1.,0.));
#5677=DIRECTION('ref_axis',(0.909046785805942,0.,0.416694061891798));
#5678=DIRECTION('center_axis',(2.02790850056818E-15,1.,-2.60955171679276E-14));
#5679=DIRECTION('ref_axis',(1.,-2.02790850056793E-15,9.4755743024708E-15));
#5680=DIRECTION('center_axis',(2.02790850056818E-15,1.,-2.60955171679276E-14));
#5681=DIRECTION('ref_axis',(1.,-2.02790850056793E-15,9.4755743024708E-15));
#5682=DIRECTION('center_axis',(7.18076207521236E-13,1.,3.28498078735533E-13));
#5683=DIRECTION('ref_axis',(0.893849707143736,-7.89164830422117E-13,0.448366703758272));
#5684=DIRECTION('center_axis',(2.02790850056818E-15,1.,-2.60955171679276E-14));
#5685=DIRECTION('ref_axis',(1.,-2.02790850056793E-15,9.4755743024708E-15));
#5686=DIRECTION('center_axis',(2.02790850056818E-15,1.,-2.60955171679276E-14));
#5687=DIRECTION('ref_axis',(1.,-2.02790850056793E-15,9.4755743024708E-15));
#5688=DIRECTION('',(0.708879152176932,0.,-0.705329956551482));
#5689=DIRECTION('center_axis',(0.,1.,0.));
#5690=DIRECTION('ref_axis',(-0.439613205461308,0.,0.898187190725872));
#5691=DIRECTION('center_axis',(2.02790850056818E-15,1.,-2.60955171679276E-14));
#5692=DIRECTION('ref_axis',(1.,-2.02790850056793E-15,9.4755743024708E-15));
#5693=DIRECTION('center_axis',(-2.02790850056818E-15,-1.,2.60955171679276E-14));
#5694=DIRECTION('ref_axis',(-1.,2.02790850056816E-15,-8.16687394535312E-16));
#5695=DIRECTION('center_axis',(-2.02790850056818E-15,-1.,2.60955171679276E-14));
#5696=DIRECTION('ref_axis',(1.,-2.02790850056793E-15,9.4755743024708E-15));
#5697=DIRECTION('',(8.07434926994022E-15,1.,-3.6334571714731E-14));
#5698=DIRECTION('',(0.,-1.,2.72509287860482E-14));
#5699=DIRECTION('center_axis',(-1.02552028722121E-15,-1.,2.65703261618434E-14));
#5700=DIRECTION('ref_axis',(1.,-1.02552028722121E-15,0.));
#5701=DIRECTION('center_axis',(-1.02552028722121E-15,-1.,2.65703261618434E-14));
#5702=DIRECTION('ref_axis',(1.,-1.02552028722096E-15,9.47557430247077E-15));
#5703=DIRECTION('center_axis',(0.,-1.,0.));
#5704=DIRECTION('ref_axis',(0.909046785806401,0.,0.416694061890797));
#5705=DIRECTION('',(-0.492035441627997,2.36360585055103E-14,0.870575168599439));
#5706=DIRECTION('center_axis',(-1.02552028722121E-15,-1.,2.65703261618434E-14));
#5707=DIRECTION('ref_axis',(1.,-1.02552028722096E-15,9.47557430247077E-15));
#5708=DIRECTION('center_axis',(0.,-1.,0.));
#5709=DIRECTION('ref_axis',(0.44003332364687,0.,-0.897981444173703));
#5710=DIRECTION('center_axis',(-1.02552028722121E-15,-1.,2.65703261618434E-14));
#5711=DIRECTION('ref_axis',(1.,-1.02552028722096E-15,9.47557430247077E-15));
#5712=DIRECTION('center_axis',(0.,1.,0.));
#5713=DIRECTION('ref_axis',(0.814622352662941,0.,0.579991743511833));
#5714=DIRECTION('',(-0.933816129734602,1.04632697046022E-14,0.357753317032127));
#5715=DIRECTION('center_axis',(0.,-1.,0.));
#5716=DIRECTION('ref_axis',(0.51618970680156,0.,-0.856474276666918));
#5717=DIRECTION('center_axis',(-1.02552028722121E-15,-1.,2.65703261618434E-14));
#5718=DIRECTION('ref_axis',(1.,-1.02552028722096E-15,9.47557430247077E-15));
#5719=DIRECTION('center_axis',(-1.02552028722121E-15,-1.,2.65703261618434E-14));
#5720=DIRECTION('ref_axis',(1.,-1.02552028722096E-15,9.47557430247077E-15));
#5721=DIRECTION('center_axis',(7.70955107726917E-12,-1.,3.9834405386605E-12));
#5722=DIRECTION('ref_axis',(0.886578828909908,8.67779779431946E-12,0.462577539585242));
#5723=DIRECTION('center_axis',(-1.02552028722121E-15,-1.,2.65703261618434E-14));
#5724=DIRECTION('ref_axis',(1.,-1.02552028722096E-15,9.47557430247077E-15));
#5725=DIRECTION('center_axis',(-1.02552028722121E-15,-1.,2.65703261618434E-14));
#5726=DIRECTION('ref_axis',(1.,-1.02552028722096E-15,9.47557430247077E-15));
#5727=DIRECTION('center_axis',(0.,-1.,0.));
#5728=DIRECTION('ref_axis',(0.439613205460135,0.,-0.898187190726446));
#5729=DIRECTION('',(0.708879152176931,0.,-0.705329956551482));
#5730=DIRECTION('center_axis',(0.,1.,0.));
#5731=DIRECTION('ref_axis',(0.963337281918545,0.,-0.268293274730825));
#5732=DIRECTION('center_axis',(0.,1.,0.));
#5733=DIRECTION('ref_axis',(0.999930628042088,0.,0.0117787564435357));
#5734=DIRECTION('center_axis',(0.,1.,0.));
#5735=DIRECTION('ref_axis',(0.934224186509199,0.,-0.356686373921439));
#5736=DIRECTION('center_axis',(0.,1.,0.));
#5737=DIRECTION('ref_axis',(0.819092476182122,0.,-0.573661499023457));
#5738=DIRECTION('center_axis',(0.,-1.,0.));
#5739=DIRECTION('ref_axis',(0.872709337523463,0.,0.488240117359643));
#5740=DIRECTION('center_axis',(0.,-1.,0.));
#5741=DIRECTION('ref_axis',(0.626102146022295,0.,-0.779741048519492));
#5742=DIRECTION('center_axis',(0.,1.,0.));
#5743=DIRECTION('ref_axis',(0.0378188117797441,0.,0.999284612848396));
#5744=DIRECTION('center_axis',(-7.81207533581222E-14,-1.,-2.71841928401162E-14));
#5745=DIRECTION('ref_axis',(0.465435621834216,-1.2299948787899E-14,-0.885081737427565));
#5746=DIRECTION('center_axis',(0.,1.,0.));
#5747=DIRECTION('ref_axis',(0.644904876142826,0.,0.764262847930741));
#5748=DIRECTION('',(0.,1.,-2.65759636519648E-14));
#5749=DIRECTION('center_axis',(0.705329956551479,1.93064361184438E-14,0.708879152176934));
#5750=DIRECTION('ref_axis',(0.708879152176934,0.,-0.705329956551479));
#5751=DIRECTION('',(0.,1.,-2.65759636519648E-14));
#5752=DIRECTION('',(6.31088724176809E-30,1.,-2.65759636519648E-14));
#5753=DIRECTION('center_axis',(-9.47557430247099E-15,-1.,2.22044604924942E-16));
#5754=DIRECTION('ref_axis',(1.,-9.47557430247099E-15,9.47557430247099E-15));
#5755=DIRECTION('',(-9.47557430247099E-15,-1.,2.22044604924942E-16));
#5756=DIRECTION('',(0.,1.,-2.65759636519648E-14));
#5757=DIRECTION('',(0.,-1.,2.65759636519648E-14));
#5758=DIRECTION('',(0.,-1.,2.65759636519648E-14));
#5759=DIRECTION('',(0.,1.,-2.65759636519648E-14));
#5760=DIRECTION('',(0.,-1.,2.65759636519648E-14));
#5761=DIRECTION('',(0.,1.,-2.65759636519648E-14));
#5762=DIRECTION('',(0.,-1.,2.65759636519648E-14));
#5763=DIRECTION('',(-2.72509287860482E-14,1.,0.));
#5764=DIRECTION('',(1.2710792014857E-14,-1.,0.));
#5765=DIRECTION('',(0.,1.,-2.65759636519648E-14));
#5766=DIRECTION('',(0.,-1.,2.65759636519648E-14));
#5767=DIRECTION('',(0.,1.,-2.65759636519648E-14));
#5768=DIRECTION('',(0.,-1.,2.65759636519648E-14));
#5769=DIRECTION('',(0.,-1.,2.62416351275204E-14));
#5770=DIRECTION('',(0.,1.,-2.65759636519648E-14));
#5771=DIRECTION('',(0.,1.,-1.86719326868387E-14));
#5772=DIRECTION('',(0.,-1.,2.6746281956677E-14));
#5773=DIRECTION('',(0.,1.,-2.65759636519648E-14));
#5774=DIRECTION('',(0.,1.,-2.65759636519648E-14));
#5775=DIRECTION('',(6.31088724176809E-30,1.,-2.65759636519648E-14));
#5776=DIRECTION('',(0.,-1.,2.77555756154193E-14));
#5777=DIRECTION('',(-9.46212805079111E-16,-1.,2.72509287862784E-14));
#5778=DIRECTION('',(0.,1.,-2.65759636519648E-14));
#5779=DIRECTION('',(0.,1.,-2.7250928786048E-14));
#5780=DIRECTION('',(-1.82934475647082E-15,-1.,2.62416351273055E-14));
#5781=DIRECTION('',(0.,1.,-2.72509287862018E-14));
#5782=DIRECTION('',(0.,1.,-2.65759636519648E-14));
#5783=DIRECTION('',(0.,-1.,2.82602224447908E-14));
#5784=DIRECTION('',(0.,1.,-2.65759636519648E-14));
#5785=DIRECTION('',(0.,1.,-2.65759636519648E-14));
#5786=DIRECTION('',(0.,1.,-2.65759636519648E-14));
#5787=DIRECTION('',(0.,1.,-2.65759636519648E-14));
#5788=DIRECTION('',(0.,1.,-2.65759636519648E-14));
#5789=DIRECTION('',(8.83131951399712E-16,-1.,2.72509287860482E-14));
#5790=DIRECTION('',(0.,1.,-2.65759636519648E-14));
#5791=DIRECTION('',(0.,1.,-2.72509287860482E-14));
#5792=DIRECTION('',(9.14672378235416E-16,1.,0.));
#5793=DIRECTION('',(0.,-1.,9.08364292868275E-14));
#5794=DIRECTION('',(0.,1.,-2.65759636519648E-14));
#5795=DIRECTION('',(0.,1.,-2.65759636519648E-14));
#5796=DIRECTION('',(0.,1.,-2.65759636519648E-14));
#5797=DIRECTION('',(0.,1.,-2.65759636519648E-14));
#5798=DIRECTION('',(0.,1.,-2.65759636519648E-14));
#5799=DIRECTION('',(0.,1.,-2.65759636519648E-14));
#5800=DIRECTION('',(0.,1.,-2.65759636519648E-14));
#5801=DIRECTION('',(0.,1.,-2.65759636519648E-14));
#5802=DIRECTION('',(0.,1.,-2.65759636519648E-14));
#5803=DIRECTION('',(0.,1.,-2.65759636519648E-14));
#5804=DIRECTION('',(0.,1.,-2.65759636519648E-14));
#5805=DIRECTION('',(0.,1.,-2.65759636519648E-14));
#5806=DIRECTION('',(0.,1.,-2.65759636519648E-14));
#5807=DIRECTION('',(0.,1.,-2.65759636519648E-14));
#5808=DIRECTION('center_axis',(0.870575168599439,1.30763160121841E-14,0.492035441627997));
#5809=DIRECTION('ref_axis',(0.492035441627997,0.,-0.870575168599439));
#5810=DIRECTION('',(0.,1.,-2.65759636519648E-14));
#5811=DIRECTION('',(0.,1.,-2.65759636519648E-14));
#5812=DIRECTION('',(0.,1.,-2.65759636519648E-14));
#5813=DIRECTION('',(0.,1.,-2.65759636519648E-14));
#5814=DIRECTION('',(0.,1.,-2.65759636519648E-14));
#5815=DIRECTION('',(0.,1.,-2.65759636519648E-14));
#5816=DIRECTION('',(0.,1.,-2.65759636519648E-14));
#5817=DIRECTION('',(0.,1.,-2.65759636519648E-14));
#5818=DIRECTION('',(0.,1.,-2.65759636519648E-14));
#5819=DIRECTION('',(0.,1.,-2.65759636519648E-14));
#5820=DIRECTION('',(0.,1.,-2.65759636519648E-14));
#5821=DIRECTION('',(-7.88860905221012E-31,-1.,2.65759636519648E-14));
#5822=DIRECTION('',(7.88860905221012E-31,1.,-2.65759636519648E-14));
#5823=DIRECTION('',(0.,1.,-2.65759636519648E-14));
#5824=DIRECTION('',(0.,1.,-2.65759636519648E-14));
#5825=DIRECTION('',(0.,1.,-2.65759636519648E-14));
#5826=DIRECTION('',(0.,1.,-2.65759636519648E-14));
#5827=DIRECTION('',(0.,1.,-2.65759636519648E-14));
#5828=DIRECTION('',(0.,1.,-2.65759636519648E-14));
#5829=DIRECTION('',(0.,1.,-2.65759636519648E-14));
#5830=DIRECTION('',(0.,1.,-2.65759636519648E-14));
#5831=DIRECTION('',(0.,1.,-2.65759636519648E-14));
#5832=DIRECTION('',(0.,1.,-2.65759636519648E-14));
#5833=DIRECTION('',(0.,1.,-2.65759636519648E-14));
#5834=DIRECTION('',(0.,1.,-2.65759636519648E-14));
#5835=DIRECTION('',(0.,1.,-2.65759636519648E-14));
#5836=DIRECTION('',(0.,1.,-2.65759636519648E-14));
#5837=DIRECTION('',(0.,1.,-2.65759636519648E-14));
#5838=DIRECTION('',(0.,1.,-2.65759636519648E-14));
#5839=DIRECTION('',(0.,1.,-2.65759636519648E-14));
#5840=DIRECTION('',(0.,1.,-2.65759636519648E-14));
#5841=DIRECTION('',(0.,1.,-2.65759636519648E-14));
#5842=DIRECTION('',(0.,1.,-2.65759636519648E-14));
#5843=DIRECTION('',(0.,1.,-2.65759636519648E-14));
#5844=DIRECTION('',(0.,1.,-2.65759636519648E-14));
#5845=DIRECTION('',(0.,1.,-2.65759636519648E-14));
#5846=DIRECTION('center_axis',(0.357753317032127,2.48170635214452E-14,0.933816129734602));
#5847=DIRECTION('ref_axis',(0.933816129734602,0.,-0.357753317032127));
#5848=DIRECTION('',(0.,1.,-2.65759636519648E-14));
#5849=DIRECTION('',(0.,1.,-2.65759636519648E-14));
#5850=DIRECTION('',(0.,1.,-2.65759636519648E-14));
#5851=DIRECTION('',(0.,1.,-2.65759636519648E-14));
#5852=DIRECTION('',(0.,1.,-2.65759636519648E-14));
#5853=DIRECTION('',(0.,1.,-2.65759636519648E-14));
#5854=DIRECTION('',(0.,1.,-2.65759636519648E-14));
#5855=DIRECTION('',(0.,1.,-2.65759636519648E-14));
#5856=DIRECTION('',(0.,1.,-2.65759636519648E-14));
#5857=DIRECTION('',(0.,1.,-2.65759636519648E-14));
#5858=DIRECTION('',(0.,1.,-2.65759636519648E-14));
#5859=DIRECTION('',(0.,1.,-2.65759636519648E-14));
#5860=DIRECTION('',(0.,1.,-2.65759636519648E-14));
#5861=DIRECTION('',(0.,1.,-2.65759636519648E-14));
#5862=DIRECTION('',(0.,1.,-2.65759636519648E-14));
#5863=DIRECTION('',(0.,1.,-2.65759636519648E-14));
#5864=DIRECTION('',(0.,1.,-2.65759636519648E-14));
#5865=DIRECTION('',(0.,1.,-2.65759636519648E-14));
#5866=DIRECTION('',(0.,1.,-2.65759636519648E-14));
#5867=DIRECTION('',(0.,1.,-2.65759636519648E-14));
#5868=DIRECTION('',(0.,1.,-2.65759636519648E-14));
#5869=DIRECTION('',(0.,1.,-2.65759636519648E-14));
#5870=DIRECTION('',(0.,1.,-2.65759636519648E-14));
#5871=DIRECTION('',(0.,1.,-2.65759636519648E-14));
#5872=DIRECTION('',(0.,-1.,2.72509287862018E-14));
#5873=DIRECTION('',(0.,1.,-2.65759636519648E-14));
#5874=DIRECTION('',(0.,0.,1.));
#5875=DIRECTION('',(1.,0.,0.));
#5876=DIRECTION('',(-1.87852803038846E-17,0.599999999999996,0.800000000000006));
#5877=DIRECTION('',(0.999999999999996,1.46332204664652E-15,-1.0968410136814E-15));
#5878=CARTESIAN_POINT('',(0.,0.,0.));
#5879=CARTESIAN_POINT('',(0.,0.,0.));
#5880=CARTESIAN_POINT('Ctrl Pts',(0.628197578908528,-92.9982099236626,4.31377787404562));
#5881=CARTESIAN_POINT('Ctrl Pts',(0.628197578908524,-91.3590152996562,3.08438190604081));
#5882=CARTESIAN_POINT('Ctrl Pts',(0.40859401260415,-92.9347808920266,4.39834991622698));
#5883=CARTESIAN_POINT('Ctrl Pts',(0.408594012604146,-91.2955862680202,3.16895394822217));
#5884=CARTESIAN_POINT('Ctrl Pts',(0.188990446299772,-92.8713518603906,4.48292195840835));
#5885=CARTESIAN_POINT('Ctrl Pts',(0.188990446299768,-91.2321572363842,3.25352599040354));
#5886=CARTESIAN_POINT('Ctrl Pts',(-0.0306131200046067,-92.8079228287546,
4.56749400058966));
#5887=CARTESIAN_POINT('Ctrl Pts',(-0.0306131200046104,-91.1687282047482,
3.33809803258485));
#5888=CARTESIAN_POINT('Ctrl Pts',(-0.114215630897298,-92.7837755601218,
4.5996903587667));
#5889=CARTESIAN_POINT('Ctrl Pts',(-0.114215630897302,-91.1445809361154,
3.37029439076189));
#5890=CARTESIAN_POINT('Ctrl Pts',(-0.197818141789991,-92.7596282914891,
4.63188671694368));
#5891=CARTESIAN_POINT('Ctrl Pts',(-0.197818141789995,-91.1204336674827,
3.40249074893887));
#5892=CARTESIAN_POINT('Ctrl Pts',(-0.281420652682682,-92.7354810228563,
4.66408307512066));
#5893=CARTESIAN_POINT('Ctrl Pts',(-0.281420652682686,-91.0962863988499,
3.43468710711585));
#5894=CARTESIAN_POINT('Ctrl Pts',(-0.851323233608398,-92.5708736376335,
4.88355958875118));
#5895=CARTESIAN_POINT('Ctrl Pts',(-0.851323233608401,-90.931679013627,3.65416362074637));
#5896=CARTESIAN_POINT('Ctrl Pts',(-1.47017612894452,-92.4668486399071,5.0222595857197));
#5897=CARTESIAN_POINT('Ctrl Pts',(-1.47017612894453,-90.8276540159006,3.79286361771489));
#5898=CARTESIAN_POINT('Ctrl Pts',(-2.09965778075047,-92.4299438024389,5.07146603567725));
#5899=CARTESIAN_POINT('Ctrl Pts',(-2.09965778075048,-90.7907491784325,3.84207006767244));
#5900=CARTESIAN_POINT('Ctrl Pts',(-8.49780851594119,-92.0548372170419,5.57160814953993));
#5901=CARTESIAN_POINT('Ctrl Pts',(-8.4978085159412,-90.4156425930355,4.34221218153512));
#5902=CARTESIAN_POINT('Ctrl Pts',(-14.8959592511319,-91.6797306316449,6.07175026340261));
#5903=CARTESIAN_POINT('Ctrl Pts',(-14.8959592511319,-90.0405360076385,4.8423542953978));
#5904=CARTESIAN_POINT('Ctrl Pts',(-21.2941099863225,-91.3046240462479,6.57189237726529));
#5905=CARTESIAN_POINT('Ctrl Pts',(-21.2941099863225,-89.6654294222415,5.34249640926048));
#5906=CARTESIAN_POINT('',(-0.12541828237065,-92.1576278506667,4.1368206380291));
#5907=CARTESIAN_POINT('',(-2.80271557037273,-91.7658133914087,4.65923991703968));
#5908=CARTESIAN_POINT('Ctrl Pts',(-0.125418282370637,-92.1576278506666,
4.13682063802912));
#5909=CARTESIAN_POINT('Ctrl Pts',(-0.177419072474652,-92.1426082413947,
4.15684678372497));
#5910=CARTESIAN_POINT('Ctrl Pts',(-0.229419862578668,-92.1275886321229,
4.17687292942081));
#5911=CARTESIAN_POINT('Ctrl Pts',(-0.281420652682684,-92.112569022851,4.19689907511665));
#5912=CARTESIAN_POINT('Ctrl Pts',(-0.851323233608399,-91.9479616376281,
4.41637558874717));
#5913=CARTESIAN_POINT('Ctrl Pts',(-1.47017612894452,-91.8439366399017,4.55507558571569));
#5914=CARTESIAN_POINT('Ctrl Pts',(-2.09965778075047,-91.8070318024335,4.60428203567324));
#5915=CARTESIAN_POINT('Ctrl Pts',(-2.33401037729123,-91.7932923320919,4.62260132946206));
#5916=CARTESIAN_POINT('Ctrl Pts',(-2.56836297383198,-91.7795528617503,4.64092062325088));
#5917=CARTESIAN_POINT('Ctrl Pts',(-2.80271557037273,-91.7658133914087,4.65923991703969));
#5918=CARTESIAN_POINT('',(-0.125418282370651,-91.6422102506673,3.75025743802957));
#5919=CARTESIAN_POINT('',(-0.12541828237065,-92.268291530672,4.21981839803311));
#5920=CARTESIAN_POINT('',(-2.80271557037273,-91.2503957914093,4.27267671704009));
#5921=CARTESIAN_POINT('Ctrl Pts',(-0.125418282371312,-91.6422102506671,
3.75025743802986));
#5922=CARTESIAN_POINT('Ctrl Pts',(-0.177419072475103,-91.6271906413952,
3.77028358372562));
#5923=CARTESIAN_POINT('Ctrl Pts',(-0.229419862578894,-91.6121710321234,
3.79030972942137));
#5924=CARTESIAN_POINT('Ctrl Pts',(-0.281420652682685,-91.5971514228516,
3.81033587511712));
#5925=CARTESIAN_POINT('Ctrl Pts',(-0.8513232336084,-91.4325440376287,4.02981238874764));
#5926=CARTESIAN_POINT('Ctrl Pts',(-1.47017612894452,-91.3285190399023,4.16851238571616));
#5927=CARTESIAN_POINT('Ctrl Pts',(-2.09965778075047,-91.2916142024342,4.21771883567372));
#5928=CARTESIAN_POINT('Ctrl Pts',(-2.33401037729123,-91.2778747320926,4.23603812946254));
#5929=CARTESIAN_POINT('Ctrl Pts',(-2.56836297383198,-91.264135261751,4.25435742325136));
#5930=CARTESIAN_POINT('Ctrl Pts',(-2.80271557037273,-91.2503957914093,4.27267671704017));
#5931=CARTESIAN_POINT('',(-2.80271557037273,-91.876477071414,4.74223767704365));
#5932=CARTESIAN_POINT('Ctrl Pts',(-3.48970742399508,-91.1538259434479,6.77295651432078));
#5933=CARTESIAN_POINT('Ctrl Pts',(-3.48970742399509,-89.1048326634479,5.23621155432067));
#5934=CARTESIAN_POINT('Ctrl Pts',(-3.37718726119163,-91.8286845104633,5.87314509163354));
#5935=CARTESIAN_POINT('Ctrl Pts',(-3.37718726119163,-89.7796912304633,4.33640013163342));
#5936=CARTESIAN_POINT('Ctrl Pts',(-2.86277862294105,-92.476808028487,5.00898040093529));
#5937=CARTESIAN_POINT('Ctrl Pts',(-2.86277862294105,-90.427814748487,3.47223544093517));
#5938=CARTESIAN_POINT('Ctrl Pts',(-2.06706872348325,-92.9579958587299,4.36739662727814));
#5939=CARTESIAN_POINT('Ctrl Pts',(-2.06706872348325,-90.9090025787298,2.83065166727803));
#5940=CARTESIAN_POINT('',(-2.06706872348325,-92.3350838587299,3.90021262727809));
#5941=CARTESIAN_POINT('Ctrl Pts',(-2.80271557037274,-91.7658133914087,4.65923991703969));
#5942=CARTESIAN_POINT('Ctrl Pts',(-2.59654277831914,-91.9724249389886,4.38375785359984));
#5943=CARTESIAN_POINT('Ctrl Pts',(-2.34952916704845,-92.1642721997808,4.12796150587687));
#5944=CARTESIAN_POINT('Ctrl Pts',(-2.06706872348325,-92.3350838587299,3.90021262727813));
#5945=CARTESIAN_POINT('',(-2.06706872348326,-91.8196662587299,3.51364942727809));
#5946=CARTESIAN_POINT('Origin',(0.420433235115635,-90.0184123990805,5.91532124014536));
#5947=CARTESIAN_POINT('',(-2.06706872348325,-92.1042486587299,3.72708622727808));
#5948=CARTESIAN_POINT('Ctrl Pts',(-2.06706872348325,-92.9579958587299,4.36739662727814));
#5949=CARTESIAN_POINT('Ctrl Pts',(-2.06706872348325,-90.9090025787299,2.83065166727805));
#5950=CARTESIAN_POINT('Ctrl Pts',(-1.71844271087946,-93.1688308747761,4.08628327254986));
#5951=CARTESIAN_POINT('Ctrl Pts',(-1.71844271087947,-91.1198375947761,2.54953831254977));
#5952=CARTESIAN_POINT('Ctrl Pts',(-1.3346752869525,-93.3651537473185,3.82451944249327));
#5953=CARTESIAN_POINT('Ctrl Pts',(-1.3346752869525,-91.3161604673185,2.28777448249318));
#5954=CARTESIAN_POINT('Ctrl Pts',(-0.885315157987221,-93.4896677941661,
3.65850071336323));
#5955=CARTESIAN_POINT('Ctrl Pts',(-0.885315157987226,-91.4406745141661,
2.12175575336314));
#5956=CARTESIAN_POINT('',(-0.885315157987223,-92.8667557941661,3.19131671336318));
#5957=CARTESIAN_POINT('Ctrl Pts',(-2.06706872348325,-92.3350838587299,3.90021262727812));
#5958=CARTESIAN_POINT('Ctrl Pts',(-1.71844271087946,-92.5459188747761,3.61909927254984));
#5959=CARTESIAN_POINT('Ctrl Pts',(-1.3346752869525,-92.7422417473185,3.35733544249325));
#5960=CARTESIAN_POINT('Ctrl Pts',(-0.885315157987222,-92.8667557941661,
3.19131671336321));
#5961=CARTESIAN_POINT('',(-0.885315157987194,-92.3513381941661,2.80475351336318));
#5962=CARTESIAN_POINT('Ctrl Pts',(-2.06706872348325,-91.8196662587306,3.51364942727856));
#5963=CARTESIAN_POINT('Ctrl Pts',(-1.71844271087947,-92.0305012747767,3.23253607255029));
#5964=CARTESIAN_POINT('Ctrl Pts',(-1.3346752869525,-92.2268241473191,2.97077224249375));
#5965=CARTESIAN_POINT('Ctrl Pts',(-0.885315157987223,-92.3513381941667,
2.80475351336365));
#5966=CARTESIAN_POINT('',(-0.885315157987223,-92.6359205941661,3.01819031336317));
#5967=CARTESIAN_POINT('Ctrl Pts',(5.59093434496547,-90.6604442575649,7.43079876216479));
#5968=CARTESIAN_POINT('Ctrl Pts',(5.59093434496547,-88.6114509775649,5.89405380216471));
#5969=CARTESIAN_POINT('Ctrl Pts',(5.7905622626696,-90.8887110620669,7.12644302282872));
#5970=CARTESIAN_POINT('Ctrl Pts',(5.79056226266959,-88.8397177820669,5.58969806282864));
#5971=CARTESIAN_POINT('Ctrl Pts',(5.69231575822094,-91.2767587870021,6.60904605624849));
#5972=CARTESIAN_POINT('Ctrl Pts',(5.69231575822094,-89.2277655070021,5.07230109624841));
#5973=CARTESIAN_POINT('Ctrl Pts',(5.2764901786615,-91.4021445472129,6.44186504263408));
#5974=CARTESIAN_POINT('Ctrl Pts',(5.2764901786615,-89.3531512672129,4.905120082634));
#5975=CARTESIAN_POINT('',(5.59093434496547,-90.0375322575649,6.96361476216478));
#5976=CARTESIAN_POINT('',(5.2764901786615,-90.7792325472129,5.97468104263408));
#5977=CARTESIAN_POINT('Ctrl Pts',(5.59093434496547,-90.0375322575649,6.96361476216479));
#5978=CARTESIAN_POINT('Ctrl Pts',(5.79056226266959,-90.2657990620669,6.65925902282871));
#5979=CARTESIAN_POINT('Ctrl Pts',(5.69231575822094,-90.6538467870021,6.14186205624849));
#5980=CARTESIAN_POINT('Ctrl Pts',(5.2764901786615,-90.7792325472129,5.97468104263408));
#5981=CARTESIAN_POINT('',(5.59093434496547,-89.5221146575649,6.57705156216476));
#5982=CARTESIAN_POINT('',(5.59093434496547,-89.8066970575649,6.79048836216477));
#5983=CARTESIAN_POINT('',(5.2764901786615,-90.2638149472129,5.58811784263406));
#5984=CARTESIAN_POINT('Ctrl Pts',(5.59093434496547,-89.5221146575655,6.57705156216519));
#5985=CARTESIAN_POINT('Ctrl Pts',(5.79056226266959,-89.7503814620675,6.27269582282912));
#5986=CARTESIAN_POINT('Ctrl Pts',(5.69231575822094,-90.1384291870027,5.7552988562489));
#5987=CARTESIAN_POINT('Ctrl Pts',(5.2764901786615,-90.2638149472135,5.58811784263449));
#5988=CARTESIAN_POINT('',(5.2764901786615,-90.5483973472129,5.80155464263406));
#5989=CARTESIAN_POINT('Ctrl Pts',(5.2764901786615,-91.4021445472129,6.44186504263408));
#5990=CARTESIAN_POINT('Ctrl Pts',(5.2764901786615,-89.3531512672129,4.90512008263402));
#5991=CARTESIAN_POINT('Ctrl Pts',(5.07020122039179,-91.4643500216057,6.35892441011032));
#5992=CARTESIAN_POINT('Ctrl Pts',(5.07020122039179,-89.4153567416057,4.82217945011027));
#5993=CARTESIAN_POINT('Ctrl Pts',(4.79399269114815,-91.5112055474267,6.29645037568238));
#5994=CARTESIAN_POINT('Ctrl Pts',(4.79399269114814,-89.4622122674267,4.75970541568233));
#5995=CARTESIAN_POINT('Ctrl Pts',(4.57051725734889,-91.5494630519708,6.24544036962359));
#5996=CARTESIAN_POINT('Ctrl Pts',(4.57051725734889,-89.5004697719708,4.70869540962353));
#5997=CARTESIAN_POINT('',(4.57051725734889,-90.9265510519708,5.77825636962359));
#5998=CARTESIAN_POINT('Ctrl Pts',(5.2764901786615,-90.7792325472129,5.97468104263408));
#5999=CARTESIAN_POINT('Ctrl Pts',(5.07020122039179,-90.8414380216058,5.89174041011032));
#6000=CARTESIAN_POINT('Ctrl Pts',(4.79399269114815,-90.8882935474267,5.82926637568238));
#6001=CARTESIAN_POINT('Ctrl Pts',(4.57051725734889,-90.9265510519708,5.77825636962359));
#6002=CARTESIAN_POINT('',(4.57051725734889,-90.4111334519708,5.39169316962356));
#6003=CARTESIAN_POINT('Ctrl Pts',(5.2764901786615,-90.2638149472135,5.58811784263449));
#6004=CARTESIAN_POINT('Ctrl Pts',(5.07020122039179,-90.3260204216063,5.50517721011073));
#6005=CARTESIAN_POINT('Ctrl Pts',(4.79399269114814,-90.3728759474273,5.44270317568279));
#6006=CARTESIAN_POINT('Ctrl Pts',(4.57051725734889,-90.4111334519714,5.39169316962399));
#6007=CARTESIAN_POINT('',(4.57051725734889,-90.6957158519708,5.60512996962357));
#6008=CARTESIAN_POINT('Ctrl Pts',(4.57051725734889,-91.5494630519708,6.24544036962359));
#6009=CARTESIAN_POINT('Ctrl Pts',(4.57051725734889,-89.5004697719708,4.70869540962353));
#6010=CARTESIAN_POINT('Ctrl Pts',(4.42950102975092,-91.573612954365,6.21324049976464));
#6011=CARTESIAN_POINT('Ctrl Pts',(4.42950102975091,-89.524619674365,4.67649553976459));
#6012=CARTESIAN_POINT('Ctrl Pts',(4.28546264755932,-91.5915162733471,6.18936940778857));
#6013=CARTESIAN_POINT('Ctrl Pts',(4.28546264755932,-89.5425229933471,4.65262444778852));
#6014=CARTESIAN_POINT('Ctrl Pts',(4.14002508808555,-91.6029023988052,6.17418790717766));
#6015=CARTESIAN_POINT('Ctrl Pts',(4.14002508808555,-89.5539091188053,4.6374429471776));
#6016=CARTESIAN_POINT('',(4.14002508808555,-90.9799903988052,5.70700390717765));
#6017=CARTESIAN_POINT('Ctrl Pts',(4.57051725734889,-90.9265510519708,5.77825636962359));
#6018=CARTESIAN_POINT('Ctrl Pts',(4.42950102975092,-90.950700954365,5.74605649976464));
#6019=CARTESIAN_POINT('Ctrl Pts',(4.28546264755932,-90.9686042733471,5.72218540778857));
#6020=CARTESIAN_POINT('Ctrl Pts',(4.14002508808555,-90.9799903988053,5.70700390717765));
#6021=CARTESIAN_POINT('',(4.14002508808555,-90.4645727988052,5.32044070717763));
#6022=CARTESIAN_POINT('Ctrl Pts',(4.57051725734889,-90.4111334519714,5.39169316962399));
#6023=CARTESIAN_POINT('Ctrl Pts',(4.42950102975092,-90.4352833543656,5.35949329976504));
#6024=CARTESIAN_POINT('Ctrl Pts',(4.28546264755932,-90.4531866733476,5.33562220778897));
#6025=CARTESIAN_POINT('Ctrl Pts',(4.14002508808555,-90.4645727988058,5.32044070717805));
#6026=CARTESIAN_POINT('',(4.14002508808555,-90.7491551988052,5.53387750717763));
#6027=CARTESIAN_POINT('Ctrl Pts',(4.14002508808555,-91.6029023988052,6.17418790717766));
#6028=CARTESIAN_POINT('Ctrl Pts',(4.14002508808555,-89.5539091188053,4.6374429471776));
#6029=CARTESIAN_POINT('Ctrl Pts',(4.06977318637515,-91.608376799258,6.16688870657392));
#6030=CARTESIAN_POINT('Ctrl Pts',(4.06977318637514,-89.5593835192581,4.63014374657386));
#6031=CARTESIAN_POINT('Ctrl Pts',(3.78497239802047,-91.5936675473636,6.18650104243314));
#6032=CARTESIAN_POINT('Ctrl Pts',(3.78497239802046,-89.5446742673636,4.64975608243309));
#6033=CARTESIAN_POINT('Ctrl Pts',(3.74111371458753,-91.6176432501409,6.15453343873005));
#6034=CARTESIAN_POINT('Ctrl Pts',(3.74111371458753,-89.568649970141,4.61778847873));
#6035=CARTESIAN_POINT('',(3.74111371458753,-90.9947312501409,5.68734943873004));
#6036=CARTESIAN_POINT('Ctrl Pts',(4.14002508808555,-90.9799903988053,5.70700390717765));
#6037=CARTESIAN_POINT('Ctrl Pts',(4.06977318637514,-90.985464799258,5.69970470657391));
#6038=CARTESIAN_POINT('Ctrl Pts',(3.78497239802046,-90.9707555473636,5.71931704243314));
#6039=CARTESIAN_POINT('Ctrl Pts',(3.74111371458753,-90.994731250141,5.68734943873005));
#6040=CARTESIAN_POINT('',(3.74111371458753,-90.479313650141,5.30078623873003));
#6041=CARTESIAN_POINT('Ctrl Pts',(4.14002508808555,-90.4645727988058,5.32044070717806));
#6042=CARTESIAN_POINT('Ctrl Pts',(4.06977318637514,-90.4700471992586,5.31314150657432));
#6043=CARTESIAN_POINT('Ctrl Pts',(3.78497239802046,-90.4553379473642,5.33275384243355));
#6044=CARTESIAN_POINT('Ctrl Pts',(3.74111371458753,-90.4793136501415,5.30078623873045));
#6045=CARTESIAN_POINT('',(3.74111371458753,-90.7638960501409,5.51422303873003));
#6046=CARTESIAN_POINT('Ctrl Pts',(3.74111371501467,-91.6176432504188,6.15453343835952));
#6047=CARTESIAN_POINT('Ctrl Pts',(3.74111371501467,-89.5686499704189,4.61778847835947));
#6048=CARTESIAN_POINT('Ctrl Pts',(3.98109630731128,-91.4864124433019,6.32950784784869));
#6049=CARTESIAN_POINT('Ctrl Pts',(3.98109630731128,-89.437419163302,4.79276288784864));
#6050=CARTESIAN_POINT('Ctrl Pts',(4.05845924755874,-91.2768899036228,6.60887123408757));
#6051=CARTESIAN_POINT('Ctrl Pts',(4.05845924755873,-89.2278966236228,5.07212627408751));
#6052=CARTESIAN_POINT('Ctrl Pts',(4.0469840698137,-91.082213692558,6.86843951550733));
#6053=CARTESIAN_POINT('Ctrl Pts',(4.04698406981369,-89.033220412558,5.33169455550728));
#6054=CARTESIAN_POINT('',(4.04698406981369,-90.459301692558,6.40125551550733));
#6055=CARTESIAN_POINT('Ctrl Pts',(3.74111371501467,-90.9947312504188,5.68734943835951));
#6056=CARTESIAN_POINT('Ctrl Pts',(3.98109630731128,-90.863500443302,5.86232384784868));
#6057=CARTESIAN_POINT('Ctrl Pts',(4.05845924755874,-90.6539779036228,6.14168723408755));
#6058=CARTESIAN_POINT('Ctrl Pts',(4.0469840698137,-90.459301692558,6.40125551550732));
#6059=CARTESIAN_POINT('',(4.04698406981369,-89.943884092558,6.01469231550731));
#6060=CARTESIAN_POINT('Ctrl Pts',(3.74111371501467,-90.4793136504194,5.30078623835993));
#6061=CARTESIAN_POINT('Ctrl Pts',(3.98109630731128,-90.3480828433025,5.4757606478491));
#6062=CARTESIAN_POINT('Ctrl Pts',(4.05845924755873,-90.1385603036234,5.75512403408797));
#6063=CARTESIAN_POINT('Ctrl Pts',(4.04698406981369,-89.9438840925586,6.01469231550774));
#6064=CARTESIAN_POINT('',(4.04698406981369,-90.228466492558,6.22812911550731));
#6065=CARTESIAN_POINT('Ctrl Pts',(4.0469840698137,-91.082213692558,6.86843951550733));
#6066=CARTESIAN_POINT('Ctrl Pts',(4.04698406981369,-89.033220412558,5.33169455550728));
#6067=CARTESIAN_POINT('Ctrl Pts',(4.025543685331,-90.7182154162634,7.35377055056674));
#6068=CARTESIAN_POINT('Ctrl Pts',(4.025543685331,-88.6692221362635,5.81702559056669));
#6069=CARTESIAN_POINT('Ctrl Pts',(3.68876222603013,-90.2742774779138,7.94568780169955));
#6070=CARTESIAN_POINT('Ctrl Pts',(3.68876222603012,-88.2252841979139,6.40894284169949));
#6071=CARTESIAN_POINT('Ctrl Pts',(3.13796814485427,-90.0887680961015,8.193033644116));
#6072=CARTESIAN_POINT('Ctrl Pts',(3.13796814485427,-88.0397748161015,6.65628868411595));
#6073=CARTESIAN_POINT('',(3.13796814485427,-89.4658560961015,7.72584964411599));
#6074=CARTESIAN_POINT('Ctrl Pts',(4.0469840698137,-90.459301692558,6.40125551550732));
#6075=CARTESIAN_POINT('Ctrl Pts',(4.025543685331,-90.0953034162634,6.88658655056673));
#6076=CARTESIAN_POINT('Ctrl Pts',(3.68876222603012,-89.6513654779138,7.47850380169953));
#6077=CARTESIAN_POINT('Ctrl Pts',(3.13796814485427,-89.4658560961015,7.72584964411599));
#6078=CARTESIAN_POINT('',(3.13796814485426,-88.9504384961015,7.33928644411599));
#6079=CARTESIAN_POINT('Ctrl Pts',(4.04698406981369,-89.9438840925586,6.01469231550774));
#6080=CARTESIAN_POINT('Ctrl Pts',(4.025543685331,-89.579885816264,6.50002335056714));
#6081=CARTESIAN_POINT('Ctrl Pts',(3.68876222603012,-89.1359478779144,7.09194060169995));
#6082=CARTESIAN_POINT('Ctrl Pts',(3.13796814485427,-88.9504384961021,7.33928644411641));
#6083=CARTESIAN_POINT('',(3.13796814485427,-89.2350208961015,7.55272324411598));
#6084=CARTESIAN_POINT('Ctrl Pts',(3.13796814485427,-90.0887680961015,8.193033644116));
#6085=CARTESIAN_POINT('Ctrl Pts',(3.13796814485427,-88.0397748161015,6.65628868411595));
#6086=CARTESIAN_POINT('Ctrl Pts',(2.83662396804936,-89.9872636782497,8.32837286791829));
#6087=CARTESIAN_POINT('Ctrl Pts',(2.83662396804936,-87.9382703982498,6.79162790791823));
#6088=CARTESIAN_POINT('Ctrl Pts',(2.52145202455099,-89.8969444783491,8.44879846778591));
#6089=CARTESIAN_POINT('Ctrl Pts',(2.52145202455099,-87.8479511983491,6.91205350778585));
#6090=CARTESIAN_POINT('Ctrl Pts',(2.22425071088318,-89.7846248813734,8.59855793042018));
#6091=CARTESIAN_POINT('Ctrl Pts',(2.22425071088317,-87.7356316013734,7.06181297042012));
#6092=CARTESIAN_POINT('',(2.22425071088318,-89.1617128813734,8.13137393042017));
#6093=CARTESIAN_POINT('Ctrl Pts',(3.13796814485427,-89.4658560961015,7.725849644116));
#6094=CARTESIAN_POINT('Ctrl Pts',(2.83662396804936,-89.3643516782498,7.86118886791828));
#6095=CARTESIAN_POINT('Ctrl Pts',(2.52145202455099,-89.2740324783491,7.9816144677859));
#6096=CARTESIAN_POINT('Ctrl Pts',(2.22425071088318,-89.1617128813734,8.13137393042017));
#6097=CARTESIAN_POINT('',(2.22425071088318,-88.6462952813734,7.74481073042016));
#6098=CARTESIAN_POINT('Ctrl Pts',(3.13796814485427,-88.950438496102,7.33928644411637));
#6099=CARTESIAN_POINT('Ctrl Pts',(2.83662396804936,-88.8489340782503,7.47462566791865));
#6100=CARTESIAN_POINT('Ctrl Pts',(2.52145202455099,-88.7586148783496,7.59505126778626));
#6101=CARTESIAN_POINT('Ctrl Pts',(2.22425071088318,-88.6462952813739,7.74481073042054));
#6102=CARTESIAN_POINT('',(2.22425071088318,-88.9308776813734,7.95824753042016));
#6103=CARTESIAN_POINT('Ctrl Pts',(2.22425071088318,-89.7846248813734,8.59855793042018));
#6104=CARTESIAN_POINT('Ctrl Pts',(2.22425071088317,-87.7356316013734,7.06181297042012));
#6105=CARTESIAN_POINT('Ctrl Pts',(2.15085967685993,-89.7568811946925,8.63554951266136));
#6106=CARTESIAN_POINT('Ctrl Pts',(2.15085967685992,-87.7078879146925,7.09880455266131));
#6107=CARTESIAN_POINT('Ctrl Pts',(1.37849331633212,-89.4118604775204,9.09557713555742));
#6108=CARTESIAN_POINT('Ctrl Pts',(1.37849331633212,-87.3628671975205,7.55883217555736));
#6109=CARTESIAN_POINT('Ctrl Pts',(1.39612739192019,-89.4037319237859,9.10641520720349));
#6110=CARTESIAN_POINT('Ctrl Pts',(1.39612739192019,-87.3547386437859,7.56967024720343));
#6111=CARTESIAN_POINT('',(1.39612739192019,-88.7808199237859,8.63923120720348));
#6112=CARTESIAN_POINT('Ctrl Pts',(2.22425071088318,-89.1617128813734,8.13137393042016));
#6113=CARTESIAN_POINT('Ctrl Pts',(2.15085967685993,-89.1339691946925,8.16836551266135));
#6114=CARTESIAN_POINT('Ctrl Pts',(1.37849331633212,-88.7889484775204,8.6283931355574));
#6115=CARTESIAN_POINT('Ctrl Pts',(1.39612739192019,-88.7808199237859,8.63923120720347));
#6116=CARTESIAN_POINT('',(1.39612739192019,-88.2654023237859,8.25266800720347));
#6117=CARTESIAN_POINT('Ctrl Pts',(2.22425071088318,-88.6462952813739,7.74481073042054));
#6118=CARTESIAN_POINT('Ctrl Pts',(2.15085967685992,-88.618551594693,7.78180231266172));
#6119=CARTESIAN_POINT('Ctrl Pts',(1.37849331633212,-88.273530877521,8.24182993555778));
#6120=CARTESIAN_POINT('Ctrl Pts',(1.39612739192019,-88.2654023237864,8.25266800720385));
#6121=CARTESIAN_POINT('',(1.39612739192019,-88.5499847237859,8.46610480720347));
#6122=CARTESIAN_POINT('Ctrl Pts',(7.01558724574065,-89.547456644257,8.91478224657522));
#6123=CARTESIAN_POINT('Ctrl Pts',(7.01558724574065,-87.4984633642571,7.37803728657516));
#6124=CARTESIAN_POINT('Ctrl Pts',(7.02656741050577,-89.5774860988188,8.87474297382625));
#6125=CARTESIAN_POINT('Ctrl Pts',(7.02656741050576,-87.5284928188188,7.3379980138262));
#6126=CARTESIAN_POINT('Ctrl Pts',(7.04555134746593,-89.6047655591405,8.83837036006394));
#6127=CARTESIAN_POINT('Ctrl Pts',(7.04555134746593,-87.5557722791405,7.30162540006389));
#6128=CARTESIAN_POINT('Ctrl Pts',(7.07098615261373,-89.6292095101471,8.80577842538844));
#6129=CARTESIAN_POINT('Ctrl Pts',(7.07098615261372,-87.5802162301472,7.26903346538839));
#6130=CARTESIAN_POINT('',(7.01558724574065,-88.9245446442571,8.44759824657521));
#6131=CARTESIAN_POINT('',(7.07098615261372,-89.0062975101472,8.33859442538844));
#6132=CARTESIAN_POINT('Ctrl Pts',(7.01558724574065,-88.9245446442571,8.44759824657522));
#6133=CARTESIAN_POINT('Ctrl Pts',(7.02656741050577,-88.9545740988188,8.40755897382625));
#6134=CARTESIAN_POINT('Ctrl Pts',(7.04555134746593,-88.9818535591405,8.37118636006394));
#6135=CARTESIAN_POINT('Ctrl Pts',(7.07098615261372,-89.0062975101472,8.33859442538844));
#6136=CARTESIAN_POINT('',(7.01558724574065,-88.4091270442571,8.0610350465752));
#6137=CARTESIAN_POINT('',(7.01558724574065,-88.6937094442571,8.2744718465752));
#6138=CARTESIAN_POINT('',(7.07098615261372,-88.4908799101472,7.95203122538843));
#6139=CARTESIAN_POINT('Origin',(8.25209162602742,-88.1297854352494,8.43349052525318));
#6140=CARTESIAN_POINT('',(7.07098615261372,-88.7754623101472,8.16546802538842));
#6141=CARTESIAN_POINT('Ctrl Pts',(1.39612739192019,-89.4037319237859,9.10641520720349));
#6142=CARTESIAN_POINT('Ctrl Pts',(1.39612739192019,-87.3547386437858,7.56967024720338));
#6143=CARTESIAN_POINT('Ctrl Pts',(0.538447093520163,-89.7986986572593,8.57979289590561));
#6144=CARTESIAN_POINT('Ctrl Pts',(0.538447093520158,-87.7497053772592,7.0430479359055));
#6145=CARTESIAN_POINT('Ctrl Pts',(0.433202994263459,-90.5512479522952,7.57639383585764));
#6146=CARTESIAN_POINT('Ctrl Pts',(0.433202994263454,-88.5022546722952,6.03964887585752));
#6147=CARTESIAN_POINT('Ctrl Pts',(0.591684166129688,-91.192921929323,6.72082853315397));
#6148=CARTESIAN_POINT('Ctrl Pts',(0.591684166129683,-89.1439286493229,5.18408357315386));
#6149=CARTESIAN_POINT('',(0.591684166129686,-90.570009929323,6.25364453315396));
#6150=CARTESIAN_POINT('Ctrl Pts',(1.39612739192019,-88.7808199237859,8.63923120720347));
#6151=CARTESIAN_POINT('Ctrl Pts',(0.538447093520161,-89.1757866572593,8.1126088959056));
#6152=CARTESIAN_POINT('Ctrl Pts',(0.433202994263458,-89.9283359522953,7.10920983585762));
#6153=CARTESIAN_POINT('Ctrl Pts',(0.591684166129687,-90.570009929323,6.25364453315396));
#6154=CARTESIAN_POINT('',(0.591684166129685,-90.054592329323,5.86708133315395));
#6155=CARTESIAN_POINT('Ctrl Pts',(1.39612739192019,-88.2654023237864,8.25266800720385));
#6156=CARTESIAN_POINT('Ctrl Pts',(0.53844709352016,-88.6603690572598,7.72604569590597));
#6157=CARTESIAN_POINT('Ctrl Pts',(0.433202994263456,-89.4129183522958,6.72264663585799));
#6158=CARTESIAN_POINT('Ctrl Pts',(0.591684166129685,-90.0545923293235,5.86708133315433));
#6159=CARTESIAN_POINT('',(0.591684166129686,-90.339174729323,6.08051813315395));
#6160=CARTESIAN_POINT('Ctrl Pts',(0.591684166129688,-91.192921929323,6.72082853315397));
#6161=CARTESIAN_POINT('Ctrl Pts',(0.591684166129683,-89.143928649323,5.18408357315387));
#6162=CARTESIAN_POINT('Ctrl Pts',(0.717417072645423,-91.7021568575841,6.04184862880578));
#6163=CARTESIAN_POINT('Ctrl Pts',(0.717417072645419,-89.6531635775841,4.50510366880568));
#6164=CARTESIAN_POINT('Ctrl Pts',(0.974088371853693,-92.2147836375865,5.35834625546934));
#6165=CARTESIAN_POINT('Ctrl Pts',(0.974088371853688,-90.1657903575864,3.82160129546924));
#6166=CARTESIAN_POINT('Ctrl Pts',(1.51357457216175,-92.6150908206131,4.82460334476717));
#6167=CARTESIAN_POINT('Ctrl Pts',(1.51357457216175,-90.5660975406131,3.28785838476707));
#6168=CARTESIAN_POINT('',(1.51357457216175,-91.9921788206131,4.35741934476716));
#6169=CARTESIAN_POINT('Ctrl Pts',(0.591684166129686,-90.570009929323,6.25364453315396));
#6170=CARTESIAN_POINT('Ctrl Pts',(0.717417072645422,-91.0792448575842,5.57466462880577));
#6171=CARTESIAN_POINT('Ctrl Pts',(0.974088371853692,-91.5918716375865,4.89116225546933));
#6172=CARTESIAN_POINT('Ctrl Pts',(1.51357457216175,-91.9921788206131,4.35741934476716));
#6173=CARTESIAN_POINT('',(1.51357457216175,-91.4767612206131,3.97085614476715));
#6174=CARTESIAN_POINT('Ctrl Pts',(0.591684166129685,-90.0545923293236,5.86708133315438));
#6175=CARTESIAN_POINT('Ctrl Pts',(0.71741707264542,-90.5638272575847,5.18810142880619));
#6176=CARTESIAN_POINT('Ctrl Pts',(0.97408837185369,-91.0764540375871,4.50459905546975));
#6177=CARTESIAN_POINT('Ctrl Pts',(1.51357457216175,-91.4767612206137,3.97085614476758));
#6178=CARTESIAN_POINT('',(1.51357457216175,-91.7613436206131,4.18429294476715));
#6179=CARTESIAN_POINT('Ctrl Pts',(1.51357457216175,-92.6150908206131,4.82460334476717));
#6180=CARTESIAN_POINT('Ctrl Pts',(1.51357457216175,-90.5660975406131,3.2878583847671));
#6181=CARTESIAN_POINT('Ctrl Pts',(1.8881282259691,-92.8930154792278,4.4540371332809));
#6182=CARTESIAN_POINT('Ctrl Pts',(1.88812822596909,-90.8440221992278,2.91729217328083));
#6183=CARTESIAN_POINT('Ctrl Pts',(2.41918869478389,-93.1078298150472,4.16761801885509));
#6184=CARTESIAN_POINT('Ctrl Pts',(2.41918869478389,-91.0588365350472,2.63087305885501));
#6185=CARTESIAN_POINT('Ctrl Pts',(2.9927767316622,-93.1873018622849,4.06165528920479));
#6186=CARTESIAN_POINT('Ctrl Pts',(2.9927767316622,-91.1383085822848,2.52491032920472));
#6187=CARTESIAN_POINT('',(2.9927767316622,-92.5643898622849,3.59447128920475));
#6188=CARTESIAN_POINT('Ctrl Pts',(1.51357457216175,-91.9921788206131,4.35741934476716));
#6189=CARTESIAN_POINT('Ctrl Pts',(1.88812822596909,-92.2701034792278,3.98685313328088));
#6190=CARTESIAN_POINT('Ctrl Pts',(2.41918869478389,-92.4849178150472,3.70043401885507));
#6191=CARTESIAN_POINT('Ctrl Pts',(2.9927767316622,-92.5643898622849,3.59447128920477));
#6192=CARTESIAN_POINT('',(2.9927767316622,-92.0489722622849,3.20790808920475));
#6193=CARTESIAN_POINT('Ctrl Pts',(1.51357457216175,-91.4767612206137,3.97085614476762));
#6194=CARTESIAN_POINT('Ctrl Pts',(1.88812822596909,-91.7546858792284,3.60028993328138));
#6195=CARTESIAN_POINT('Ctrl Pts',(2.41918869478389,-91.9695002150478,3.31387081885551));
#6196=CARTESIAN_POINT('Ctrl Pts',(2.9927767316622,-92.0489722622855,3.20790808920522));
#6197=CARTESIAN_POINT('',(2.9927767316622,-92.3335546622849,3.42134488920474));
#6198=CARTESIAN_POINT('Ctrl Pts',(3.63804708761013,-85.0257397650577,12.5722180855086));
#6199=CARTESIAN_POINT('Ctrl Pts',(3.63804708761013,-85.7770373010634,13.1356912375128));
#6200=CARTESIAN_POINT('Ctrl Pts',(3.87212402702548,-85.1073179489392,12.4634471736666));
#6201=CARTESIAN_POINT('Ctrl Pts',(3.87212402702548,-85.8586154849448,13.0269203256709));
#6202=CARTESIAN_POINT('Ctrl Pts',(4.09184882392674,-85.203710938241,12.3349231879309));
#6203=CARTESIAN_POINT('Ctrl Pts',(4.09184882392675,-85.9550084742466,12.8983963399352));
#6204=CARTESIAN_POINT('Ctrl Pts',(4.29239769641383,-85.3128025459708,12.1894677109578));
#6205=CARTESIAN_POINT('Ctrl Pts',(4.29239769641383,-86.0641000819764,12.7529408629621));
#6206=CARTESIAN_POINT('',(3.63804708761013,-85.5411573650573,12.9587812855083));
#6207=CARTESIAN_POINT('',(4.29239769641383,-85.8282201459703,12.5760309109575));
#6208=CARTESIAN_POINT('Ctrl Pts',(3.63804708761013,-85.5411573650573,12.9587812855083));
#6209=CARTESIAN_POINT('Ctrl Pts',(3.75508549805324,-85.5819464363437,12.9043958571264));
#6210=CARTESIAN_POINT('Ctrl Pts',(3.8685359360715,-85.6264392260226,12.8450721375545));
#6211=CARTESIAN_POINT('Ctrl Pts',(4.08705489814864,-85.7223032171187,12.7172534827597));
#6212=CARTESIAN_POINT('Ctrl Pts',(4.19212331094607,-85.7736743697257,12.6487586126171));
#6213=CARTESIAN_POINT('Ctrl Pts',(4.29239769641383,-85.8282201459703,12.5760309109575));
#6214=CARTESIAN_POINT('',(3.63804708761013,-85.0257397650577,12.5722180855086));
#6215=CARTESIAN_POINT('',(3.63804708761013,-85.0257397650577,12.5722180855086));
#6216=CARTESIAN_POINT('',(4.29239769641383,-85.3128025459708,12.1894677109578));
#6217=CARTESIAN_POINT('Ctrl Pts',(3.63804708761013,-85.0257397650577,12.5722180855086));
#6218=CARTESIAN_POINT('Ctrl Pts',(3.75508549805323,-85.0665288363441,12.5178326571267));
#6219=CARTESIAN_POINT('Ctrl Pts',(3.86853593607147,-85.111021626023,12.4585089375548));
#6220=CARTESIAN_POINT('Ctrl Pts',(4.08705489814869,-85.2068856171192,12.3306902827599));
#6221=CARTESIAN_POINT('Ctrl Pts',(4.19212331094608,-85.2582567697261,12.2621954126173));
#6222=CARTESIAN_POINT('Ctrl Pts',(4.29239769641383,-85.3128025459708,12.1894677109578));
#6223=CARTESIAN_POINT('',(4.29239769641383,-85.9388838259755,12.6590286709614));
#6224=CARTESIAN_POINT('Ctrl Pts',(2.19712834884775,-85.3113785342085,14.5628863933175));
#6225=CARTESIAN_POINT('Ctrl Pts',(2.19712834884774,-83.5492443134022,13.2412857277127));
#6226=CARTESIAN_POINT('Ctrl Pts',(3.08814568967803,-85.7960609610946,13.9166431574694));
#6227=CARTESIAN_POINT('Ctrl Pts',(3.08814568967803,-84.0339267402883,12.5950424918646));
#6228=CARTESIAN_POINT('Ctrl Pts',(3.9791630305083,-86.2807433879807,13.2703999216212));
#6229=CARTESIAN_POINT('Ctrl Pts',(3.9791630305083,-84.5186091671744,11.9487992560165));
#6230=CARTESIAN_POINT('Ctrl Pts',(4.87018037133859,-86.7654258148668,12.6241566857731));
#6231=CARTESIAN_POINT('Ctrl Pts',(4.87018037133858,-85.0032915940605,11.3025560201683));
#6232=CARTESIAN_POINT('Ctrl Pts',(5.29395341453258,-86.9959436034799,12.3167996342889));
#6233=CARTESIAN_POINT('Ctrl Pts',(5.29395341453257,-85.2338093826736,10.9951989686841));
#6234=CARTESIAN_POINT('Ctrl Pts',(5.63414995977616,-87.2824530842994,11.9347869931962));
#6235=CARTESIAN_POINT('Ctrl Pts',(5.63414995977615,-85.5203188634931,10.6131863275914));
#6236=CARTESIAN_POINT('Ctrl Pts',(5.85023486741826,-87.600501968632,11.5107218140862));
#6237=CARTESIAN_POINT('Ctrl Pts',(5.85023486741826,-85.8383677478257,10.1891211484814));
#6238=CARTESIAN_POINT('',(5.85023486741826,-86.9775899686268,11.0435378140823));
#6239=CARTESIAN_POINT('Ctrl Pts',(4.29239769641382,-85.8282201459703,12.5760309109575));
#6240=CARTESIAN_POINT('Ctrl Pts',(4.48499192138874,-85.9329847022674,12.4363448358948));
#6241=CARTESIAN_POINT('Ctrl Pts',(4.67758614636366,-86.0377492585645,12.296658760832));
#6242=CARTESIAN_POINT('Ctrl Pts',(4.87018037133859,-86.1425138148616,12.1569726857692));
#6243=CARTESIAN_POINT('Ctrl Pts',(5.29395341453258,-86.3730316034748,11.849615634285));
#6244=CARTESIAN_POINT('Ctrl Pts',(5.63414995977615,-86.6595410842943,11.4676029931923));
#6245=CARTESIAN_POINT('Ctrl Pts',(5.85023486741826,-86.9775899686268,11.0435378140823));
#6246=CARTESIAN_POINT('',(5.85023486741826,-86.4621723686268,10.6569746140823));
#6247=CARTESIAN_POINT('Ctrl Pts',(4.29239769641383,-85.3128025459708,12.1894677109578));
#6248=CARTESIAN_POINT('Ctrl Pts',(4.48499192138875,-85.4175671022679,12.049781635895));
#6249=CARTESIAN_POINT('Ctrl Pts',(4.67758614636367,-85.5223316585649,11.9100955608323));
#6250=CARTESIAN_POINT('Ctrl Pts',(5.29395341453258,-85.8576140034752,11.4630524342853));
#6251=CARTESIAN_POINT('Ctrl Pts',(5.63414995977615,-86.1441234842947,11.0810397931926));
#6252=CARTESIAN_POINT('Ctrl Pts',(5.85023486741826,-86.4621723686272,10.6569746140826));
#6253=CARTESIAN_POINT('',(5.85023486741826,-86.7467547686268,10.8704114140823));
#6254=CARTESIAN_POINT('Ctrl Pts',(5.85023486741826,-87.6005019686268,11.5107218140823));
#6255=CARTESIAN_POINT('Ctrl Pts',(5.85023486741826,-85.5515086886268,9.97397685408221));
#6256=CARTESIAN_POINT('Ctrl Pts',(5.97428841951596,-87.7830213137123,11.2673626873016));
#6257=CARTESIAN_POINT('Ctrl Pts',(5.97428841951595,-85.7340280337123,9.73061772730152));
#6258=CARTESIAN_POINT('Ctrl Pts',(6.06077944303828,-87.9770959155758,11.0085965514835));
#6259=CARTESIAN_POINT('Ctrl Pts',(6.06077944303828,-85.9281026355758,9.47185159148347));
#6260=CARTESIAN_POINT('Ctrl Pts',(6.24019702222206,-88.1422162605239,10.7884360915528));
#6261=CARTESIAN_POINT('Ctrl Pts',(6.24019702222206,-86.0932229805238,9.25169113155276));
#6262=CARTESIAN_POINT('',(6.24019702222206,-87.5193042605239,10.3212520915528));
#6263=CARTESIAN_POINT('Ctrl Pts',(5.85023486741826,-86.9775899686268,11.0435378140823));
#6264=CARTESIAN_POINT('Ctrl Pts',(5.97428841951596,-87.1601093137123,10.8001786873016));
#6265=CARTESIAN_POINT('Ctrl Pts',(6.06077944303828,-87.3541839155758,10.5414125514835));
#6266=CARTESIAN_POINT('Ctrl Pts',(6.24019702222206,-87.5193042605239,10.3212520915528));
#6267=CARTESIAN_POINT('',(6.24019702222206,-87.0038866605239,9.93468889155281));
#6268=CARTESIAN_POINT('Ctrl Pts',(5.85023486741826,-86.4621723686273,10.6569746140826));
#6269=CARTESIAN_POINT('Ctrl Pts',(5.97428841951596,-86.6446917137128,10.4136154873019));
#6270=CARTESIAN_POINT('Ctrl Pts',(6.06077944303828,-86.8387663155763,10.1548493514839));
#6271=CARTESIAN_POINT('Ctrl Pts',(6.24019702222206,-87.0038866605243,9.93468889155315));
#6272=CARTESIAN_POINT('',(6.24019702222206,-87.2884690605239,10.1481256915528));
#6273=CARTESIAN_POINT('Ctrl Pts',(6.24019702222206,-88.1422162605239,10.7884360915528));
#6274=CARTESIAN_POINT('Ctrl Pts',(6.24019702222206,-86.0932229805239,9.25169113155277));
#6275=CARTESIAN_POINT('Ctrl Pts',(6.51584519719398,-88.3959101651443,10.4501775520588));
#6276=CARTESIAN_POINT('Ctrl Pts',(6.51584519719397,-86.3469168851444,8.91343259205876));
#6277=CARTESIAN_POINT('Ctrl Pts',(7.00998711981761,-88.5588143772835,10.2329719358732));
#6278=CARTESIAN_POINT('Ctrl Pts',(7.0099871198176,-86.5098210972835,8.69622697587317));
#6279=CARTESIAN_POINT('Ctrl Pts',(7.51465447740523,-88.5623743353062,10.2282253251763));
#6280=CARTESIAN_POINT('Ctrl Pts',(7.51465447740522,-86.5133810553063,8.69148036517622));
#6281=CARTESIAN_POINT('',(7.51465447740522,-87.9394623353063,9.76104132517629));
#6282=CARTESIAN_POINT('Ctrl Pts',(6.24019702222206,-87.5193042605239,10.3212520915528));
#6283=CARTESIAN_POINT('Ctrl Pts',(6.51584519719398,-87.7729981651444,9.98299355205883));
#6284=CARTESIAN_POINT('Ctrl Pts',(7.0099871198176,-87.9359023772836,9.76578793587324));
#6285=CARTESIAN_POINT('Ctrl Pts',(7.51465447740523,-87.9394623353063,9.76104132517629));
#6286=CARTESIAN_POINT('',(7.51465447740522,-87.4240447353063,9.37447812517627));
#6287=CARTESIAN_POINT('Ctrl Pts',(6.24019702222206,-87.0038866605243,9.93468889155315));
#6288=CARTESIAN_POINT('Ctrl Pts',(6.51584519719397,-87.2575805651448,9.59643035205915));
#6289=CARTESIAN_POINT('Ctrl Pts',(7.0099871198176,-87.420484777284,9.37922473587356));
#6290=CARTESIAN_POINT('Ctrl Pts',(7.51465447740522,-87.4240447353067,9.37447812517662));
#6291=CARTESIAN_POINT('',(7.51465447740522,-87.7086271353063,9.58791492517627));
#6292=CARTESIAN_POINT('Ctrl Pts',(7.51465447740523,-88.5623743353062,10.2282253251763));
#6293=CARTESIAN_POINT('Ctrl Pts',(7.51465447740522,-86.5133810553063,8.69148036517624));
#6294=CARTESIAN_POINT('Ctrl Pts',(7.88475619458012,-88.5650106165796,10.2247102834785));
#6295=CARTESIAN_POINT('Ctrl Pts',(7.88475619458011,-86.5160173365797,8.68796532347841));
#6296=CARTESIAN_POINT('Ctrl Pts',(8.25253886254683,-88.4818948162264,10.335531350616));
#6297=CARTESIAN_POINT('Ctrl Pts',(8.25253886254682,-86.4329015362265,8.79878639061599));
#6298=CARTESIAN_POINT('Ctrl Pts',(8.53498522870248,-88.3388870314631,10.5262083969671));
#6299=CARTESIAN_POINT('Ctrl Pts',(8.53498522870248,-86.2898937514632,8.98946343696708));
#6300=CARTESIAN_POINT('',(8.53498522870248,-87.7159750314631,10.0590243969671));
#6301=CARTESIAN_POINT('Ctrl Pts',(7.51465447740523,-87.9394623353063,9.76104132517629));
#6302=CARTESIAN_POINT('Ctrl Pts',(7.88475619458012,-87.9420986165796,9.75752628347846));
#6303=CARTESIAN_POINT('Ctrl Pts',(8.25253886254683,-87.8589828162265,9.86834735061604));
#6304=CARTESIAN_POINT('Ctrl Pts',(8.53498522870248,-87.7159750314632,10.0590243969671));
#6305=CARTESIAN_POINT('',(8.53498522870248,-87.2005574314632,9.67246119696712));
#6306=CARTESIAN_POINT('Ctrl Pts',(7.51465447740522,-87.4240447353067,9.37447812517662));
#6307=CARTESIAN_POINT('Ctrl Pts',(7.88475619458011,-87.4266810165801,9.37096308347878));
#6308=CARTESIAN_POINT('Ctrl Pts',(8.25253886254682,-87.3435652162269,9.48178415061637));
#6309=CARTESIAN_POINT('Ctrl Pts',(8.53498522870248,-87.2005574314636,9.67246119696745));
#6310=CARTESIAN_POINT('',(8.53498522870248,-87.4851398314631,9.88589799696712));
#6311=CARTESIAN_POINT('Ctrl Pts',(0.748819121026012,-84.9577620565274,15.0343750302149));
#6312=CARTESIAN_POINT('Ctrl Pts',(0.748819121026007,-82.9087687765274,13.4976300702148));
#6313=CARTESIAN_POINT('Ctrl Pts',(1.0267070046877,-85.1671860944436,14.7551429796599));
#6314=CARTESIAN_POINT('Ctrl Pts',(1.02670700468769,-83.1181928144436,13.2183980196598));
#6315=CARTESIAN_POINT('Ctrl Pts',(1.1542320198347,-85.4376065740755,14.3945823401506));
#6316=CARTESIAN_POINT('Ctrl Pts',(1.1542320198347,-83.3886132940755,12.8578373801506));
#6317=CARTESIAN_POINT('Ctrl Pts',(1.45221748780352,-85.6419254087288,14.1221572272795));
#6318=CARTESIAN_POINT('Ctrl Pts',(1.45221748780351,-83.5929321287288,12.5854122672795));
#6319=CARTESIAN_POINT('',(0.74881912102601,-84.3348500565274,14.5671910302148));
#6320=CARTESIAN_POINT('',(1.45221748780351,-85.0190134087289,13.6549732272795));
#6321=CARTESIAN_POINT('Ctrl Pts',(0.748819121026011,-84.3348500565274,14.5671910302148));
#6322=CARTESIAN_POINT('Ctrl Pts',(1.0267070046877,-84.5442740944436,14.2879589796598));
#6323=CARTESIAN_POINT('Ctrl Pts',(1.1542320198347,-84.8146945740755,13.9273983401506));
#6324=CARTESIAN_POINT('Ctrl Pts',(1.45221748780351,-85.0190134087289,13.6549732272795));
#6325=CARTESIAN_POINT('',(0.748819121026009,-83.8194324565274,14.1806278302148));
#6326=CARTESIAN_POINT('',(0.74881912102601,-84.1040148565274,14.3940646302148));
#6327=CARTESIAN_POINT('',(1.45221748780351,-84.5035958087289,13.2684100272795));
#6328=CARTESIAN_POINT('Ctrl Pts',(0.748819121026009,-83.8194324565277,14.1806278302151));
#6329=CARTESIAN_POINT('Ctrl Pts',(1.0267070046877,-84.028856494444,13.9013957796601));
#6330=CARTESIAN_POINT('Ctrl Pts',(1.1542320198347,-84.2992769740759,13.5408351401509));
#6331=CARTESIAN_POINT('Ctrl Pts',(1.45221748780351,-84.5035958087292,13.2684100272798));
#6332=CARTESIAN_POINT('',(1.45221748780351,-84.7881782087289,13.4818468272795));
#6333=CARTESIAN_POINT('Ctrl Pts',(1.45221748780352,-85.6419254087288,14.1221572272795));
#6334=CARTESIAN_POINT('Ctrl Pts',(1.45221748780351,-83.5929321287289,12.5854122672795));
#6335=CARTESIAN_POINT('Ctrl Pts',(1.55830041007065,-85.7146780147297,14.0251537526117));
#6336=CARTESIAN_POINT('Ctrl Pts',(1.55830041007065,-83.6656847347297,12.4884087926117));
#6337=CARTESIAN_POINT('Ctrl Pts',(1.80148049682794,-85.8595113141245,13.832042686752));
#6338=CARTESIAN_POINT('Ctrl Pts',(1.80148049682794,-83.8105180341245,12.295297726752));
#6339=CARTESIAN_POINT('Ctrl Pts',(1.89009847482684,-85.7215637095231,14.0159728262205));
#6340=CARTESIAN_POINT('Ctrl Pts',(1.89009847482683,-83.6725704295231,12.4792278662204));
#6341=CARTESIAN_POINT('',(1.89009847482684,-85.0986517095231,13.5487888262205));
#6342=CARTESIAN_POINT('Ctrl Pts',(1.45221748780351,-85.0190134087289,13.6549732272795));
#6343=CARTESIAN_POINT('Ctrl Pts',(1.55830041007065,-85.0917660147297,13.5579697526117));
#6344=CARTESIAN_POINT('Ctrl Pts',(1.80148049682794,-85.2365993141245,13.364858686752));
#6345=CARTESIAN_POINT('Ctrl Pts',(1.89009847482684,-85.0986517095231,13.5487888262205));
#6346=CARTESIAN_POINT('',(1.89009847482683,-84.5832341095232,13.1622256262205));
#6347=CARTESIAN_POINT('Ctrl Pts',(1.45221748780351,-84.5035958087292,13.2684100272798));
#6348=CARTESIAN_POINT('Ctrl Pts',(1.55830041007065,-84.5763484147301,13.171406552612));
#6349=CARTESIAN_POINT('Ctrl Pts',(1.80148049682794,-84.7211817141248,12.9782954867523));
#6350=CARTESIAN_POINT('Ctrl Pts',(1.89009847482683,-84.5832341095235,13.1622256262207));
#6351=CARTESIAN_POINT('',(1.89009847482683,-84.8678165095231,13.3756624262205));
#6352=CARTESIAN_POINT('Ctrl Pts',(1.89009847482684,-85.7215637095231,14.0159728262205));
#6353=CARTESIAN_POINT('Ctrl Pts',(1.89009847482683,-83.6725704295232,12.4792278662204));
#6354=CARTESIAN_POINT('Ctrl Pts',(2.00972898665156,-85.535382927623,14.264213868754));
#6355=CARTESIAN_POINT('Ctrl Pts',(2.00972898665156,-83.486389647623,12.727468908754));
#6356=CARTESIAN_POINT('Ctrl Pts',(1.77528222622698,-85.1581514068501,14.7671892297845));
#6357=CARTESIAN_POINT('Ctrl Pts',(1.77528222622698,-83.1091581268502,13.2304442697844));
#6358=CARTESIAN_POINT('Ctrl Pts',(1.66085720057905,-84.9845996093493,14.9985916264523));
#6359=CARTESIAN_POINT('Ctrl Pts',(1.66085720057904,-82.9356063293493,13.4618466664522));
#6360=CARTESIAN_POINT('',(1.66085720057904,-84.3616876093493,14.5314076264522));
#6361=CARTESIAN_POINT('Ctrl Pts',(1.89009847482684,-85.0986517095231,13.5487888262205));
#6362=CARTESIAN_POINT('Ctrl Pts',(2.00972898665156,-84.912470927623,13.797029868754));
#6363=CARTESIAN_POINT('Ctrl Pts',(1.77528222622698,-84.5352394068501,14.3000052297845));
#6364=CARTESIAN_POINT('Ctrl Pts',(1.66085720057904,-84.3616876093493,14.5314076264522));
#6365=CARTESIAN_POINT('',(1.66085720057904,-83.8462700093493,14.1448444264522));
#6366=CARTESIAN_POINT('Ctrl Pts',(1.89009847482683,-84.5832341095235,13.1622256262207));
#6367=CARTESIAN_POINT('Ctrl Pts',(2.00972898665156,-84.3970533276234,13.4104666687542));
#6368=CARTESIAN_POINT('Ctrl Pts',(1.77528222622698,-84.0198218068505,13.9134420297847));
#6369=CARTESIAN_POINT('Ctrl Pts',(1.66085720057904,-83.8462700093497,14.1448444264525));
#6370=CARTESIAN_POINT('',(1.66085720057904,-84.1308524093493,14.3582812264522));
#6371=CARTESIAN_POINT('Ctrl Pts',(1.66085720057905,-84.9845996093493,14.9985916264523));
#6372=CARTESIAN_POINT('Ctrl Pts',(1.66085720057904,-82.9356063293493,13.4618466664522));
#6373=CARTESIAN_POINT('Ctrl Pts',(1.39338199766811,-84.5789519767695,15.5394551365587));
#6374=CARTESIAN_POINT('Ctrl Pts',(1.39338199766811,-82.5299586967695,14.0027101765587));
#6375=CARTESIAN_POINT('Ctrl Pts',(0.908755847281023,-84.2377602901744,15.9943773853521));
#6376=CARTESIAN_POINT('Ctrl Pts',(0.908755847281018,-82.1887670101744,14.4576324253521));
#6377=CARTESIAN_POINT('Ctrl Pts',(0.600470452774667,-83.8426592766834,16.5211787366734));
#6378=CARTESIAN_POINT('Ctrl Pts',(0.600470452774662,-81.7936659966835,14.9844337766734));
#6379=CARTESIAN_POINT('Ctrl Pts',(-0.249141843816865,-82.7537894001354,
17.9730052387375));
#6380=CARTESIAN_POINT('Ctrl Pts',(-0.249141843816869,-80.7047961201354,
16.4362602787374));
#6381=CARTESIAN_POINT('Ctrl Pts',(-1.0987541404084,-81.6649195235874,19.4248317408016));
#6382=CARTESIAN_POINT('Ctrl Pts',(-1.0987541404084,-79.6159262435874,17.8880867808015));
#6383=CARTESIAN_POINT('Ctrl Pts',(-1.94836643699993,-80.5760496470393,20.8766582428656));
#6384=CARTESIAN_POINT('Ctrl Pts',(-1.94836643699993,-78.5270563670393,19.3399132828656));
#6385=CARTESIAN_POINT('',(0.13894600312102,-82.6282538713569,16.8426526104422));
#6386=CARTESIAN_POINT('Ctrl Pts',(1.66085720057904,-84.3616876093493,14.5314076264523));
#6387=CARTESIAN_POINT('Ctrl Pts',(1.39338199766811,-83.9560399767695,15.0722711365587));
#6388=CARTESIAN_POINT('Ctrl Pts',(0.908755847281022,-83.6148482901744,15.5271933853521));
#6389=CARTESIAN_POINT('Ctrl Pts',(0.600470452774665,-83.2197472766835,16.0539947366734));
#6390=CARTESIAN_POINT('Ctrl Pts',(0.446628969556784,-83.0225828082413,16.3168806945964));
#6391=CARTESIAN_POINT('Ctrl Pts',(0.292787486338904,-82.8254183397991,16.5797666525193));
#6392=CARTESIAN_POINT('Ctrl Pts',(0.138946003121023,-82.6282538713569,16.8426526104422));
#6393=CARTESIAN_POINT('',(0.13894600312101,-82.1128362713572,16.4560894104424));
#6394=CARTESIAN_POINT('Ctrl Pts',(1.66085720057904,-83.8462700093497,14.1448444264525));
#6395=CARTESIAN_POINT('Ctrl Pts',(1.39338199766811,-83.4406223767698,14.685707936559));
#6396=CARTESIAN_POINT('Ctrl Pts',(0.90875584728102,-83.0994306901748,15.1406301853524));
#6397=CARTESIAN_POINT('Ctrl Pts',(0.44662896955678,-82.5071652082416,15.9303174945966));
#6398=CARTESIAN_POINT('Ctrl Pts',(0.292787486338895,-82.3100007397994,16.1932034525195));
#6399=CARTESIAN_POINT('Ctrl Pts',(0.13894600312101,-82.1128362713572,16.4560894104425));
#6400=CARTESIAN_POINT('',(0.13894600312101,-82.1128362713572,16.4560894104424));
#6401=CARTESIAN_POINT('Ctrl Pts',(-0.921256991990586,-85.5247010034783,
14.2784564342803));
#6402=CARTESIAN_POINT('Ctrl Pts',(-0.92125699199059,-83.4757077234783,12.7417114742803));
#6403=CARTESIAN_POINT('Ctrl Pts',(-0.838965208711965,-85.5078063221853,
14.3009826760042));
#6404=CARTESIAN_POINT('Ctrl Pts',(-0.838965208711969,-83.4588130421854,
12.7642377160042));
#6405=CARTESIAN_POINT('Ctrl Pts',(-0.789030467831924,-85.4580950396551,
14.3672643860445));
#6406=CARTESIAN_POINT('Ctrl Pts',(-0.789030467831929,-83.4091017596552,
12.8305194260445));
#6407=CARTESIAN_POINT('Ctrl Pts',(-0.756393248297481,-85.409694268594,14.4317987474594));
#6408=CARTESIAN_POINT('Ctrl Pts',(-0.756393248297486,-83.360700988594,12.8950537874593));
#6409=CARTESIAN_POINT('',(-0.921256991990587,-84.9017890034783,13.8112724342803));
#6410=CARTESIAN_POINT('',(-0.756393248297483,-84.786782268594,13.9646147474594));
#6411=CARTESIAN_POINT('Ctrl Pts',(-0.921256991990587,-84.9017890034783,
13.8112724342803));
#6412=CARTESIAN_POINT('Ctrl Pts',(-0.838965208711966,-84.8848943221853,
13.8337986760042));
#6413=CARTESIAN_POINT('Ctrl Pts',(-0.789030467831926,-84.8351830396551,
13.9000803860445));
#6414=CARTESIAN_POINT('Ctrl Pts',(-0.756393248297482,-84.786782268594,13.9646147474594));
#6415=CARTESIAN_POINT('',(-0.921256991990588,-84.3863714034783,13.4247092342803));
#6416=CARTESIAN_POINT('',(-0.921256991990588,-84.6709538034783,13.6381460342803));
#6417=CARTESIAN_POINT('',(-0.756393248297484,-84.271364668594,13.5780515474594));
#6418=CARTESIAN_POINT('Ctrl Pts',(-0.921256991990588,-84.3863714034786,
13.4247092342806));
#6419=CARTESIAN_POINT('Ctrl Pts',(-0.838965208711968,-84.3694767221857,
13.4472354760045));
#6420=CARTESIAN_POINT('Ctrl Pts',(-0.789030467831927,-84.3197654396555,
13.5135171860447));
#6421=CARTESIAN_POINT('Ctrl Pts',(-0.756393248297484,-84.2713646685943,
13.5780515474596));
#6422=CARTESIAN_POINT('',(-0.756393248297483,-84.555947068594,13.7914883474594));
#6423=CARTESIAN_POINT('Ctrl Pts',(-0.756393248297481,-85.409694268594,14.4317987474594));
#6424=CARTESIAN_POINT('Ctrl Pts',(-0.756393248297486,-83.360700988594,12.8950537874593));
#6425=CARTESIAN_POINT('Ctrl Pts',(-0.536220146227712,-85.083147304219,14.8671946999593));
#6426=CARTESIAN_POINT('Ctrl Pts',(-0.536220146227716,-83.0341540242191,
13.3304497399593));
#6427=CARTESIAN_POINT('Ctrl Pts',(-0.795467708368243,-84.7427623227676,
15.3210413418945));
#6428=CARTESIAN_POINT('Ctrl Pts',(-0.795467708368248,-82.6937690427676,
13.7842963818945));
#6429=CARTESIAN_POINT('Ctrl Pts',(-1.03618428640648,-84.4548418767255,15.7049352699507));
#6430=CARTESIAN_POINT('Ctrl Pts',(-1.03618428640649,-82.4058485967255,14.1681903099507));
#6431=CARTESIAN_POINT('',(-1.03618428640648,-83.8319298767255,15.2377512699507));
#6432=CARTESIAN_POINT('Ctrl Pts',(-0.756393248297482,-84.786782268594,13.9646147474594));
#6433=CARTESIAN_POINT('Ctrl Pts',(-0.536220146227713,-84.460235304219,14.4000106999593));
#6434=CARTESIAN_POINT('Ctrl Pts',(-0.795467708368245,-84.1198503227676,
14.8538573418945));
#6435=CARTESIAN_POINT('Ctrl Pts',(-1.03618428640648,-83.8319298767255,15.2377512699507));
#6436=CARTESIAN_POINT('',(-1.03618428640648,-83.3165122767255,14.8511880699507));
#6437=CARTESIAN_POINT('Ctrl Pts',(-0.756393248297484,-84.2713646685943,
13.5780515474596));
#6438=CARTESIAN_POINT('Ctrl Pts',(-0.536220146227714,-83.9448177042194,
14.0134474999596));
#6439=CARTESIAN_POINT('Ctrl Pts',(-0.795467708368246,-83.604432722768,14.4672941418948));
#6440=CARTESIAN_POINT('Ctrl Pts',(-1.03618428640648,-83.3165122767258,14.851188069951));
#6441=CARTESIAN_POINT('',(-1.03618428640648,-83.6010946767255,15.0646248699507));
#6442=CARTESIAN_POINT('Ctrl Pts',(-1.03618428640648,-84.4548418767255,15.7049352699507));
#6443=CARTESIAN_POINT('Ctrl Pts',(-1.03618428640649,-82.4058485967255,14.1681903099507));
#6444=CARTESIAN_POINT('Ctrl Pts',(-1.33615627864555,-84.0960305669861,16.1833503496032));
#6445=CARTESIAN_POINT('Ctrl Pts',(-1.33615627864556,-82.0470372869862,14.6466053896031));
#6446=CARTESIAN_POINT('Ctrl Pts',(-1.6409137244767,-83.7386484904876,16.6598597849346));
#6447=CARTESIAN_POINT('Ctrl Pts',(-1.64091372447671,-81.6896552104876,15.1231148249345));
#6448=CARTESIAN_POINT('Ctrl Pts',(-1.95040286540594,-83.3827449675226,17.1343978155546));
#6449=CARTESIAN_POINT('Ctrl Pts',(-1.95040286540595,-81.3337516875226,15.5976528555546));
#6450=CARTESIAN_POINT('',(-1.95040286540594,-82.7598329675226,16.6672138155546));
#6451=CARTESIAN_POINT('Ctrl Pts',(-1.03618428640648,-83.8319298767255,15.2377512699507));
#6452=CARTESIAN_POINT('Ctrl Pts',(-1.18617177981306,-83.6525224308769,15.4769611977489));
#6453=CARTESIAN_POINT('Ctrl Pts',(-1.33735416389891,-83.4734740906343,15.7156923180723));
#6454=CARTESIAN_POINT('Ctrl Pts',(-1.64209746235775,-83.1161051741777,16.1921842066811));
#6455=CARTESIAN_POINT('Ctrl Pts',(-1.79565912209994,-82.9377837777967,16.4299460685224));
#6456=CARTESIAN_POINT('Ctrl Pts',(-1.95040286540594,-82.7598329675226,16.6672138155546));
#6457=CARTESIAN_POINT('',(-1.95040286540594,-82.2444153675226,16.2806506155546));
#6458=CARTESIAN_POINT('Origin',(-113.42618489122,-117.1422888285,-30.2498473305958));
#6459=CARTESIAN_POINT('',(-1.95040286540594,-82.5289977675226,16.4940874155546));
#6460=CARTESIAN_POINT('Ctrl Pts',(-3.61841123318933,-87.07773038455,12.2077505928514));
#6461=CARTESIAN_POINT('Ctrl Pts',(-3.61841123318933,-85.02873710455,10.6710056328514));
#6462=CARTESIAN_POINT('Ctrl Pts',(-4.11081913268548,-87.093047019377,12.187328413082));
#6463=CARTESIAN_POINT('Ctrl Pts',(-4.11081913268549,-85.044053739377,10.650583453082));
#6464=CARTESIAN_POINT('Ctrl Pts',(-4.61067051865104,-86.9911059352087,12.3232498586398));
#6465=CARTESIAN_POINT('Ctrl Pts',(-4.61067051865104,-84.9421126552087,10.7865048986398));
#6466=CARTESIAN_POINT('Ctrl Pts',(-4.9854621065858,-86.7989127911484,12.5795073840535));
#6467=CARTESIAN_POINT('Ctrl Pts',(-4.98546210658581,-84.7499195111484,11.0427624240535));
#6468=CARTESIAN_POINT('',(-3.61841123318933,-86.45481838455,11.7405665928514));
#6469=CARTESIAN_POINT('',(-4.98546210658581,-86.1760007911484,12.1123233840535));
#6470=CARTESIAN_POINT('Ctrl Pts',(-3.61841123318933,-86.45481838455,11.7405665928514));
#6471=CARTESIAN_POINT('Ctrl Pts',(-4.11081913268548,-86.470135019377,11.720144413082));
#6472=CARTESIAN_POINT('Ctrl Pts',(-4.61067051865104,-86.3681939352087,11.8560658586398));
#6473=CARTESIAN_POINT('Ctrl Pts',(-4.98546210658581,-86.1760007911484,12.1123233840535));
#6474=CARTESIAN_POINT('',(-3.61841123318933,-85.93940078455,11.3540033928514));
#6475=CARTESIAN_POINT('',(-3.61841123318933,-86.22398318455,11.5674401928514));
#6476=CARTESIAN_POINT('',(-4.98546210658581,-85.6605831911484,11.7257601840535));
#6477=CARTESIAN_POINT('Ctrl Pts',(-3.61841123318933,-85.9394007845504,11.3540033928517));
#6478=CARTESIAN_POINT('Ctrl Pts',(-4.11081913268548,-85.9547174193774,11.3335812130823));
#6479=CARTESIAN_POINT('Ctrl Pts',(-4.61067051865104,-85.8527763352091,11.4695026586401));
#6480=CARTESIAN_POINT('Ctrl Pts',(-4.9854621065858,-85.6605831911488,11.7257601840538));
#6481=CARTESIAN_POINT('',(-4.98546210658581,-85.9451655911484,11.9391969840535));
#6482=CARTESIAN_POINT('Ctrl Pts',(-4.9854621065858,-86.7989127911484,12.5795073840535));
#6483=CARTESIAN_POINT('Ctrl Pts',(-4.98546210658581,-84.7499195111484,11.0427624240535));
#6484=CARTESIAN_POINT('Ctrl Pts',(-4.2612947554134,-86.7216592419636,12.6825121162999));
#6485=CARTESIAN_POINT('Ctrl Pts',(-4.2612947554134,-84.6726659619636,11.1457671562998));
#6486=CARTESIAN_POINT('Ctrl Pts',(-3.57821777297227,-86.5871378278866,12.8618740017359));
#6487=CARTESIAN_POINT('Ctrl Pts',(-3.57821777297227,-84.5381445478866,11.3251290417359));
#6488=CARTESIAN_POINT('Ctrl Pts',(-2.87078929727088,-86.47411249204,13.0125744495314));
#6489=CARTESIAN_POINT('Ctrl Pts',(-2.87078929727088,-84.42511921204,11.4758294895313));
#6490=CARTESIAN_POINT('',(-2.87078929727088,-85.85120049204,12.5453904495314));
#6491=CARTESIAN_POINT('Ctrl Pts',(-4.98546210658581,-86.1760007911484,12.1123233840535));
#6492=CARTESIAN_POINT('Ctrl Pts',(-4.2612947554134,-86.0987472419636,12.2153281162999));
#6493=CARTESIAN_POINT('Ctrl Pts',(-3.57821777297227,-85.9642258278866,12.3946900017359));
#6494=CARTESIAN_POINT('Ctrl Pts',(-2.87078929727088,-85.85120049204,12.5453904495314));
#6495=CARTESIAN_POINT('',(-2.87078929727088,-85.33578289204,12.1588272495314));
#6496=CARTESIAN_POINT('Ctrl Pts',(-4.98546210658581,-85.6605831911488,11.7257601840538));
#6497=CARTESIAN_POINT('Ctrl Pts',(-4.2612947554134,-85.583329641964,11.8287649163001));
#6498=CARTESIAN_POINT('Ctrl Pts',(-3.57821777297227,-85.448808227887,12.0081268017362));
#6499=CARTESIAN_POINT('Ctrl Pts',(-2.87078929727088,-85.3357828920404,12.1588272495317));
#6500=CARTESIAN_POINT('',(-2.87078929727088,-85.62036529204,12.3722640495314));
#6501=CARTESIAN_POINT('Ctrl Pts',(-2.87078929727088,-86.47411249204,13.0125744495314));
#6502=CARTESIAN_POINT('Ctrl Pts',(-2.87078929727088,-84.42511921204,11.4758294895313));
#6503=CARTESIAN_POINT('Ctrl Pts',(-2.35307832729082,-86.3914175270292,13.122834402879));
#6504=CARTESIAN_POINT('Ctrl Pts',(-2.35307832729082,-84.3424242470293,11.586089442879));
#6505=CARTESIAN_POINT('Ctrl Pts',(-1.99295503745711,-86.1517973982947,13.4423279078585));
#6506=CARTESIAN_POINT('Ctrl Pts',(-1.99295503745712,-84.1028041182947,11.9055829478584));
#6507=CARTESIAN_POINT('Ctrl Pts',(-2.13234657934648,-85.7974729209749,13.9147605442848));
#6508=CARTESIAN_POINT('Ctrl Pts',(-2.13234657934649,-83.7484796409749,12.3780155842848));
#6509=CARTESIAN_POINT('',(-2.13234657934648,-85.1745609209749,13.4475765442848));
#6510=CARTESIAN_POINT('Ctrl Pts',(-2.87078929727088,-85.85120049204,12.5453904495314));
#6511=CARTESIAN_POINT('Ctrl Pts',(-2.35307832729082,-85.7685055270292,12.655650402879));
#6512=CARTESIAN_POINT('Ctrl Pts',(-1.99295503745712,-85.5288853982947,12.9751439078584));
#6513=CARTESIAN_POINT('Ctrl Pts',(-2.13234657934648,-85.1745609209749,13.4475765442848));
#6514=CARTESIAN_POINT('',(-2.13234657934648,-84.6591433209749,13.0610133442848));
#6515=CARTESIAN_POINT('Ctrl Pts',(-2.87078929727088,-85.3357828920404,12.1588272495317));
#6516=CARTESIAN_POINT('Ctrl Pts',(-2.35307832729082,-85.2530879270297,12.2690872028793));
#6517=CARTESIAN_POINT('Ctrl Pts',(-1.99295503745712,-85.0134677982951,12.5885807078587));
#6518=CARTESIAN_POINT('Ctrl Pts',(-2.13234657934648,-84.6591433209753,13.0610133442851));
#6519=CARTESIAN_POINT('',(-2.13234657934648,-84.9437257209749,13.2744501442848));
#6520=CARTESIAN_POINT('Ctrl Pts',(-2.13234657934648,-85.7974729209749,13.9147605442848));
#6521=CARTESIAN_POINT('Ctrl Pts',(-2.13234657934649,-83.7484796409749,12.3780155842848));
#6522=CARTESIAN_POINT('Ctrl Pts',(-2.18200114309066,-85.6713814218932,14.0828825430605));
#6523=CARTESIAN_POINT('Ctrl Pts',(-2.18200114309066,-83.6223881418932,12.5461375830604));
#6524=CARTESIAN_POINT('Ctrl Pts',(-2.29720861464243,-85.5586922986096,14.2331347074385));
#6525=CARTESIAN_POINT('Ctrl Pts',(-2.29720861464243,-83.5096990186096,12.6963897474385));
#6526=CARTESIAN_POINT('Ctrl Pts',(-2.4106820630667,-85.4484550669443,14.3801176829922));
#6527=CARTESIAN_POINT('Ctrl Pts',(-2.41068206306671,-83.3994617869444,12.8433727229922));
#6528=CARTESIAN_POINT('',(-2.4106820630667,-84.8255430669443,13.9129336829922));
#6529=CARTESIAN_POINT('Ctrl Pts',(-2.13234657934648,-85.1745609209749,13.4475765442848));
#6530=CARTESIAN_POINT('Ctrl Pts',(-2.18200114309066,-85.0484694218932,13.6156985430604));
#6531=CARTESIAN_POINT('Ctrl Pts',(-2.29720861464243,-84.9357802986096,13.7659507074385));
#6532=CARTESIAN_POINT('Ctrl Pts',(-2.4106820630667,-84.8255430669443,13.9129336829922));
#6533=CARTESIAN_POINT('',(-2.41068206306671,-84.3101254669444,13.5263704829922));
#6534=CARTESIAN_POINT('Ctrl Pts',(-2.13234657934648,-84.6591433209752,13.0610133442851));
#6535=CARTESIAN_POINT('Ctrl Pts',(-2.18200114309066,-84.5330518218935,13.2291353430607));
#6536=CARTESIAN_POINT('Ctrl Pts',(-2.29720861464243,-84.42036269861,13.3793875074388));
#6537=CARTESIAN_POINT('Ctrl Pts',(-2.4106820630667,-84.3101254669447,13.5263704829925));
#6538=CARTESIAN_POINT('',(-2.4106820630667,-84.5947078669444,13.7398072829922));
#6539=CARTESIAN_POINT('Ctrl Pts',(-2.4106820630667,-85.4484550669443,14.3801176829922));
#6540=CARTESIAN_POINT('Ctrl Pts',(-2.41068206306671,-83.3994617869444,12.8433727229922));
#6541=CARTESIAN_POINT('Ctrl Pts',(-2.96103498398147,-84.9138923671701,15.0928679493578));
#6542=CARTESIAN_POINT('Ctrl Pts',(-2.96103498398148,-82.8648990871702,13.5561229893578));
#6543=CARTESIAN_POINT('Ctrl Pts',(-3.51771473013572,-84.3744818256245,15.812082004752));
#6544=CARTESIAN_POINT('Ctrl Pts',(-3.51771473013572,-82.3254885456245,14.275337044752));
#6545=CARTESIAN_POINT('Ctrl Pts',(-4.22681793121999,-83.9139562641378,16.4261160867342));
#6546=CARTESIAN_POINT('Ctrl Pts',(-4.22681793121999,-81.8649629841379,14.8893711267342));
#6547=CARTESIAN_POINT('',(-4.22681793121999,-83.2910442641378,15.9589320867342));
#6548=CARTESIAN_POINT('Ctrl Pts',(-2.4106820630667,-84.8255430669443,13.9129336829922));
#6549=CARTESIAN_POINT('Ctrl Pts',(-2.96103498398147,-84.2909803671702,14.6256839493578));
#6550=CARTESIAN_POINT('Ctrl Pts',(-3.51771473013572,-83.7515698256245,15.344898004752));
#6551=CARTESIAN_POINT('Ctrl Pts',(-4.22681793121999,-83.2910442641379,15.9589320867342));
#6552=CARTESIAN_POINT('',(-4.22681793122162,-82.7756266641368,15.5723688867356));
#6553=CARTESIAN_POINT('Ctrl Pts',(-2.4106820630667,-84.3101254669447,13.5263704829925));
#6554=CARTESIAN_POINT('Ctrl Pts',(-2.96103498398147,-83.7755627671705,14.239120749358));
#6555=CARTESIAN_POINT('Ctrl Pts',(-3.51771473013572,-83.2361522256249,14.9583348047523));
#6556=CARTESIAN_POINT('Ctrl Pts',(-4.22681793121999,-82.7756266641382,15.5723688867345));
#6557=CARTESIAN_POINT('',(-4.22681793121999,-83.0602090641379,15.7858056867342));
#6558=CARTESIAN_POINT('Ctrl Pts',(-6.64691593908574,-91.1150979463232,6.82459384382039));
#6559=CARTESIAN_POINT('Ctrl Pts',(-6.64691593908574,-89.0661046663232,5.28784888382032));
#6560=CARTESIAN_POINT('Ctrl Pts',(-6.61287954226912,-91.34124907177,6.52305900989131));
#6561=CARTESIAN_POINT('Ctrl Pts',(-6.61287954226913,-89.29225579177,4.98631404989124));
#6562=CARTESIAN_POINT('Ctrl Pts',(-6.54766148030683,-91.5637725866662,6.22636099002976));
#6563=CARTESIAN_POINT('Ctrl Pts',(-6.54766148030684,-89.5147793066662,4.68961603002969));
#6564=CARTESIAN_POINT('Ctrl Pts',(-6.37328196437718,-91.7676209287389,5.95456320059945));
#6565=CARTESIAN_POINT('Ctrl Pts',(-6.37328196437719,-89.7186276487389,4.41781824059938));
#6566=CARTESIAN_POINT('',(-6.64691593908574,-90.4921859463232,6.35740984382037));
#6567=CARTESIAN_POINT('',(-6.37328196437718,-91.1447089287389,5.48737920059943));
#6568=CARTESIAN_POINT('Ctrl Pts',(-6.64691593908574,-90.4921859463232,6.35740984382036));
#6569=CARTESIAN_POINT('Ctrl Pts',(-6.61287954226912,-90.71833707177,6.05587500989128));
#6570=CARTESIAN_POINT('Ctrl Pts',(-6.54766148030684,-90.9408605866662,5.75917699002973));
#6571=CARTESIAN_POINT('Ctrl Pts',(-6.37328196437719,-91.1447089287389,5.48737920059942));
#6572=CARTESIAN_POINT('',(-6.64691593908574,-89.9767683463232,5.97084664382036));
#6573=CARTESIAN_POINT('',(-6.64691593908574,-90.2613507463232,6.18428344382037));
#6574=CARTESIAN_POINT('',(-6.37328196437719,-90.6292913287389,5.10081600059943));
#6575=CARTESIAN_POINT('Ctrl Pts',(-6.64691593908574,-89.9767683463238,5.97084664382079));
#6576=CARTESIAN_POINT('Ctrl Pts',(-6.61287954226912,-90.2029194717706,5.66931180989172));
#6577=CARTESIAN_POINT('Ctrl Pts',(-6.54766148030684,-90.4254429866668,5.37261379003017));
#6578=CARTESIAN_POINT('Ctrl Pts',(-6.37328196437719,-90.6292913287395,5.10081600059986));
#6579=CARTESIAN_POINT('',(-6.37328196437718,-90.9138737287389,5.31425280059943));
#6580=CARTESIAN_POINT('Ctrl Pts',(-6.37328196437718,-91.7676209287389,5.95456320059945));
#6581=CARTESIAN_POINT('Ctrl Pts',(-6.37328196437719,-89.7186276487389,4.41781824059939));
#6582=CARTESIAN_POINT('Ctrl Pts',(-6.33608643006929,-91.8110888785405,5.89660593419724));
#6583=CARTESIAN_POINT('Ctrl Pts',(-6.33608643006929,-89.7620955985406,4.35986097419718));
#6584=CARTESIAN_POINT('Ctrl Pts',(-6.28857234012408,-91.8608185994157,5.83029963969701));
#6585=CARTESIAN_POINT('Ctrl Pts',(-6.28857234012409,-89.8118253194158,4.29355467969696));
#6586=CARTESIAN_POINT('Ctrl Pts',(-6.23289428368938,-91.9113280299419,5.76295373232882));
#6587=CARTESIAN_POINT('Ctrl Pts',(-6.23289428368938,-89.8623347499419,4.22620877232876));
#6588=CARTESIAN_POINT('',(-6.23289428368938,-91.2884160299419,5.2957697323288));
#6589=CARTESIAN_POINT('Ctrl Pts',(-6.37328196437719,-91.1447089287389,5.48737920059943));
#6590=CARTESIAN_POINT('Ctrl Pts',(-6.33608643006929,-91.1881768785406,5.42942193419722));
#6591=CARTESIAN_POINT('Ctrl Pts',(-6.28857234012408,-91.2379065994158,5.363115639697));
#6592=CARTESIAN_POINT('Ctrl Pts',(-6.23289428368938,-91.2884160299419,5.2957697323288));
#6593=CARTESIAN_POINT('',(-6.23289428368938,-90.7729984299419,4.9092065323288));
#6594=CARTESIAN_POINT('Origin',(-6.18507656117448,-90.6801364156576,5.03302255137576));
#6595=CARTESIAN_POINT('',(-6.23289428368938,-91.0575808299419,5.1226433323288));
#6596=CARTESIAN_POINT('Ctrl Pts',(-3.57241723261239,-93.3422683741921,3.85503327332918));
#6597=CARTESIAN_POINT('Ctrl Pts',(-3.5724172326124,-91.7030737501918,2.62563730532891));
#6598=CARTESIAN_POINT('Ctrl Pts',(-4.00953182010867,-92.8651341862212,4.49121219062359));
#6599=CARTESIAN_POINT('Ctrl Pts',(-4.00953182010867,-91.225939562221,3.26181622262332));
#6600=CARTESIAN_POINT('Ctrl Pts',(-4.44466083630182,-92.2902275363718,5.25775439042284));
#6601=CARTESIAN_POINT('Ctrl Pts',(-4.44466083630182,-90.6510329123716,4.02835842242257));
#6602=CARTESIAN_POINT('Ctrl Pts',(-4.59779879244394,-91.6232091725608,6.14711220883752));
#6603=CARTESIAN_POINT('Ctrl Pts',(-4.59779879244394,-89.9840145485606,4.91771624083725));
#6604=CARTESIAN_POINT('Ctrl Pts',(-4.69403861906309,-91.204020270592,6.7060307447959));
#6605=CARTESIAN_POINT('Ctrl Pts',(-4.69403861906309,-89.5648256465918,5.47663477679562));
#6606=CARTESIAN_POINT('Ctrl Pts',(-4.66974459824528,-90.7405464648778,7.32399581908149));
#6607=CARTESIAN_POINT('Ctrl Pts',(-4.66974459824528,-89.1013518408776,6.09459985108122));
#6608=CARTESIAN_POINT('Ctrl Pts',(-4.40878255078418,-90.2814222086393,7.93616149406619));
#6609=CARTESIAN_POINT('Ctrl Pts',(-4.40878255078419,-88.6422275846391,6.70676552606592));
#6610=CARTESIAN_POINT('Ctrl Pts',(-4.40202047118919,-90.2695253263345,7.95202400380598));
#6611=CARTESIAN_POINT('Ctrl Pts',(-4.4020204711892,-88.6303307023342,6.72262803580571));
#6612=CARTESIAN_POINT('Ctrl Pts',(-4.40010333316092,-90.2661533265533,7.95652000351421));
#6613=CARTESIAN_POINT('Ctrl Pts',(-4.40010333316092,-88.6269587025531,6.72712403551394));
#6614=CARTESIAN_POINT('Ctrl Pts',(-4.39576839116127,-90.2585270962732,7.96668831055439));
#6615=CARTESIAN_POINT('Ctrl Pts',(-4.39576839116128,-88.6193324722729,6.73729234255412));
#6616=CARTESIAN_POINT('',(-3.90308909137196,-92.3337188847524,3.90203259258139));
#6617=CARTESIAN_POINT('',(-4.4088555106759,-89.6586385817064,7.46880632997607));
#6618=CARTESIAN_POINT('Ctrl Pts',(-3.90308909137195,-92.3337188847525,3.90203259258137));
#6619=CARTESIAN_POINT('Ctrl Pts',(-4.21386971469733,-91.9417799122008,4.42461788931695));
#6620=CARTESIAN_POINT('Ctrl Pts',(-4.48387098952179,-91.4965290579279,5.01828569501406));
#6621=CARTESIAN_POINT('Ctrl Pts',(-4.59779879244394,-91.0002971725606,5.67992820883728));
#6622=CARTESIAN_POINT('Ctrl Pts',(-4.69402964938448,-90.5811473395496,6.2387946528519));
#6623=CARTESIAN_POINT('Ctrl Pts',(-4.66974912566775,-90.1177208572312,6.85669662927637));
#6624=CARTESIAN_POINT('Ctrl Pts',(-4.40885551063651,-89.6586385817086,7.46880632997315));
#6625=CARTESIAN_POINT('',(-3.90308909137198,-91.818301284753,3.51546939258184));
#6626=CARTESIAN_POINT('Ctrl Pts',(-3.90308909137198,-91.818301284753,3.51546939258187));
#6627=CARTESIAN_POINT('Ctrl Pts',(-3.90308909137198,-91.9226481647538,3.59372955258245));
#6628=CARTESIAN_POINT('Ctrl Pts',(-3.90308909137196,-92.0269950447547,3.67198971258302));
#6629=CARTESIAN_POINT('Ctrl Pts',(-3.90308909137196,-92.1988009114211,3.80084411258286));
#6630=CARTESIAN_POINT('Ctrl Pts',(-3.90308909137196,-92.2662598980868,3.85143835258213));
#6631=CARTESIAN_POINT('Ctrl Pts',(-3.90308909137196,-92.3337188847524,3.90203259258139));
#6632=CARTESIAN_POINT('',(-4.40882379237339,-89.1431651735341,7.08231754087363));
#6633=CARTESIAN_POINT('Ctrl Pts',(-3.90308909137197,-91.818301284753,3.51546939258188));
#6634=CARTESIAN_POINT('Ctrl Pts',(-4.21386971469734,-91.4263623122014,4.03805468931743));
#6635=CARTESIAN_POINT('Ctrl Pts',(-4.48387098952179,-90.9811114579286,4.63172249501454));
#6636=CARTESIAN_POINT('Ctrl Pts',(-4.69403354884404,-90.0657127547922,5.85225409919642));
#6637=CARTESIAN_POINT('Ctrl Pts',(-4.66974715768275,-89.602265699293,6.4701835065287));
#6638=CARTESIAN_POINT('Ctrl Pts',(-4.40882379373653,-89.1431651730382,7.08231754153493));
#6639=CARTESIAN_POINT('',(-4.4088555106759,-89.4278033817064,7.29567992997607));
#6640=CARTESIAN_POINT('Ctrl Pts',(-4.41786499100473,-90.2974041374712,7.9148522556231));
#6641=CARTESIAN_POINT('Ctrl Pts',(-4.41786499100474,-88.6582095134712,6.68545628762306));
#6642=CARTESIAN_POINT('Ctrl Pts',(-4.41484068494558,-90.2920824136698,7.9219478873583));
#6643=CARTESIAN_POINT('Ctrl Pts',(-4.41484068494559,-88.6528877896698,6.69255191935826));
#6644=CARTESIAN_POINT('Ctrl Pts',(-4.4118163788864,-90.2867606898683,7.92904351909357));
#6645=CARTESIAN_POINT('Ctrl Pts',(-4.4118163788864,-88.6475660658683,6.69964755109353));
#6646=CARTESIAN_POINT('Ctrl Pts',(-4.40879207282717,-90.2814389660668,7.93613915082894));
#6647=CARTESIAN_POINT('Ctrl Pts',(-4.40879207282718,-88.6422443420668,6.7067431828289));
#6648=CARTESIAN_POINT('Ctrl Pts',(-4.1252402109534,-89.7824865906292,8.60140898474572));
#6649=CARTESIAN_POINT('Ctrl Pts',(-4.1252402109534,-88.1432919666292,7.37201301674568));
#6650=CARTESIAN_POINT('Ctrl Pts',(-3.67251603848328,-89.4102135619234,9.09777302302013));
#6651=CARTESIAN_POINT('Ctrl Pts',(-3.67251603848328,-87.7710189379234,7.86837705502009));
#6652=CARTESIAN_POINT('Ctrl Pts',(-3.28781028572464,-89.1049130550221,9.50484036555513));
#6653=CARTESIAN_POINT('Ctrl Pts',(-3.28781028572464,-87.4657184310222,8.27544439755509));
#6654=CARTESIAN_POINT('Ctrl Pts',(-3.12662574169608,-88.9769978298307,9.67539399914372));
#6655=CARTESIAN_POINT('Ctrl Pts',(-3.12662574169609,-87.3378032058307,8.44599803114369));
#6656=CARTESIAN_POINT('Ctrl Pts',(-2.97445863171911,-88.8603103071435,9.83097736272667));
#6657=CARTESIAN_POINT('Ctrl Pts',(-2.97445863171911,-87.2211156831435,8.60158139472663));
#6658=CARTESIAN_POINT('Ctrl Pts',(-2.84029340974235,-88.7523484395136,9.97492651956646));
#6659=CARTESIAN_POINT('Ctrl Pts',(-2.84029340974235,-87.1131538155137,8.74553055156642));
#6660=CARTESIAN_POINT('Ctrl Pts',(-2.79327199801393,-88.7145106201891,10.0253769453325));
#6661=CARTESIAN_POINT('Ctrl Pts',(-2.79327199801393,-87.0753159961892,8.79598097733245));
#6662=CARTESIAN_POINT('Ctrl Pts',(-2.74843598617314,-88.6777698358221,10.0743646578218));
#6663=CARTESIAN_POINT('Ctrl Pts',(-2.74843598617314,-87.0385752118222,8.84496868982177));
#6664=CARTESIAN_POINT('Ctrl Pts',(-2.7060726611688,-88.6420938329176,10.1219326616946));
#6665=CARTESIAN_POINT('Ctrl Pts',(-2.70607266116881,-87.0028992089176,8.89253669369455));
#6666=CARTESIAN_POINT('Ctrl Pts',(-2.70108615176753,-88.6378944759534,10.1275318043135));
#6667=CARTESIAN_POINT('Ctrl Pts',(-2.70108615176754,-86.9986998519534,8.89813583631348));
#6668=CARTESIAN_POINT('Ctrl Pts',(-2.69712493365648,-88.6345502650873,10.131990752135));
#6669=CARTESIAN_POINT('Ctrl Pts',(-2.69712493365648,-86.9953556410873,8.90259478413493));
#6670=CARTESIAN_POINT('Ctrl Pts',(-2.69121482496638,-88.6295390383268,10.1386723878156));
#6671=CARTESIAN_POINT('Ctrl Pts',(-2.69121482496638,-86.9903444143268,8.90927641981558));
#6672=CARTESIAN_POINT('Ctrl Pts',(-2.68580168865273,-88.6249491982789,10.1447921745461));
#6673=CARTESIAN_POINT('Ctrl Pts',(-2.68580168865273,-86.9857545742789,8.91539620654609));
#6674=CARTESIAN_POINT('Ctrl Pts',(-2.6803885523391,-88.620359358231,10.1509119612766));
#6675=CARTESIAN_POINT('Ctrl Pts',(-2.6803885523391,-86.981164734231,8.92151599327659));
#6676=CARTESIAN_POINT('Ctrl Pts',(-2.67497541602547,-88.6157695181832,10.1570317480071));
#6677=CARTESIAN_POINT('Ctrl Pts',(-2.67497541602547,-86.9765748941832,8.92763578000708));
#6678=CARTESIAN_POINT('',(-2.6912806742294,-88.0066828717417,9.67141394326244));
#6679=CARTESIAN_POINT('Ctrl Pts',(-4.40885550413529,-89.6586385830445,7.46880632819191));
#6680=CARTESIAN_POINT('Ctrl Pts',(-4.40883436036592,-89.6586013773853,7.46885593573758));
#6681=CARTESIAN_POINT('Ctrl Pts',(-4.40881321659655,-89.658564171726,7.46890554328325));
#6682=CARTESIAN_POINT('Ctrl Pts',(-4.40879207282718,-89.6585269660668,7.46895515082892));
#6683=CARTESIAN_POINT('Ctrl Pts',(-4.1252402109534,-89.1595745906292,8.1342249847457));
#6684=CARTESIAN_POINT('Ctrl Pts',(-3.67251603848328,-88.7873015619234,8.63058902302011));
#6685=CARTESIAN_POINT('Ctrl Pts',(-3.28781028572464,-88.4820010550222,9.03765636555512));
#6686=CARTESIAN_POINT('Ctrl Pts',(-3.12662574169608,-88.3540858298307,9.20820999914371));
#6687=CARTESIAN_POINT('Ctrl Pts',(-2.97445863171911,-88.2373983071435,9.36379336272666));
#6688=CARTESIAN_POINT('Ctrl Pts',(-2.84029340974235,-88.1294364395137,9.50774251956644));
#6689=CARTESIAN_POINT('Ctrl Pts',(-2.79327199801393,-88.0915986201891,9.55819294533247));
#6690=CARTESIAN_POINT('Ctrl Pts',(-2.74843598617314,-88.0548578358222,9.60718065782179));
#6691=CARTESIAN_POINT('Ctrl Pts',(-2.7060726611688,-88.0191818329176,9.65474866169457));
#6692=CARTESIAN_POINT('Ctrl Pts',(-2.70110469329362,-88.0149980905808,9.6603269848102));
#6693=CARTESIAN_POINT('Ctrl Pts',(-2.69715440612577,-88.0116631467215,9.66477357662267));
#6694=CARTESIAN_POINT('Ctrl Pts',(-2.69128067162352,-88.0066828696125,9.6714139461013));
#6695=CARTESIAN_POINT('',(-2.69128067442345,-87.4912652716598,9.28485074337266));
#6696=CARTESIAN_POINT('Ctrl Pts',(-4.4087920728271,-89.1431093660672,7.08239195082947));
#6697=CARTESIAN_POINT('Ctrl Pts',(-4.12524021095332,-88.6441569906297,7.74766178474616));
#6698=CARTESIAN_POINT('Ctrl Pts',(-3.67251603848325,-88.2718839619239,8.24402582302052));
#6699=CARTESIAN_POINT('Ctrl Pts',(-3.12662574169608,-87.8386682298312,8.82164679914409));
#6700=CARTESIAN_POINT('Ctrl Pts',(-2.97445863171911,-87.721980707144,8.97723016272703));
#6701=CARTESIAN_POINT('Ctrl Pts',(-2.79327199801393,-87.5761810201897,9.17162974533285));
#6702=CARTESIAN_POINT('Ctrl Pts',(-2.74843598617314,-87.5394402358226,9.22061745782213));
#6703=CARTESIAN_POINT('Ctrl Pts',(-2.70110469401046,-87.499580491185,9.27376378400563));
#6704=CARTESIAN_POINT('Ctrl Pts',(-2.69715440726576,-87.4962455476844,9.27821037533983));
#6705=CARTESIAN_POINT('Ctrl Pts',(-2.69128067416613,-87.4912652717689,9.28485074322721));
#6706=CARTESIAN_POINT('',(-2.6912806742294,-87.7758476717417,9.49828754326244));
#6707=CARTESIAN_POINT('Ctrl Pts',(-2.71806476625942,-88.652304681986,10.1083181962699));
#6708=CARTESIAN_POINT('Ctrl Pts',(-2.71806476625942,-87.0131100579861,8.87892222826989));
#6709=CARTESIAN_POINT('Ctrl Pts',(-2.70911335861517,-88.6447149240005,10.118437873584));
#6710=CARTESIAN_POINT('Ctrl Pts',(-2.70911335861517,-87.0055203000005,8.889041905584));
#6711=CARTESIAN_POINT('Ctrl Pts',(-2.70016195097094,-88.6371251660149,10.1285575508981));
#6712=CARTESIAN_POINT('Ctrl Pts',(-2.70016195097094,-86.9979305420149,8.89916158289809));
#6713=CARTESIAN_POINT('Ctrl Pts',(-2.6912105433267,-88.6295354080293,10.1386772282122));
#6714=CARTESIAN_POINT('Ctrl Pts',(-2.69121054332671,-86.9903407840293,8.90928126021218));
#6715=CARTESIAN_POINT('Ctrl Pts',(-2.29498549739438,-88.2935824131521,10.5866145547151));
#6716=CARTESIAN_POINT('Ctrl Pts',(-2.29498549739439,-86.6543877891522,9.3572185867151));
#6717=CARTESIAN_POINT('Ctrl Pts',(-2.0112293499205,-87.8825631815691,11.1346401968259));
#6718=CARTESIAN_POINT('Ctrl Pts',(-2.0112293499205,-86.2433685575691,9.90524422882583));
#6719=CARTESIAN_POINT('Ctrl Pts',(-1.62953505217334,-87.3678363582126,11.8209426279679));
#6720=CARTESIAN_POINT('Ctrl Pts',(-1.62953505217334,-85.7286417342126,10.5915466599678));
#6721=CARTESIAN_POINT('Ctrl Pts',(-1.37669423060227,-87.0268725196898,12.2755610793316));
#6722=CARTESIAN_POINT('Ctrl Pts',(-1.37669423060227,-85.3876778956898,11.0461651113316));
#6723=CARTESIAN_POINT('Ctrl Pts',(-1.1238534090312,-86.685908681167,12.7301795306953));
#6724=CARTESIAN_POINT('Ctrl Pts',(-1.1238534090312,-85.0467140571671,11.5007835626953));
#6725=CARTESIAN_POINT('Ctrl Pts',(-0.871012587460124,-86.3449448426442,
13.184797982059));
#6726=CARTESIAN_POINT('Ctrl Pts',(-0.871012587460128,-84.7057502186443,
11.955402014059));
#6727=CARTESIAN_POINT('',(-1.0400415548261,-85.9499737470304,12.4136927762108));
#6728=CARTESIAN_POINT('Ctrl Pts',(-2.6912806748747,-88.0066828714677,9.67141394362776));
#6729=CARTESIAN_POINT('Ctrl Pts',(-2.69125729769204,-88.0066630503216,9.67144037182258));
#6730=CARTESIAN_POINT('Ctrl Pts',(-2.69123392050937,-88.0066432291755,9.67146680001739));
#6731=CARTESIAN_POINT('Ctrl Pts',(-2.6912105433267,-88.0066234080293,9.67149322821221));
#6732=CARTESIAN_POINT('Ctrl Pts',(-2.29498549739439,-87.6706704131521,10.1194305547151));
#6733=CARTESIAN_POINT('Ctrl Pts',(-2.0112293499205,-87.2596511815691,10.6674561968259));
#6734=CARTESIAN_POINT('Ctrl Pts',(-1.62953505217334,-86.7449243582126,11.3537586279679));
#6735=CARTESIAN_POINT('Ctrl Pts',(-1.43303721972426,-86.4799408211519,11.7070700107155));
#6736=CARTESIAN_POINT('Ctrl Pts',(-1.23653938727518,-86.2149572840911,12.0603813934632));
#6737=CARTESIAN_POINT('Ctrl Pts',(-1.0400415548261,-85.9499737470304,12.4136927762108));
#6738=CARTESIAN_POINT('',(-1.0400415548261,-85.4345561470308,12.0271295762111));
#6739=CARTESIAN_POINT('Ctrl Pts',(-2.69128067487471,-87.4912652714682,9.2848507436281));
#6740=CARTESIAN_POINT('Ctrl Pts',(-2.69125729769204,-87.491245450322,9.28487717182291));
#6741=CARTESIAN_POINT('Ctrl Pts',(-2.69123392050937,-87.4912256291759,9.28490360001773));
#6742=CARTESIAN_POINT('Ctrl Pts',(-2.6912105433267,-87.4912058080298,9.28493002821255));
#6743=CARTESIAN_POINT('Ctrl Pts',(-2.29498549739439,-87.1552528131526,9.73286735471546));
#6744=CARTESIAN_POINT('Ctrl Pts',(-2.0112293499205,-86.7442335815696,10.2808929968262));
#6745=CARTESIAN_POINT('Ctrl Pts',(-1.62953505217334,-86.2295067582131,10.9671954279682));
#6746=CARTESIAN_POINT('Ctrl Pts',(-1.43303721972426,-85.9645232211523,11.3205068107159));
#6747=CARTESIAN_POINT('Ctrl Pts',(-1.23653938727518,-85.6995396840916,11.6738181934635));
#6748=CARTESIAN_POINT('Ctrl Pts',(-1.0400415548261,-85.4345561470308,12.0271295762112));
#6749=CARTESIAN_POINT('',(-1.0400415548261,-85.4345561470308,12.0271295762111));
#6750=CARTESIAN_POINT('Ctrl Pts',(8.00431527425212,-88.8189229715977,9.88616047678767));
#6751=CARTESIAN_POINT('Ctrl Pts',(8.00431527425212,-86.7699296915978,8.34941551678761));
#6752=CARTESIAN_POINT('Ctrl Pts',(7.50821382007458,-88.867391907706,9.82153522864335));
#6753=CARTESIAN_POINT('Ctrl Pts',(7.50821382007457,-86.818398627706,8.2847902686433));
#6754=CARTESIAN_POINT('Ctrl Pts',(6.99979482230177,-88.8704147456585,9.81750477804004));
#6755=CARTESIAN_POINT('Ctrl Pts',(6.99979482230177,-86.8214214656585,8.28075981803999));
#6756=CARTESIAN_POINT('Ctrl Pts',(6.502183145026,-88.827824404212,9.87429189996869));
#6757=CARTESIAN_POINT('Ctrl Pts',(6.502183145026,-86.778831124212,8.33754693996864));
#6758=CARTESIAN_POINT('',(8.00431527425212,-88.1960109715977,9.41897647678766));
#6759=CARTESIAN_POINT('',(6.502183145026,-88.204912404212,9.40710789996869));
#6760=CARTESIAN_POINT('Ctrl Pts',(8.00431527425212,-88.1960109715977,9.41897647678766));
#6761=CARTESIAN_POINT('Ctrl Pts',(7.50821382007457,-88.244479907706,9.35435122864334));
#6762=CARTESIAN_POINT('Ctrl Pts',(6.99979482230177,-88.2475027456585,9.35032077804003));
#6763=CARTESIAN_POINT('Ctrl Pts',(6.502183145026,-88.204912404212,9.40710789996868));
#6764=CARTESIAN_POINT('',(8.00431527425212,-87.6805933715978,9.03241327678765));
#6765=CARTESIAN_POINT('',(8.00431527425212,-87.9651757715977,9.24585007678765));
#6766=CARTESIAN_POINT('',(6.502183145026,-87.689494804212,9.02054469996867));
#6767=CARTESIAN_POINT('Origin',(7.21945928049121,-85.4872252678964,11.9569040817238));
#6768=CARTESIAN_POINT('',(6.502183145026,-87.974077204212,9.23398149996867));
#6769=CARTESIAN_POINT('Ctrl Pts',(6.502183145026,-88.827824404212,9.87429189996869));
#6770=CARTESIAN_POINT('Ctrl Pts',(6.502183145026,-86.778831124212,8.33754693996864));
#6771=CARTESIAN_POINT('Ctrl Pts',(6.20162312252209,-88.8021297690967,9.90855141345571));
#6772=CARTESIAN_POINT('Ctrl Pts',(6.20162312252209,-86.7531364890967,8.37180645345566));
#6773=CARTESIAN_POINT('Ctrl Pts',(5.93890409733225,-88.6272684851651,10.1416997920311));
#6774=CARTESIAN_POINT('Ctrl Pts',(5.93890409733225,-86.5782752051652,8.60495483203109));
#6775=CARTESIAN_POINT('Ctrl Pts',(5.75803096375968,-88.4915708396366,10.3226299860692));
#6776=CARTESIAN_POINT('Ctrl Pts',(5.75803096375968,-86.4425775596366,8.78588502606913));
#6777=CARTESIAN_POINT('',(5.75803096375968,-87.8686588396366,9.85544598606918));
#6778=CARTESIAN_POINT('Ctrl Pts',(6.502183145026,-88.204912404212,9.40710789996869));
#6779=CARTESIAN_POINT('Ctrl Pts',(6.20162312252209,-88.1792177690967,9.44136741345571));
#6780=CARTESIAN_POINT('Ctrl Pts',(5.93890409733225,-88.0043564851651,9.67451579203114));
#6781=CARTESIAN_POINT('Ctrl Pts',(5.75803096375968,-87.8686588396366,9.85544598606919));
#6782=CARTESIAN_POINT('',(5.75803096375968,-87.3532412396366,9.46888278606917));
#6783=CARTESIAN_POINT('Ctrl Pts',(6.502183145026,-87.6894948042124,9.02054469996901));
#6784=CARTESIAN_POINT('Ctrl Pts',(6.20162312252209,-87.6638001690972,9.05480421345603));
#6785=CARTESIAN_POINT('Ctrl Pts',(5.93890409733225,-87.4889388851656,9.28795259203146));
#6786=CARTESIAN_POINT('Ctrl Pts',(5.75803096375968,-87.3532412396371,9.46888278606951));
#6787=CARTESIAN_POINT('',(5.75803096375968,-87.6378236396366,9.68231958606917));
#6788=CARTESIAN_POINT('Ctrl Pts',(5.75803096375968,-88.4915708396366,10.3226299860692));
#6789=CARTESIAN_POINT('Ctrl Pts',(5.75803096375968,-86.4425775596366,8.78588502606913));
#6790=CARTESIAN_POINT('Ctrl Pts',(5.42847089929612,-88.2442598485224,10.6523779742214));
#6791=CARTESIAN_POINT('Ctrl Pts',(5.42847089929612,-86.1952665685224,9.11563301422139));
#6792=CARTESIAN_POINT('Ctrl Pts',(5.32849037171999,-87.9133457084619,11.0935968276354));
#6793=CARTESIAN_POINT('Ctrl Pts',(5.32849037171998,-85.864352428462,9.55685186763533));
#6794=CARTESIAN_POINT('Ctrl Pts',(4.70492027950205,-87.8782125206622,11.140441078035));
#6795=CARTESIAN_POINT('Ctrl Pts',(4.70492027950205,-85.8292192406623,9.60369611803496));
#6796=CARTESIAN_POINT('',(4.70492027950205,-87.2553005206622,10.673257078035));
#6797=CARTESIAN_POINT('Ctrl Pts',(5.75803096375968,-87.8686588396366,9.85544598606919));
#6798=CARTESIAN_POINT('Ctrl Pts',(5.42847089929612,-87.6213478485224,10.1851939742214));
#6799=CARTESIAN_POINT('Ctrl Pts',(5.32849037171999,-87.290433708462,10.6264128276354));
#6800=CARTESIAN_POINT('Ctrl Pts',(4.70492027950205,-87.2553005206623,10.673257078035));
#6801=CARTESIAN_POINT('',(4.70492027950205,-86.7398829206623,10.286693878035));
#6802=CARTESIAN_POINT('Ctrl Pts',(5.75803096375968,-87.3532412396371,9.46888278606951));
#6803=CARTESIAN_POINT('Ctrl Pts',(5.42847089929612,-87.1059302485229,9.79863077422177));
#6804=CARTESIAN_POINT('Ctrl Pts',(5.32849037171999,-86.7750161084624,10.2398496276357));
#6805=CARTESIAN_POINT('Ctrl Pts',(4.70492027950205,-86.7398829206627,10.2866938780353));
#6806=CARTESIAN_POINT('',(4.70492027950205,-87.0244653206622,10.500130678035));
#6807=CARTESIAN_POINT('Ctrl Pts',(4.70492027950205,-87.8782125206622,11.140441078035));
#6808=CARTESIAN_POINT('Ctrl Pts',(4.70492027950205,-85.8292192406623,9.60369611803496));
#6809=CARTESIAN_POINT('Ctrl Pts',(4.37121906029857,-87.8594030678212,11.1655203484897));
#6810=CARTESIAN_POINT('Ctrl Pts',(4.37121906029857,-85.8104097878213,9.62877538848961));
#6811=CARTESIAN_POINT('Ctrl Pts',(4.01607745661239,-87.9449527645029,11.0514540862474));
#6812=CARTESIAN_POINT('Ctrl Pts',(4.01607745661239,-85.895959484503,9.51470912624736));
#6813=CARTESIAN_POINT('Ctrl Pts',(3.70935866231087,-87.8639378372691,11.1594739892258));
#6814=CARTESIAN_POINT('Ctrl Pts',(3.70935866231087,-85.8149445572691,9.62272902922577));
#6815=CARTESIAN_POINT('',(3.70935866231087,-87.2410258372691,10.6922899892258));
#6816=CARTESIAN_POINT('Ctrl Pts',(4.70492027950205,-87.2553005206622,10.673257078035));
#6817=CARTESIAN_POINT('Ctrl Pts',(4.37121906029857,-87.2364910678212,10.6983363484896));
#6818=CARTESIAN_POINT('Ctrl Pts',(4.01607745661239,-87.3220407645029,10.5842700862474));
#6819=CARTESIAN_POINT('Ctrl Pts',(3.70935866231087,-87.2410258372691,10.6922899892258));
#6820=CARTESIAN_POINT('',(3.70935866231087,-86.7256082372691,10.3057267892258));
#6821=CARTESIAN_POINT('Ctrl Pts',(4.70492027950205,-86.7398829206627,10.2866938780353));
#6822=CARTESIAN_POINT('Ctrl Pts',(4.37121906029857,-86.7210734678217,10.31177314849));
#6823=CARTESIAN_POINT('Ctrl Pts',(4.01607745661239,-86.8066231645034,10.1977068862477));
#6824=CARTESIAN_POINT('Ctrl Pts',(3.70935866231087,-86.7256082372696,10.3057267892262));
#6825=CARTESIAN_POINT('',(3.70935866231087,-87.0101906372691,10.5191635892258));
#6826=CARTESIAN_POINT('Ctrl Pts',(3.70935866231087,-87.8639378372691,11.1594739892258));
#6827=CARTESIAN_POINT('Ctrl Pts',(3.70935866231087,-85.8149445572691,9.62272902922578));
#6828=CARTESIAN_POINT('Ctrl Pts',(3.23794525563606,-87.7394254096916,11.3254905593292));
#6829=CARTESIAN_POINT('Ctrl Pts',(3.23794525563605,-85.6904321296916,9.78874559932916));
#6830=CARTESIAN_POINT('Ctrl Pts',(3.1860509832021,-87.3070073642986,11.9020479531866));
#6831=CARTESIAN_POINT('Ctrl Pts',(3.1860509832021,-85.2580140842986,10.3653029931865));
#6832=CARTESIAN_POINT('Ctrl Pts',(2.72174621715139,-87.1731911765733,12.0804695368203));
#6833=CARTESIAN_POINT('Ctrl Pts',(2.72174621715139,-85.1241978965733,10.5437245768202));
#6834=CARTESIAN_POINT('',(2.72174621715139,-86.5502791765733,11.6132855368203));
#6835=CARTESIAN_POINT('Ctrl Pts',(3.70935866231087,-87.2410258372691,10.6922899892258));
#6836=CARTESIAN_POINT('Ctrl Pts',(3.23794525563606,-87.1165134096916,10.8583065593292));
#6837=CARTESIAN_POINT('Ctrl Pts',(3.1860509832021,-86.6840953642986,11.4348639531865));
#6838=CARTESIAN_POINT('Ctrl Pts',(2.72174621715139,-86.5502791765733,11.6132855368203));
#6839=CARTESIAN_POINT('',(2.72174621715139,-86.0348615765733,11.2267223368203));
#6840=CARTESIAN_POINT('Ctrl Pts',(3.70935866231087,-86.7256082372696,10.3057267892262));
#6841=CARTESIAN_POINT('Ctrl Pts',(3.23794525563606,-86.6010958096921,10.4717433593295));
#6842=CARTESIAN_POINT('Ctrl Pts',(3.1860509832021,-86.168677764299,11.0483007531869));
#6843=CARTESIAN_POINT('Ctrl Pts',(2.72174621715139,-86.0348615765737,11.2267223368206));
#6844=CARTESIAN_POINT('',(2.72174621715139,-86.3194439765733,11.4401591368203));
#6845=CARTESIAN_POINT('Ctrl Pts',(2.72174621715139,-87.1731911765733,12.0804695368203));
#6846=CARTESIAN_POINT('Ctrl Pts',(2.72174621715139,-85.1241978965733,10.5437245768202));
#6847=CARTESIAN_POINT('Ctrl Pts',(3.52081482544529,-87.2983078642298,11.9136472866116));
#6848=CARTESIAN_POINT('Ctrl Pts',(3.52081482544528,-85.2493145842298,10.3769023266115));
#6849=CARTESIAN_POINT('Ctrl Pts',(4.2966526490224,-87.4767634449672,11.675706512295));
#6850=CARTESIAN_POINT('Ctrl Pts',(4.29665264902239,-85.4277701649672,10.138961552295));
#6851=CARTESIAN_POINT('Ctrl Pts',(5.03033577243135,-87.7042245693639,11.3724250130994));
#6852=CARTESIAN_POINT('Ctrl Pts',(5.03033577243135,-85.6552312893639,9.83568005309934));
#6853=CARTESIAN_POINT('',(5.03033577243135,-87.0813125693639,10.9052410130994));
#6854=CARTESIAN_POINT('Ctrl Pts',(2.72174621715139,-86.5502791765733,11.6132855368203));
#6855=CARTESIAN_POINT('Ctrl Pts',(3.52081482544529,-86.6753958642298,11.4464632866115));
#6856=CARTESIAN_POINT('Ctrl Pts',(4.2966526490224,-86.8538514449672,11.208522512295));
#6857=CARTESIAN_POINT('Ctrl Pts',(5.03033577243135,-87.0813125693639,10.9052410130994));
#6858=CARTESIAN_POINT('',(5.03033577243135,-86.5658949693639,10.5186778130994));
#6859=CARTESIAN_POINT('Origin',(0.893737201888833,-90.9614029402764,4.65800051855029));
#6860=CARTESIAN_POINT('',(5.03033577243135,-86.8504773693639,10.7321146130994));
#6861=CARTESIAN_POINT('Ctrl Pts',(5.03033577243135,-87.7042245693639,11.3724250130994));
#6862=CARTESIAN_POINT('Ctrl Pts',(5.03033577243135,-85.655231289364,9.83568005309936));
#6863=CARTESIAN_POINT('Ctrl Pts',(5.06095708330527,-87.4831115071713,11.6672424293563));
#6864=CARTESIAN_POINT('Ctrl Pts',(5.06095708330527,-85.4341182271713,10.1304974693562));
#6865=CARTESIAN_POINT('Ctrl Pts',(4.62262678782626,-87.1562621564972,12.1030415635883));
#6866=CARTESIAN_POINT('Ctrl Pts',(4.62262678782626,-85.1072688764973,10.5662966035883));
#6867=CARTESIAN_POINT('Ctrl Pts',(4.38191020978803,-87.0100517181438,12.2979888147263));
#6868=CARTESIAN_POINT('Ctrl Pts',(4.38191020978802,-84.9610584381438,10.7612438547262));
#6869=CARTESIAN_POINT('',(4.38191020978803,-86.3871397181438,11.8308048147263));
#6870=CARTESIAN_POINT('Ctrl Pts',(5.03033577243135,-87.0813125693639,10.9052410130994));
#6871=CARTESIAN_POINT('Ctrl Pts',(5.06095708330527,-86.8601995071713,11.2000584293563));
#6872=CARTESIAN_POINT('Ctrl Pts',(4.62262678782626,-86.5333501564972,11.6358575635883));
#6873=CARTESIAN_POINT('Ctrl Pts',(4.38191020978803,-86.3871397181438,11.8308048147263));
#6874=CARTESIAN_POINT('',(4.38191020978803,-85.8717221181438,11.4442416147262));
#6875=CARTESIAN_POINT('Ctrl Pts',(5.03033577243135,-86.5658949693644,10.5186778130997));
#6876=CARTESIAN_POINT('Ctrl Pts',(5.06095708330527,-86.3447819071718,10.8134952293566));
#6877=CARTESIAN_POINT('Ctrl Pts',(4.62262678782626,-86.0179325564977,11.2492943635887));
#6878=CARTESIAN_POINT('Ctrl Pts',(4.38191020978803,-85.8717221181443,11.4442416147266));
#6879=CARTESIAN_POINT('',(4.38191020978803,-86.1563045181438,11.6576784147262));
#6880=CARTESIAN_POINT('Ctrl Pts',(4.38191020978803,-87.0100517181438,12.2979888147263));
#6881=CARTESIAN_POINT('Ctrl Pts',(4.38191020978802,-84.9610584381438,10.7612438547262));
#6882=CARTESIAN_POINT('Ctrl Pts',(3.82081449367745,-86.6691624178478,12.7525078817876));
#6883=CARTESIAN_POINT('Ctrl Pts',(3.82081449367745,-84.6201691378478,11.2157629217875));
#6884=CARTESIAN_POINT('Ctrl Pts',(2.99185064330686,-86.5586899398922,12.8998045190617));
#6885=CARTESIAN_POINT('Ctrl Pts',(2.99185064330686,-84.5096966598923,11.3630595590616));
#6886=CARTESIAN_POINT('Ctrl Pts',(2.26443733751157,-86.361055380006,13.1633172655767));
#6887=CARTESIAN_POINT('Ctrl Pts',(2.26443733751157,-84.312062100006,11.6265723055766));
#6888=CARTESIAN_POINT('',(2.26443733751157,-85.738143380006,12.6961332655767));
#6889=CARTESIAN_POINT('Ctrl Pts',(4.38191020978803,-86.3871397181438,11.8308048147263));
#6890=CARTESIAN_POINT('Ctrl Pts',(3.82081449367745,-86.0462504178478,12.2853238817876));
#6891=CARTESIAN_POINT('Ctrl Pts',(2.99185064330686,-85.9357779398923,12.4326205190617));
#6892=CARTESIAN_POINT('Ctrl Pts',(2.26443733751157,-85.738143380006,12.6961332655767));
#6893=CARTESIAN_POINT('',(2.26443733751157,-85.222725780006,12.3095700655767));
#6894=CARTESIAN_POINT('Ctrl Pts',(4.38191020978803,-85.8717221181442,11.4442416147265));
#6895=CARTESIAN_POINT('Ctrl Pts',(3.82081449367745,-85.5308328178482,11.8987606817879));
#6896=CARTESIAN_POINT('Ctrl Pts',(2.99185064330686,-85.4203603398927,12.046057319062));
#6897=CARTESIAN_POINT('Ctrl Pts',(2.26443733751157,-85.2227257800064,12.309570065577));
#6898=CARTESIAN_POINT('',(2.26443733751157,-85.507308180006,12.5230068655767));
#6899=CARTESIAN_POINT('Ctrl Pts',(2.26443733751157,-86.361055380006,13.1633172655767));
#6900=CARTESIAN_POINT('Ctrl Pts',(2.26443733751157,-84.312062100006,11.6265723055766));
#6901=CARTESIAN_POINT('Ctrl Pts',(1.66706722429176,-86.1987892542098,13.3796720999716));
#6902=CARTESIAN_POINT('Ctrl Pts',(1.66706722429176,-84.1497959742098,11.8429271399716));
#6903=CARTESIAN_POINT('Ctrl Pts',(1.12024687493318,-85.9698167108368,13.6849688244689));
#6904=CARTESIAN_POINT('Ctrl Pts',(1.12024687493317,-83.9208234308369,12.1482238644689));
#6905=CARTESIAN_POINT('Ctrl Pts',(0.660308772048823,-85.6894205584502,14.0588303609844));
#6906=CARTESIAN_POINT('Ctrl Pts',(0.660308772048819,-83.6404272784503,12.5220854009843));
#6907=CARTESIAN_POINT('',(0.660308772048822,-85.0665085584502,13.5916463609844));
#6908=CARTESIAN_POINT('Ctrl Pts',(2.26443733751157,-85.738143380006,12.6961332655767));
#6909=CARTESIAN_POINT('Ctrl Pts',(1.66706722429176,-85.5758772542098,12.9124880999716));
#6910=CARTESIAN_POINT('Ctrl Pts',(1.12024687493318,-85.3469047108368,13.2177848244689));
#6911=CARTESIAN_POINT('Ctrl Pts',(0.660308772048822,-85.0665085584502,13.5916463609844));
#6912=CARTESIAN_POINT('',(0.660308772048819,-84.5510909584502,13.2050831609843));
#6913=CARTESIAN_POINT('Origin',(3.70141386686508,-82.9593397530739,15.327418101487));
#6914=CARTESIAN_POINT('',(0.660308772048821,-84.8356733584502,13.4185199609844));
#6915=CARTESIAN_POINT('Ctrl Pts',(0.660308772048823,-85.6894205584502,14.0588303609844));
#6916=CARTESIAN_POINT('Ctrl Pts',(0.660308772048819,-83.6404272784502,12.5220854009843));
#6917=CARTESIAN_POINT('Ctrl Pts',(0.920562580122445,-85.9631662623337,13.6938360891397));
#6918=CARTESIAN_POINT('Ctrl Pts',(0.920562580122441,-83.9141729823337,12.1570911291397));
#6919=CARTESIAN_POINT('Ctrl Pts',(1.04349713207383,-86.2831970582231,13.2671283612872));
#6920=CARTESIAN_POINT('Ctrl Pts',(1.04349713207382,-84.2342037782231,11.7303834012872));
#6921=CARTESIAN_POINT('Ctrl Pts',(1.00923693522794,-86.5976859845329,12.8478097928741));
#6922=CARTESIAN_POINT('Ctrl Pts',(1.00923693522794,-84.5486927045329,11.3110648328741));
#6923=CARTESIAN_POINT('',(1.00923693522794,-85.9747739845329,12.3806257928741));
#6924=CARTESIAN_POINT('Ctrl Pts',(0.660308772048822,-85.0665085584502,13.5916463609844));
#6925=CARTESIAN_POINT('Ctrl Pts',(0.920562580122444,-85.3402542623337,13.2266520891397));
#6926=CARTESIAN_POINT('Ctrl Pts',(1.04349713207383,-85.6602850582231,12.7999443612872));
#6927=CARTESIAN_POINT('Ctrl Pts',(1.00923693522794,-85.9747739845329,12.3806257928741));
#6928=CARTESIAN_POINT('',(1.00923693522794,-85.4593563845329,11.9940625928741));
#6929=CARTESIAN_POINT('Ctrl Pts',(0.660308772048823,-84.5510909584506,13.2050831609846));
#6930=CARTESIAN_POINT('Ctrl Pts',(0.920562580122443,-84.8248366623341,12.84008888914));
#6931=CARTESIAN_POINT('Ctrl Pts',(1.04349713207383,-85.1448674582234,12.4133811612875));
#6932=CARTESIAN_POINT('Ctrl Pts',(1.00923693522794,-85.4593563845333,11.9940625928744));
#6933=CARTESIAN_POINT('',(1.00923693522794,-85.7439387845329,12.2074993928741));
#6934=CARTESIAN_POINT('Ctrl Pts',(1.00923693522794,-86.5976859845329,12.8478097928741));
#6935=CARTESIAN_POINT('Ctrl Pts',(1.00923693522794,-84.5486927045329,11.3110648328741));
#6936=CARTESIAN_POINT('Ctrl Pts',(0.780499638145291,-86.4574202558117,13.0348307645024));
#6937=CARTESIAN_POINT('Ctrl Pts',(0.780499638145286,-84.4084269758117,11.4980858045024));
#6938=CARTESIAN_POINT('Ctrl Pts',(0.415560376689536,-86.4432798524361,13.0536846356698));
#6939=CARTESIAN_POINT('Ctrl Pts',(0.415560376689531,-84.3942865724362,11.5169396756698));
#6940=CARTESIAN_POINT('Ctrl Pts',(0.0891933065365835,-86.4557745568179,
13.0370250298275));
#6941=CARTESIAN_POINT('Ctrl Pts',(0.0891933065365788,-84.4067812768179,
11.5002800698274));
#6942=CARTESIAN_POINT('',(0.0891933065365818,-85.8328625568179,12.5698410298275));
#6943=CARTESIAN_POINT('Ctrl Pts',(1.00923693522794,-85.9747739845329,12.3806257928741));
#6944=CARTESIAN_POINT('Ctrl Pts',(0.78049963814529,-85.8345082558117,12.5676467645024));
#6945=CARTESIAN_POINT('Ctrl Pts',(0.415560376689535,-85.8203678524361,12.5865006356698));
#6946=CARTESIAN_POINT('Ctrl Pts',(0.0891933065365821,-85.8328625568179,
12.5698410298275));
#6947=CARTESIAN_POINT('',(0.0891933065365802,-85.3174449568179,12.1832778298275));
#6948=CARTESIAN_POINT('Ctrl Pts',(1.00923693522794,-85.4593563845333,11.9940625928744));
#6949=CARTESIAN_POINT('Ctrl Pts',(0.780499638145288,-85.3190906558121,12.1810835645027));
#6950=CARTESIAN_POINT('Ctrl Pts',(0.415560376689533,-85.3049502524365,12.1999374356701));
#6951=CARTESIAN_POINT('Ctrl Pts',(0.0891933065365808,-85.3174449568183,
12.1832778298278));
#6952=CARTESIAN_POINT('',(0.0891933065365813,-85.6020273568179,12.3967146298275));
#6953=CARTESIAN_POINT('Ctrl Pts',(0.0891933065365835,-86.4557745568179,
13.0370250298275));
#6954=CARTESIAN_POINT('Ctrl Pts',(0.0891933065365788,-84.4067812768179,
11.5002800698274));
#6955=CARTESIAN_POINT('Ctrl Pts',(-1.05846861909112,-86.4997420372231,12.9784017226206));
#6956=CARTESIAN_POINT('Ctrl Pts',(-1.05846861909113,-84.4507487572231,11.4416567626205));
#6957=CARTESIAN_POINT('Ctrl Pts',(-2.17909003431308,-86.7696248842656,12.6185579265639));
#6958=CARTESIAN_POINT('Ctrl Pts',(-2.17909003431309,-84.7206316042656,11.0818129665638));
#6959=CARTESIAN_POINT('Ctrl Pts',(-3.05894020278737,-87.2139666877062,12.0261021886431));
#6960=CARTESIAN_POINT('Ctrl Pts',(-3.05894020278738,-85.1649734077062,10.4893572286431));
#6961=CARTESIAN_POINT('',(0.0652644717260609,-85.833812165605,12.568574884778));
#6962=CARTESIAN_POINT('Ctrl Pts',(0.0891933065365821,-85.8328625568179,
12.5698410298275));
#6963=CARTESIAN_POINT('Ctrl Pts',(0.0852045376162397,-85.8330153684739,
12.5696372809529));
#6964=CARTESIAN_POINT('Ctrl Pts',(0.0812160598740124,-85.8331709104383,
12.569429891667));
#6965=CARTESIAN_POINT('Ctrl Pts',(0.0732397744308382,-85.8334874481881,
12.5690078413338));
#6966=CARTESIAN_POINT('Ctrl Pts',(0.0692519679304739,-85.8336484438301,
12.5687931804779));
#6967=CARTESIAN_POINT('Ctrl Pts',(0.0652644717260615,-85.833812165605,12.568574884778));
#6968=CARTESIAN_POINT('',(0.0652644717260598,-85.3183945656054,12.1820116847783));
#6969=CARTESIAN_POINT('Origin',(-0.0264088832279696,-88.104848813211,8.46673935463752));
#6970=CARTESIAN_POINT('',(0.0652644717260598,-85.3183945656054,12.1820116847783));
#6971=CARTESIAN_POINT('Ctrl Pts',(-0.526981134332702,-88.5767853487935,
10.2090106405266));
#6972=CARTESIAN_POINT('Ctrl Pts',(-0.526981134332707,-86.5277920687936,
8.67226568052655));
#6973=CARTESIAN_POINT('Ctrl Pts',(-0.659542504336671,-88.4800842604248,
10.3379454250182));
#6974=CARTESIAN_POINT('Ctrl Pts',(-0.659542504336676,-86.4310909804249,
8.80120046501818));
#6975=CARTESIAN_POINT('Ctrl Pts',(-0.743066041974813,-88.3511385421913,
10.5098730493296));
#6976=CARTESIAN_POINT('Ctrl Pts',(-0.743066041974817,-86.3021452621913,
8.97312808932953));
#6977=CARTESIAN_POINT('Ctrl Pts',(-0.698673341514041,-88.228775619933,10.6730236123407));
#6978=CARTESIAN_POINT('Ctrl Pts',(-0.698673341514045,-86.179782339933,9.13627865234063));
#6979=CARTESIAN_POINT('',(-0.526981134332704,-87.9538733487936,9.74182664052659));
#6980=CARTESIAN_POINT('',(-0.698673341514042,-87.605863619933,10.2058396123407));
#6981=CARTESIAN_POINT('Ctrl Pts',(-0.526981134332704,-87.9538733487936,
9.74182664052658));
#6982=CARTESIAN_POINT('Ctrl Pts',(-0.659542504336672,-87.8571722604248,
9.87076142501821));
#6983=CARTESIAN_POINT('Ctrl Pts',(-0.743066041974814,-87.7282265421913,
10.0426890493296));
#6984=CARTESIAN_POINT('Ctrl Pts',(-0.698673341514042,-87.605863619933,10.2058396123407));
#6985=CARTESIAN_POINT('',(-0.526981134332705,-87.4384557487936,9.35526344052658));
#6986=CARTESIAN_POINT('',(-0.526981134332705,-87.7230381487936,9.56870024052658));
#6987=CARTESIAN_POINT('',(-0.698673341514043,-87.090446019933,9.81927641234067));
#6988=CARTESIAN_POINT('Ctrl Pts',(-0.526981134332705,-87.438455748794,9.35526344052692));
#6989=CARTESIAN_POINT('Ctrl Pts',(-0.659542504336674,-87.3417546604253,
9.48419822501855));
#6990=CARTESIAN_POINT('Ctrl Pts',(-0.743066041974815,-87.2128089421918,
9.65612584932991));
#6991=CARTESIAN_POINT('Ctrl Pts',(-0.698673341514043,-87.0904460199335,
9.819276412341));
#6992=CARTESIAN_POINT('',(-0.698673341514043,-87.375028419933,10.0327132123407));
#6993=CARTESIAN_POINT('Ctrl Pts',(-0.698673341514041,-88.228775619933,10.6730236123407));
#6994=CARTESIAN_POINT('Ctrl Pts',(-0.698673341514045,-86.179782339933,9.13627865234061));
#6995=CARTESIAN_POINT('Ctrl Pts',(-0.925844038391864,-88.502319391271,10.30829858389));
#6996=CARTESIAN_POINT('Ctrl Pts',(-0.925844038391869,-86.453326111271,8.77155362388996));
#6997=CARTESIAN_POINT('Ctrl Pts',(-1.37167419744689,-88.6812449520698,10.0697311694916));
#6998=CARTESIAN_POINT('Ctrl Pts',(-1.3716741974469,-86.6322516720698,8.53298620949151));
#6999=CARTESIAN_POINT('Ctrl Pts',(-1.78917913142439,-88.8563419948108,9.83626844583689));
#7000=CARTESIAN_POINT('Ctrl Pts',(-1.78917913142439,-86.8073487148108,8.29952348583681));
#7001=CARTESIAN_POINT('',(-1.78917913142439,-88.2334299948108,9.36908444583687));
#7002=CARTESIAN_POINT('Ctrl Pts',(-0.698673341514042,-87.605863619933,10.2058396123407));
#7003=CARTESIAN_POINT('Ctrl Pts',(-0.925844038391866,-87.879407391271,9.84111458389002));
#7004=CARTESIAN_POINT('Ctrl Pts',(-1.37167419744689,-88.0583329520698,9.60254716949157));
#7005=CARTESIAN_POINT('Ctrl Pts',(-1.78917913142439,-88.2334299948108,9.36908444583687));
#7006=CARTESIAN_POINT('',(-1.78917913142439,-87.7180123948109,8.98252124583687));
#7007=CARTESIAN_POINT('Ctrl Pts',(-0.698673341514043,-87.0904460199335,
9.819276412341));
#7008=CARTESIAN_POINT('Ctrl Pts',(-0.925844038391866,-87.3639897912715,
9.45455138389036));
#7009=CARTESIAN_POINT('Ctrl Pts',(-1.37167419744689,-87.5429153520703,9.2159839694919));
#7010=CARTESIAN_POINT('Ctrl Pts',(-1.78917913142439,-87.7180123948113,8.98252124583721));
#7011=CARTESIAN_POINT('',(-1.78917913142439,-88.0025947948108,9.19595804583686));
#7012=CARTESIAN_POINT('Ctrl Pts',(-1.78917913142439,-88.8563419948108,9.83626844583689));
#7013=CARTESIAN_POINT('Ctrl Pts',(-1.78917913142439,-86.8073487148108,8.29952348583676));
#7014=CARTESIAN_POINT('Ctrl Pts',(-2.95626724127143,-89.3457926588058,9.18366756051024));
#7015=CARTESIAN_POINT('Ctrl Pts',(-2.95626724127143,-87.2967993788057,7.64692260051011));
#7016=CARTESIAN_POINT('Ctrl Pts',(-3.63172989752615,-90.3020232146713,7.90869348602291));
#7017=CARTESIAN_POINT('Ctrl Pts',(-3.63172989752616,-88.2530299346712,6.37194852602278));
#7018=CARTESIAN_POINT('Ctrl Pts',(-3.48970742399508,-91.1538259434479,6.77295651432078));
#7019=CARTESIAN_POINT('Ctrl Pts',(-3.48970742399509,-89.1048326634478,5.23621155432066));
#7020=CARTESIAN_POINT('',(-3.10912822931313,-89.2176626551058,8.05677423211022));
#7021=CARTESIAN_POINT('Ctrl Pts',(-1.78917913142439,-88.2334299948108,9.36908444583687));
#7022=CARTESIAN_POINT('Ctrl Pts',(-2.35899552533052,-88.472398252648,9.05046010205402));
#7023=CARTESIAN_POINT('Ctrl Pts',(-2.81162019314341,-88.8226356500998,8.58347690545154));
#7024=CARTESIAN_POINT('Ctrl Pts',(-3.10912822931437,-89.2176626551075,8.05677423210801));
#7025=CARTESIAN_POINT('',(-3.10912822931313,-88.7022450551063,7.67021103211059));
#7026=CARTESIAN_POINT('Ctrl Pts',(-1.78917913142439,-87.7180123948113,8.98252124583721));
#7027=CARTESIAN_POINT('Ctrl Pts',(-2.35899552532997,-87.9569806526482,8.66389690205467));
#7028=CARTESIAN_POINT('Ctrl Pts',(-2.81162019314255,-88.3072180500996,8.19691370545277));
#7029=CARTESIAN_POINT('Ctrl Pts',(-3.10912822931352,-88.7022450551068,7.67021103210986));
#7030=CARTESIAN_POINT('',(-3.10912822931313,-88.7022450551063,7.67021103211059));
#7031=CARTESIAN_POINT('Ctrl Pts',(-0.371971718408703,-90.3498906688203,
7.8448702138243));
#7032=CARTESIAN_POINT('Ctrl Pts',(-0.371971718408707,-88.7106960448203,
6.61547424582425));
#7033=CARTESIAN_POINT('Ctrl Pts',(-0.41770932294184,-90.3320008533676,7.86872330109456));
#7034=CARTESIAN_POINT('Ctrl Pts',(-0.417709322941844,-88.6928062293676,
6.63932733309451));
#7035=CARTESIAN_POINT('Ctrl Pts',(-0.463446927474976,-90.3141110379149,
7.89257638836482));
#7036=CARTESIAN_POINT('Ctrl Pts',(-0.46344692747498,-88.6749164139149,6.66318042036477));
#7037=CARTESIAN_POINT('Ctrl Pts',(-0.509184532008113,-90.2962212224622,
7.91642947563507));
#7038=CARTESIAN_POINT('Ctrl Pts',(-0.509184532008117,-88.6570265984622,
6.68703350763503));
#7039=CARTESIAN_POINT('Ctrl Pts',(-0.993146283486456,-90.1069243297087,
8.16882533263971));
#7040=CARTESIAN_POINT('Ctrl Pts',(-0.99314628348646,-88.4677297057087,6.93942936463966));
#7041=CARTESIAN_POINT('Ctrl Pts',(-1.55808895811251,-89.991381905015,8.32288189889796));
#7042=CARTESIAN_POINT('Ctrl Pts',(-1.55808895811252,-88.352187281015,7.09348593089791));
#7043=CARTESIAN_POINT('Ctrl Pts',(-2.13396050187368,-89.9638457129093,8.35959682170551));
#7044=CARTESIAN_POINT('Ctrl Pts',(-2.13396050187369,-88.3246510889094,7.13020085370547));
#7045=CARTESIAN_POINT('Ctrl Pts',(-2.43150611003235,-89.9496181076123,8.37856696210162));
#7046=CARTESIAN_POINT('Ctrl Pts',(-2.43150611003235,-88.3104234836123,7.14917099410158));
#7047=CARTESIAN_POINT('Ctrl Pts',(-2.72905171819101,-89.9353905023152,8.39753710249773));
#7048=CARTESIAN_POINT('Ctrl Pts',(-2.72905171819101,-88.2961958783152,7.16814113449768));
#7049=CARTESIAN_POINT('Ctrl Pts',(-3.02659732634968,-89.9211628970181,8.41650724289383));
#7050=CARTESIAN_POINT('Ctrl Pts',(-3.02659732634968,-88.2819682730182,7.18711127489378));
#7051=CARTESIAN_POINT('Ctrl Pts',(-3.76101011810898,-89.886045808949,8.46333002698595));
#7052=CARTESIAN_POINT('Ctrl Pts',(-3.76101011810899,-88.2468511849491,7.2339340589859));
#7053=CARTESIAN_POINT('Ctrl Pts',(-4.4954229098683,-89.8509287208799,8.51015281107807));
#7054=CARTESIAN_POINT('Ctrl Pts',(-4.4954229098683,-88.21173409688,7.28075684307802));
#7055=CARTESIAN_POINT('Ctrl Pts',(-5.22983570162761,-89.8158116328108,8.55697559517018));
#7056=CARTESIAN_POINT('Ctrl Pts',(-5.22983570162761,-88.1766170088109,7.32757962717013));
#7057=CARTESIAN_POINT('',(-0.456441959895608,-89.693938962284,7.42173915587259));
#7058=CARTESIAN_POINT('',(-3.16273826839061,-89.2917411064683,7.95800296362691));
#7059=CARTESIAN_POINT('Ctrl Pts',(-0.456441959895603,-89.693938962284,7.42173915587259));
#7060=CARTESIAN_POINT('Ctrl Pts',(-0.47402281726644,-89.6870623823434,7.43090792912675));
#7061=CARTESIAN_POINT('Ctrl Pts',(-0.491603674637277,-89.6801858024028,
7.4400767023809));
#7062=CARTESIAN_POINT('Ctrl Pts',(-0.509184532008114,-89.6733092224622,
7.44924547563506));
#7063=CARTESIAN_POINT('Ctrl Pts',(-0.993146283486457,-89.4840123297087,
7.70164133263969));
#7064=CARTESIAN_POINT('Ctrl Pts',(-1.55808895811251,-89.368469905015,7.85569789889794));
#7065=CARTESIAN_POINT('Ctrl Pts',(-2.13396050187368,-89.3409337129094,7.8924128217055));
#7066=CARTESIAN_POINT('Ctrl Pts',(-2.47688642404599,-89.324536177429,7.91427620234597));
#7067=CARTESIAN_POINT('Ctrl Pts',(-2.8198123462183,-89.3081386419487,7.93613958298643));
#7068=CARTESIAN_POINT('Ctrl Pts',(-3.16273826839061,-89.2917411064683,7.9580029636269));
#7069=CARTESIAN_POINT('',(-0.456441959895608,-89.1785213622846,7.03517595587297));
#7070=CARTESIAN_POINT('',(-0.456441959895608,-89.1785213622846,7.03517595587297));
#7071=CARTESIAN_POINT('',(-3.16273826839061,-88.7763235064688,7.57143976362728));
#7072=CARTESIAN_POINT('Ctrl Pts',(-0.456441959895605,-89.1785213622846,
7.03517595587297));
#7073=CARTESIAN_POINT('Ctrl Pts',(-0.474022817266442,-89.1716447823439,
7.04434472912712));
#7074=CARTESIAN_POINT('Ctrl Pts',(-0.491603674637279,-89.1647682024033,
7.05351350238127));
#7075=CARTESIAN_POINT('Ctrl Pts',(-0.509184532008116,-89.1578916224627,
7.06268227563543));
#7076=CARTESIAN_POINT('Ctrl Pts',(-0.993146283486458,-88.9685947297092,
7.31507813264007));
#7077=CARTESIAN_POINT('Ctrl Pts',(-1.55808895811251,-88.8530523050156,7.46913469889831));
#7078=CARTESIAN_POINT('Ctrl Pts',(-2.13396050187368,-88.8255161129099,7.50584962170587));
#7079=CARTESIAN_POINT('Ctrl Pts',(-2.43150611003235,-88.8112885076128,7.52481976210198));
#7080=CARTESIAN_POINT('Ctrl Pts',(-2.72905171819101,-88.7970609023157,7.54378990249808));
#7081=CARTESIAN_POINT('Ctrl Pts',(-3.02659732634968,-88.7828332970187,7.56276004289419));
#7082=CARTESIAN_POINT('Ctrl Pts',(-3.07197764036332,-88.7806633668354,7.56565328313855));
#7083=CARTESIAN_POINT('Ctrl Pts',(-3.11735795437696,-88.7784934366521,7.56854652338292));
#7084=CARTESIAN_POINT('Ctrl Pts',(-3.16273826839061,-88.7763235064688,7.57143976362728));
#7085=CARTESIAN_POINT('',(-3.16273826839061,-89.4024047864736,8.04100072363085));
#7086=CARTESIAN_POINT('Ctrl Pts',(-1.78917913142439,-88.8563419948108,9.83626844583689));
#7087=CARTESIAN_POINT('Ctrl Pts',(-1.78917913142439,-86.8073487148108,8.29952348583676));
#7088=CARTESIAN_POINT('Ctrl Pts',(-2.95626724127143,-89.3457926588058,9.18366756051024));
#7089=CARTESIAN_POINT('Ctrl Pts',(-2.95626724127143,-87.2967993788057,7.64692260051011));
#7090=CARTESIAN_POINT('Ctrl Pts',(-3.63172989752615,-90.3020232146713,7.90869348602291));
#7091=CARTESIAN_POINT('Ctrl Pts',(-3.63172989752616,-88.2530299346712,6.37194852602278));
#7092=CARTESIAN_POINT('Ctrl Pts',(-3.48970742399508,-91.1538259434479,6.77295651432078));
#7093=CARTESIAN_POINT('Ctrl Pts',(-3.48970742399509,-89.1048326634478,5.23621155432066));
#7094=CARTESIAN_POINT('',(-3.48970742399508,-90.5309139434479,6.30577251432077));
#7095=CARTESIAN_POINT('Ctrl Pts',(-3.16273826839012,-89.2917411064676,7.95800296362784));
#7096=CARTESIAN_POINT('Ctrl Pts',(-3.43697272900205,-89.6865076900471,7.43164751885513));
#7097=CARTESIAN_POINT('Ctrl Pts',(-3.55808411643545,-90.1208136842613,6.85257285990299));
#7098=CARTESIAN_POINT('Ctrl Pts',(-3.48970742399508,-90.5309139434479,6.30577251432077));
#7099=CARTESIAN_POINT('',(-3.48970742399508,-90.0154963434479,5.91920931432076));
#7100=CARTESIAN_POINT('Ctrl Pts',(-3.16273826839012,-88.7763235064681,7.57143976362822));
#7101=CARTESIAN_POINT('Ctrl Pts',(-3.43697272900205,-89.1710900900477,7.04508431885551));
#7102=CARTESIAN_POINT('Ctrl Pts',(-3.55808411643545,-89.6053960842618,6.46600965990337));
#7103=CARTESIAN_POINT('Ctrl Pts',(-3.48970742399508,-90.0154963434484,5.91920931432114));
#7104=CARTESIAN_POINT('',(-3.48970742399508,-90.3000787434479,6.13264611432076));
#7105=CARTESIAN_POINT('Ctrl Pts',(-0.470607444519174,-91.5869487026735,
6.19545950201996));
#7106=CARTESIAN_POINT('Ctrl Pts',(-0.470607444519179,-89.5379554226735,
4.65871454201991));
#7107=CARTESIAN_POINT('Ctrl Pts',(-1.17159867968424,-91.4661981656642,6.35646021803241));
#7108=CARTESIAN_POINT('Ctrl Pts',(-1.17159867968425,-89.4172048856642,4.81971525803236));
#7109=CARTESIAN_POINT('Ctrl Pts',(-1.89335889924422,-91.3888774764706,6.45955447029046));
#7110=CARTESIAN_POINT('Ctrl Pts',(-1.89335889924422,-89.3398841964707,4.92280951029041));
#7111=CARTESIAN_POINT('Ctrl Pts',(-2.62066115922346,-91.3566328466058,6.5025473101102));
#7112=CARTESIAN_POINT('Ctrl Pts',(-2.62066115922347,-89.3076395666059,4.96580235011015));
#7113=CARTESIAN_POINT('Ctrl Pts',(-3.49814392438541,-91.3177300292597,6.55441773323834));
#7114=CARTESIAN_POINT('Ctrl Pts',(-3.49814392438542,-89.2687367492598,5.01767277323829));
#7115=CARTESIAN_POINT('Ctrl Pts',(-4.37562668954736,-91.2788272119136,6.60628815636649));
#7116=CARTESIAN_POINT('Ctrl Pts',(-4.37562668954736,-89.2298339319137,5.06954319636643));
#7117=CARTESIAN_POINT('Ctrl Pts',(-5.25310945470931,-91.2399243945675,6.65815857949463));
#7118=CARTESIAN_POINT('Ctrl Pts',(-5.25310945470931,-89.1909311145675,5.12141361949458));
#7119=CARTESIAN_POINT('',(-0.470607444519175,-90.9640367026735,5.72827550201994));
#7120=CARTESIAN_POINT('',(-3.45386265889612,-90.696781219936,6.08461614566992));
#7121=CARTESIAN_POINT('Ctrl Pts',(-0.470607444519175,-90.9640367026735,
5.72827550201995));
#7122=CARTESIAN_POINT('Ctrl Pts',(-1.17159867968424,-90.8432861656642,5.8892762180324));
#7123=CARTESIAN_POINT('Ctrl Pts',(-1.89335889924422,-90.7659654764706,5.99237047029045));
#7124=CARTESIAN_POINT('Ctrl Pts',(-2.62066115922347,-90.7337208466058,6.03536331011018));
#7125=CARTESIAN_POINT('Ctrl Pts',(-2.89839499244768,-90.7214076377159,6.05178092196343));
#7126=CARTESIAN_POINT('Ctrl Pts',(-3.1761288256719,-90.709094428826,6.06819853381667));
#7127=CARTESIAN_POINT('Ctrl Pts',(-3.45386265889612,-90.696781219936,6.08461614566992));
#7128=CARTESIAN_POINT('',(-0.470607444519177,-90.4486191026735,5.34171230201994));
#7129=CARTESIAN_POINT('',(-0.470607444519176,-90.7332015026735,5.55514910201994));
#7130=CARTESIAN_POINT('',(-3.45386265889612,-90.1813636199366,5.69805294567034));
#7131=CARTESIAN_POINT('Ctrl Pts',(-0.470607444519177,-90.4486191026741,
5.34171230202037));
#7132=CARTESIAN_POINT('Ctrl Pts',(-1.17159867968424,-90.3278685656648,5.50271301803282));
#7133=CARTESIAN_POINT('Ctrl Pts',(-1.89335889924422,-90.2505478764712,5.60580727029087));
#7134=CARTESIAN_POINT('Ctrl Pts',(-2.89839499244768,-90.2059900377165,5.66521772196385));
#7135=CARTESIAN_POINT('Ctrl Pts',(-3.1761288256719,-90.1936768288266,5.68163533381709));
#7136=CARTESIAN_POINT('Ctrl Pts',(-3.45386265889612,-90.1813636199366,5.69805294567034));
#7137=CARTESIAN_POINT('',(-3.45386265889612,-90.8074448999378,6.16761390567125));
#7138=CARTESIAN_POINT('Ctrl Pts',(-3.48970742399508,-91.1538259434479,6.77295651432078));
#7139=CARTESIAN_POINT('Ctrl Pts',(-3.48970742399509,-89.1048326634479,5.23621155432067));
#7140=CARTESIAN_POINT('Ctrl Pts',(-3.37718726119163,-91.8286845104633,5.87314509163354));
#7141=CARTESIAN_POINT('Ctrl Pts',(-3.37718726119163,-89.7796912304633,4.33640013163342));
#7142=CARTESIAN_POINT('Ctrl Pts',(-2.86277862294105,-92.476808028487,5.00898040093529));
#7143=CARTESIAN_POINT('Ctrl Pts',(-2.86277862294105,-90.427814748487,3.47223544093517));
#7144=CARTESIAN_POINT('Ctrl Pts',(-2.06706872348325,-92.9579958587299,4.36739662727814));
#7145=CARTESIAN_POINT('Ctrl Pts',(-2.06706872348325,-90.9090025787298,2.83065166727803));
#7146=CARTESIAN_POINT('',(-2.88099729763315,-91.6845465847082,4.76759565930696));
#7147=CARTESIAN_POINT('Ctrl Pts',(-3.45386265889622,-90.6967812199357,6.08461614567039));
#7148=CARTESIAN_POINT('Ctrl Pts',(-3.36199836474842,-91.0426962870834,5.62339605614003));
#7149=CARTESIAN_POINT('Ctrl Pts',(-3.16549940664569,-91.3783969476082,5.17579517544029));
#7150=CARTESIAN_POINT('Ctrl Pts',(-2.88099729763315,-91.6845465847082,4.76759565930695));
#7151=CARTESIAN_POINT('',(-2.88099729763315,-91.1691289847088,4.38103245930738));
#7152=CARTESIAN_POINT('Origin',(0.386620536551771,-90.0537565273191,5.86819573582758));
#7153=CARTESIAN_POINT('',(-2.88099729763315,-91.1691289847088,4.38103245930738));
#7154=CARTESIAN_POINT('Origin',(-0.0194794301033574,-89.0541346133899,10.970418463151));
#7155=CARTESIAN_POINT('',(-10.4067370301033,-86.9602433291884,9.39999999999982));
#7156=CARTESIAN_POINT('Origin',(-0.019479430103338,-86.9602433291887,9.40000000000013));
#7157=CARTESIAN_POINT('',(-10.4067370301034,-87.7570740491932,9.99762304000338));
#7158=CARTESIAN_POINT('',(-10.4067370301034,-89.0541346133899,10.9704184631509));
#7159=CARTESIAN_POINT('Origin',(-0.0194794301033457,-87.7570740491932,9.99762304000349));
#7160=CARTESIAN_POINT('Origin',(-0.0194794301033457,-87.8139905291935,10.0403104000037));
#7161=CARTESIAN_POINT('',(-10.4027754301095,-87.7602433291883,9.99999999999971));
#7162=CARTESIAN_POINT('Origin',(-0.0194794301033457,-87.7602433291882,9.99999999999979));
#7163=CARTESIAN_POINT('',(-10.3355914301033,-87.8139905291935,10.0403104000036));
#7164=CARTESIAN_POINT('Origin',(-0.0200024276438632,-78.4157863840399,20.7926092601985));
#7165=CARTESIAN_POINT('',(-8.57426225378616,-86.9602433291887,9.40000000000002));
#7166=CARTESIAN_POINT('Origin',(-0.0194794301033446,-86.9602433291887,9.40000000000013));
#7167=CARTESIAN_POINT('Origin',(-0.020001706191437,-85.7898781350734,11.5533669254876));
#7168=CARTESIAN_POINT('',(3.14817075139291,-84.7332855825258,12.9621569955511));
#7169=CARTESIAN_POINT('',(3.1481707513929,-84.7332855825258,12.9621569955511));
#7170=CARTESIAN_POINT('',(3.07580052502822,-84.6445684882671,13.0804464545628));
#7171=CARTESIAN_POINT('Origin',(3.2700979240626,-84.6424946772927,13.0832115358619));
#7172=CARTESIAN_POINT('',(3.02683365025763,-84.4494450162877,13.3406110838685));
#7173=CARTESIAN_POINT('Ctrl Pts',(3.0268338579551,-84.4494456926003,13.3406101821184));
#7174=CARTESIAN_POINT('Ctrl Pts',(3.04702282450603,-84.5151872786579,13.2529547340415));
#7175=CARTESIAN_POINT('Ctrl Pts',(3.06262041344322,-84.580298000623,13.166140438088));
#7176=CARTESIAN_POINT('Ctrl Pts',(3.07580052502822,-84.644568488267,13.0804464545627));
#7177=CARTESIAN_POINT('',(0.869727795490624,-82.1397593161586,16.4201920173739));
#7178=CARTESIAN_POINT('Ctrl Pts',(0.869727795492832,-82.1397593161459,16.4201920173908));
#7179=CARTESIAN_POINT('Ctrl Pts',(0.992923500498528,-82.2378077248393,16.2894608057996));
#7180=CARTESIAN_POINT('Ctrl Pts',(1.11611920550422,-82.3358561335326,16.1587295942085));
#7181=CARTESIAN_POINT('Ctrl Pts',(1.23931491050992,-82.4339045422259,16.0279983826174));
#7182=CARTESIAN_POINT('Ctrl Pts',(1.98487061903712,-83.0272738549787,15.236839298947));
#7183=CARTESIAN_POINT('Ctrl Pts',(2.78698876480668,-83.6684704009385,14.3819105710007));
#7184=CARTESIAN_POINT('Ctrl Pts',(3.02683344249683,-84.4494443397688,13.3406119858936));
#7185=CARTESIAN_POINT('Origin',(-0.0194794301033446,-87.2448257291889,9.6134368000003));
#7186=CARTESIAN_POINT('',(0.21353045256448,-83.4680298508873,14.6491646377349));
#7187=CARTESIAN_POINT('Ctrl Pts',(0.213530452564481,-83.4680298508877,14.6491646377352));
#7188=CARTESIAN_POINT('Ctrl Pts',(0.381137882112504,-83.5920722984038,14.4837747077137));
#7189=CARTESIAN_POINT('Ctrl Pts',(0.586866486110467,-83.6973719205685,14.3433752114941));
#7190=CARTESIAN_POINT('Ctrl Pts',(0.748819121026009,-83.8194324565277,14.1806278302151));
#7191=CARTESIAN_POINT('',(-0.93922591342397,-82.5618467901151,15.8574087187646));
#7192=CARTESIAN_POINT('Ctrl Pts',(-0.93922591342397,-82.5618467901154,15.8574087187648));
#7193=CARTESIAN_POINT('Ctrl Pts',(-0.55015895873722,-82.8616909942051,15.4576164466451));
#7194=CARTESIAN_POINT('Ctrl Pts',(-0.185388828601289,-83.1727537299906,
15.0428661322645));
#7195=CARTESIAN_POINT('Ctrl Pts',(0.213530452564481,-83.4680298508876,14.6491646377351));
#7196=CARTESIAN_POINT('',(-1.4426457313177,-82.1834813956929,16.3618959113274));
#7197=CARTESIAN_POINT('Ctrl Pts',(-1.4426457313177,-82.1834813956932,16.3618959113277));
#7198=CARTESIAN_POINT('Ctrl Pts',(-1.26978903844038,-82.3070993497954,16.1970719725248));
#7199=CARTESIAN_POINT('Ctrl Pts',(-1.1044726842895,-82.4345151410802,16.0271842508117));
#7200=CARTESIAN_POINT('Ctrl Pts',(-0.93922591342397,-82.5618467901154,15.8574087187648));
#7201=CARTESIAN_POINT('Origin',(-0.0194794301033474,-87.2448257291889,9.6134368000003));
#7202=CARTESIAN_POINT('',(-1.12474759569594,-84.3745480991843,13.4404736400056));
#7203=CARTESIAN_POINT('Ctrl Pts',(-1.12474759569594,-84.3745480991847,13.4404736400059));
#7204=CARTESIAN_POINT('Ctrl Pts',(-1.05969695665631,-84.3893609276863,13.4207232020037));
#7205=CARTESIAN_POINT('Ctrl Pts',(-0.98709007693405,-84.3999075467752,13.4066610432185));
#7206=CARTESIAN_POINT('Ctrl Pts',(-0.921256991990588,-84.3863714034786,
13.4247092342806));
#7207=CARTESIAN_POINT('',(-2.08660937031297,-83.7711316267007,14.2450289366505));
#7208=CARTESIAN_POINT('Ctrl Pts',(-2.08660937031297,-83.771131626701,14.2450289366507));
#7209=CARTESIAN_POINT('Ctrl Pts',(-1.81689445871225,-84.0034293943255,13.935298579818));
#7210=CARTESIAN_POINT('Ctrl Pts',(-1.5658762457393,-84.2740512939838,13.5744693802737));
#7211=CARTESIAN_POINT('Ctrl Pts',(-1.12474759569594,-84.3745480991847,13.4404736400059));
#7212=CARTESIAN_POINT('',(-4.09799155347227,-82.7328397709692,15.6294180776257));
#7213=CARTESIAN_POINT('Ctrl Pts',(-4.09799155347227,-82.7328397709695,15.629418077626));
#7214=CARTESIAN_POINT('Ctrl Pts',(-3.29730591273104,-82.9709789347648,15.3118991925655));
#7215=CARTESIAN_POINT('Ctrl Pts',(-2.59761909980535,-83.3311076719504,14.8317275429848));
#7216=CARTESIAN_POINT('Ctrl Pts',(-2.08660937031297,-83.7711316267009,14.2450289366507));
#7217=CARTESIAN_POINT('Origin',(-0.0194794301033474,-87.2448257291889,9.6134368000003));
#7218=CARTESIAN_POINT('',(-7.88851152050659,-87.6230220953681,9.10917497842721));
#7219=CARTESIAN_POINT('Ctrl Pts',(-7.88851152050659,-87.6230220953686,9.10917497842755));
#7220=CARTESIAN_POINT('Ctrl Pts',(-6.22073234748497,-87.3142764586646,9.52083582736613));
#7221=CARTESIAN_POINT('Ctrl Pts',(-4.76304929582626,-86.7299718253211,10.2999086718242));
#7222=CARTESIAN_POINT('Ctrl Pts',(-3.61841123318933,-85.9394007845504,11.3540033928517));
#7223=CARTESIAN_POINT('',(-6.41638482497465,-87.8879678454292,8.7559139783457));
#7224=CARTESIAN_POINT('Ctrl Pts',(-6.41638482497465,-87.8879678454297,8.75591397834604));
#7225=CARTESIAN_POINT('Ctrl Pts',(-7.25590998664978,-87.8390407172005,8.82115014931832));
#7226=CARTESIAN_POINT('Ctrl Pts',(-7.74661888516044,-87.7507254671801,8.93890381601216));
#7227=CARTESIAN_POINT('Ctrl Pts',(-7.88851152050659,-87.6230220953686,9.10917497842755));
#7228=CARTESIAN_POINT('',(-7.78209118979841,-89.0064629895335,7.26458711954001));
#7229=CARTESIAN_POINT('Ctrl Pts',(-7.78209118979841,-89.006462989534,7.26458711954039));
#7230=CARTESIAN_POINT('Ctrl Pts',(-6.95439667852506,-88.4090364992076,8.06115577330894));
#7231=CARTESIAN_POINT('Ctrl Pts',(-6.49916122358381,-88.0362047845062,8.55826472624417));
#7232=CARTESIAN_POINT('Ctrl Pts',(-6.41638482497465,-87.8879678454298,8.75591397834608));
#7233=CARTESIAN_POINT('',(-7.96552921891018,-89.1464189267745,7.07797920321871));
#7234=CARTESIAN_POINT('Ctrl Pts',(-7.96552921891018,-89.146418926775,7.07797920321909));
#7235=CARTESIAN_POINT('Ctrl Pts',(-7.89642783681932,-89.1083421717579,7.12874820990858));
#7236=CARTESIAN_POINT('Ctrl Pts',(-7.83608559861387,-89.0630247115349,7.18917149020587));
#7237=CARTESIAN_POINT('Ctrl Pts',(-7.78209118979841,-89.006462989534,7.26458711954039));
#7238=CARTESIAN_POINT('Origin',(-0.0194794301033474,-87.2448257291889,9.6134368000003));
#7239=CARTESIAN_POINT('',(-6.21104915232578,-88.5355880696467,7.8924203460558));
#7240=CARTESIAN_POINT('Ctrl Pts',(-6.21104915232578,-88.5355880696472,7.89242034605618));
#7241=CARTESIAN_POINT('Ctrl Pts',(-6.61080896489915,-88.9702227603682,7.31290742509484));
#7242=CARTESIAN_POINT('Ctrl Pts',(-6.72047439603165,-89.4875524160999,6.62313455078587));
#7243=CARTESIAN_POINT('Ctrl Pts',(-6.64691593908574,-89.9767683463238,5.97084664382075));
#7244=CARTESIAN_POINT('',(-5.10016747563965,-87.6584260500714,9.06196970549052));
#7245=CARTESIAN_POINT('Ctrl Pts',(-5.10016751170036,-87.6584260309989,9.06196973092035));
#7246=CARTESIAN_POINT('Ctrl Pts',(-5.50574776712391,-87.9344893015263,8.69388537021727));
#7247=CARTESIAN_POINT('Ctrl Pts',(-5.91474308804749,-88.2134073094945,8.32199469292626));
#7248=CARTESIAN_POINT('Ctrl Pts',(-6.21104915232578,-88.5355880696471,7.89242034605614));
#7249=CARTESIAN_POINT('',(-5.51968644361047,-87.5619933649459,9.19054661899009));
#7250=CARTESIAN_POINT('',(-3.61514005269998,-87.9997826258688,8.60682760442735));
#7251=CARTESIAN_POINT('',(-2.56782043475737,-86.2970858499427,10.8770899723277));
#7252=CARTESIAN_POINT('Origin',(-10.3054104104589,-81.6744027417715,17.0406674498904));
#7253=CARTESIAN_POINT('',(-2.48939133747997,-86.1374397220463,11.0899514761896));
#7254=CARTESIAN_POINT('Ctrl Pts',(-2.48939133747997,-86.1374397220467,11.0899514761899));
#7255=CARTESIAN_POINT('Ctrl Pts',(-2.41314557178575,-86.1802986235283,11.0328062742144));
#7256=CARTESIAN_POINT('Ctrl Pts',(-2.49112706900462,-86.2545631610246,10.9337868908861));
#7257=CARTESIAN_POINT('Ctrl Pts',(-2.56782043475737,-86.2970858499431,10.877089972328));
#7258=CARTESIAN_POINT('',(-3.05894020278738,-86.0756370877062,11.1723549886431));
#7259=CARTESIAN_POINT('Ctrl Pts',(-3.05894020278738,-86.0756370877066,11.1723549886434));
#7260=CARTESIAN_POINT('Ctrl Pts',(-2.86905356574623,-86.096226519559,11.1449024128403));
#7261=CARTESIAN_POINT('Ctrl Pts',(-2.67922159741452,-86.1168497776753,11.1174047353519));
#7262=CARTESIAN_POINT('Ctrl Pts',(-2.48939133747997,-86.1374397220468,11.0899514761899));
#7263=CARTESIAN_POINT('Ctrl Pts',(-1.0400415548261,-85.4345561470308,12.0271295762111));
#7264=CARTESIAN_POINT('Ctrl Pts',(-1.77785793988849,-85.560422557379,11.8593076957468));
#7265=CARTESIAN_POINT('Ctrl Pts',(-2.47197627129651,-85.7792086488446,11.5675929071259));
#7266=CARTESIAN_POINT('Ctrl Pts',(-3.05894020278738,-86.0756370877066,11.1723549886434));
#7267=CARTESIAN_POINT('Origin',(-0.0194794301033474,-87.2448257291889,9.6134368000003));
#7268=CARTESIAN_POINT('',(0.324228265240571,-91.9356940574482,3.35894569565501));
#7269=CARTESIAN_POINT('Ctrl Pts',(0.324228265240571,-91.9356940574482,3.35894569565501));
#7270=CARTESIAN_POINT('Ctrl Pts',(0.243344920311047,-91.8085258739204,3.52850327369214));
#7271=CARTESIAN_POINT('Ctrl Pts',(0.0789866073572789,-91.701249383935,3.67153859367258));
#7272=CARTESIAN_POINT('Ctrl Pts',(-0.125418282370651,-91.6422102506673,
3.75025743802951));
#7273=CARTESIAN_POINT('',(0.378787127606673,-92.0081984784947,3.2622731342583));
#7274=CARTESIAN_POINT('Ctrl Pts',(0.378787127606676,-92.0081984784954,3.26227313425877));
#7275=CARTESIAN_POINT('Ctrl Pts',(0.357643562522553,-91.9849416838229,3.29328219382208));
#7276=CARTESIAN_POINT('Ctrl Pts',(0.340056120957529,-91.9605792753188,3.32576540516091));
#7277=CARTESIAN_POINT('Ctrl Pts',(0.324228265240069,-91.9356940574474,3.3589456956561));
#7278=CARTESIAN_POINT('',(1.37294995571293,-92.3092469047743,2.86087523255224));
#7279=CARTESIAN_POINT('Ctrl Pts',(1.37294995571293,-92.3092469047749,2.86087523255272));
#7280=CARTESIAN_POINT('Ctrl Pts',(0.974041491089782,-92.2886511838754,2.88833619375212));
#7281=CARTESIAN_POINT('Ctrl Pts',(0.565037849794408,-92.2130739805191,2.98910579822709));
#7282=CARTESIAN_POINT('Ctrl Pts',(0.378787127606673,-92.0081984784954,3.26227313425877));
#7283=CARTESIAN_POINT('Origin',(-0.0194794301033474,-87.2448257291889,9.6134368000003));
#7284=CARTESIAN_POINT('',(4.52024596222637,-89.2587136402248,6.92825291861821));
#7285=CARTESIAN_POINT('Ctrl Pts',(4.52024596222637,-89.2587136402253,6.92825291861859));
#7286=CARTESIAN_POINT('Ctrl Pts',(4.91754226608071,-89.1767577278303,7.0375274684786));
#7287=CARTESIAN_POINT('Ctrl Pts',(5.3957294675343,-89.2989197425815,6.87464478214375));
#7288=CARTESIAN_POINT('Ctrl Pts',(5.59093434496547,-89.5221146575654,6.57705156216515));
#7289=CARTESIAN_POINT('',(4.16566227272782,-88.3963307142187,8.07809681996074));
#7290=CARTESIAN_POINT('Ctrl Pts',(4.16566300441476,-88.3963304660959,8.07809715079117));
#7291=CARTESIAN_POINT('Ctrl Pts',(4.41589706308672,-88.6619814425088,7.72389584890732));
#7292=CARTESIAN_POINT('Ctrl Pts',(4.67441684803285,-88.9679051487674,7.31599757389581));
#7293=CARTESIAN_POINT('Ctrl Pts',(4.52024596222637,-89.2587136402253,6.92825291861859));
#7294=CARTESIAN_POINT('',(3.640002862403,-87.8382914142013,8.82214921998295));
#7295=CARTESIAN_POINT('',(2.4657566257906,-86.5917109499567,10.4842565056434));
#7296=CARTESIAN_POINT('',(4.78643303367118,-88.3635815173861,8.1217624157366));
#7297=CARTESIAN_POINT('Ctrl Pts',(4.78643303367118,-88.3635815173865,8.12176241573698));
#7298=CARTESIAN_POINT('Ctrl Pts',(4.47803488495161,-88.1403189498747,8.41944583908615));
#7299=CARTESIAN_POINT('Ctrl Pts',(4.05476411052558,-87.987155676719,8.62366353662702));
#7300=CARTESIAN_POINT('Ctrl Pts',(3.640002862403,-87.8382914142018,8.82214921998333));
#7301=CARTESIAN_POINT('',(5.11627156687344,-89.1722239834203,7.04357246102431));
#7302=CARTESIAN_POINT('Ctrl Pts',(5.11627156687344,-89.1722239834208,7.0435724610247));
#7303=CARTESIAN_POINT('Ctrl Pts',(5.27161782993284,-88.8976377481297,7.4096874414128));
#7304=CARTESIAN_POINT('Ctrl Pts',(5.09483118239075,-88.5868440848984,7.82407899238781));
#7305=CARTESIAN_POINT('Ctrl Pts',(4.78643303367118,-88.3635815173865,8.12176241573698));
#7306=CARTESIAN_POINT('',(5.98419712310158,-89.2318094599133,6.96412515903364));
#7307=CARTESIAN_POINT('Ctrl Pts',(5.98419712310157,-89.2318094599138,6.96412515903402));
#7308=CARTESIAN_POINT('Ctrl Pts',(5.73060435559353,-89.1378298482367,7.0894313079367));
#7309=CARTESIAN_POINT('Ctrl Pts',(5.40921897158812,-89.1392064746763,7.08759580601733));
#7310=CARTESIAN_POINT('Ctrl Pts',(5.11627156687344,-89.1722239834208,7.04357246102469));
#7311=CARTESIAN_POINT('',(6.22569785544082,-89.6924411720486,6.34994954285317));
#7312=CARTESIAN_POINT('Ctrl Pts',(6.22569785544082,-89.6924411720492,6.3499495428536));
#7313=CARTESIAN_POINT('Ctrl Pts',(6.38210844993709,-89.5401850577908,6.55295769519815));
#7314=CARTESIAN_POINT('Ctrl Pts',(6.23778989060962,-89.3257900966291,6.83881764341364));
#7315=CARTESIAN_POINT('Ctrl Pts',(5.98419712310158,-89.2318094599138,6.96412515903407));
#7316=CARTESIAN_POINT('Ctrl Pts',(7.07098615261427,-88.4908799101486,7.95203122538755));
#7317=CARTESIAN_POINT('Ctrl Pts',(7.32977576876603,-88.9387913005019,7.3548160382498));
#7318=CARTESIAN_POINT('Ctrl Pts',(6.95175553478504,-89.4957225801374,6.61224099873578));
#7319=CARTESIAN_POINT('Ctrl Pts',(6.22569785544082,-89.6924411720491,6.34994954285355));
#7320=CARTESIAN_POINT('Ctrl Pts',(7.07098615261373,-88.4908799101477,7.9520312253888));
#7321=CARTESIAN_POINT('Ctrl Pts',(7.05497900386128,-88.4631748408335,7.9889713178077));
#7322=CARTESIAN_POINT('Ctrl Pts',(7.03653548063232,-88.4358868713422,8.02535527712947));
#7323=CARTESIAN_POINT('Ctrl Pts',(7.01558724574065,-88.4091270442576,8.06103504657557));
#7324=CARTESIAN_POINT('',(7.94598717807617,-88.5889935902171,7.82121298529514));
#7325=CARTESIAN_POINT('Ctrl Pts',(7.94598717807617,-88.5889935902176,7.82121298529552));
#7326=CARTESIAN_POINT('Ctrl Pts',(7.66183676516984,-88.6877196105161,7.68957829156422));
#7327=CARTESIAN_POINT('Ctrl Pts',(7.23397040455172,-88.6475148458617,7.74318464443676));
#7328=CARTESIAN_POINT('Ctrl Pts',(7.07098615261374,-88.4908799101477,7.95203122538878));
#7329=CARTESIAN_POINT('',(8.33606243734808,-88.3461533526467,8.14499996872232));
#7330=CARTESIAN_POINT('Ctrl Pts',(8.33606243734808,-88.3461533526473,8.1449999687227));
#7331=CARTESIAN_POINT('Ctrl Pts',(8.23710139565379,-88.4451135212438,8.01305307726066));
#7332=CARTESIAN_POINT('Ctrl Pts',(8.11203392128111,-88.5312917207698,7.89814881122591));
#7333=CARTESIAN_POINT('Ctrl Pts',(7.94598717807617,-88.5889935902176,7.82121298529552));
#7334=CARTESIAN_POINT('Origin',(-0.0194794301033474,-87.2448257291889,9.6134368000003));
#7335=CARTESIAN_POINT('',(-0.250960667362438,-85.3371192345734,12.1570454594876));
#7336=CARTESIAN_POINT('',(0.31037948812812,-87.1000844550863,9.80642516546954));
#7337=CARTESIAN_POINT('Ctrl Pts',(-0.250960667362438,-85.3371192345734,
12.1570454594876));
#7338=CARTESIAN_POINT('Ctrl Pts',(-0.240522314459236,-85.5867513565536,
11.8242026301807));
#7339=CARTESIAN_POINT('Ctrl Pts',(-0.230083961556035,-85.8363834785338,
11.4913598008738));
#7340=CARTESIAN_POINT('Ctrl Pts',(-0.204644173103632,-86.4447733684897,
10.6801732809326));
#7341=CARTESIAN_POINT('Ctrl Pts',(-0.0187312678797502,-86.8004083572786,
10.2059932958808));
#7342=CARTESIAN_POINT('Ctrl Pts',(0.31037948812812,-87.1000844550867,9.80642516546984));
#7343=CARTESIAN_POINT('Ctrl Pts',(0.0652644717260596,-85.3183945656054,
12.1820116847783));
#7344=CARTESIAN_POINT('Ctrl Pts',(0.0124194761141016,-85.3205643172571,
12.179118682576));
#7345=CARTESIAN_POINT('Ctrl Pts',(-0.0403696157606918,-85.3232128112985,
12.1755873571874));
#7346=CARTESIAN_POINT('Ctrl Pts',(-0.145794117015892,-85.3294577244581,
12.167260806308));
#7347=CARTESIAN_POINT('Ctrl Pts',(-0.198427330098415,-85.3330540112412,
12.1624657572639));
#7348=CARTESIAN_POINT('Ctrl Pts',(-0.250960667362443,-85.3371192345734,
12.1570454594876));
#7349=CARTESIAN_POINT('',(7.46253469654478,-88.0804977145717,8.49920748615571));
#7350=CARTESIAN_POINT('Ctrl Pts',(7.46253469654478,-88.0804977145722,8.49920748615609));
#7351=CARTESIAN_POINT('Ctrl Pts',(7.7491559065392,-88.0328693098716,8.56271202575693));
#7352=CARTESIAN_POINT('Ctrl Pts',(7.8948719347517,-87.8465204216899,8.81117720999913));
#7353=CARTESIAN_POINT('Ctrl Pts',(8.00431527425212,-87.6805933715983,9.03241327678803));
#7354=CARTESIAN_POINT('',(6.85760834264238,-88.0001203611617,8.60637729070237));
#7355=CARTESIAN_POINT('Ctrl Pts',(6.85760834264238,-88.0001203611622,8.60637729070275));
#7356=CARTESIAN_POINT('Ctrl Pts',(7.04060843069152,-88.0647110996837,8.52025630600743));
#7357=CARTESIAN_POINT('Ctrl Pts',(7.25792338429598,-88.1144890097035,8.45388575931431));
#7358=CARTESIAN_POINT('Ctrl Pts',(7.46253469654478,-88.0804977145722,8.49920748615609));
#7359=CARTESIAN_POINT('',(6.30071186677552,-87.816996243478,8.85054278094727));
#7360=CARTESIAN_POINT('Ctrl Pts',(6.30071186677552,-87.8169962434785,8.85054278094765));
#7361=CARTESIAN_POINT('Ctrl Pts',(6.50364211620912,-87.854447042879,8.80060838174704));
#7362=CARTESIAN_POINT('Ctrl Pts',(6.67455187748663,-87.9355634489047,8.69245317371277));
#7363=CARTESIAN_POINT('Ctrl Pts',(6.85760834264238,-88.0001203611622,8.60637729070275));
#7364=CARTESIAN_POINT('',(6.49781989865398,-89.0394148958266,7.22065124448246));
#7365=CARTESIAN_POINT('Ctrl Pts',(6.49781989865398,-89.0394148958271,7.22065124448284));
#7366=CARTESIAN_POINT('Ctrl Pts',(6.63659641756218,-88.6612751911187,7.72483751742739));
#7367=CARTESIAN_POINT('Ctrl Pts',(6.47537155984103,-88.1825730787581,8.36310700057489));
#7368=CARTESIAN_POINT('Ctrl Pts',(6.30071186677552,-87.8169962434785,8.85054278094765));
#7369=CARTESIAN_POINT('',(6.11306493842414,-88.9555114106579,7.33252255804078));
#7370=CARTESIAN_POINT('Ctrl Pts',(6.11306493842414,-88.9555114106584,7.33252255804116));
#7371=CARTESIAN_POINT('Ctrl Pts',(6.23303029609419,-88.9790227141905,7.30117415333171));
#7372=CARTESIAN_POINT('Ctrl Pts',(6.37768540966412,-89.0398177358798,7.22011412441261));
#7373=CARTESIAN_POINT('Ctrl Pts',(6.49781989865398,-89.0394148958271,7.22065124448284));
#7374=CARTESIAN_POINT('',(5.62121739319974,-88.8951530552852,7.41300036520436));
#7375=CARTESIAN_POINT('Origin',(5.5796127782425,-89.8870742750796,6.09043873881283));
#7376=CARTESIAN_POINT('',(4.55898215965749,-87.8737280133384,8.77490042113348));
#7377=CARTESIAN_POINT('Ctrl Pts',(4.55898215965749,-87.8737280133389,8.77490042113386));
#7378=CARTESIAN_POINT('Ctrl Pts',(5.15237854106003,-88.0990734586804,8.47443982734524));
#7379=CARTESIAN_POINT('Ctrl Pts',(5.66482593935951,-88.4745921404507,7.97374825165151));
#7380=CARTESIAN_POINT('Ctrl Pts',(5.62121739319974,-88.8951530552857,7.41300036520474));
#7381=CARTESIAN_POINT('',(2.67091969294864,-87.3306022436995,9.49906811398533));
#7382=CARTESIAN_POINT('Ctrl Pts',(2.67091969294864,-87.3306022437,9.49906811398567));
#7383=CARTESIAN_POINT('Ctrl Pts',(3.29891111704237,-87.49004695157,9.28647517015891));
#7384=CARTESIAN_POINT('Ctrl Pts',(3.9809254764438,-87.6541935101312,9.06761309207735));
#7385=CARTESIAN_POINT('Ctrl Pts',(4.55898215965749,-87.8737280133388,8.77490042113382));
#7386=CARTESIAN_POINT('',(3.8869892580549,-88.7210297989311,7.6451647070099));
#7387=CARTESIAN_POINT('Ctrl Pts',(3.8869892580549,-88.7210297989316,7.64516470701029));
#7388=CARTESIAN_POINT('Ctrl Pts',(3.78381744456533,-88.1768636154162,8.37071961836412));
#7389=CARTESIAN_POINT('Ctrl Pts',(2.75287492198479,-87.8657675658859,8.78551435107123));
#7390=CARTESIAN_POINT('Ctrl Pts',(2.67091969294864,-87.3306022437,9.49906811398571));
#7391=CARTESIAN_POINT('',(2.31980819818635,-88.1388408446427,8.42141664606101));
#7392=CARTESIAN_POINT('Ctrl Pts',(2.31980819818635,-88.1388408446433,8.42141664606139));
#7393=CARTESIAN_POINT('Ctrl Pts',(2.83813419114758,-88.339498242482,8.15387344894309));
#7394=CARTESIAN_POINT('Ctrl Pts',(3.36519180204435,-88.5279638347572,7.90258599257615));
#7395=CARTESIAN_POINT('Ctrl Pts',(3.8869892580549,-88.7210297989316,7.64516470701029));
#7396=CARTESIAN_POINT('Ctrl Pts',(0.31037948812812,-87.1000844550868,9.80642516546989));
#7397=CARTESIAN_POINT('Ctrl Pts',(0.800602347643915,-87.546475310093,9.21123735879495));
#7398=CARTESIAN_POINT('Ctrl Pts',(1.57117830793763,-87.8490399658361,8.80781781780414));
#7399=CARTESIAN_POINT('Ctrl Pts',(2.31980819818635,-88.1388408446432,8.42141664606135));
#7400=CARTESIAN_POINT('',(-0.4867911178501,-90.0064061279102,5.93132960170559));
#7401=CARTESIAN_POINT('Origin',(3.62270570037359,-89.6332556791936,6.42886353332774));
#7402=CARTESIAN_POINT('',(-3.47825911263901,-90.0773372012844,5.83675483720669));
#7403=CARTESIAN_POINT('Ctrl Pts',(-3.47825911263901,-90.0773372012844,5.83675483720669));
#7404=CARTESIAN_POINT('Ctrl Pts',(-3.2160783484882,-90.0652045438964,5.85293171372394));
#7405=CARTESIAN_POINT('Ctrl Pts',(-2.95389758433739,-90.0530718865085,5.86910859024119));
#7406=CARTESIAN_POINT('Ctrl Pts',(-2.69171682018658,-90.0409392291205,5.88528546675844));
#7407=CARTESIAN_POINT('Ctrl Pts',(-1.96356624956109,-90.0072433878988,5.93021325505416));
#7408=CARTESIAN_POINT('Ctrl Pts',(-1.23258707292163,-89.995634685902,5.94569152438318));
#7409=CARTESIAN_POINT('Ctrl Pts',(-0.502511783703344,-90.0061790762087,
5.93163233730758));
#7410=CARTESIAN_POINT('Ctrl Pts',(-0.497271561752261,-90.0062547601092,
5.93153142544025));
#7411=CARTESIAN_POINT('Ctrl Pts',(-0.492031339801182,-90.0063304440097,
5.93143051357292));
#7412=CARTESIAN_POINT('Ctrl Pts',(-0.48679111785009,-90.0064061279102,5.93132960170558));
#7413=CARTESIAN_POINT('Origin',(0.925074435314677,-90.0174899972482,5.91655110925494));
#7414=CARTESIAN_POINT('',(-0.338661097496386,-91.2891033585199,4.22106662755816));
#7415=CARTESIAN_POINT('Ctrl Pts',(-0.338661097496385,-91.2891033585205,
4.22106662755861));
#7416=CARTESIAN_POINT('Ctrl Pts',(-0.38266086660807,-91.008941939905,4.59461518571254));
#7417=CARTESIAN_POINT('Ctrl Pts',(-0.426605967010319,-90.7287805212896,
4.96816374386646));
#7418=CARTESIAN_POINT('Ctrl Pts',(-0.470607444519176,-90.4486191026741,
5.34171230202039));
#7419=CARTESIAN_POINT('Ctrl Pts',(-2.88099729763315,-91.1691289847089,4.38103245930743));
#7420=CARTESIAN_POINT('Ctrl Pts',(-2.61593822869559,-91.181634040579,4.36435905148062));
#7421=CARTESIAN_POINT('Ctrl Pts',(-2.35087915975803,-91.1941390964491,4.3476856436538));
#7422=CARTESIAN_POINT('Ctrl Pts',(-1.50345312154703,-91.234119278965,4.29437873363264));
#7423=CARTESIAN_POINT('Ctrl Pts',(-0.921028066769819,-91.2616282318747,
4.25770012975299));
#7424=CARTESIAN_POINT('Ctrl Pts',(-0.338661097496385,-91.2891033585205,
4.22106662755863));
#7425=CARTESIAN_POINT('',(-0.245909327762243,-88.7161471377991,7.65167492185362));
#7426=CARTESIAN_POINT('Ctrl Pts',(-3.10912822931313,-88.7022450551063,7.6702110321106));
#7427=CARTESIAN_POINT('Ctrl Pts',(-2.78409717664219,-88.6866000070273,7.69107109621599));
#7428=CARTESIAN_POINT('Ctrl Pts',(-2.45906612397126,-88.6709549589483,7.71193116032137));
#7429=CARTESIAN_POINT('Ctrl Pts',(-2.13403507130032,-88.6553099108692,7.73279122442676));
#7430=CARTESIAN_POINT('Ctrl Pts',(-1.52012280599316,-88.6257598514884,7.77219130360122));
#7431=CARTESIAN_POINT('Ctrl Pts',(-0.899972298437342,-88.6445054046499,
7.74719723271916));
#7432=CARTESIAN_POINT('Ctrl Pts',(-0.294074102036984,-88.7108714868901,
7.65870912306562));
#7433=CARTESIAN_POINT('Ctrl Pts',(-0.278019177278736,-88.7126300371931,
7.65636438932829));
#7434=CARTESIAN_POINT('Ctrl Pts',(-0.261964252520488,-88.7143885874961,
7.65401965559096));
#7435=CARTESIAN_POINT('Ctrl Pts',(-0.24590932776224,-88.7161471377991,7.65167492185363));
#7436=CARTESIAN_POINT('',(0.133984063537949,-87.7683950774288,8.91534433567953));
#7437=CARTESIAN_POINT('Ctrl Pts',(0.133984063537949,-87.7683950774293,8.91534433567987));
#7438=CARTESIAN_POINT('Ctrl Pts',(-0.0752160035093247,-87.6511378709531,
9.07168727764821));
#7439=CARTESIAN_POINT('Ctrl Pts',(-0.342692914817431,-87.5729100228623,
9.17599107510258));
#7440=CARTESIAN_POINT('Ctrl Pts',(-0.526981134332705,-87.438455748794,9.35526344052692));
#7441=CARTESIAN_POINT('',(0.764831927699809,-88.0200061042198,8.57986296662497));
#7442=CARTESIAN_POINT('Ctrl Pts',(0.764831927699809,-88.0200061042203,8.57986296662536));
#7443=CARTESIAN_POINT('Ctrl Pts',(0.686681299161114,-88.0569536098145,8.5305996258331));
#7444=CARTESIAN_POINT('Ctrl Pts',(0.196291016722664,-87.8032935314579,8.86881306364182));
#7445=CARTESIAN_POINT('Ctrl Pts',(0.133984063537949,-87.7683950774294,8.91534433567991));
#7446=CARTESIAN_POINT('Origin',(2.54151506938933,-89.5738717731802,6.50804207467875));
#7447=CARTESIAN_POINT('Origin',(3.40154897730628,-86.022880954017,13.6142165002393));
#7448=CARTESIAN_POINT('',(3.14817075139291,-85.2487031825254,13.3487201955508));
#7449=CARTESIAN_POINT('',(14.1880397683318,-91.8394601346565,4.56104425937599));
#7450=CARTESIAN_POINT('',(3.14817075139291,-85.0178679825254,13.1755937955508));
#7451=CARTESIAN_POINT('Origin',(-0.0194794301033591,-88.4849698133851,10.5435448631475));
#7452=CARTESIAN_POINT('',(1.37294995571293,-92.8246645047743,3.24743843255224));
#7453=CARTESIAN_POINT('Origin',(-0.0194794301033521,-87.7602433291883,9.99999999999985));
#7454=CARTESIAN_POINT('Origin',(-0.0194794301033521,-87.7602433291883,9.99999999999985));
#7455=CARTESIAN_POINT('',(-7.96552921891018,-89.6618365267745,7.46454240321871));
#7456=CARTESIAN_POINT('',(-7.96552921891018,-89.4310013267745,7.29141600321871));
#7457=CARTESIAN_POINT('',(-8.57426225378622,-87.7602433291885,9.99999999999993));
#7458=CARTESIAN_POINT('Origin',(-0.0194794301033521,-87.7602433291883,9.99999999999985));
#7459=CARTESIAN_POINT('',(-8.57426225378622,-88.4849698133851,10.5435448631474));
#7460=CARTESIAN_POINT('Origin',(-0.0194794301033521,-87.7602433291883,9.99999999999985));
#7461=CARTESIAN_POINT('',(-4.09799155347227,-83.2482573709692,16.0159812776257));
#7462=CARTESIAN_POINT('',(-4.09799155347227,-83.0174221709692,15.8428548776257));
#7463=CARTESIAN_POINT('Origin',(-0.0194794301033521,-87.7602433291883,9.99999999999985));
#7464=CARTESIAN_POINT('',(-1.4426457313177,-82.6988989956929,16.7484591113275));
#7465=CARTESIAN_POINT('',(-1.4426457313177,-82.4680637956929,16.5753327113274));
#7466=CARTESIAN_POINT('Origin',(-0.0194794301033521,-87.7602433291883,9.99999999999985));
#7467=CARTESIAN_POINT('',(0.869727795527724,-82.6551769161734,16.8067552173535));
#7468=CARTESIAN_POINT('',(0.869727795527728,-82.7658405961784,16.8897529773572));
#7469=CARTESIAN_POINT('Origin',(-0.0194794301033521,-87.7602433291883,9.99999999999985));
#7470=CARTESIAN_POINT('',(8.33606243734808,-88.8615709526467,8.53156316872233));
#7471=CARTESIAN_POINT('',(8.33606243734808,-88.6307357526467,8.35843676872232));
#7472=CARTESIAN_POINT('Origin',(-0.0194794301033521,-87.7602433291883,9.99999999999985));
#7473=CARTESIAN_POINT('',(1.37294995571293,-92.5938293047743,3.07431203255224));
#7474=CARTESIAN_POINT('Ctrl Pts',(1.56269114286615,-86.3993241459441,13.1122922443259));
#7475=CARTESIAN_POINT('Ctrl Pts',(1.56269114286615,-84.3503308659441,11.5755472843258));
#7476=CARTESIAN_POINT('Ctrl Pts',(1.07152519742296,-86.4181409495687,13.0872031728264));
#7477=CARTESIAN_POINT('Ctrl Pts',(1.07152519742296,-84.3691476695687,11.5504582128263));
#7478=CARTESIAN_POINT('Ctrl Pts',(0.580359251979775,-86.4369577531933,13.062114101327));
#7479=CARTESIAN_POINT('Ctrl Pts',(0.58035925197977,-84.3879644731933,11.5253691413269));
#7480=CARTESIAN_POINT('Ctrl Pts',(0.0891933065365835,-86.4557745568179,
13.0370250298275));
#7481=CARTESIAN_POINT('Ctrl Pts',(0.0891933065365788,-84.4067812768179,
11.5002800698274));
#7482=CARTESIAN_POINT('Ctrl Pts',(-1.05846861909112,-86.4997420372231,12.9784017226206));
#7483=CARTESIAN_POINT('Ctrl Pts',(-1.05846861909113,-84.4507487572231,11.4416567626205));
#7484=CARTESIAN_POINT('Ctrl Pts',(-2.17909003431308,-86.7696248842656,12.6185579265639));
#7485=CARTESIAN_POINT('Ctrl Pts',(-2.17909003431309,-84.7206316042656,11.0818129665638));
#7486=CARTESIAN_POINT('Ctrl Pts',(-3.05894020278737,-87.2139666877062,12.0261021886431));
#7487=CARTESIAN_POINT('Ctrl Pts',(-3.05894020278738,-85.1649734077062,10.4893572286431));
#7488=CARTESIAN_POINT('',(-3.05894020278738,-86.5910546877062,11.5589181886431));
#7489=CARTESIAN_POINT('Ctrl Pts',(-1.0400415548261,-85.9499737470304,12.4136927762108));
#7490=CARTESIAN_POINT('Ctrl Pts',(-1.77785793988849,-86.0758401573786,12.2458708957466));
#7491=CARTESIAN_POINT('Ctrl Pts',(-2.47197627129651,-86.2946262488443,11.9541561071257));
#7492=CARTESIAN_POINT('Ctrl Pts',(-3.05894020278738,-86.5910546877062,11.5589181886431));
#7493=CARTESIAN_POINT('',(-3.05894020278738,-86.3602194877062,11.3857917886431));
#7494=CARTESIAN_POINT('Ctrl Pts',(0.93150146704801,-86.4235053260319,13.0800506708755));
#7495=CARTESIAN_POINT('Ctrl Pts',(0.931501467048006,-84.3745120460319,11.5433057108754));
#7496=CARTESIAN_POINT('Ctrl Pts',(0.650732080210867,-86.4342617362939,13.0657087905262));
#7497=CARTESIAN_POINT('Ctrl Pts',(0.650732080210863,-84.3852684562939,11.5289638305261));
#7498=CARTESIAN_POINT('Ctrl Pts',(0.369962693373725,-86.4450181465559,13.0513669101768));
#7499=CARTESIAN_POINT('Ctrl Pts',(0.36996269337372,-84.3960248665559,11.5146219501768));
#7500=CARTESIAN_POINT('Ctrl Pts',(0.0891933065365835,-86.4557745568179,
13.0370250298275));
#7501=CARTESIAN_POINT('Ctrl Pts',(0.0891933065365788,-84.4067812768179,
11.5002800698274));
#7502=CARTESIAN_POINT('Ctrl Pts',(-1.05846861909112,-86.4997420372231,12.9784017226206));
#7503=CARTESIAN_POINT('Ctrl Pts',(-1.05846861909113,-84.4507487572231,11.4416567626205));
#7504=CARTESIAN_POINT('Ctrl Pts',(-2.17909003431308,-86.7696248842656,12.6185579265639));
#7505=CARTESIAN_POINT('Ctrl Pts',(-2.17909003431309,-84.7206316042656,11.0818129665638));
#7506=CARTESIAN_POINT('Ctrl Pts',(-3.05894020278737,-87.2139666877062,12.0261021886431));
#7507=CARTESIAN_POINT('Ctrl Pts',(-3.05894020278738,-85.1649734077062,10.4893572286431));
#7508=CARTESIAN_POINT('',(-0.250960667362436,-85.852536834573,12.5436086594873));
#7509=CARTESIAN_POINT('Ctrl Pts',(0.0652644717260688,-85.833812165605,12.568574884778));
#7510=CARTESIAN_POINT('Ctrl Pts',(0.0124159730926107,-85.8359820610865,
12.5656816908026));
#7511=CARTESIAN_POINT('Ctrl Pts',(-0.0403766142557262,-85.8386307624247,
12.5621500890184));
#7512=CARTESIAN_POINT('Ctrl Pts',(-0.145801094747866,-85.8448758012294,
12.5538233706122));
#7513=CARTESIAN_POINT('Ctrl Pts',(-0.198430812356224,-85.8484718807107,
12.5490285979703));
#7514=CARTESIAN_POINT('Ctrl Pts',(-0.250960667362442,-85.852536834573,12.5436086594873));
#7515=CARTESIAN_POINT('',(-0.250960667362436,-85.9632005145747,12.6266064194886));
#7516=CARTESIAN_POINT('Ctrl Pts',(-0.318333559962064,-84.8642331284601,
15.1590802676379));
#7517=CARTESIAN_POINT('Ctrl Pts',(-0.318333559962069,-82.81523984846,13.6223353076378));
#7518=CARTESIAN_POINT('Ctrl Pts',(-0.285437576192319,-85.6509371524779,
14.1101415689475));
#7519=CARTESIAN_POINT('Ctrl Pts',(-0.285437576192324,-83.6019438724778,
12.5733966089473));
#7520=CARTESIAN_POINT('Ctrl Pts',(-0.252541592422575,-86.4376411764957,
13.0612028702571));
#7521=CARTESIAN_POINT('Ctrl Pts',(-0.25254159242258,-84.3886478964956,11.5244579102569));
#7522=CARTESIAN_POINT('Ctrl Pts',(-0.219645608652831,-87.2243452005135,
12.0122641715667));
#7523=CARTESIAN_POINT('Ctrl Pts',(-0.219645608652836,-85.1753519205134,
10.4755192115665));
#7524=CARTESIAN_POINT('Ctrl Pts',(-0.20464417310363,-87.5831029684893,11.5339204809323));
#7525=CARTESIAN_POINT('Ctrl Pts',(-0.204644173103634,-85.5341096884892,
9.99717552093212));
#7526=CARTESIAN_POINT('Ctrl Pts',(-0.0187312678797475,-87.9387379572781,
11.0597404958805));
#7527=CARTESIAN_POINT('Ctrl Pts',(-0.0187312678797522,-85.889744677278,
9.52299553588031));
#7528=CARTESIAN_POINT('Ctrl Pts',(0.310379488128123,-88.2384140550863,10.6601723654696));
#7529=CARTESIAN_POINT('Ctrl Pts',(0.310379488128118,-86.1894207750862,9.1234274054694));
#7530=CARTESIAN_POINT('',(0.310379488128121,-87.6155020550863,10.1929883654696));
#7531=CARTESIAN_POINT('Ctrl Pts',(-0.250960667362436,-85.852536834573,12.5436086594873));
#7532=CARTESIAN_POINT('Ctrl Pts',(-0.240522314459235,-86.1021689565532,
12.2107658301804));
#7533=CARTESIAN_POINT('Ctrl Pts',(-0.230083961556034,-86.3518010785334,
11.8779230008735));
#7534=CARTESIAN_POINT('Ctrl Pts',(-0.219645608652832,-86.6014332005135,
11.5450801715666));
#7535=CARTESIAN_POINT('Ctrl Pts',(-0.204644173103631,-86.9601909684893,
11.0667364809323));
#7536=CARTESIAN_POINT('Ctrl Pts',(-0.0187312678797489,-87.3158259572782,
10.5925564958805));
#7537=CARTESIAN_POINT('Ctrl Pts',(0.310379488128122,-87.6155020550863,10.1929883654695));
#7538=CARTESIAN_POINT('',(0.310379488128121,-87.3846668550863,10.0198619654695));
#7539=CARTESIAN_POINT('Ctrl Pts',(-5.24679162854021,-89.9434689674581,8.38676581564052));
#7540=CARTESIAN_POINT('Ctrl Pts',(-5.24679162854021,-88.3042743434581,7.15736984764048));
#7541=CARTESIAN_POINT('Ctrl Pts',(-4.92875559451205,-89.9281606176794,8.40717694867884));
#7542=CARTESIAN_POINT('Ctrl Pts',(-4.92875559451205,-88.2889659936794,7.1777809806788));
#7543=CARTESIAN_POINT('Ctrl Pts',(-4.61071956048388,-89.9128522679006,8.42758808171715));
#7544=CARTESIAN_POINT('Ctrl Pts',(-4.61071956048388,-88.2736576439006,7.19819211371712));
#7545=CARTESIAN_POINT('Ctrl Pts',(-4.29268352645571,-89.8975439181219,8.44799921475547));
#7546=CARTESIAN_POINT('Ctrl Pts',(-4.29268352645571,-88.2583492941219,7.21860324675543));
#7547=CARTESIAN_POINT('Ctrl Pts',(-3.57313404140391,-89.8629091157042,8.49417895131245));
#7548=CARTESIAN_POINT('Ctrl Pts',(-3.57313404140392,-88.2237144917042,7.26478298331241));
#7549=CARTESIAN_POINT('Ctrl Pts',(-2.85358455635211,-89.8282743132864,8.54035868786942));
#7550=CARTESIAN_POINT('Ctrl Pts',(-2.85358455635212,-88.1890796892864,7.31096271986938));
#7551=CARTESIAN_POINT('Ctrl Pts',(-2.13403507130032,-89.7936395108687,8.5865384244264));
#7552=CARTESIAN_POINT('Ctrl Pts',(-2.13403507130032,-88.1544448868687,7.35714245642636));
#7553=CARTESIAN_POINT('Ctrl Pts',(-1.52012280599315,-89.7640894514878,8.62593850360085));
#7554=CARTESIAN_POINT('Ctrl Pts',(-1.52012280599316,-88.1248948274879,7.39654253560081));
#7555=CARTESIAN_POINT('Ctrl Pts',(-0.899972298437339,-89.7828350046494,
8.60094443271879));
#7556=CARTESIAN_POINT('Ctrl Pts',(-0.899972298437343,-88.1436403806494,
7.37154846471875));
#7557=CARTESIAN_POINT('Ctrl Pts',(-0.294074102036981,-89.8492010868895,
8.51245632306525));
#7558=CARTESIAN_POINT('Ctrl Pts',(-0.294074102036985,-88.2100064628896,
7.28306035506521));
#7559=CARTESIAN_POINT('Ctrl Pts',(-0.254774982451033,-89.8535056526035,
8.50671690211324));
#7560=CARTESIAN_POINT('Ctrl Pts',(-0.254774982451036,-88.2143110286036,
7.2773209341132));
#7561=CARTESIAN_POINT('Ctrl Pts',(-0.215475862865085,-89.8578102183176,
8.50097748116122));
#7562=CARTESIAN_POINT('Ctrl Pts',(-0.215475862865089,-88.2186155943176,
7.27158151316118));
#7563=CARTESIAN_POINT('Ctrl Pts',(-0.176176743279139,-89.8621147840316,
8.49523806020921));
#7564=CARTESIAN_POINT('Ctrl Pts',(-0.176176743279143,-88.2229201600316,
7.26584209220917));
#7565=CARTESIAN_POINT('',(-0.245909327762243,-89.2315647377985,8.03823812185325));
#7566=CARTESIAN_POINT('Ctrl Pts',(-3.10912822931313,-89.2176626551058,8.05677423211022));
#7567=CARTESIAN_POINT('Ctrl Pts',(-2.78409717664219,-89.2020176070268,8.07763429621561));
#7568=CARTESIAN_POINT('Ctrl Pts',(-2.45906612397126,-89.1863725589477,8.09849436032099));
#7569=CARTESIAN_POINT('Ctrl Pts',(-2.13403507130032,-89.1707275108687,8.11935442442638));
#7570=CARTESIAN_POINT('Ctrl Pts',(-1.52012280599316,-89.1411774514878,8.15875450360084));
#7571=CARTESIAN_POINT('Ctrl Pts',(-0.899972298437341,-89.1599230046494,
8.13376043271878));
#7572=CARTESIAN_POINT('Ctrl Pts',(-0.294074102036982,-89.2262890868896,
8.04527232306524));
#7573=CARTESIAN_POINT('Ctrl Pts',(-0.278019177278734,-89.2280476371925,
8.04292758932791));
#7574=CARTESIAN_POINT('Ctrl Pts',(-0.261964252520486,-89.2298061874955,
8.04058285559058));
#7575=CARTESIAN_POINT('Ctrl Pts',(-0.245909327762238,-89.2315647377985,
8.03823812185325));
#7576=CARTESIAN_POINT('',(-0.245909327762243,-88.7161471377991,7.65167492185362));
#7577=CARTESIAN_POINT('Ctrl Pts',(-3.49667635837737,-91.112028589501,6.8286863195833));
#7578=CARTESIAN_POINT('Ctrl Pts',(-3.49667635837738,-89.063035309501,5.29194135958319));
#7579=CARTESIAN_POINT('Ctrl Pts',(-3.49435338024994,-91.1259610408166,6.81010971782913));
#7580=CARTESIAN_POINT('Ctrl Pts',(-3.49435338024994,-89.0769677608166,5.27336475782902));
#7581=CARTESIAN_POINT('Ctrl Pts',(-3.49203040212251,-91.1398934921323,6.79153311607496));
#7582=CARTESIAN_POINT('Ctrl Pts',(-3.49203040212252,-89.0909002121322,5.25478815607485));
#7583=CARTESIAN_POINT('Ctrl Pts',(-3.48970742399508,-91.1538259434479,6.77295651432078));
#7584=CARTESIAN_POINT('Ctrl Pts',(-3.48970742399509,-89.1048326634479,5.23621155432067));
#7585=CARTESIAN_POINT('Ctrl Pts',(-3.37718726119163,-91.8286845104633,5.87314509163354));
#7586=CARTESIAN_POINT('Ctrl Pts',(-3.37718726119163,-89.7796912304633,4.33640013163342));
#7587=CARTESIAN_POINT('Ctrl Pts',(-2.86277862294105,-92.476808028487,5.00898040093529));
#7588=CARTESIAN_POINT('Ctrl Pts',(-2.86277862294105,-90.427814748487,3.47223544093517));
#7589=CARTESIAN_POINT('Ctrl Pts',(-2.06706872348325,-92.9579958587299,4.36739662727814));
#7590=CARTESIAN_POINT('Ctrl Pts',(-2.06706872348325,-90.9090025787298,2.83065166727803));
#7591=CARTESIAN_POINT('',(-3.47825911263901,-90.5927548012838,6.22331803720627));
#7592=CARTESIAN_POINT('Ctrl Pts',(-3.48970742399508,-90.5309139434479,6.30577251432077));
#7593=CARTESIAN_POINT('Ctrl Pts',(-3.48798685118891,-90.5412333677137,6.29201328196641));
#7594=CARTESIAN_POINT('Ctrl Pts',(-3.48617221518204,-90.5515470974737,6.27826164228638));
#7595=CARTESIAN_POINT('Ctrl Pts',(-3.48235580729217,-90.5721611407843,6.25077625120554));
#7596=CARTESIAN_POINT('Ctrl Pts',(-3.48035407099077,-90.5824613640993,6.23704262011889));
#7597=CARTESIAN_POINT('Ctrl Pts',(-3.47825911263901,-90.5927548012838,6.22331803720627));
#7598=CARTESIAN_POINT('',(-3.47825911263901,-90.0773372012844,5.83675483720669));
#7599=CARTESIAN_POINT('Ctrl Pts',(0.133984063537951,-88.9067246774288,9.76909153567955));
#7600=CARTESIAN_POINT('Ctrl Pts',(0.133984063537947,-86.8577313974289,8.2323465756795));
#7601=CARTESIAN_POINT('Ctrl Pts',(-0.0752160035093219,-88.7894674709526,
9.92543447764789));
#7602=CARTESIAN_POINT('Ctrl Pts',(-0.0752160035093266,-86.7404741909526,
8.38868951764784));
#7603=CARTESIAN_POINT('Ctrl Pts',(-0.342692914817428,-88.7112396228618,
10.0297382751023));
#7604=CARTESIAN_POINT('Ctrl Pts',(-0.342692914817433,-86.6622463428618,
8.4929933151022));
#7605=CARTESIAN_POINT('Ctrl Pts',(-0.526981134332702,-88.5767853487935,
10.2090106405266));
#7606=CARTESIAN_POINT('Ctrl Pts',(-0.526981134332707,-86.5277920687936,
8.67226568052655));
#7607=CARTESIAN_POINT('',(0.13398406353795,-88.2838126774288,9.30190753567954));
#7608=CARTESIAN_POINT('Ctrl Pts',(0.13398406353795,-88.2838126774288,9.30190753567953));
#7609=CARTESIAN_POINT('Ctrl Pts',(-0.0752160035093233,-88.1665554709526,
9.45825047764787));
#7610=CARTESIAN_POINT('Ctrl Pts',(-0.342692914817429,-88.0883276228618,
9.56255427510224));
#7611=CARTESIAN_POINT('Ctrl Pts',(-0.526981134332704,-87.9538733487936,
9.74182664052659));
#7612=CARTESIAN_POINT('',(0.133984063537949,-88.0529774774288,9.12878113567953));
#7613=CARTESIAN_POINT('Ctrl Pts',(0.764831927699812,-89.1583357042197,9.43361016662499));
#7614=CARTESIAN_POINT('Ctrl Pts',(0.764831927699807,-87.1093424242198,7.89686520662494));
#7615=CARTESIAN_POINT('Ctrl Pts',(0.686681299161117,-89.1952832098139,9.38434682583273));
#7616=CARTESIAN_POINT('Ctrl Pts',(0.686681299161112,-87.146289929814,7.84760186583268));
#7617=CARTESIAN_POINT('Ctrl Pts',(0.196291016722667,-88.9416231314574,9.72256026364145));
#7618=CARTESIAN_POINT('Ctrl Pts',(0.196291016722662,-86.8926298514574,8.1858153036414));
#7619=CARTESIAN_POINT('Ctrl Pts',(0.133984063537951,-88.9067246774288,9.76909153567955));
#7620=CARTESIAN_POINT('Ctrl Pts',(0.133984063537947,-86.8577313974289,8.23234657567949));
#7621=CARTESIAN_POINT('',(0.76483192769981,-88.5354237042198,8.96642616662498));
#7622=CARTESIAN_POINT('Ctrl Pts',(0.76483192769981,-88.5354237042198,8.96642616662498));
#7623=CARTESIAN_POINT('Ctrl Pts',(0.686681299161116,-88.5723712098139,8.91716282583272));
#7624=CARTESIAN_POINT('Ctrl Pts',(0.196291016722665,-88.3187111314574,9.25537626364144));
#7625=CARTESIAN_POINT('Ctrl Pts',(0.13398406353795,-88.2838126774288,9.30190753567954));
#7626=CARTESIAN_POINT('',(0.764831927699809,-88.3045885042198,8.79329976662497));
#7627=CARTESIAN_POINT('Ctrl Pts',(-0.462134094822533,-90.0921124971416,
8.18857444272919));
#7628=CARTESIAN_POINT('Ctrl Pts',(-0.462134094822537,-88.0431192171416,
6.65182948272914));
#7629=CARTESIAN_POINT('Ctrl Pts',(-0.414632011423732,-90.0391375923043,
8.25920764917887));
#7630=CARTESIAN_POINT('Ctrl Pts',(-0.414632011423737,-87.9901443123044,
6.72246268917882));
#7631=CARTESIAN_POINT('Ctrl Pts',(-0.367129928024932,-89.986162687467,8.32984085562856));
#7632=CARTESIAN_POINT('Ctrl Pts',(-0.367129928024937,-87.9371694074671,
6.79309589562851));
#7633=CARTESIAN_POINT('Ctrl Pts',(-0.319627844626132,-89.9331877826298,
8.40047406207825));
#7634=CARTESIAN_POINT('Ctrl Pts',(-0.319627844626137,-87.8841945026298,
6.8637291020782));
#7635=CARTESIAN_POINT('Ctrl Pts',(-0.0514231561236306,-89.6340826311558,
8.79928093071024));
#7636=CARTESIAN_POINT('Ctrl Pts',(-0.0514231561236353,-87.5850893511558,
7.26253597071019));
#7637=CARTESIAN_POINT('Ctrl Pts',(0.32023352300431,-89.3685659347605,9.15330319257067));
#7638=CARTESIAN_POINT('Ctrl Pts',(0.320233523004305,-87.3195726547605,7.61655823257061));
#7639=CARTESIAN_POINT('Ctrl Pts',(0.764831927699812,-89.1583357042197,9.43361016662499));
#7640=CARTESIAN_POINT('Ctrl Pts',(0.764831927699807,-87.1093424242198,7.89686520662494));
#7641=CARTESIAN_POINT('Ctrl Pts',(-0.245909327768622,-89.2315647378051,
8.03823812184455));
#7642=CARTESIAN_POINT('Ctrl Pts',(0.0150198949874942,-88.9645461792389,
8.39426286659939));
#7643=CARTESIAN_POINT('Ctrl Pts',(0.35963252444517,-88.7270239507828,8.71095917120758));
#7644=CARTESIAN_POINT('Ctrl Pts',(0.76483192769981,-88.5354237042198,8.96642616662498));
#7645=CARTESIAN_POINT('Ctrl Pts',(-0.405675296841774,-91.5889789687888,
6.19275248053286));
#7646=CARTESIAN_POINT('Ctrl Pts',(-0.405675296841778,-89.5399856887889,
4.6560075205328));
#7647=CARTESIAN_POINT('Ctrl Pts',(-0.43153680921442,-91.4475217446285,6.3813621127466));
#7648=CARTESIAN_POINT('Ctrl Pts',(-0.431536809214425,-89.3985284646286,
4.84461715274654));
#7649=CARTESIAN_POINT('Ctrl Pts',(-0.457398321587068,-91.3060645204682,
6.56997174496033));
#7650=CARTESIAN_POINT('Ctrl Pts',(-0.457398321587072,-89.2570712404683,
5.03322678496028));
#7651=CARTESIAN_POINT('Ctrl Pts',(-0.483259833959714,-91.1646072963079,
6.75858137717407));
#7652=CARTESIAN_POINT('Ctrl Pts',(-0.483259833959719,-89.1156140163079,
5.22183641717402));
#7653=CARTESIAN_POINT('Ctrl Pts',(-0.540417678074246,-90.8519654890182,
7.17543712022699));
#7654=CARTESIAN_POINT('Ctrl Pts',(-0.540417678074251,-88.8029722090183,
5.63869216022694));
#7655=CARTESIAN_POINT('Ctrl Pts',(-0.522894648302218,-90.5344209235303,
7.59882987421096));
#7656=CARTESIAN_POINT('Ctrl Pts',(-0.522894648302223,-88.4854276435303,
6.06208491421091));
#7657=CARTESIAN_POINT('Ctrl Pts',(-0.431478315738973,-90.2247015004395,
8.01178910499869));
#7658=CARTESIAN_POINT('Ctrl Pts',(-0.431478315738978,-88.1757082204395,
6.47504414499864));
#7659=CARTESIAN_POINT('Ctrl Pts',(-0.41603225635211,-90.1723701011349,8.08156430407144));
#7660=CARTESIAN_POINT('Ctrl Pts',(-0.416032256352115,-88.1233768211349,
6.54481934407138));
#7661=CARTESIAN_POINT('Ctrl Pts',(-0.400586196965246,-90.1200387018303,
8.15133950314419));
#7662=CARTESIAN_POINT('Ctrl Pts',(-0.400586196965251,-88.0710454218304,
6.61459454314413));
#7663=CARTESIAN_POINT('Ctrl Pts',(-0.385140137578384,-90.0677073025258,
8.22111470221693));
#7664=CARTESIAN_POINT('Ctrl Pts',(-0.385140137578388,-88.0187140225258,
6.68436974221688));
#7665=CARTESIAN_POINT('',(-0.486791117850098,-90.5218237279096,6.31789280170516));
#7666=CARTESIAN_POINT('Ctrl Pts',(-0.486791117850085,-90.5218237279097,
6.31789280170508));
#7667=CARTESIAN_POINT('Ctrl Pts',(-0.534299959937238,-90.2465590465475,
6.68491237685469));
#7668=CARTESIAN_POINT('Ctrl Pts',(-0.524004745166539,-89.9677074141444,
7.05671455339219));
#7669=CARTESIAN_POINT('Ctrl Pts',(-0.45644195989535,-89.693938962283,7.421739155874));
#7670=CARTESIAN_POINT('',(-0.4867911178501,-90.0064061279102,5.93132960170559));
#7671=CARTESIAN_POINT('Ctrl Pts',(-5.19284257712417,-91.2950107371556,6.5847101227104));
#7672=CARTESIAN_POINT('Ctrl Pts',(-5.19284257712417,-89.6558161131557,5.3553141547104));
#7673=CARTESIAN_POINT('Ctrl Pts',(-4.3591339914783,-91.2564301011437,6.63615097072631));
#7674=CARTESIAN_POINT('Ctrl Pts',(-4.3591339914783,-89.6172354771439,5.40675500272631));
#7675=CARTESIAN_POINT('Ctrl Pts',(-3.52542540583244,-91.2178494651319,6.68759181874218));
#7676=CARTESIAN_POINT('Ctrl Pts',(-3.52542540583244,-89.578654841132,5.45819585074218));
#7677=CARTESIAN_POINT('Ctrl Pts',(-2.69171682018657,-91.1792688291199,6.73903266675804));
#7678=CARTESIAN_POINT('Ctrl Pts',(-2.69171682018658,-89.54007420512,5.50963669875805));
#7679=CARTESIAN_POINT('Ctrl Pts',(-1.96356624956108,-91.1455729878982,6.78396045505376));
#7680=CARTESIAN_POINT('Ctrl Pts',(-1.96356624956109,-89.5063783638982,5.55456448705377));
#7681=CARTESIAN_POINT('Ctrl Pts',(-1.23258707292163,-91.1339642859014,6.79943872438278));
#7682=CARTESIAN_POINT('Ctrl Pts',(-1.23258707292163,-89.4947696619015,5.57004275638278));
#7683=CARTESIAN_POINT('Ctrl Pts',(-0.502511783703342,-91.1445086762081,
6.78537953730718));
#7684=CARTESIAN_POINT('Ctrl Pts',(-0.502511783703345,-89.5053140522082,
5.55598356930719));
#7685=CARTESIAN_POINT('Ctrl Pts',(-0.49530695456408,-91.1446127346958,6.78524079265685));
#7686=CARTESIAN_POINT('Ctrl Pts',(-0.495306954564084,-89.5054181106959,
5.55584482465686));
#7687=CARTESIAN_POINT('Ctrl Pts',(-0.488102125424827,-91.1447167931836,
6.78510204800652));
#7688=CARTESIAN_POINT('Ctrl Pts',(-0.488102125424831,-89.5055221691837,
5.55570608000652));
#7689=CARTESIAN_POINT('Ctrl Pts',(-0.480897296285538,-91.1448208516713,
6.78496330335619));
#7690=CARTESIAN_POINT('Ctrl Pts',(-0.480897296285542,-89.5056262276714,
5.5555673353562));
#7691=CARTESIAN_POINT('Ctrl Pts',(-3.47825911263901,-90.5927548012838,6.22331803720626));
#7692=CARTESIAN_POINT('Ctrl Pts',(-3.2160783484882,-90.5806221438958,6.23949491372351));
#7693=CARTESIAN_POINT('Ctrl Pts',(-2.95389758433739,-90.5684894865079,6.25567179024076));
#7694=CARTESIAN_POINT('Ctrl Pts',(-2.69171682018657,-90.5563568291199,6.27184866675802));
#7695=CARTESIAN_POINT('Ctrl Pts',(-1.96356624956109,-90.5226609878981,6.31677645505373));
#7696=CARTESIAN_POINT('Ctrl Pts',(-1.23258707292163,-90.5110522859014,6.33225472438275));
#7697=CARTESIAN_POINT('Ctrl Pts',(-0.502511783703343,-90.5215966762081,
6.31819553730715));
#7698=CARTESIAN_POINT('Ctrl Pts',(-0.49727156175226,-90.5216723601086,6.31809462543982));
#7699=CARTESIAN_POINT('Ctrl Pts',(-0.49203133980118,-90.5217480440091,6.31799371357249));
#7700=CARTESIAN_POINT('Ctrl Pts',(-0.486791117850089,-90.5218237279096,
6.31789280170515));
#7701=CARTESIAN_POINT('Ctrl Pts',(0.324228265240573,-92.5617753374529,3.82850665565861));
#7702=CARTESIAN_POINT('Ctrl Pts',(0.324228265240571,-91.8104778014472,3.26503350365429));
#7703=CARTESIAN_POINT('Ctrl Pts',(0.243344920311049,-92.434607153925,3.99806423369574));
#7704=CARTESIAN_POINT('Ctrl Pts',(0.243344920311047,-91.6833096179194,3.43459108169142));
#7705=CARTESIAN_POINT('Ctrl Pts',(0.0789866073572804,-92.3273306639397,
4.14109955367618));
#7706=CARTESIAN_POINT('Ctrl Pts',(0.0789866073572786,-91.5760331279341,
3.57762640167186));
#7707=CARTESIAN_POINT('Ctrl Pts',(-0.12541828237065,-92.268291530672,4.21981839803311));
#7708=CARTESIAN_POINT('Ctrl Pts',(-0.125418282370651,-91.5169939946664,
3.6563452460288));
#7709=CARTESIAN_POINT('',(0.324228265240572,-92.4511116574475,3.74550889565458));
#7710=CARTESIAN_POINT('Ctrl Pts',(0.324228265240572,-92.4511116574475,3.74550889565459));
#7711=CARTESIAN_POINT('Ctrl Pts',(0.243344920311049,-92.3239434739197,3.91506647369171));
#7712=CARTESIAN_POINT('Ctrl Pts',(0.0789866073572801,-92.2166669839343,
4.05810179367216));
#7713=CARTESIAN_POINT('Ctrl Pts',(-0.12541828237065,-92.1576278506667,4.13682063802909));
#7714=CARTESIAN_POINT('',(0.324228265240571,-91.9356940574482,3.35894569565501));
#7715=CARTESIAN_POINT('Ctrl Pts',(0.393846251732204,-93.1630923124096,4.09393468904965));
#7716=CARTESIAN_POINT('Ctrl Pts',(0.3938462517322,-91.4009580916032,2.77233402344484));
#7717=CARTESIAN_POINT('Ctrl Pts',(0.388826543690361,-93.1575709011064,4.10129657078722));
#7718=CARTESIAN_POINT('Ctrl Pts',(0.388826543690357,-91.3954366803,2.77969590518241));
#7719=CARTESIAN_POINT('Ctrl Pts',(0.383806835648519,-93.1520494898032,4.1086584525248));
#7720=CARTESIAN_POINT('Ctrl Pts',(0.383806835648515,-91.3899152689968,2.78705778691999));
#7721=CARTESIAN_POINT('Ctrl Pts',(0.378787127606676,-93.1465280785001,4.11602033426237));
#7722=CARTESIAN_POINT('Ctrl Pts',(0.378787127606672,-91.3843938576937,2.79441966865756));
#7723=CARTESIAN_POINT('Ctrl Pts',(0.279421623011721,-93.0372313194768,4.26174934629332));
#7724=CARTESIAN_POINT('Ctrl Pts',(0.279421623011717,-91.2750970986704,2.94014868068851));
#7725=CARTESIAN_POINT('Ctrl Pts',(0.25859626151021,-92.9035160980243,4.44003630823003));
#7726=CARTESIAN_POINT('Ctrl Pts',(0.258596261510206,-91.1413818772179,3.11843564262522));
#7727=CARTESIAN_POINT('Ctrl Pts',(0.129841200400856,-92.8058740244944,4.57022573960326));
#7728=CARTESIAN_POINT('Ctrl Pts',(0.129841200400852,-91.043739803688,3.24862507399845));
#7729=CARTESIAN_POINT('Ctrl Pts',(0.0640478687653578,-92.7559793075801,
4.63675202882233));
#7730=CARTESIAN_POINT('Ctrl Pts',(0.0640478687653538,-90.9938450867737,
3.31515136321752));
#7731=CARTESIAN_POINT('Ctrl Pts',(-0.00174546287014022,-92.7060845906658,
4.70327831804134));
#7732=CARTESIAN_POINT('Ctrl Pts',(-0.00174546287014425,-90.9439503698594,
3.38167765243653));
#7733=CARTESIAN_POINT('Ctrl Pts',(-0.0675387945056388,-92.6561898737515,
4.7698046072604));
#7734=CARTESIAN_POINT('Ctrl Pts',(-0.0675387945056428,-90.8940556529451,
3.44820394165559));
#7735=CARTESIAN_POINT('',(0.378787127606675,-92.5236160784947,3.6488363342583));
#7736=CARTESIAN_POINT('Ctrl Pts',(0.378787127606707,-92.5236160784947,3.6488363342583));
#7737=CARTESIAN_POINT('Ctrl Pts',(0.357643562522574,-92.5003592838222,3.6798453938216));
#7738=CARTESIAN_POINT('Ctrl Pts',(0.340056120957542,-92.4759968753181,3.71232860516045));
#7739=CARTESIAN_POINT('Ctrl Pts',(0.324228265240077,-92.4511116574467,3.74550889565561));
#7740=CARTESIAN_POINT('',(0.378787127606674,-92.2927808784947,3.4757099342583));
#7741=CARTESIAN_POINT('Ctrl Pts',(1.37294995571293,-93.4475765047743,3.71462243255223));
#7742=CARTESIAN_POINT('Ctrl Pts',(1.37294995571293,-91.3985832247743,2.17787747255224));
#7743=CARTESIAN_POINT('Ctrl Pts',(0.974041491089785,-93.4269807838747,3.74208339375164));
#7744=CARTESIAN_POINT('Ctrl Pts',(0.97404149108978,-91.3779875038747,2.20533843375164));
#7745=CARTESIAN_POINT('Ctrl Pts',(0.56503784979441,-93.3514035805185,3.84285299822661));
#7746=CARTESIAN_POINT('Ctrl Pts',(0.565037849794406,-91.3024103005185,2.30610803822661));
#7747=CARTESIAN_POINT('Ctrl Pts',(0.378787127606676,-93.1465280784947,4.11602033425835));
#7748=CARTESIAN_POINT('Ctrl Pts',(0.378787127606671,-91.0975347984947,2.57927537425835));
#7749=CARTESIAN_POINT('Ctrl Pts',(1.37294995571293,-92.8246645047743,3.24743843255223));
#7750=CARTESIAN_POINT('Ctrl Pts',(0.974041491089783,-92.8040687838747,3.27489939375163));
#7751=CARTESIAN_POINT('Ctrl Pts',(0.565037849794409,-92.7284915805185,3.37566899822661));
#7752=CARTESIAN_POINT('Ctrl Pts',(0.378787127606675,-92.5236160784947,3.64883633425835));
#7753=CARTESIAN_POINT('Ctrl Pts',(4.52024596222637,-90.3970432402248,7.78200011861822));
#7754=CARTESIAN_POINT('Ctrl Pts',(4.52024596222637,-88.3480499602248,6.24525515861816));
#7755=CARTESIAN_POINT('Ctrl Pts',(4.91754226608071,-90.3150873278298,7.89127466847824));
#7756=CARTESIAN_POINT('Ctrl Pts',(4.9175422660807,-88.2660940478298,6.35452970847818));
#7757=CARTESIAN_POINT('Ctrl Pts',(5.39572946753431,-90.4372493425809,7.72839198214338));
#7758=CARTESIAN_POINT('Ctrl Pts',(5.3957294675343,-88.388256062581,6.19164702214332));
#7759=CARTESIAN_POINT('Ctrl Pts',(5.59093434496547,-90.6604442575649,7.43079876216479));
#7760=CARTESIAN_POINT('Ctrl Pts',(5.59093434496547,-88.6114509775649,5.89405380216473));
#7761=CARTESIAN_POINT('',(4.52024596222637,-89.7741312402248,7.31481611861822));
#7762=CARTESIAN_POINT('Ctrl Pts',(4.52024596222637,-89.7741312402248,7.31481611861821));
#7763=CARTESIAN_POINT('Ctrl Pts',(4.91754226608071,-89.6921753278298,7.42409066847823));
#7764=CARTESIAN_POINT('Ctrl Pts',(5.3957294675343,-89.814337342581,7.26120798214337));
#7765=CARTESIAN_POINT('Ctrl Pts',(5.59093434496547,-90.0375322575649,6.96361476216478));
#7766=CARTESIAN_POINT('',(4.52024596222637,-89.5432960402248,7.1416897186182));
#7767=CARTESIAN_POINT('Ctrl Pts',(4.16566300441477,-89.5346600660954,8.9318443507908));
#7768=CARTESIAN_POINT('Ctrl Pts',(4.16566300441476,-87.4856667860954,7.39509939079072));
#7769=CARTESIAN_POINT('Ctrl Pts',(4.41589706308672,-89.8003110425083,8.57764304890696));
#7770=CARTESIAN_POINT('Ctrl Pts',(4.41589706308671,-87.7513177625083,7.04089808890688));
#7771=CARTESIAN_POINT('Ctrl Pts',(4.67441684803285,-90.1062347487669,8.16974477389545));
#7772=CARTESIAN_POINT('Ctrl Pts',(4.67441684803285,-88.0572414687669,6.63299981389537));
#7773=CARTESIAN_POINT('Ctrl Pts',(4.52024596222637,-90.3970432402248,7.78200011861822));
#7774=CARTESIAN_POINT('Ctrl Pts',(4.52024596222637,-88.3480499602248,6.24525515861814));
#7775=CARTESIAN_POINT('',(4.16566300441476,-88.9117480660954,8.4646603507908));
#7776=CARTESIAN_POINT('Ctrl Pts',(4.16566300441476,-88.9117480660954,8.46466035079079));
#7777=CARTESIAN_POINT('Ctrl Pts',(4.41589706308672,-89.1773990425083,8.11045904890694));
#7778=CARTESIAN_POINT('Ctrl Pts',(4.67441684803285,-89.4833227487669,7.70256077389543));
#7779=CARTESIAN_POINT('Ctrl Pts',(4.52024596222637,-89.7741312402248,7.31481611861821));
#7780=CARTESIAN_POINT('',(4.16566300441476,-88.6809128660954,8.29153395079078));
#7781=CARTESIAN_POINT('Origin',(3.640002862403,-88.1228738142013,9.03558601998294));
#7782=CARTESIAN_POINT('',(3.640002862403,-88.3537090142013,9.20871241998296));
#7783=CARTESIAN_POINT('',(9.29387479013685,-94.3558626279012,1.20584093504972));
#7784=CARTESIAN_POINT('',(3.640002862403,-88.1228738142013,9.03558601998294));
#7785=CARTESIAN_POINT('Ctrl Pts',(4.78643303367118,-89.501911117386,8.97550961573662));
#7786=CARTESIAN_POINT('Ctrl Pts',(4.78643303367118,-87.4529178373861,7.43876465573657));
#7787=CARTESIAN_POINT('Ctrl Pts',(4.47803488495161,-89.2786485498741,9.27319303908579));
#7788=CARTESIAN_POINT('Ctrl Pts',(4.4780348849516,-87.2296552698742,7.73644807908573));
#7789=CARTESIAN_POINT('Ctrl Pts',(4.05476411052558,-89.1254852767185,9.47741073662666));
#7790=CARTESIAN_POINT('Ctrl Pts',(4.05476411052558,-87.0764919967185,7.9406657766266));
#7791=CARTESIAN_POINT('Ctrl Pts',(3.640002862403,-88.9766210142013,9.67589641998296));
#7792=CARTESIAN_POINT('Ctrl Pts',(3.640002862403,-86.9276277342013,8.13915145998291));
#7793=CARTESIAN_POINT('',(4.78643303367118,-88.878999117386,8.50832561573661));
#7794=CARTESIAN_POINT('Ctrl Pts',(4.78643303367118,-88.878999117386,8.50832561573662));
#7795=CARTESIAN_POINT('Ctrl Pts',(4.47803488495161,-88.6557365498742,8.80600903908578));
#7796=CARTESIAN_POINT('Ctrl Pts',(4.05476411052558,-88.5025732767185,9.01022673662665));
#7797=CARTESIAN_POINT('Ctrl Pts',(3.640002862403,-88.3537090142013,9.20871241998296));
#7798=CARTESIAN_POINT('',(4.78643303367118,-88.648163917386,8.3351992157366));
#7799=CARTESIAN_POINT('Ctrl Pts',(5.11627156687345,-90.3105535834202,7.89731966102434));
#7800=CARTESIAN_POINT('Ctrl Pts',(5.11627156687344,-88.2615603034203,6.36057470102428));
#7801=CARTESIAN_POINT('Ctrl Pts',(5.27161782993284,-90.0359673481291,8.26343464141244));
#7802=CARTESIAN_POINT('Ctrl Pts',(5.27161782993284,-87.9869740681292,6.72668968141239));
#7803=CARTESIAN_POINT('Ctrl Pts',(5.09483118239075,-89.7251736848979,8.67782619238745));
#7804=CARTESIAN_POINT('Ctrl Pts',(5.09483118239075,-87.6761804048979,7.1410812323874));
#7805=CARTESIAN_POINT('Ctrl Pts',(4.78643303367118,-89.501911117386,8.97550961573662));
#7806=CARTESIAN_POINT('Ctrl Pts',(4.78643303367118,-87.4529178373861,7.43876465573657));
#7807=CARTESIAN_POINT('',(5.11627156687344,-89.6876415834202,7.43013566102433));
#7808=CARTESIAN_POINT('Ctrl Pts',(5.11627156687344,-89.6876415834202,7.43013566102432));
#7809=CARTESIAN_POINT('Ctrl Pts',(5.27161782993284,-89.4130553481291,7.79625064141242));
#7810=CARTESIAN_POINT('Ctrl Pts',(5.09483118239075,-89.1022616848979,8.21064219238744));
#7811=CARTESIAN_POINT('Ctrl Pts',(4.78643303367118,-88.878999117386,8.50832561573661));
#7812=CARTESIAN_POINT('',(5.11627156687344,-89.4568063834202,7.25700926102432));
#7813=CARTESIAN_POINT('Ctrl Pts',(5.98419712310158,-90.3701390599132,7.81787235903366));
#7814=CARTESIAN_POINT('Ctrl Pts',(5.98419712310157,-88.3211457799133,6.28112739903361));
#7815=CARTESIAN_POINT('Ctrl Pts',(5.73060435559354,-90.2761594482362,7.94317850793634));
#7816=CARTESIAN_POINT('Ctrl Pts',(5.73060435559353,-88.2271661682363,6.40643354793629));
#7817=CARTESIAN_POINT('Ctrl Pts',(5.40921897158812,-90.2775360746757,7.94134300601697));
#7818=CARTESIAN_POINT('Ctrl Pts',(5.40921897158812,-88.2285427946758,6.40459804601691));
#7819=CARTESIAN_POINT('Ctrl Pts',(5.11627156687345,-90.3105535834202,7.89731966102434));
#7820=CARTESIAN_POINT('Ctrl Pts',(5.11627156687344,-88.2615603034203,6.36057470102428));
#7821=CARTESIAN_POINT('',(5.98419712310158,-89.7472270599132,7.35068835903365));
#7822=CARTESIAN_POINT('Ctrl Pts',(5.98419712310158,-89.7472270599132,7.35068835903365));
#7823=CARTESIAN_POINT('Ctrl Pts',(5.73060435559353,-89.6532474482362,7.47599450793633));
#7824=CARTESIAN_POINT('Ctrl Pts',(5.40921897158812,-89.6546240746758,7.47415900601696));
#7825=CARTESIAN_POINT('Ctrl Pts',(5.11627156687344,-89.6876415834202,7.43013566102432));
#7826=CARTESIAN_POINT('',(5.98419712310158,-89.5163918599132,7.17756195903364));
#7827=CARTESIAN_POINT('Ctrl Pts',(6.22569785544082,-90.8307707720486,7.20369674285319));
#7828=CARTESIAN_POINT('Ctrl Pts',(6.22569785544082,-88.7817774920486,5.66695178285314));
#7829=CARTESIAN_POINT('Ctrl Pts',(6.38210844993709,-90.6785146577901,7.40670489519775));
#7830=CARTESIAN_POINT('Ctrl Pts',(6.38210844993709,-88.6295213777902,5.8699599351977));
#7831=CARTESIAN_POINT('Ctrl Pts',(6.23778989060962,-90.4641196966285,7.69256484341323));
#7832=CARTESIAN_POINT('Ctrl Pts',(6.23778989060962,-88.4151264166286,6.15581988341318));
#7833=CARTESIAN_POINT('Ctrl Pts',(5.98419712310158,-90.3701390599132,7.81787235903366));
#7834=CARTESIAN_POINT('Ctrl Pts',(5.98419712310157,-88.3211457799133,6.28112739903361));
#7835=CARTESIAN_POINT('',(6.22569785544082,-90.2078587720486,6.73651274285319));
#7836=CARTESIAN_POINT('Ctrl Pts',(6.22569785544082,-90.2078587720486,6.73651274285319));
#7837=CARTESIAN_POINT('Ctrl Pts',(6.38210844993709,-90.0556026577902,6.93952089519775));
#7838=CARTESIAN_POINT('Ctrl Pts',(6.23778989060962,-89.8412076966286,7.22538084341323));
#7839=CARTESIAN_POINT('Ctrl Pts',(5.98419712310158,-89.7472270599133,7.35068835903366));
#7840=CARTESIAN_POINT('',(6.22569785544082,-89.9770235720486,6.56338634285317));
#7841=CARTESIAN_POINT('Ctrl Pts',(7.07098615261427,-89.6292095101481,8.80577842538719));
#7842=CARTESIAN_POINT('Ctrl Pts',(7.07098615261427,-87.5802162301481,7.2690334653871));
#7843=CARTESIAN_POINT('Ctrl Pts',(7.32977576876603,-90.0771209005014,8.20856323824944));
#7844=CARTESIAN_POINT('Ctrl Pts',(7.32977576876603,-88.0281276205014,6.67181827824935));
#7845=CARTESIAN_POINT('Ctrl Pts',(6.95175553478504,-90.6340521801369,7.46598819873541));
#7846=CARTESIAN_POINT('Ctrl Pts',(6.95175553478504,-88.5850589001369,5.92924323873532));
#7847=CARTESIAN_POINT('Ctrl Pts',(6.22569785544082,-90.8307707720486,7.20369674285319));
#7848=CARTESIAN_POINT('Ctrl Pts',(6.22569785544082,-88.7817774920485,5.6669517828531));
#7849=CARTESIAN_POINT('Ctrl Pts',(7.07098615261427,-89.0062975101481,8.33859442538719));
#7850=CARTESIAN_POINT('Ctrl Pts',(7.32977576876603,-89.4542089005014,7.74137923824944));
#7851=CARTESIAN_POINT('Ctrl Pts',(6.95175553478504,-90.0111401801369,6.99880419873541));
#7852=CARTESIAN_POINT('Ctrl Pts',(6.22569785544082,-90.2078587720486,6.73651274285319));
#7853=CARTESIAN_POINT('',(7.07098615261372,-88.7754623101472,8.16546802538842));
#7854=CARTESIAN_POINT('Ctrl Pts',(7.07098615261373,-89.6292095101471,8.80577842538844));
#7855=CARTESIAN_POINT('Ctrl Pts',(7.07098615261373,-87.5802162301472,7.26903346538839));
#7856=CARTESIAN_POINT('Ctrl Pts',(7.05497900386128,-89.601504440833,8.84271851780735));
#7857=CARTESIAN_POINT('Ctrl Pts',(7.05497900386128,-87.552511160833,7.30597355780729));
#7858=CARTESIAN_POINT('Ctrl Pts',(7.03653548063232,-89.5742164713416,8.87910247712912));
#7859=CARTESIAN_POINT('Ctrl Pts',(7.03653548063232,-87.5252231913417,7.34235751712907));
#7860=CARTESIAN_POINT('Ctrl Pts',(7.01558724574065,-89.547456644257,8.91478224657522));
#7861=CARTESIAN_POINT('Ctrl Pts',(7.01558724574065,-87.4984633642571,7.37803728657517));
#7862=CARTESIAN_POINT('Ctrl Pts',(7.07098615261373,-89.0062975101472,8.33859442538844));
#7863=CARTESIAN_POINT('Ctrl Pts',(7.05497900386128,-88.978592440833,8.37553451780735));
#7864=CARTESIAN_POINT('Ctrl Pts',(7.03653548063232,-88.9513044713417,8.41191847712912));
#7865=CARTESIAN_POINT('Ctrl Pts',(7.01558724574065,-88.9245446442571,8.44759824657522));
#7866=CARTESIAN_POINT('Ctrl Pts',(7.94598717807617,-89.7273231902171,8.67496018529516));
#7867=CARTESIAN_POINT('Ctrl Pts',(7.94598717807617,-87.6783299102171,7.13821522529511));
#7868=CARTESIAN_POINT('Ctrl Pts',(7.66183676516984,-89.8260492105156,8.54332549156387));
#7869=CARTESIAN_POINT('Ctrl Pts',(7.66183676516984,-87.7770559305156,7.00658053156381));
#7870=CARTESIAN_POINT('Ctrl Pts',(7.23397040455172,-89.7858444458612,8.59693184443639));
#7871=CARTESIAN_POINT('Ctrl Pts',(7.23397040455172,-87.7368511658612,7.06018688443634));
#7872=CARTESIAN_POINT('Ctrl Pts',(7.07098615261375,-89.6292095101472,8.80577842538842));
#7873=CARTESIAN_POINT('Ctrl Pts',(7.07098615261374,-87.5802162301472,7.26903346538836));
#7874=CARTESIAN_POINT('',(7.94598717807617,-89.1044111902171,8.20777618529516));
#7875=CARTESIAN_POINT('Ctrl Pts',(7.94598717807617,-89.1044111902171,8.20777618529516));
#7876=CARTESIAN_POINT('Ctrl Pts',(7.66183676516984,-89.2031372105156,8.07614149156386));
#7877=CARTESIAN_POINT('Ctrl Pts',(7.23397040455172,-89.1629324458612,8.12974784443639));
#7878=CARTESIAN_POINT('Ctrl Pts',(7.07098615261375,-89.0062975101472,8.33859442538841));
#7879=CARTESIAN_POINT('',(7.94598717807617,-88.8735759902171,8.03464978529514));
#7880=CARTESIAN_POINT('Ctrl Pts',(8.33606243734808,-89.4844829526467,8.99874716872234));
#7881=CARTESIAN_POINT('Ctrl Pts',(8.33606243734807,-87.4354896726467,7.46200220872228));
#7882=CARTESIAN_POINT('Ctrl Pts',(8.23710139565379,-89.5834431212432,8.8668002772603));
#7883=CARTESIAN_POINT('Ctrl Pts',(8.23710139565379,-87.5344498412433,7.33005531726024));
#7884=CARTESIAN_POINT('Ctrl Pts',(8.11203392128112,-89.6696213207693,8.75189601122555));
#7885=CARTESIAN_POINT('Ctrl Pts',(8.11203392128111,-87.6206280407693,7.21515105122549));
#7886=CARTESIAN_POINT('Ctrl Pts',(7.94598717807617,-89.7273231902171,8.67496018529516));
#7887=CARTESIAN_POINT('Ctrl Pts',(7.94598717807617,-87.6783299102171,7.1382152252951));
#7888=CARTESIAN_POINT('Ctrl Pts',(8.33606243734808,-88.8615709526467,8.53156316872233));
#7889=CARTESIAN_POINT('Ctrl Pts',(8.23710139565379,-88.9605311212433,8.39961627726029));
#7890=CARTESIAN_POINT('Ctrl Pts',(8.11203392128112,-89.0467093207693,8.28471201122554));
#7891=CARTESIAN_POINT('Ctrl Pts',(7.94598717807617,-89.1044111902171,8.20777618529515));
#7892=CARTESIAN_POINT('Ctrl Pts',(3.07580052502822,-85.2706497682718,13.5500074145663));
#7893=CARTESIAN_POINT('Ctrl Pts',(3.07580052502822,-84.519352232266,12.986534262562));
#7894=CARTESIAN_POINT('Ctrl Pts',(3.08262717197654,-85.3039387070989,13.5056221627968));
#7895=CARTESIAN_POINT('Ctrl Pts',(3.08262717197654,-84.5526411710932,12.9421490107925));
#7896=CARTESIAN_POINT('Ctrl Pts',(3.10854442497462,-85.3357101066462,13.4632602967338));
#7897=CARTESIAN_POINT('Ctrl Pts',(3.10854442497462,-84.5844125706405,12.8997871447294));
#7898=CARTESIAN_POINT('Ctrl Pts',(3.14817075139291,-85.3593668625305,13.4317179555547));
#7899=CARTESIAN_POINT('Ctrl Pts',(3.14817075139291,-84.6080693265248,12.8682448035503));
#7900=CARTESIAN_POINT('',(3.07580052502822,-85.1599860882666,13.4670096545625));
#7901=CARTESIAN_POINT('Ctrl Pts',(3.07580052502822,-85.1599860882666,13.4670096545625));
#7902=CARTESIAN_POINT('Ctrl Pts',(3.08262717197654,-85.1932750270938,13.422624402793));
#7903=CARTESIAN_POINT('Ctrl Pts',(3.10854442497462,-85.2250464266411,13.3802625367299));
#7904=CARTESIAN_POINT('Ctrl Pts',(3.14817075139291,-85.2487031825254,13.3487201955508));
#7905=CARTESIAN_POINT('',(3.07580052502822,-84.9291508882666,13.2938832545625));
#7906=CARTESIAN_POINT('Ctrl Pts',(3.0268338579551,-85.587775292605,14.194357382122));
#7907=CARTESIAN_POINT('Ctrl Pts',(3.0268338579551,-83.9485806685993,12.9649614141176));
#7908=CARTESIAN_POINT('Ctrl Pts',(3.0470228255701,-85.6535168821276,14.1067019294252));
#7909=CARTESIAN_POINT('Ctrl Pts',(3.04702282557009,-84.0143222581219,12.8773059614208));
#7910=CARTESIAN_POINT('Ctrl Pts',(3.06262041508737,-85.7186276074911,14.0198876289405));
#7911=CARTESIAN_POINT('Ctrl Pts',(3.06262041508736,-84.0794329834854,12.7904916609362));
#7912=CARTESIAN_POINT('Ctrl Pts',(3.07580052711221,-85.7828980984339,13.9341936410168));
#7913=CARTESIAN_POINT('Ctrl Pts',(3.0758005271122,-84.1437034744282,12.7047976730124));
#7914=CARTESIAN_POINT('',(3.02683385795648,-84.9648632926044,13.7271733821122));
#7915=CARTESIAN_POINT('Ctrl Pts',(3.0268338579551,-84.9648632925999,13.7271733821181));
#7916=CARTESIAN_POINT('Ctrl Pts',(3.04702282557009,-85.0306048821225,13.6395179294213));
#7917=CARTESIAN_POINT('Ctrl Pts',(3.06262041508737,-85.095715607486,13.5527036289367));
#7918=CARTESIAN_POINT('Ctrl Pts',(3.0758005271122,-85.1599860984288,13.4670096410129));
#7919=CARTESIAN_POINT('',(3.02683385795648,-84.7340280926044,13.5540469821121));
#7920=CARTESIAN_POINT('Ctrl Pts',(0.71708223836319,-83.1566020999455,17.4359216389906));
#7921=CARTESIAN_POINT('Ctrl Pts',(0.717082238363187,-81.5174074759459,16.2065256709909));
#7922=CARTESIAN_POINT('Ctrl Pts',(0.891159795745434,-83.2951461140388,17.2511962868661));
#7923=CARTESIAN_POINT('Ctrl Pts',(0.89115979574543,-81.6559514900392,16.0218003188665));
#7924=CARTESIAN_POINT('Ctrl Pts',(1.06523735312768,-83.4336901281322,17.0664709347416));
#7925=CARTESIAN_POINT('Ctrl Pts',(1.06523735312767,-81.7944955041326,15.837074966742));
#7926=CARTESIAN_POINT('Ctrl Pts',(1.23931491050992,-83.5722341422256,16.8817455826171));
#7927=CARTESIAN_POINT('Ctrl Pts',(1.23931491050992,-81.933039518226,15.6523496146175));
#7928=CARTESIAN_POINT('Ctrl Pts',(1.98487061903713,-84.1656034549784,16.0905864989468));
#7929=CARTESIAN_POINT('Ctrl Pts',(1.98487061903712,-82.5264088309788,14.8611905309471));
#7930=CARTESIAN_POINT('Ctrl Pts',(2.78698876480668,-84.8068000009382,15.2356577710004));
#7931=CARTESIAN_POINT('Ctrl Pts',(2.78698876480667,-83.1676053769386,14.0062618030007));
#7932=CARTESIAN_POINT('Ctrl Pts',(3.02683344249683,-85.5877739397685,14.1943591858933));
#7933=CARTESIAN_POINT('Ctrl Pts',(3.02683344249683,-83.9485793157689,12.9649632178936));
#7934=CARTESIAN_POINT('Ctrl Pts',(0.869727795492833,-82.6551769161456,16.8067552173905));
#7935=CARTESIAN_POINT('Ctrl Pts',(0.992923500498529,-82.753225324839,16.6760240057994));
#7936=CARTESIAN_POINT('Ctrl Pts',(1.11611920550422,-82.8512737335323,16.5452927942083));
#7937=CARTESIAN_POINT('Ctrl Pts',(1.23931491050992,-82.9493221422256,16.4145615826172));
#7938=CARTESIAN_POINT('Ctrl Pts',(1.98487061903713,-83.5426914549784,15.6234024989468));
#7939=CARTESIAN_POINT('Ctrl Pts',(2.78698876480668,-84.1838880009382,14.7684737710004));
#7940=CARTESIAN_POINT('Ctrl Pts',(3.02683344249683,-84.9648619397685,13.7271751858934));
#7941=CARTESIAN_POINT('Ctrl Pts',(0.213530452564484,-84.6063594508873,15.5029118377349));
#7942=CARTESIAN_POINT('Ctrl Pts',(0.213530452564479,-82.5573661708873,13.9661668777349));
#7943=CARTESIAN_POINT('Ctrl Pts',(0.381137882112507,-84.7304018984034,15.3375219077135));
#7944=CARTESIAN_POINT('Ctrl Pts',(0.381137882112502,-82.6814086184034,13.8007769477134));
#7945=CARTESIAN_POINT('Ctrl Pts',(0.58686648611047,-84.8357015205681,15.1971224114938));
#7946=CARTESIAN_POINT('Ctrl Pts',(0.586866486110465,-82.7867082405681,13.6603774514938));
#7947=CARTESIAN_POINT('Ctrl Pts',(0.748819121026012,-84.9577620565274,15.0343750302149));
#7948=CARTESIAN_POINT('Ctrl Pts',(0.748819121026007,-82.9087687765274,13.4976300702148));
#7949=CARTESIAN_POINT('',(0.213530452564482,-83.9834474508873,15.0357278377349));
#7950=CARTESIAN_POINT('Ctrl Pts',(0.213530452564482,-83.9834474508873,15.0357278377349));
#7951=CARTESIAN_POINT('Ctrl Pts',(0.381137882112505,-84.1074898984034,14.8703379077135));
#7952=CARTESIAN_POINT('Ctrl Pts',(0.586866486110469,-84.2127895205681,14.7299384114938));
#7953=CARTESIAN_POINT('Ctrl Pts',(0.748819121026011,-84.3348500565274,14.5671910302148));
#7954=CARTESIAN_POINT('',(0.213530452564482,-83.7526122508873,14.8626014377349));
#7955=CARTESIAN_POINT('Ctrl Pts',(-0.939225913423968,-83.7001763901151,
16.7111559187646));
#7956=CARTESIAN_POINT('Ctrl Pts',(-0.939225913423972,-81.6511831101151,
15.1744109587645));
#7957=CARTESIAN_POINT('Ctrl Pts',(-0.550158958737217,-84.0000205942048,
16.311363646645));
#7958=CARTESIAN_POINT('Ctrl Pts',(-0.550158958737222,-81.9510273142048,
14.7746186866449));
#7959=CARTESIAN_POINT('Ctrl Pts',(-0.185388828601287,-84.3110833299903,
15.8966133322643));
#7960=CARTESIAN_POINT('Ctrl Pts',(-0.185388828601291,-82.2620900499903,
14.3598683722642));
#7961=CARTESIAN_POINT('Ctrl Pts',(0.213530452564484,-84.6063594508873,15.5029118377349));
#7962=CARTESIAN_POINT('Ctrl Pts',(0.213530452564479,-82.5573661708873,13.9661668777348));
#7963=CARTESIAN_POINT('',(-0.939225913423969,-83.0772643901151,16.2439719187646));
#7964=CARTESIAN_POINT('Ctrl Pts',(-0.939225913423969,-83.0772643901151,
16.2439719187645));
#7965=CARTESIAN_POINT('Ctrl Pts',(-0.550158958737218,-83.3771085942048,
15.844179646645));
#7966=CARTESIAN_POINT('Ctrl Pts',(-0.185388828601288,-83.6881713299903,
15.4294293322643));
#7967=CARTESIAN_POINT('Ctrl Pts',(0.213530452564482,-83.9834474508873,15.0357278377349));
#7968=CARTESIAN_POINT('',(-0.93922591342397,-82.8464291901151,16.0708455187646));
#7969=CARTESIAN_POINT('Ctrl Pts',(-1.4426457313177,-83.3218109956929,17.2156431113275));
#7970=CARTESIAN_POINT('Ctrl Pts',(-1.4426457313177,-81.2728177156929,15.6788981513274));
#7971=CARTESIAN_POINT('Ctrl Pts',(-1.26978903844037,-83.4454289497951,17.0508191725246));
#7972=CARTESIAN_POINT('Ctrl Pts',(-1.26978903844038,-81.3964356697951,15.5140742125245));
#7973=CARTESIAN_POINT('Ctrl Pts',(-1.1044726842895,-83.5728447410799,16.8809314508115));
#7974=CARTESIAN_POINT('Ctrl Pts',(-1.1044726842895,-81.5238514610799,15.3441864908114));
#7975=CARTESIAN_POINT('Ctrl Pts',(-0.939225913423968,-83.7001763901151,
16.7111559187646));
#7976=CARTESIAN_POINT('Ctrl Pts',(-0.939225913423972,-81.6511831101151,
15.1744109587645));
#7977=CARTESIAN_POINT('Ctrl Pts',(-1.4426457313177,-82.6988989956929,16.7484591113275));
#7978=CARTESIAN_POINT('Ctrl Pts',(-1.26978903844038,-82.8225169497951,16.5836351725246));
#7979=CARTESIAN_POINT('Ctrl Pts',(-1.1044726842895,-82.9499327410799,16.4137474508115));
#7980=CARTESIAN_POINT('Ctrl Pts',(-0.939225913423969,-83.0772643901151,
16.2439719187645));
#7981=CARTESIAN_POINT('Ctrl Pts',(-1.12474759569593,-85.5128776991843,14.2942208400056));
#7982=CARTESIAN_POINT('Ctrl Pts',(-1.12474759569594,-83.4638844191843,12.7574758800056));
#7983=CARTESIAN_POINT('Ctrl Pts',(-1.0596969566563,-85.5276905276859,14.2744704020034));
#7984=CARTESIAN_POINT('Ctrl Pts',(-1.05969695665631,-83.478697247686,12.7377254420034));
#7985=CARTESIAN_POINT('Ctrl Pts',(-0.987090076934047,-85.5382371467748,
14.2604082432183));
#7986=CARTESIAN_POINT('Ctrl Pts',(-0.987090076934052,-83.4892438667748,
12.7236632832182));
#7987=CARTESIAN_POINT('Ctrl Pts',(-0.921256991990586,-85.5247010034783,
14.2784564342803));
#7988=CARTESIAN_POINT('Ctrl Pts',(-0.92125699199059,-83.4757077234783,12.7417114742803));
#7989=CARTESIAN_POINT('',(-1.12474759569594,-84.8899656991843,13.8270368400056));
#7990=CARTESIAN_POINT('Ctrl Pts',(-1.12474759569594,-84.8899656991843,13.8270368400056));
#7991=CARTESIAN_POINT('Ctrl Pts',(-1.0596969566563,-84.9047785276859,13.8072864020034));
#7992=CARTESIAN_POINT('Ctrl Pts',(-0.987090076934049,-84.9153251467748,
13.7932242432182));
#7993=CARTESIAN_POINT('Ctrl Pts',(-0.921256991990587,-84.9017890034783,
13.8112724342803));
#7994=CARTESIAN_POINT('',(-1.12474759569594,-84.6591304991843,13.6539104400056));
#7995=CARTESIAN_POINT('Ctrl Pts',(-2.08660937031297,-84.9094612267007,15.0987761366505));
#7996=CARTESIAN_POINT('Ctrl Pts',(-2.08660937031298,-82.8604679467007,13.5620311766504));
#7997=CARTESIAN_POINT('Ctrl Pts',(-1.81689445871225,-85.1417589943252,14.7890457798178));
#7998=CARTESIAN_POINT('Ctrl Pts',(-1.81689445871226,-83.0927657143252,13.2523008198177));
#7999=CARTESIAN_POINT('Ctrl Pts',(-1.5658762457393,-85.4123808939834,14.4282165802735));
#8000=CARTESIAN_POINT('Ctrl Pts',(-1.5658762457393,-83.3633876139834,12.8914716202734));
#8001=CARTESIAN_POINT('Ctrl Pts',(-1.12474759569593,-85.5128776991843,14.2942208400056));
#8002=CARTESIAN_POINT('Ctrl Pts',(-1.12474759569594,-83.4638844191843,12.7574758800055));
#8003=CARTESIAN_POINT('',(-2.08660937031297,-84.2865492267007,14.6315921366505));
#8004=CARTESIAN_POINT('Ctrl Pts',(-2.08660937031297,-84.2865492267007,14.6315921366505));
#8005=CARTESIAN_POINT('Ctrl Pts',(-1.81689445871225,-84.5188469943252,14.3218617798178));
#8006=CARTESIAN_POINT('Ctrl Pts',(-1.5658762457393,-84.7894688939834,13.9610325802735));
#8007=CARTESIAN_POINT('Ctrl Pts',(-1.12474759569594,-84.8899656991843,13.8270368400056));
#8008=CARTESIAN_POINT('',(-2.08660937031297,-84.0557140267007,14.4584657366505));
#8009=CARTESIAN_POINT('Ctrl Pts',(-4.09799155347227,-83.8711693709692,16.4831652776257));
#8010=CARTESIAN_POINT('Ctrl Pts',(-4.09799155347227,-81.8221760909692,14.9464203176257));
#8011=CARTESIAN_POINT('Ctrl Pts',(-3.29730591273104,-84.1093085347645,16.1656463925653));
#8012=CARTESIAN_POINT('Ctrl Pts',(-3.29730591273105,-82.0603152547645,14.6289014325653));
#8013=CARTESIAN_POINT('Ctrl Pts',(-2.59761909980535,-84.4694372719501,15.6854747429845));
#8014=CARTESIAN_POINT('Ctrl Pts',(-2.59761909980535,-82.4204439919501,14.1487297829845));
#8015=CARTESIAN_POINT('Ctrl Pts',(-2.08660937031297,-84.9094612267007,15.0987761366505));
#8016=CARTESIAN_POINT('Ctrl Pts',(-2.08660937031298,-82.8604679467006,13.5620311766505));
#8017=CARTESIAN_POINT('Ctrl Pts',(-4.09799155347227,-83.2482573709692,16.0159812776257));
#8018=CARTESIAN_POINT('Ctrl Pts',(-3.29730591273104,-83.4863965347645,15.6984623925653));
#8019=CARTESIAN_POINT('Ctrl Pts',(-2.59761909980535,-83.8465252719501,15.2182907429845));
#8020=CARTESIAN_POINT('Ctrl Pts',(-2.08660937031297,-84.2865492267006,14.6315921366505));
#8021=CARTESIAN_POINT('Ctrl Pts',(-7.88851152050659,-88.7613516953681,9.96292217842722));
#8022=CARTESIAN_POINT('Ctrl Pts',(-7.88851152050659,-86.7123584153681,8.42617721842717));
#8023=CARTESIAN_POINT('Ctrl Pts',(-6.22073234748497,-88.4526060586641,10.3745830273658));
#8024=CARTESIAN_POINT('Ctrl Pts',(-6.22073234748497,-86.4036127786642,8.83783806736576));
#8025=CARTESIAN_POINT('Ctrl Pts',(-4.76304929582625,-87.8683014253206,11.1536558718239));
#8026=CARTESIAN_POINT('Ctrl Pts',(-4.76304929582626,-85.8193081453206,9.61691091182385));
#8027=CARTESIAN_POINT('Ctrl Pts',(-3.61841123318933,-87.07773038455,12.2077505928514));
#8028=CARTESIAN_POINT('Ctrl Pts',(-3.61841123318933,-85.02873710455,10.6710056328514));
#8029=CARTESIAN_POINT('',(-7.88851152050659,-88.1384396953681,9.4957381784272));
#8030=CARTESIAN_POINT('Ctrl Pts',(-7.88851152050659,-88.1384396953681,9.4957381784272));
#8031=CARTESIAN_POINT('Ctrl Pts',(-6.22073234748497,-87.8296940586641,9.90739902736578));
#8032=CARTESIAN_POINT('Ctrl Pts',(-4.76304929582626,-87.2453894253206,10.6864718718239));
#8033=CARTESIAN_POINT('Ctrl Pts',(-3.61841123318933,-86.45481838455,11.7405665928514));
#8034=CARTESIAN_POINT('',(-7.88851152050659,-87.9076044953681,9.3226117784272));
#8035=CARTESIAN_POINT('Ctrl Pts',(-6.41638482497465,-89.0262974454292,9.60966117834572));
#8036=CARTESIAN_POINT('Ctrl Pts',(-6.41638482497466,-86.9773041654292,8.07291621834566));
#8037=CARTESIAN_POINT('Ctrl Pts',(-7.67567256748732,-88.9529067530854,9.70751543480415));
#8038=CARTESIAN_POINT('Ctrl Pts',(-7.67567256748733,-86.9039134730854,8.17077047480409));
#8039=CARTESIAN_POINT('Ctrl Pts',(-7.88851152050659,-88.7613516953681,9.96292217842722));
#8040=CARTESIAN_POINT('Ctrl Pts',(-7.88851152050659,-86.7123584153681,8.42617721842717));
#8041=CARTESIAN_POINT('',(-6.41638482497465,-88.4033854454292,9.14247717834569));
#8042=CARTESIAN_POINT('Ctrl Pts',(-6.41638482497465,-88.4033854454292,9.1424771783457));
#8043=CARTESIAN_POINT('Ctrl Pts',(-7.25590998664977,-88.3544583172,9.20771334931799));
#8044=CARTESIAN_POINT('Ctrl Pts',(-7.74661888516041,-88.2661430671796,9.32546701601182));
#8045=CARTESIAN_POINT('Ctrl Pts',(-7.88851152050659,-88.1384396953681,9.49573817842721));
#8046=CARTESIAN_POINT('',(-6.41638482497465,-88.1725502454292,8.96935077834569));
#8047=CARTESIAN_POINT('Ctrl Pts',(-7.78209118979841,-90.1447925895335,8.11833431954003));
#8048=CARTESIAN_POINT('Ctrl Pts',(-7.78209118979841,-88.0957993095335,6.58158935953997));
#8049=CARTESIAN_POINT('Ctrl Pts',(-6.54054942288839,-89.2486528540439,9.31318730019286));
#8050=CARTESIAN_POINT('Ctrl Pts',(-6.54054942288839,-87.1996595740439,7.7764423401928));
#8051=CARTESIAN_POINT('Ctrl Pts',(-6.41638482497465,-89.0262974454292,9.60966117834572));
#8052=CARTESIAN_POINT('Ctrl Pts',(-6.41638482497466,-86.9773041654292,8.07291621834566));
#8053=CARTESIAN_POINT('',(-7.78209118979841,-89.5218805895335,7.65115031954));
#8054=CARTESIAN_POINT('Ctrl Pts',(-7.78209118979841,-89.5218805895335,7.65115031954001));
#8055=CARTESIAN_POINT('Ctrl Pts',(-6.95439667852506,-88.9244540992071,8.44771897330856));
#8056=CARTESIAN_POINT('Ctrl Pts',(-6.49916122358381,-88.5516223845057,8.94482792624379));
#8057=CARTESIAN_POINT('Ctrl Pts',(-6.41638482497465,-88.4033854454292,9.1424771783457));
#8058=CARTESIAN_POINT('',(-7.78209118979841,-89.2910453895335,7.47802391954001));
#8059=CARTESIAN_POINT('Ctrl Pts',(-7.96552921891018,-90.2847485267745,7.93172640321873));
#8060=CARTESIAN_POINT('Ctrl Pts',(-7.96552921891018,-88.2357552467745,6.39498144321868));
#8061=CARTESIAN_POINT('Ctrl Pts',(-7.89642783681932,-90.2466717717573,7.98249540990822));
#8062=CARTESIAN_POINT('Ctrl Pts',(-7.89642783681932,-88.1976784917574,6.44575044990817));
#8063=CARTESIAN_POINT('Ctrl Pts',(-7.83608559861387,-90.2013543115344,8.04291869020551));
#8064=CARTESIAN_POINT('Ctrl Pts',(-7.83608559861388,-88.1523610315344,6.50617373020545));
#8065=CARTESIAN_POINT('Ctrl Pts',(-7.78209118979841,-90.1447925895335,8.11833431954003));
#8066=CARTESIAN_POINT('Ctrl Pts',(-7.78209118979841,-88.0957993095335,6.58158935953997));
#8067=CARTESIAN_POINT('Ctrl Pts',(-7.96552921891018,-89.6618365267745,7.46454240321872));
#8068=CARTESIAN_POINT('Ctrl Pts',(-7.89642783681932,-89.6237597717573,7.51531140990821));
#8069=CARTESIAN_POINT('Ctrl Pts',(-7.83608559861387,-89.5784423115344,7.57573469020549));
#8070=CARTESIAN_POINT('Ctrl Pts',(-7.78209118979841,-89.5218805895335,7.65115031954001));
#8071=CARTESIAN_POINT('Ctrl Pts',(-6.21104915232578,-89.6739176696466,8.74616754605582));
#8072=CARTESIAN_POINT('Ctrl Pts',(-6.21104915232578,-87.6249243896466,7.20942258605572));
#8073=CARTESIAN_POINT('Ctrl Pts',(-6.61080896489915,-90.1085523603676,8.16665462509448));
#8074=CARTESIAN_POINT('Ctrl Pts',(-6.61080896489916,-88.0595590803676,6.62990966509438));
#8075=CARTESIAN_POINT('Ctrl Pts',(-6.72047439603165,-90.6258820160994,7.47688175078551));
#8076=CARTESIAN_POINT('Ctrl Pts',(-6.72047439603165,-88.5768887360993,5.94013679078541));
#8077=CARTESIAN_POINT('Ctrl Pts',(-6.64691593908574,-91.1150979463232,6.82459384382039));
#8078=CARTESIAN_POINT('Ctrl Pts',(-6.64691593908574,-89.0661046663232,5.28784888382029));
#8079=CARTESIAN_POINT('',(-6.21104915232578,-89.0510056696466,8.27898354605581));
#8080=CARTESIAN_POINT('Ctrl Pts',(-6.21104915232578,-89.0510056696466,8.27898354605581));
#8081=CARTESIAN_POINT('Ctrl Pts',(-6.61080896489915,-89.4856403603677,7.69947062509446));
#8082=CARTESIAN_POINT('Ctrl Pts',(-6.72047439603165,-90.0029700160994,7.00969775078549));
#8083=CARTESIAN_POINT('Ctrl Pts',(-6.64691593908574,-90.4921859463232,6.35740984382037));
#8084=CARTESIAN_POINT('',(-6.21104915232578,-88.8201704696466,8.1058571460558));
#8085=CARTESIAN_POINT('Ctrl Pts',(-5.10016730936961,-88.7967554932795,9.9157171145453));
#8086=CARTESIAN_POINT('Ctrl Pts',(-5.10016730936961,-86.7477622132795,8.37897215454522));
#8087=CARTESIAN_POINT('Ctrl Pts',(-5.50574763110096,-89.0728188087637,9.5476326938997));
#8088=CARTESIAN_POINT('Ctrl Pts',(-5.50574763110096,-87.0238255287637,8.01088773389961));
#8089=CARTESIAN_POINT('Ctrl Pts',(-5.91474303877501,-89.3517368559189,9.17574196435948));
#8090=CARTESIAN_POINT('Ctrl Pts',(-5.91474303877501,-87.3027435759189,7.6389970043594));
#8091=CARTESIAN_POINT('Ctrl Pts',(-6.21104915232578,-89.6739176696466,8.74616754605582));
#8092=CARTESIAN_POINT('Ctrl Pts',(-6.21104915232578,-87.6249243896466,7.20942258605574));
#8093=CARTESIAN_POINT('',(-5.10016730936961,-88.1738434932795,9.44853311454528));
#8094=CARTESIAN_POINT('Ctrl Pts',(-5.10016730936961,-88.1738434932795,9.44853311454528));
#8095=CARTESIAN_POINT('Ctrl Pts',(-5.50574763110096,-88.4499068087637,9.08044869389968));
#8096=CARTESIAN_POINT('Ctrl Pts',(-5.91474303877501,-88.7288248559189,8.70855796435946));
#8097=CARTESIAN_POINT('Ctrl Pts',(-6.21104915232578,-89.0510056696466,8.27898354605581));
#8098=CARTESIAN_POINT('',(-5.10016730936961,-87.9430082932795,9.27540671454528));
#8099=CARTESIAN_POINT('Origin',(-5.51968644361047,-87.8465757649459,9.40398341899009));
#8100=CARTESIAN_POINT('',(-5.51968644361047,-88.0774109649459,9.5771098189901));
#8101=CARTESIAN_POINT('',(11.9583023267858,-92.0949953213673,4.22033067709488));
#8102=CARTESIAN_POINT('',(-5.51968644361047,-87.8465757649459,9.40398341899009));
#8103=CARTESIAN_POINT('Ctrl Pts',(-2.56782043475736,-87.4354154499427,11.7308371723277));
#8104=CARTESIAN_POINT('Ctrl Pts',(-2.56782043475737,-85.3864221699427,10.1940922123276));
#8105=CARTESIAN_POINT('Ctrl Pts',(-3.45813966108901,-87.9291323233505,11.0725480077841));
#8106=CARTESIAN_POINT('Ctrl Pts',(-3.45813966108902,-85.8801390433504,9.53580304778396));
#8107=CARTESIAN_POINT('Ctrl Pts',(-4.45246952392068,-88.3552017940203,10.5044553802243));
#8108=CARTESIAN_POINT('Ctrl Pts',(-4.45246952392068,-86.3062085140203,8.9677104202242));
#8109=CARTESIAN_POINT('Ctrl Pts',(-5.51968644361046,-88.7003229649459,10.0442938189901));
#8110=CARTESIAN_POINT('Ctrl Pts',(-5.51968644361047,-86.6513296849459,8.50754885899002));
#8111=CARTESIAN_POINT('',(-2.56782043475736,-86.8125034499427,11.2636531723277));
#8112=CARTESIAN_POINT('Ctrl Pts',(-2.56782043475736,-86.8125034499427,11.2636531723277));
#8113=CARTESIAN_POINT('Ctrl Pts',(-3.45813966108901,-87.3062203233505,10.605364007784));
#8114=CARTESIAN_POINT('Ctrl Pts',(-4.45246952392068,-87.7322897940203,10.0372713802243));
#8115=CARTESIAN_POINT('Ctrl Pts',(-5.51968644361046,-88.0774109649459,9.5771098189901));
#8116=CARTESIAN_POINT('',(-2.56782043475737,-86.5816682499427,11.0905267723277));
#8117=CARTESIAN_POINT('Ctrl Pts',(-2.48939133747997,-87.2757693220463,11.9436986761896));
#8118=CARTESIAN_POINT('Ctrl Pts',(-2.48939133747997,-85.2267760420463,10.4069537161895));
#8119=CARTESIAN_POINT('Ctrl Pts',(-2.41314557178575,-87.3186282235279,11.8865534742141));
#8120=CARTESIAN_POINT('Ctrl Pts',(-2.41314557178575,-85.2696349435279,10.3498085142141));
#8121=CARTESIAN_POINT('Ctrl Pts',(-2.49112706900462,-87.3928927610241,11.7875340908858));
#8122=CARTESIAN_POINT('Ctrl Pts',(-2.49112706900463,-85.3438994810242,10.2507891308857));
#8123=CARTESIAN_POINT('Ctrl Pts',(-2.56782043475736,-87.4354154499427,11.7308371723277));
#8124=CARTESIAN_POINT('Ctrl Pts',(-2.56782043475737,-85.3864221699427,10.1940922123277));
#8125=CARTESIAN_POINT('',(-2.48939133747997,-86.6528573220463,11.4765146761896));
#8126=CARTESIAN_POINT('Ctrl Pts',(-2.48939133747997,-86.6528573220463,11.4765146761896));
#8127=CARTESIAN_POINT('Ctrl Pts',(-2.41314557178575,-86.6957162235279,11.4193694742141));
#8128=CARTESIAN_POINT('Ctrl Pts',(-2.49112706900462,-86.7699807610242,11.3203500908858));
#8129=CARTESIAN_POINT('Ctrl Pts',(-2.56782043475736,-86.8125034499427,11.2636531723277));
#8130=CARTESIAN_POINT('',(-2.48939133747997,-86.4220221220463,11.3033882761896));
#8131=CARTESIAN_POINT('Ctrl Pts',(-3.05894020278737,-87.2139666877062,12.0261021886431));
#8132=CARTESIAN_POINT('Ctrl Pts',(-3.05894020278738,-85.1649734077062,10.4893572286431));
#8133=CARTESIAN_POINT('Ctrl Pts',(-2.86905356574622,-87.2345561195585,11.99864961284));
#8134=CARTESIAN_POINT('Ctrl Pts',(-2.86905356574623,-85.1855628395585,10.4619046528399));
#8135=CARTESIAN_POINT('Ctrl Pts',(-2.67922159741452,-87.2551793776748,11.9711519353516));
#8136=CARTESIAN_POINT('Ctrl Pts',(-2.67922159741452,-85.2061860976748,10.4344069753515));
#8137=CARTESIAN_POINT('Ctrl Pts',(-2.48939133747997,-87.2757693220463,11.9436986761896));
#8138=CARTESIAN_POINT('Ctrl Pts',(-2.48939133747997,-85.2267760420463,10.4069537161895));
#8139=CARTESIAN_POINT('Ctrl Pts',(-3.05894020278737,-86.5910546877062,11.5589181886431));
#8140=CARTESIAN_POINT('Ctrl Pts',(-2.86905356574622,-86.6116441195585,11.53146561284));
#8141=CARTESIAN_POINT('Ctrl Pts',(-2.67922159741452,-86.6322673776748,11.5039679353516));
#8142=CARTESIAN_POINT('Ctrl Pts',(-2.48939133747997,-86.6528573220463,11.4765146761896));
#8143=CARTESIAN_POINT('Ctrl Pts',(7.46253469654478,-89.2188273145717,9.35295468615573));
#8144=CARTESIAN_POINT('Ctrl Pts',(7.46253469654478,-87.1698340345717,7.81620972615568));
#8145=CARTESIAN_POINT('Ctrl Pts',(7.7491559065392,-89.171198909871,9.41645922575657));
#8146=CARTESIAN_POINT('Ctrl Pts',(7.7491559065392,-87.1222056298711,7.87971426575651));
#8147=CARTESIAN_POINT('Ctrl Pts',(7.89487193475171,-88.9848500216894,9.66492440999876));
#8148=CARTESIAN_POINT('Ctrl Pts',(7.8948719347517,-86.9358567416894,8.12817944999871));
#8149=CARTESIAN_POINT('Ctrl Pts',(8.00431527425212,-88.8189229715977,9.88616047678767));
#8150=CARTESIAN_POINT('Ctrl Pts',(8.00431527425212,-86.7699296915978,8.34941551678762));
#8151=CARTESIAN_POINT('',(7.46253469654478,-88.5959153145717,8.88577068615573));
#8152=CARTESIAN_POINT('Ctrl Pts',(7.46253469654478,-88.5959153145717,8.88577068615573));
#8153=CARTESIAN_POINT('Ctrl Pts',(7.7491559065392,-88.5482869098711,8.94927522575656));
#8154=CARTESIAN_POINT('Ctrl Pts',(7.8948719347517,-88.3619380216894,9.19774040999876));
#8155=CARTESIAN_POINT('Ctrl Pts',(8.00431527425212,-88.1960109715978,9.41897647678766));
#8156=CARTESIAN_POINT('',(7.46253469654478,-88.3650801145717,8.71264428615571));
#8157=CARTESIAN_POINT('Ctrl Pts',(6.85760834264238,-89.1384499611617,9.46012449070238));
#8158=CARTESIAN_POINT('Ctrl Pts',(6.85760834264238,-87.0894566811617,7.92337953070232));
#8159=CARTESIAN_POINT('Ctrl Pts',(7.04060843069152,-89.2030406996832,9.37400350600707));
#8160=CARTESIAN_POINT('Ctrl Pts',(7.04060843069152,-87.1540474196832,7.83725854600701));
#8161=CARTESIAN_POINT('Ctrl Pts',(7.25792338429598,-89.252818609703,9.30763295931395));
#8162=CARTESIAN_POINT('Ctrl Pts',(7.25792338429598,-87.203825329703,7.77088799931389));
#8163=CARTESIAN_POINT('Ctrl Pts',(7.46253469654478,-89.2188273145717,9.35295468615573));
#8164=CARTESIAN_POINT('Ctrl Pts',(7.46253469654478,-87.1698340345717,7.81620972615567));
#8165=CARTESIAN_POINT('',(6.85760834264238,-88.5155379611617,8.99294049070238));
#8166=CARTESIAN_POINT('Ctrl Pts',(6.85760834264238,-88.5155379611617,8.99294049070238));
#8167=CARTESIAN_POINT('Ctrl Pts',(7.04060843069152,-88.5801286996832,8.90681950600706));
#8168=CARTESIAN_POINT('Ctrl Pts',(7.25792338429598,-88.629906609703,8.84044895931394));
#8169=CARTESIAN_POINT('Ctrl Pts',(7.46253469654478,-88.5959153145717,8.88577068615573));
#8170=CARTESIAN_POINT('',(6.85760834264238,-88.2847027611617,8.81981409070236));
#8171=CARTESIAN_POINT('Ctrl Pts',(6.30071186677552,-88.955325843478,9.70428998094729));
#8172=CARTESIAN_POINT('Ctrl Pts',(6.30071186677551,-86.906332563478,8.16754502094723));
#8173=CARTESIAN_POINT('Ctrl Pts',(6.50364211620913,-88.9927766428785,9.65435558174668));
#8174=CARTESIAN_POINT('Ctrl Pts',(6.50364211620912,-86.9437833628785,8.11761062174662));
#8175=CARTESIAN_POINT('Ctrl Pts',(6.67455187748663,-89.0738930489042,9.54620037371241));
#8176=CARTESIAN_POINT('Ctrl Pts',(6.67455187748663,-87.0248997689042,8.00945541371235));
#8177=CARTESIAN_POINT('Ctrl Pts',(6.85760834264238,-89.1384499611617,9.46012449070238));
#8178=CARTESIAN_POINT('Ctrl Pts',(6.85760834264238,-87.0894566811617,7.92337953070232));
#8179=CARTESIAN_POINT('',(6.30071186677552,-88.332413843478,9.23710598094728));
#8180=CARTESIAN_POINT('Ctrl Pts',(6.30071186677552,-88.332413843478,9.23710598094728));
#8181=CARTESIAN_POINT('Ctrl Pts',(6.50364211620912,-88.3698646428785,9.18717158174667));
#8182=CARTESIAN_POINT('Ctrl Pts',(6.67455187748663,-88.4509810489042,9.07901637371239));
#8183=CARTESIAN_POINT('Ctrl Pts',(6.85760834264238,-88.5155379611617,8.99294049070237));
#8184=CARTESIAN_POINT('',(6.30071186677552,-88.101578643478,9.06397958094727));
#8185=CARTESIAN_POINT('Ctrl Pts',(6.49781989865398,-90.1777444958266,8.07439844448248));
#8186=CARTESIAN_POINT('Ctrl Pts',(6.49781989865398,-88.1287512158266,6.53765348448243));
#8187=CARTESIAN_POINT('Ctrl Pts',(6.63659641756218,-89.7996047911182,8.57858471742703));
#8188=CARTESIAN_POINT('Ctrl Pts',(6.63659641756218,-87.7506115111183,7.04183975742697));
#8189=CARTESIAN_POINT('Ctrl Pts',(6.47537155984103,-89.3209026787576,9.21685420057452));
#8190=CARTESIAN_POINT('Ctrl Pts',(6.47537155984103,-87.2719093987576,7.68010924057447));
#8191=CARTESIAN_POINT('Ctrl Pts',(6.30071186677552,-88.955325843478,9.70428998094729));
#8192=CARTESIAN_POINT('Ctrl Pts',(6.30071186677551,-86.9063325634781,8.16754502094724));
#8193=CARTESIAN_POINT('',(6.49781989865398,-89.5548324958266,7.60721444448247));
#8194=CARTESIAN_POINT('Ctrl Pts',(6.49781989865398,-89.5548324958266,7.60721444448248));
#8195=CARTESIAN_POINT('Ctrl Pts',(6.63659641756218,-89.1766927911182,8.11140071742702));
#8196=CARTESIAN_POINT('Ctrl Pts',(6.47537155984103,-88.6979906787576,8.74967020057452));
#8197=CARTESIAN_POINT('Ctrl Pts',(6.30071186677552,-88.332413843478,9.23710598094729));
#8198=CARTESIAN_POINT('',(6.49781989865398,-89.3239972958266,7.43408804448246));
#8199=CARTESIAN_POINT('Ctrl Pts',(6.11306493842415,-90.0938410106579,8.1862697580408));
#8200=CARTESIAN_POINT('Ctrl Pts',(6.11306493842414,-88.0448477306579,6.64952479804074));
#8201=CARTESIAN_POINT('Ctrl Pts',(6.23303029609419,-90.11735231419,8.15492135333135));
#8202=CARTESIAN_POINT('Ctrl Pts',(6.23303029609419,-88.06835903419,6.61817639333129));
#8203=CARTESIAN_POINT('Ctrl Pts',(6.37768540966412,-90.1781473358793,8.07386132441225));
#8204=CARTESIAN_POINT('Ctrl Pts',(6.37768540966412,-88.1291540558793,6.53711636441219));
#8205=CARTESIAN_POINT('Ctrl Pts',(6.49781989865398,-90.1777444958266,8.07439844448248));
#8206=CARTESIAN_POINT('Ctrl Pts',(6.49781989865398,-88.1287512158266,6.53765348448242));
#8207=CARTESIAN_POINT('',(6.11306493842415,-89.4709290106579,7.71908575804079));
#8208=CARTESIAN_POINT('Ctrl Pts',(6.11306493842415,-89.4709290106579,7.71908575804078));
#8209=CARTESIAN_POINT('Ctrl Pts',(6.23303029609419,-89.49444031419,7.68773735333133));
#8210=CARTESIAN_POINT('Ctrl Pts',(6.37768540966412,-89.5552353358793,7.60667732441224));
#8211=CARTESIAN_POINT('Ctrl Pts',(6.49781989865398,-89.5548324958266,7.60721444448247));
#8212=CARTESIAN_POINT('',(6.11306493842415,-89.2400938106579,7.54595935804078));
#8213=CARTESIAN_POINT('Ctrl Pts',(5.62121739319974,-90.0334826552852,8.26674756520438));
#8214=CARTESIAN_POINT('Ctrl Pts',(5.62121739319974,-87.9844893752852,6.73000260520432));
#8215=CARTESIAN_POINT('Ctrl Pts',(5.78826446847603,-90.0422487828435,8.25505939512655));
#8216=CARTESIAN_POINT('Ctrl Pts',(5.78826446847603,-87.9932555028436,6.7183144351265));
#8217=CARTESIAN_POINT('Ctrl Pts',(5.95363218933427,-90.0626039934439,8.22791911432608));
#8218=CARTESIAN_POINT('Ctrl Pts',(5.95363218933427,-88.013610713444,6.69117415432603));
#8219=CARTESIAN_POINT('Ctrl Pts',(6.11306493842415,-90.0938410106579,8.1862697580408));
#8220=CARTESIAN_POINT('Ctrl Pts',(6.11306493842414,-88.0448477306579,6.64952479804074));
#8221=CARTESIAN_POINT('',(5.62121739319974,-89.4105706552852,7.79956356520437));
#8222=CARTESIAN_POINT('Ctrl Pts',(5.62121739319974,-89.4105706552852,7.79956356520436));
#8223=CARTESIAN_POINT('Ctrl Pts',(5.78826446847603,-89.4193367828436,7.78787539512654));
#8224=CARTESIAN_POINT('Ctrl Pts',(5.95363218933427,-89.4396919934439,7.76073511432607));
#8225=CARTESIAN_POINT('Ctrl Pts',(6.11306493842415,-89.4709290106579,7.71908575804078));
#8226=CARTESIAN_POINT('',(5.62121739319974,-89.1797354552852,7.62643716520436));
#8227=CARTESIAN_POINT('Ctrl Pts',(4.55898215965749,-89.0120576133384,9.62864762113349));
#8228=CARTESIAN_POINT('Ctrl Pts',(4.55898215965749,-86.9630643333383,8.09190266113341));
#8229=CARTESIAN_POINT('Ctrl Pts',(5.15237854106003,-89.2374030586798,9.32818702734488));
#8230=CARTESIAN_POINT('Ctrl Pts',(5.15237854106003,-87.1884097786798,7.79144206734479));
#8231=CARTESIAN_POINT('Ctrl Pts',(5.66482593935952,-89.6129217404501,8.82749545165115));
#8232=CARTESIAN_POINT('Ctrl Pts',(5.66482593935951,-87.5639284604501,7.29075049165106));
#8233=CARTESIAN_POINT('Ctrl Pts',(5.62121739319974,-90.0334826552852,8.26674756520438));
#8234=CARTESIAN_POINT('Ctrl Pts',(5.62121739319974,-87.9844893752852,6.73000260520429));
#8235=CARTESIAN_POINT('',(4.55898215965749,-88.3891456133384,9.16146362113349));
#8236=CARTESIAN_POINT('Ctrl Pts',(4.55898215965749,-88.3891456133384,9.16146362113348));
#8237=CARTESIAN_POINT('Ctrl Pts',(5.15237854106003,-88.6144910586798,8.86100302734487));
#8238=CARTESIAN_POINT('Ctrl Pts',(5.66482593935952,-88.9900097404501,8.36031145165114));
#8239=CARTESIAN_POINT('Ctrl Pts',(5.62121739319974,-89.4105706552852,7.79956356520437));
#8240=CARTESIAN_POINT('',(4.55898215965749,-88.1583104133384,8.98833722113347));
#8241=CARTESIAN_POINT('Ctrl Pts',(2.67091969294864,-88.4689318436995,10.3528153139853));
#8242=CARTESIAN_POINT('Ctrl Pts',(2.67091969294864,-86.4199385636995,8.81607035398528));
#8243=CARTESIAN_POINT('Ctrl Pts',(3.29891111704238,-88.6283765515695,10.1402223701586));
#8244=CARTESIAN_POINT('Ctrl Pts',(3.29891111704237,-86.5793832715696,8.60347741015851));
#8245=CARTESIAN_POINT('Ctrl Pts',(3.9809254764438,-88.7925231101307,9.92136029207703));
#8246=CARTESIAN_POINT('Ctrl Pts',(3.9809254764438,-86.7435298301307,8.38461533207696));
#8247=CARTESIAN_POINT('Ctrl Pts',(4.55898215965749,-89.0120576133384,9.62864762113349));
#8248=CARTESIAN_POINT('Ctrl Pts',(4.55898215965749,-86.9630643333384,8.09190266113342));
#8249=CARTESIAN_POINT('',(2.67091969294864,-87.8460198436995,9.88563131398534));
#8250=CARTESIAN_POINT('Ctrl Pts',(2.67091969294864,-87.8460198436995,9.88563131398534));
#8251=CARTESIAN_POINT('Ctrl Pts',(3.29891111704238,-88.0054645515696,9.67303837015858));
#8252=CARTESIAN_POINT('Ctrl Pts',(3.9809254764438,-88.1696111101307,9.45417629207702));
#8253=CARTESIAN_POINT('Ctrl Pts',(4.55898215965749,-88.3891456133384,9.16146362113349));
#8254=CARTESIAN_POINT('',(2.67091969294864,-87.6151846436995,9.71250491398533));
#8255=CARTESIAN_POINT('Ctrl Pts',(3.8869892580549,-89.859359398931,8.49891190700992));
#8256=CARTESIAN_POINT('Ctrl Pts',(3.8869892580549,-87.8103661189311,6.96216694700987));
#8257=CARTESIAN_POINT('Ctrl Pts',(3.78381744456533,-89.3151932154156,9.22446681836376));
#8258=CARTESIAN_POINT('Ctrl Pts',(3.78381744456533,-87.2661999354157,7.68772185836371));
#8259=CARTESIAN_POINT('Ctrl Pts',(2.75287492198479,-89.0040971658853,9.63926155107087));
#8260=CARTESIAN_POINT('Ctrl Pts',(2.75287492198479,-86.9551038858854,8.10251659107081));
#8261=CARTESIAN_POINT('Ctrl Pts',(2.67091969294864,-88.4689318436995,10.3528153139853));
#8262=CARTESIAN_POINT('Ctrl Pts',(2.67091969294864,-86.4199385636995,8.81607035398529));
#8263=CARTESIAN_POINT('',(3.8869892580549,-89.236447398931,8.03172790700992));
#8264=CARTESIAN_POINT('Ctrl Pts',(3.8869892580549,-89.236447398931,8.03172790700991));
#8265=CARTESIAN_POINT('Ctrl Pts',(3.78381744456533,-88.6922812154157,8.75728281836375));
#8266=CARTESIAN_POINT('Ctrl Pts',(2.75287492198479,-88.3811851658853,9.17207755107085));
#8267=CARTESIAN_POINT('Ctrl Pts',(2.67091969294864,-87.8460198436995,9.88563131398533));
#8268=CARTESIAN_POINT('',(3.8869892580549,-89.005612198931,7.8586015070099));
#8269=CARTESIAN_POINT('Ctrl Pts',(2.31980819818635,-89.2771704446427,9.27516384606103));
#8270=CARTESIAN_POINT('Ctrl Pts',(2.31980819818635,-87.2281771646427,7.73841888606096));
#8271=CARTESIAN_POINT('Ctrl Pts',(2.83813419114759,-89.4778278424814,9.00762064894272));
#8272=CARTESIAN_POINT('Ctrl Pts',(2.83813419114758,-87.4288345624814,7.47087568894265));
#8273=CARTESIAN_POINT('Ctrl Pts',(3.36519180204436,-89.6662934347566,8.75633319257579));
#8274=CARTESIAN_POINT('Ctrl Pts',(3.36519180204435,-87.6173001547566,7.21958823257572));
#8275=CARTESIAN_POINT('Ctrl Pts',(3.8869892580549,-89.859359398931,8.49891190700992));
#8276=CARTESIAN_POINT('Ctrl Pts',(3.8869892580549,-87.810366118931,6.96216694700985));
#8277=CARTESIAN_POINT('',(2.31980819818635,-88.6542584446427,8.80797984606101));
#8278=CARTESIAN_POINT('Ctrl Pts',(2.31980819818635,-88.6542584446427,8.80797984606103));
#8279=CARTESIAN_POINT('Ctrl Pts',(2.83813419114759,-88.8549158424815,8.54043664894272));
#8280=CARTESIAN_POINT('Ctrl Pts',(3.36519180204436,-89.0433814347567,8.28914919257579));
#8281=CARTESIAN_POINT('Ctrl Pts',(3.8869892580549,-89.2364473989311,8.03172790700992));
#8282=CARTESIAN_POINT('',(2.31980819818635,-88.4234232446427,8.63485344606101));
#8283=CARTESIAN_POINT('Ctrl Pts',(0.310379488128123,-88.2384140550863,10.6601723654696));
#8284=CARTESIAN_POINT('Ctrl Pts',(0.310379488128118,-86.1894207750863,9.12342740546948));
#8285=CARTESIAN_POINT('Ctrl Pts',(0.800602347643918,-88.6848049100925,10.0649845587946));
#8286=CARTESIAN_POINT('Ctrl Pts',(0.800602347643913,-86.6358116300925,8.52823959879454));
#8287=CARTESIAN_POINT('Ctrl Pts',(1.57117830793763,-88.9873695658356,9.66156501780382));
#8288=CARTESIAN_POINT('Ctrl Pts',(1.57117830793763,-86.9383762858356,8.12482005780373));
#8289=CARTESIAN_POINT('Ctrl Pts',(2.31980819818635,-89.2771704446427,9.27516384606103));
#8290=CARTESIAN_POINT('Ctrl Pts',(2.31980819818635,-87.2281771646427,7.73841888606094));
#8291=CARTESIAN_POINT('Ctrl Pts',(0.310379488128122,-87.6155020550863,10.1929883654696));
#8292=CARTESIAN_POINT('Ctrl Pts',(0.800602347643916,-88.0618929100925,9.59780055879462));
#8293=CARTESIAN_POINT('Ctrl Pts',(1.57117830793763,-88.3644575658356,9.1943810178038));
#8294=CARTESIAN_POINT('Ctrl Pts',(2.31980819818635,-88.6542584446427,8.80797984606102));
#8295=CARTESIAN_POINT('Ctrl Pts',(-20.8170498791439,-91.4612647890385,6.36303805353337));
#8296=CARTESIAN_POINT('Ctrl Pts',(-20.8170498791439,-89.4122715090385,4.82629309353329));
#8297=CARTESIAN_POINT('Ctrl Pts',(-14.5733066163695,-91.7558344434652,5.97027851429776));
#8298=CARTESIAN_POINT('Ctrl Pts',(-14.5733066163695,-89.7068411634652,4.43353355429768));
#8299=CARTESIAN_POINT('Ctrl Pts',(-8.32956335359498,-92.0504040978919,5.57751897506215));
#8300=CARTESIAN_POINT('Ctrl Pts',(-8.32956335359499,-90.0014108178919,4.04077401506207));
#8301=CARTESIAN_POINT('Ctrl Pts',(-2.08582009082046,-92.3449737523186,5.18475943582654));
#8302=CARTESIAN_POINT('Ctrl Pts',(-2.08582009082047,-90.2959804723186,3.64801447582646));
#8303=CARTESIAN_POINT('Ctrl Pts',(-1.50345312154703,-92.3724488789643,5.14812593363218));
#8304=CARTESIAN_POINT('Ctrl Pts',(-1.50345312154703,-90.3234555989643,3.6113809736321));
#8305=CARTESIAN_POINT('Ctrl Pts',(-0.921028066769817,-92.3999578318741,
5.11144732975254));
#8306=CARTESIAN_POINT('Ctrl Pts',(-0.921028066769821,-90.3509645518741,
3.57470236975245));
#8307=CARTESIAN_POINT('Ctrl Pts',(-0.338661097496382,-92.4274329585198,
5.07481382755818));
#8308=CARTESIAN_POINT('Ctrl Pts',(-0.338661097496387,-90.3784396785198,
3.53806886755809));
#8309=CARTESIAN_POINT('',(-0.338661097496384,-91.8045209585198,4.60762982755817));
#8310=CARTESIAN_POINT('Ctrl Pts',(-2.88099729763315,-91.6845465847083,4.76759565930696));
#8311=CARTESIAN_POINT('Ctrl Pts',(-2.61593822869559,-91.6970516405784,4.75092225148015));
#8312=CARTESIAN_POINT('Ctrl Pts',(-2.35087915975802,-91.7095566964485,4.73424884365334));
#8313=CARTESIAN_POINT('Ctrl Pts',(-2.08582009082046,-91.7220617523186,4.71757543582653));
#8314=CARTESIAN_POINT('Ctrl Pts',(-1.50345312154703,-91.7495368789643,4.68094193363217));
#8315=CARTESIAN_POINT('Ctrl Pts',(-0.921028066769818,-91.7770458318741,
4.64426332975252));
#8316=CARTESIAN_POINT('Ctrl Pts',(-0.338661097496384,-91.8045209585198,
4.60762982755816));
#8317=CARTESIAN_POINT('',(-0.338661097496384,-91.5736857585198,4.43450342755816));
#8318=CARTESIAN_POINT('Ctrl Pts',(-0.338661097496382,-92.4274329585198,
5.07481382755818));
#8319=CARTESIAN_POINT('Ctrl Pts',(-0.338661097496387,-90.3784396785199,
3.53806886755812));
#8320=CARTESIAN_POINT('Ctrl Pts',(-0.382660866608067,-92.1472715399044,
5.44836238571211));
#8321=CARTESIAN_POINT('Ctrl Pts',(-0.382660866608072,-90.0982782599044,
3.91161742571205));
#8322=CARTESIAN_POINT('Ctrl Pts',(-0.426605967010317,-91.867110121289,5.82191094386603));
#8323=CARTESIAN_POINT('Ctrl Pts',(-0.426605967010321,-89.818116841289,4.28516598386598));
#8324=CARTESIAN_POINT('Ctrl Pts',(-0.470607444519174,-91.5869487026735,
6.19545950201996));
#8325=CARTESIAN_POINT('Ctrl Pts',(-0.470607444519179,-89.5379554226735,
4.65871454201991));
#8326=CARTESIAN_POINT('Ctrl Pts',(-0.338661097496384,-91.8045209585198,
4.60762982755816));
#8327=CARTESIAN_POINT('Ctrl Pts',(-0.360660943113371,-91.664440497149,4.79440377605264));
#8328=CARTESIAN_POINT('Ctrl Pts',(-0.382648425208988,-91.5243517301834,
4.98118879867338));
#8329=CARTESIAN_POINT('Ctrl Pts',(-0.426621483713876,-91.2441890586735,
5.35473902735335));
#8330=CARTESIAN_POINT('Ctrl Pts',(-0.448606748254645,-91.1041171414442,
5.54150158365906));
#8331=CARTESIAN_POINT('Ctrl Pts',(-0.470607444519175,-90.9640367026735,
5.72827550201995));
#8332=CARTESIAN_POINT('Origin',(29.9805205698968,-95.2602433291885,0.));
#8333=CARTESIAN_POINT('Origin',(29.9805205698968,-95.2602433291885,0.));
#8334=CARTESIAN_POINT('Origin',(29.9805205698968,-95.2602433291885,0.));
#8335=CARTESIAN_POINT('Origin',(29.9805205698968,-95.2602433291885,0.));
#8336=CARTESIAN_POINT('Origin',(29.9805205698968,-95.2602433291885,0.));
#8337=CARTESIAN_POINT('Origin',(29.9805205698968,-95.2602433291885,0.));
#8338=CARTESIAN_POINT('Origin',(29.9805205698968,-95.2602433291885,0.));
#8339=CARTESIAN_POINT('Origin',(29.9805205698968,-95.2602433291885,0.));
#8340=CARTESIAN_POINT('Origin',(29.9805205698968,-95.2602433291885,0.));
#8341=CARTESIAN_POINT('Origin',(29.9805205698968,-95.2602433291885,0.));
#8342=CARTESIAN_POINT('Origin',(29.9805205698968,-95.2602433291885,0.));
#8343=CARTESIAN_POINT('Origin',(29.9805205698968,-95.2602433291885,0.));
#8344=CARTESIAN_POINT('Origin',(-7.51947943010304,62.5303271020153,3.65));
#8345=CARTESIAN_POINT('',(-9.26947943010304,62.5303271020153,4.3));
#8346=CARTESIAN_POINT('',(-5.76947943010304,62.5303271020153,4.3));
#8347=CARTESIAN_POINT('Origin',(-7.51947943010304,62.5303271020153,4.3));
#8348=CARTESIAN_POINT('Origin',(-7.51947943010304,62.5303271020153,4.3));
#8349=CARTESIAN_POINT('',(-10.569479430103,62.5303271020153,3.));
#8350=CARTESIAN_POINT('',(-9.91947943010304,62.5303271020153,3.65));
#8351=CARTESIAN_POINT('Origin',(-7.51947943010304,62.5303271020153,3.));
#8352=CARTESIAN_POINT('Origin',(-7.51947943010304,62.5303271020153,3.));
#8353=CARTESIAN_POINT('',(-10.769479430103,62.5303271020153,3.));
#8354=CARTESIAN_POINT('Origin',(-7.51947943010304,62.5303271020153,3.));
#8355=CARTESIAN_POINT('Origin',(-7.51947943010304,62.5303271020153,10.));
#8356=CARTESIAN_POINT('',(-5.76947943010304,62.5303271020153,10.));
#8357=CARTESIAN_POINT('Origin',(-7.51947943010304,62.5303271020153,10.));
#8358=CARTESIAN_POINT('',(-5.76947943010304,62.5303271020153,10.));
#8359=CARTESIAN_POINT('Origin',(7.48052056989696,62.5303271020153,3.65));
#8360=CARTESIAN_POINT('',(5.73052056989696,62.5303271020153,4.3));
#8361=CARTESIAN_POINT('',(9.23052056989696,62.5303271020153,4.3));
#8362=CARTESIAN_POINT('Origin',(7.48052056989696,62.5303271020153,4.3));
#8363=CARTESIAN_POINT('Origin',(7.48052056989696,62.5303271020153,4.3));
#8364=CARTESIAN_POINT('',(4.43052056989696,62.5303271020153,3.));
#8365=CARTESIAN_POINT('',(5.08052056989696,62.5303271020153,3.65));
#8366=CARTESIAN_POINT('Origin',(7.48052056989696,62.5303271020153,3.));
#8367=CARTESIAN_POINT('Origin',(7.48052056989696,62.5303271020153,3.));
#8368=CARTESIAN_POINT('',(4.23052056989696,62.5303271020153,3.));
#8369=CARTESIAN_POINT('Origin',(7.48052056989696,62.5303271020153,3.));
#8370=CARTESIAN_POINT('Origin',(7.48052056989696,62.5303271020153,10.));
#8371=CARTESIAN_POINT('',(9.23052056989696,62.5303271020153,10.));
#8372=CARTESIAN_POINT('Origin',(7.48052056989696,62.5303271020153,10.));
#8373=CARTESIAN_POINT('',(9.23052056989696,62.5303271020153,10.));
#8374=CARTESIAN_POINT('Origin',(7.48052056989696,62.5303271020153,0.));
#8375=CARTESIAN_POINT('',(4.23052056989696,62.5303271020153,0.));
#8376=CARTESIAN_POINT('Origin',(7.48052056989696,62.5303271020153,0.));
#8377=CARTESIAN_POINT('',(4.23052056989696,62.5303271020153,0.));
#8378=CARTESIAN_POINT('Origin',(-7.51947943010304,62.5303271020153,0.));
#8379=CARTESIAN_POINT('',(-10.769479430103,62.5303271020153,0.));
#8380=CARTESIAN_POINT('Origin',(-7.51947943010304,62.5303271020153,0.));
#8381=CARTESIAN_POINT('',(-10.769479430103,62.5303271020153,0.));
#8382=CARTESIAN_POINT('Origin',(-15.519479430103,54.5303271020153,20.));
#8383=CARTESIAN_POINT('',(-15.519479430103,54.5303271020153,20.));
#8384=CARTESIAN_POINT('',(-15.519479430103,70.5303271020153,20.));
#8385=CARTESIAN_POINT('',(-15.519479430103,27.1099176746289,20.));
#8386=CARTESIAN_POINT('',(-15.519479430103,54.5303271020153,10.));
#8387=CARTESIAN_POINT('',(-15.519479430103,54.5303271020153,20.));
#8388=CARTESIAN_POINT('',(-15.519479430103,70.5303271020153,10.));
#8389=CARTESIAN_POINT('',(-15.519479430103,70.5303271020153,10.));
#8390=CARTESIAN_POINT('',(-15.519479430103,70.5303271020153,20.));
#8391=CARTESIAN_POINT('Origin',(15.480520569897,54.5303271020153,20.));
#8392=CARTESIAN_POINT('',(15.480520569897,54.5303271020153,20.));
#8393=CARTESIAN_POINT('',(7.73052056989694,54.5303271020153,20.));
#8394=CARTESIAN_POINT('',(15.480520569897,54.5303271020153,10.));
#8395=CARTESIAN_POINT('',(15.480520569897,54.5303271020153,20.));
#8396=CARTESIAN_POINT('',(-15.519479430103,54.5303271020153,10.));
#8397=CARTESIAN_POINT('Origin',(15.480520569897,70.5303271020153,20.));
#8398=CARTESIAN_POINT('',(15.480520569897,70.5303271020153,20.));
#8399=CARTESIAN_POINT('',(15.480520569897,35.1099176746289,20.));
#8400=CARTESIAN_POINT('',(15.480520569897,70.5303271020153,10.));
#8401=CARTESIAN_POINT('',(15.480520569897,70.5303271020153,20.));
#8402=CARTESIAN_POINT('',(15.480520569897,54.5303271020153,10.));
#8403=CARTESIAN_POINT('Origin',(-15.519479430103,70.5303271020153,20.));
#8404=CARTESIAN_POINT('',(-7.76947943010306,70.5303271020153,20.));
#8405=CARTESIAN_POINT('',(15.480520569897,70.5303271020153,10.));
#8406=CARTESIAN_POINT('Origin',(-0.0194794301030399,62.5303271020153,10.));
#8407=CARTESIAN_POINT('Origin',(-0.01947943010308,-0.310491752757577,20.));
#8408=CARTESIAN_POINT('',(23.7673171343004,-80.2602433291885,20.));
#8409=CARTESIAN_POINT('',(-23.8062759945068,-80.2602433291885,20.));
#8410=CARTESIAN_POINT('',(23.7673171343004,-80.2602433291885,20.));
#8411=CARTESIAN_POINT('',(34.9805205698969,-69.0470398935921,20.));
#8412=CARTESIAN_POINT('',(34.9805205698969,-69.0470398935921,20.));
#8413=CARTESIAN_POINT('',(34.980520569897,74.7397566708115,20.));
#8414=CARTESIAN_POINT('',(34.980520569897,74.7397566708115,20.));
#8415=CARTESIAN_POINT('',(-35.019479430103,74.7397566708115,20.));
#8416=CARTESIAN_POINT('',(34.980520569897,74.7397566708115,20.));
#8417=CARTESIAN_POINT('',(-35.0194794301032,-69.0470398935921,20.));
#8418=CARTESIAN_POINT('',(-35.0194794301032,-69.0470398935921,20.));
#8419=CARTESIAN_POINT('',(-23.8062759945068,-80.2602433291885,20.));
#8420=CARTESIAN_POINT('Origin',(-0.0194794301030818,-6.08391601653196,0.));
#8421=CARTESIAN_POINT('',(29.9805205698968,-95.2602433291885,0.));
#8422=CARTESIAN_POINT('',(-30.0194794301032,-95.2602433291885,0.));
#8423=CARTESIAN_POINT('',(29.9805205698968,-95.2602433291885,0.));
#8424=CARTESIAN_POINT('',(-50.0194794301032,-75.2602433291885,0.));
#8425=CARTESIAN_POINT('',(-30.0194794301032,-95.2602433291885,0.));
#8426=CARTESIAN_POINT('',(-50.019479430103,74.7397566708115,0.));
#8427=CARTESIAN_POINT('',(-50.0194794301032,-75.2602433291885,0.));
#8428=CARTESIAN_POINT('',(49.980520569897,74.7397566708115,0.));
#8429=CARTESIAN_POINT('',(-50.019479430103,74.7397566708115,0.));
#8430=CARTESIAN_POINT('',(49.980520569897,-75.2602433291885,0.));
#8431=CARTESIAN_POINT('',(49.980520569897,74.7397566708115,0.));
#8432=CARTESIAN_POINT('',(49.980520569897,-75.2602433291885,0.));
#8433=CARTESIAN_POINT('Origin',(29.9805205698968,-95.2602433291885,0.));
#8434=CARTESIAN_POINT('',(29.9805205698968,-95.2602433291885,0.));
#8435=CARTESIAN_POINT('',(-30.0194794301032,-95.2602433291885,0.));
#8436=CARTESIAN_POINT('Origin',(-30.0194794301032,-95.2602433291885,0.));
#8437=CARTESIAN_POINT('',(-50.0194794301032,-75.2602433291885,0.));
#8438=CARTESIAN_POINT('Origin',(-50.0194794301032,-75.2602433291885,0.));
#8439=CARTESIAN_POINT('',(-50.019479430103,74.7397566708115,0.));
#8440=CARTESIAN_POINT('Origin',(-50.019479430103,74.7397566708115,0.));
#8441=CARTESIAN_POINT('',(49.980520569897,74.7397566708115,0.));
#8442=CARTESIAN_POINT('Origin',(49.980520569897,74.7397566708115,0.));
#8443=CARTESIAN_POINT('',(49.980520569897,-75.2602433291885,0.));
#8444=CARTESIAN_POINT('Origin',(49.980520569897,-75.2602433291885,0.));
#8445=CARTESIAN_POINT('',(0.,0.,0.));
#8446=CARTESIAN_POINT('Origin',(-4.15246301587559,-49.9619555136391,0.123535454995437));
#8447=CARTESIAN_POINT('',(-14.5397206158756,-48.3406298083932,0.123535454995337));
#8448=CARTESIAN_POINT('Origin',(-4.15246301587557,-48.3406298083933,0.123535454995437));
#8449=CARTESIAN_POINT('',(-14.5397206158756,-47.3445914083872,0.123535454995337));
#8450=CARTESIAN_POINT('',(-14.5397206158756,-49.961955513639,0.123535454995338));
#8451=CARTESIAN_POINT('Origin',(-4.15246301587557,-47.3445914083876,0.123535454995437));
#8452=CARTESIAN_POINT('Origin',(-4.15246301587557,-48.4117754083936,0.123535454995439));
#8453=CARTESIAN_POINT('',(-14.3974294158756,-48.4829210083939,0.123535454995345));
#8454=CARTESIAN_POINT('',(-14.4685750158756,-48.4117754083936,0.123535454995342));
#8455=CARTESIAN_POINT('Origin',(-4.15246301587557,-48.4829210083939,0.12353545499544));
#8456=CARTESIAN_POINT('Origin',(-4.15298601341609,-48.4829210083935,14.3642970302434));
#8457=CARTESIAN_POINT('',(-4.38394425313467,-48.4829210083896,3.30304627935461));
#8458=CARTESIAN_POINT('',(-4.06771911404617,-48.4829210083938,3.33425406096799));
#8459=CARTESIAN_POINT('Ctrl Pts',(-4.38394425313467,-48.4829210083939,3.30304627935461));
#8460=CARTESIAN_POINT('Ctrl Pts',(-4.33141091587063,-48.4829210083938,3.30982165157493));
#8461=CARTESIAN_POINT('Ctrl Pts',(-4.27877770278811,-48.4829210083938,3.31581546288004));
#8462=CARTESIAN_POINT('Ctrl Pts',(-4.17335320153294,-48.4829210083938,3.32622365147937));
#8463=CARTESIAN_POINT('Ctrl Pts',(-4.12056410965813,-48.4829210083938,3.33063780821509));
#8464=CARTESIAN_POINT('Ctrl Pts',(-4.06771911404616,-48.4829210083938,3.33425406096799));
#8465=CARTESIAN_POINT('',(-4.04379027923565,-48.4829210083938,3.33583674227981));
#8466=CARTESIAN_POINT('Origin',(-4.15938676448841,-48.4829210083938,-1.30959463364467));
#8467=CARTESIAN_POINT('',(-3.12374665054429,-48.4829210083938,3.0993176960881));
#8468=CARTESIAN_POINT('Ctrl Pts',(-4.04379027923565,-48.4829210083938,3.33583674227981));
#8469=CARTESIAN_POINT('Ctrl Pts',(-3.71742320908269,-48.4829210083938,3.35666124958273));
#8470=CARTESIAN_POINT('Ctrl Pts',(-3.35248394762694,-48.4829210083938,3.33309391062348));
#8471=CARTESIAN_POINT('Ctrl Pts',(-3.12374665054429,-48.4829210083938,3.0993176960881));
#8472=CARTESIAN_POINT('',(-3.47267481372341,-48.4829210083938,4.61309340622589));
#8473=CARTESIAN_POINT('Ctrl Pts',(-3.12374665054429,-48.4829210083938,3.0993176960881));
#8474=CARTESIAN_POINT('Ctrl Pts',(-3.0894864536984,-48.4829210083938,3.62346590660448));
#8475=CARTESIAN_POINT('Ctrl Pts',(-3.21242100564979,-48.4829210083938,4.1568505664201));
#8476=CARTESIAN_POINT('Ctrl Pts',(-3.47267481372341,-48.4829210083938,4.61309340622589));
#8477=CARTESIAN_POINT('',(-1.86854624826066,-48.4829210083938,3.49370203696628));
#8478=CARTESIAN_POINT('Origin',(-0.431569718910437,-48.4829210083938,7.26601208184892));
#8479=CARTESIAN_POINT('',(0.248926624015798,-48.4829210083938,2.41204147340327));
#8480=CARTESIAN_POINT('Ctrl Pts',(-1.86854624826066,-48.4829210083938,3.49370203696628));
#8481=CARTESIAN_POINT('Ctrl Pts',(-1.14113294246537,-48.4829210083938,3.16431110382253));
#8482=CARTESIAN_POINT('Ctrl Pts',(-0.312169092094778,-48.4829210083938,
2.98019030722992));
#8483=CARTESIAN_POINT('Ctrl Pts',(0.248926624015798,-48.4829210083938,2.41204147340327));
#8484=CARTESIAN_POINT('',(0.897352186659124,-48.4829210083939,1.2550867213697));
#8485=CARTESIAN_POINT('Ctrl Pts',(0.248926624015798,-48.4829210083939,2.41204147340327));
#8486=CARTESIAN_POINT('Ctrl Pts',(0.48964320205403,-48.4829210083939,2.16835740948085));
#8487=CARTESIAN_POINT('Ctrl Pts',(0.927973497533042,-48.4829210083939,1.62360849169081));
#8488=CARTESIAN_POINT('Ctrl Pts',(0.897352186659124,-48.4829210083939,1.2550867213697));
#8489=CARTESIAN_POINT('',(-1.41123736862084,-48.4829210083939,2.14014237602078));
#8490=CARTESIAN_POINT('Origin',(-3.23924638387579,-48.4829210083939,-6.07075989679507));
#8491=CARTESIAN_POINT('',(-0.423624923461359,-48.4829210083939,0.988897941527723));
#8492=CARTESIAN_POINT('Ctrl Pts',(-1.41123736862084,-48.4829210083939,2.14014237602078));
#8493=CARTESIAN_POINT('Ctrl Pts',(-0.94693260257013,-48.4829210083939,1.91711539647864));
#8494=CARTESIAN_POINT('Ctrl Pts',(-0.895038330136173,-48.4829210083939,
1.19641865415695));
#8495=CARTESIAN_POINT('Ctrl Pts',(-0.423624923461359,-48.4829210083939,
0.988897941527723));
#8496=CARTESIAN_POINT('',(0.571936693729824,-48.4829210083939,0.965106802539205));
#8497=CARTESIAN_POINT('Ctrl Pts',(-0.423624923461359,-48.4829210083939,
0.988897941527723));
#8498=CARTESIAN_POINT('Ctrl Pts',(-0.116906129159837,-48.4829210083939,
0.853873062804705));
#8499=CARTESIAN_POINT('Ctrl Pts',(0.238235474526339,-48.4829210083939,0.996455890607518));
#8500=CARTESIAN_POINT('Ctrl Pts',(0.571936693729824,-48.4829210083939,0.965106802539205));
#8501=CARTESIAN_POINT('',(1.62504737798745,-48.482921008394,-0.057157062418073));
#8502=CARTESIAN_POINT('Ctrl Pts',(0.571936693729824,-48.4829210083939,0.965106802539205));
#8503=CARTESIAN_POINT('Ctrl Pts',(1.19550678594776,-48.4829210083939,0.906551489539667));
#8504=CARTESIAN_POINT('Ctrl Pts',(1.29548731352389,-48.4829210083939,0.355027922772245));
#8505=CARTESIAN_POINT('Ctrl Pts',(1.62504737798745,-48.4829210083939,-0.0571570624180723));
#8506=CARTESIAN_POINT('',(2.36919955925377,-48.482921008394,-0.617579670043687));
#8507=CARTESIAN_POINT('Ctrl Pts',(1.62504737798745,-48.4829210083939,-0.0571570624180723));
#8508=CARTESIAN_POINT('Ctrl Pts',(1.80592051156002,-48.4829210083939,-0.283319804965631));
#8509=CARTESIAN_POINT('Ctrl Pts',(2.06863953674986,-48.4829210083939,-0.574755278184914));
#8510=CARTESIAN_POINT('Ctrl Pts',(2.36919955925377,-48.4829210083939,-0.617579670043686));
#8511=CARTESIAN_POINT('',(3.87133168847989,-48.482921008394,-0.602743949019967));
#8512=CARTESIAN_POINT('Origin',(3.08647569471799,-48.482921008394,3.05286955714653));
#8513=CARTESIAN_POINT('',(3.32955111077255,-48.482921008394,-1.26925118730989));
#8514=CARTESIAN_POINT('Ctrl Pts',(3.87133168847989,-48.482921008394,-0.602743949019967));
#8515=CARTESIAN_POINT('Ctrl Pts',(3.76188834897948,-48.482921008394,-0.879289032506093));
#8516=CARTESIAN_POINT('Ctrl Pts',(3.61617232076697,-48.482921008394,-1.18987051280884));
#8517=CARTESIAN_POINT('Ctrl Pts',(3.32955111077255,-48.482921008394,-1.26925118730989));
#8518=CARTESIAN_POINT('',(2.72462475687015,-48.482921008394,-1.13528893162657));
#8519=CARTESIAN_POINT('Ctrl Pts',(3.32955111077255,-48.482921008394,-1.26925118730989));
#8520=CARTESIAN_POINT('Ctrl Pts',(3.12493979852375,-48.482921008394,-1.32590334586212));
#8521=CARTESIAN_POINT('Ctrl Pts',(2.90762484491929,-48.482921008394,-1.24294016249572));
#8522=CARTESIAN_POINT('Ctrl Pts',(2.72462475687015,-48.482921008394,-1.13528893162658));
#8523=CARTESIAN_POINT('',(2.16772828100329,-48.482921008394,-0.830082068820441));
#8524=CARTESIAN_POINT('Ctrl Pts',(2.72462475687015,-48.482921008394,-1.13528893162658));
#8525=CARTESIAN_POINT('Ctrl Pts',(2.5415682917144,-48.482921008394,-1.02769407786404));
#8526=CARTESIAN_POINT('Ctrl Pts',(2.37065853043689,-48.482921008394,-0.892500067821203));
#8527=CARTESIAN_POINT('Ctrl Pts',(2.16772828100329,-48.482921008394,-0.830082068820441));
#8528=CARTESIAN_POINT('',(2.36483631288175,-48.4829210083941,-2.86744648940146));
#8529=CARTESIAN_POINT('Ctrl Pts',(2.16772828100329,-48.482921008394,-0.830082068820444));
#8530=CARTESIAN_POINT('Ctrl Pts',(2.3423879740688,-48.482921008394,-1.4393767942864));
#8531=CARTESIAN_POINT('Ctrl Pts',(2.50361283178995,-48.482921008394,-2.23721364822076));
#8532=CARTESIAN_POINT('Ctrl Pts',(2.36483631288175,-48.482921008394,-2.86744648940145));
#8533=CARTESIAN_POINT('',(1.98008135265192,-48.4829210083941,-2.72760734745356));
#8534=CARTESIAN_POINT('Ctrl Pts',(2.36483631288175,-48.4829210083941,-2.86744648940145));
#8535=CARTESIAN_POINT('Ctrl Pts',(2.24470182389189,-48.4829210083941,-2.86811788948924));
#8536=CARTESIAN_POINT('Ctrl Pts',(2.10004671032196,-48.4829210083941,-2.76679285334036));
#8537=CARTESIAN_POINT('Ctrl Pts',(1.98008135265192,-48.4829210083941,-2.72760734745356));
#8538=CARTESIAN_POINT('',(1.48823380742751,-48.482921008394,-2.62701008849908));
#8539=CARTESIAN_POINT('Origin',(1.44662919246874,-48.4829210083941,-4.28021212149596));
#8540=CARTESIAN_POINT('',(0.42599857388526,-48.482921008394,-0.924635018587687));
#8541=CARTESIAN_POINT('Ctrl Pts',(1.48823380742751,-48.482921008394,-2.62701008849908));
#8542=CARTESIAN_POINT('Ctrl Pts',(1.53184235358728,-48.482921008394,-1.92607523044062));
#8543=CARTESIAN_POINT('Ctrl Pts',(1.0193949552878,-48.482921008394,-1.30021076082346));
#8544=CARTESIAN_POINT('Ctrl Pts',(0.42599857388526,-48.482921008394,-0.924635018587687));
#8545=CARTESIAN_POINT('',(-1.46206389282359,-48.4829210083939,-0.0194254025228784));
#8546=CARTESIAN_POINT('Ctrl Pts',(0.42599857388526,-48.482921008394,-0.924635018587687));
#8547=CARTESIAN_POINT('Ctrl Pts',(-0.152058109328426,-48.482921008394,-0.558744179908279));
#8548=CARTESIAN_POINT('Ctrl Pts',(-0.834072468729853,-48.482921008394,-0.285166582306332));
#8549=CARTESIAN_POINT('Ctrl Pts',(-1.46206389282359,-48.482921008394,-0.0194254025228791));
#8550=CARTESIAN_POINT('',(-0.245994327717329,-48.482921008394,-2.33680466124215));
#8551=CARTESIAN_POINT('Ctrl Pts',(-1.46206389282359,-48.4829210083939,-0.019425402522879));
#8552=CARTESIAN_POINT('Ctrl Pts',(-1.38010866378744,-48.4829210083939,-0.911367606165969));
#8553=CARTESIAN_POINT('Ctrl Pts',(-0.349166141206899,-48.4829210083939,
-1.42986102204986));
#8554=CARTESIAN_POINT('Ctrl Pts',(-0.245994327717329,-48.4829210083939,
-2.33680466124215));
#8555=CARTESIAN_POINT('',(-1.81317538758588,-48.482921008394,-1.36648973742827));
#8556=CARTESIAN_POINT('Ctrl Pts',(-0.245994327717329,-48.482921008394,-2.33680466124215));
#8557=CARTESIAN_POINT('Ctrl Pts',(-0.767791783727874,-48.482921008394,-2.01502805428482));
#8558=CARTESIAN_POINT('Ctrl Pts',(-1.29484939462464,-48.482921008394,-1.70091873382615));
#8559=CARTESIAN_POINT('Ctrl Pts',(-1.81317538758588,-48.482921008394,-1.36648973742828));
#8560=CARTESIAN_POINT('',(-3.82260409764411,-48.4829210083939,0.364770911832389));
#8561=CARTESIAN_POINT('Ctrl Pts',(-1.81317538758588,-48.482921008394,-1.36648973742828));
#8562=CARTESIAN_POINT('Ctrl Pts',(-2.5618052778346,-48.482921008394,-0.88348827274979));
#8563=CARTESIAN_POINT('Ctrl Pts',(-3.33238123812831,-48.482921008394,-0.379213846511276));
#8564=CARTESIAN_POINT('Ctrl Pts',(-3.82260409764411,-48.482921008394,0.364770911832389));
#8565=CARTESIAN_POINT('Ctrl Pts',(-4.38394425313467,-48.4829210083938,3.30304627935461));
#8566=CARTESIAN_POINT('Ctrl Pts',(-4.37350590023146,-48.4829210083938,2.88699274272099));
#8567=CARTESIAN_POINT('Ctrl Pts',(-4.36306754732826,-48.4829210083938,2.47093920608737));
#8568=CARTESIAN_POINT('Ctrl Pts',(-4.33762775887586,-48.4829210083938,1.45695605616078));
#8569=CARTESIAN_POINT('Ctrl Pts',(-4.15171485365198,-48.4829210083938,0.864231074846024));
#8570=CARTESIAN_POINT('Ctrl Pts',(-3.82260409764411,-48.4829210083938,0.364770911832389));
#8571=CARTESIAN_POINT('',(-7.24211181508536,-48.482921008394,-2.30549675486678));
#8572=CARTESIAN_POINT('',(-5.92216271719662,-48.4829210083939,-0.665108987708459));
#8573=CARTESIAN_POINT('Ctrl Pts',(-5.92216271719662,-48.4829210083939,-0.665108987708459));
#8574=CARTESIAN_POINT('Ctrl Pts',(-6.49197911110275,-48.4829210083939,-1.06338941743702));
#8575=CARTESIAN_POINT('Ctrl Pts',(-6.94460377891564,-48.4829210083939,-1.64711841319013));
#8576=CARTESIAN_POINT('Ctrl Pts',(-7.2421118150866,-48.4829210083939,-2.30549675486953));
#8577=CARTESIAN_POINT('',(-4.83165692728627,-48.4829210083939,0.38083497042129));
#8578=CARTESIAN_POINT('Ctrl Pts',(-5.92216271719662,-48.4829210083939,-0.665108987708459));
#8579=CARTESIAN_POINT('Ctrl Pts',(-5.50465778321912,-48.4829210083939,-0.373280583140092));
#8580=CARTESIAN_POINT('Ctrl Pts',(-5.0588276241641,-48.4829210083939,-0.0750713151420153));
#8581=CARTESIAN_POINT('Ctrl Pts',(-4.83165692728627,-48.4829210083939,0.380834970421291));
#8582=CARTESIAN_POINT('',(-4.65996472010493,-48.4829210083939,-0.199181244346313));
#8583=CARTESIAN_POINT('Ctrl Pts',(-4.83165692728627,-48.4829210083939,0.380834970421291));
#8584=CARTESIAN_POINT('Ctrl Pts',(-4.87604962774704,-48.4829210083939,0.17689676665742));
#8585=CARTESIAN_POINT('Ctrl Pts',(-4.7925260901089,-48.4829210083939,-0.0380127637317759));
#8586=CARTESIAN_POINT('Ctrl Pts',(-4.65996472010493,-48.4829210083939,-0.199181244346312));
#8587=CARTESIAN_POINT('',(-3.99899952223428,-48.482921008394,-0.749080125405125));
#8588=CARTESIAN_POINT('Ctrl Pts',(-4.65996472010493,-48.4829210083939,-0.199181244346312));
#8589=CARTESIAN_POINT('Ctrl Pts',(-4.47567650058966,-48.4829210083939,-0.423271701126741));
#8590=CARTESIAN_POINT('Ctrl Pts',(-4.20819958928155,-48.4829210083939,-0.553651447944702));
#8591=CARTESIAN_POINT('Ctrl Pts',(-3.99899952223428,-48.4829210083939,-0.749080125405125));
#8592=CARTESIAN_POINT('',(-3.36815165807242,-48.482921008394,-1.16843183672332));
#8593=CARTESIAN_POINT('Ctrl Pts',(-3.99899952223428,-48.4829210083939,-0.749080125405125));
#8594=CARTESIAN_POINT('Ctrl Pts',(-3.93669256904956,-48.4829210083939,-0.807244215452747));
#8595=CARTESIAN_POINT('Ctrl Pts',(-3.44630228661111,-48.4829210083939,-1.23001101271364));
#8596=CARTESIAN_POINT('Ctrl Pts',(-3.36815165807242,-48.4829210083939,-1.16843183672332));
#8597=CARTESIAN_POINT('',(-4.37889291353447,-48.482921008394,-2.32866689268798));
#8598=CARTESIAN_POINT('Origin',(-1.59146851638314,-48.482921008394,-3.75820795165616));
#8599=CARTESIAN_POINT('Ctrl Pts',(-7.24211181508535,-48.482921008394,-2.30549675486677));
#8600=CARTESIAN_POINT('Ctrl Pts',(-6.91708076241442,-48.482921008394,-2.27942167473504));
#8601=CARTESIAN_POINT('Ctrl Pts',(-6.59204970974348,-48.482921008394,-2.2533465946033));
#8602=CARTESIAN_POINT('Ctrl Pts',(-6.26701865707255,-48.482921008394,-2.22727151447157));
#8603=CARTESIAN_POINT('Ctrl Pts',(-5.65310639176539,-48.482921008394,-2.17802141550349));
#8604=CARTESIAN_POINT('Ctrl Pts',(-5.03295588420957,-48.482921008394,-2.20926400410607));
#8605=CARTESIAN_POINT('Ctrl Pts',(-4.42705768780921,-48.482921008394,-2.31987414117299));
#8606=CARTESIAN_POINT('Ctrl Pts',(-4.41100276305097,-48.482921008394,-2.32280505834466));
#8607=CARTESIAN_POINT('Ctrl Pts',(-4.39494783829272,-48.482921008394,-2.32573597551632));
#8608=CARTESIAN_POINT('Ctrl Pts',(-4.37889291353448,-48.482921008394,-2.32866689268798));
#8609=CARTESIAN_POINT('',(-7.58684624466835,-48.4829210083896,-4.77069436291715));
#8610=CARTESIAN_POINT('',(-4.6035910302914,-48.4829210083941,-5.21612016747961));
#8611=CARTESIAN_POINT('Ctrl Pts',(-7.58684624466835,-48.4829210083941,-4.77069436291715));
#8612=CARTESIAN_POINT('Ctrl Pts',(-7.30911241144413,-48.4829210083941,-4.7912163777337));
#8613=CARTESIAN_POINT('Ctrl Pts',(-7.03137857821991,-48.4829210083941,-4.81173839255026));
#8614=CARTESIAN_POINT('Ctrl Pts',(-6.02634248501645,-48.4829210083941,-4.88600145714148));
#8615=CARTESIAN_POINT('Ctrl Pts',(-5.30458226545647,-48.4829210083941,-5.01486927246405));
#8616=CARTESIAN_POINT('Ctrl Pts',(-4.6035910302914,-48.4829210083941,-5.21612016747961));
#8617=CARTESIAN_POINT('',(-4.47164468326861,-48.4829210083941,-6.61692726055683));
#8618=CARTESIAN_POINT('Ctrl Pts',(-4.6035910302914,-48.482921008394,-5.21612016747961));
#8619=CARTESIAN_POINT('Ctrl Pts',(-4.55958955278255,-48.482921008394,-5.68305586517202));
#8620=CARTESIAN_POINT('Ctrl Pts',(-4.5156444523803,-48.482921008394,-6.14999156286442));
#8621=CARTESIAN_POINT('Ctrl Pts',(-4.47164468326861,-48.482921008394,-6.61692726055683));
#8622=CARTESIAN_POINT('',(-7.01398088340538,-48.4829210083896,-6.41696997087084));
#8623=CARTESIAN_POINT('Ctrl Pts',(-4.47164468326861,-48.4829210083941,-6.61692726055683));
#8624=CARTESIAN_POINT('Ctrl Pts',(-5.05401165254205,-48.4829210083941,-6.57113538281388));
#8625=CARTESIAN_POINT('Ctrl Pts',(-5.63643670731926,-48.4829210083941,-6.52528712796433));
#8626=CARTESIAN_POINT('Ctrl Pts',(-6.48386274553026,-48.4829210083941,-6.45865349043787));
#8627=CARTESIAN_POINT('Ctrl Pts',(-6.74892181446782,-48.4829210083941,-6.43781173065435));
#8628=CARTESIAN_POINT('Ctrl Pts',(-7.01398088340538,-48.4829210083941,-6.41696997087084));
#8629=CARTESIAN_POINT('Origin',(-3.74636304921211,-48.4829210083941,-4.55801587521836));
#8630=CARTESIAN_POINT('',(-7.29572185416284,-48.482921008394,-2.42896084047091));
#8631=CARTESIAN_POINT('',(-4.58942554566784,-48.482921008394,-3.0992906001638));
#8632=CARTESIAN_POINT('Ctrl Pts',(-7.29572185416284,-48.482921008394,-2.42896084047092));
#8633=CARTESIAN_POINT('Ctrl Pts',(-7.25034154014919,-48.482921008394,-2.43257739077637));
#8634=CARTESIAN_POINT('Ctrl Pts',(-7.20496122613555,-48.482921008394,-2.43619394108183));
#8635=CARTESIAN_POINT('Ctrl Pts',(-7.15958091212191,-48.482921008394,-2.43981049138728));
#8636=CARTESIAN_POINT('Ctrl Pts',(-6.86203530396324,-48.482921008394,-2.46352316688241));
#8637=CARTESIAN_POINT('Ctrl Pts',(-6.56448969580458,-48.482921008394,-2.48723584237754));
#8638=CARTESIAN_POINT('Ctrl Pts',(-6.26694408764591,-48.482921008394,-2.51094851787268));
#8639=CARTESIAN_POINT('Ctrl Pts',(-5.69107254388474,-48.482921008394,-2.55684217138212));
#8640=CARTESIAN_POINT('Ctrl Pts',(-5.12612986925869,-48.482921008394,-2.74941287920493));
#8641=CARTESIAN_POINT('Ctrl Pts',(-4.64216811778034,-48.482921008394,-3.06490770046072));
#8642=CARTESIAN_POINT('Ctrl Pts',(-4.62458726040951,-48.482921008394,-3.07636866702841));
#8643=CARTESIAN_POINT('Ctrl Pts',(-4.60700640303868,-48.482921008394,-3.0878296335961));
#8644=CARTESIAN_POINT('Ctrl Pts',(-4.58942554566784,-48.482921008394,-3.09929060016379));
#8645=CARTESIAN_POINT('',(-4.61977470362233,-48.4829210083941,-4.47909854287308));
#8646=CARTESIAN_POINT('Origin',(-0.51027788539923,-48.4829210083941,-3.85718112834519));
#8647=CARTESIAN_POINT('',(-7.61124269841124,-48.4829210083941,-4.5973169984967));
#8648=CARTESIAN_POINT('Ctrl Pts',(-7.61124269841124,-48.4829210083941,-4.59731699849671));
#8649=CARTESIAN_POINT('Ctrl Pts',(-7.34906193426043,-48.4829210083941,-4.57709590285014));
#8650=CARTESIAN_POINT('Ctrl Pts',(-7.08688117010962,-48.4829210083941,-4.55687480720357));
#8651=CARTESIAN_POINT('Ctrl Pts',(-6.8247004059588,-48.4829210083941,-4.53665371155701));
#8652=CARTESIAN_POINT('Ctrl Pts',(-6.09654983533331,-48.4829210083941,-4.48049397618736));
#8653=CARTESIAN_POINT('Ctrl Pts',(-5.36557065869386,-48.4829210083941,-4.46114613952609));
#8654=CARTESIAN_POINT('Ctrl Pts',(-4.63549536947557,-48.4829210083941,-4.47872012337058));
#8655=CARTESIAN_POINT('Ctrl Pts',(-4.6302551475245,-48.4829210083941,-4.47884626320475));
#8656=CARTESIAN_POINT('Ctrl Pts',(-4.62501492557343,-48.4829210083941,-4.47897240303891));
#8657=CARTESIAN_POINT('Ctrl Pts',(-4.61977470362234,-48.4829210083941,-4.47909854287308));
#8658=CARTESIAN_POINT('',(-7.62269100976731,-48.4829210083941,-4.49424890210359));
#8659=CARTESIAN_POINT('Origin',(-3.20790934328516,-48.4829210083941,-4.49757165996028));
#8660=CARTESIAN_POINT('Ctrl Pts',(-7.29572185416328,-48.482921008394,-2.42896084047197));
#8661=CARTESIAN_POINT('Ctrl Pts',(-7.56995631477456,-48.482921008394,-3.08690514643727));
#8662=CARTESIAN_POINT('Ctrl Pts',(-7.6910677022076,-48.482921008394,-3.81074847012658));
#8663=CARTESIAN_POINT('Ctrl Pts',(-7.62269100976731,-48.482921008394,-4.49424890210359));
#8664=CARTESIAN_POINT('',(-8.03607267714419,-48.4829210083939,-7.49892380427781));
#8665=CARTESIAN_POINT('',(-10.3658778694616,-48.4829210083896,-5.75675237959359));
#8666=CARTESIAN_POINT('Origin',(-4.15246301587558,-48.4829210083935,0.123535454995437));
#8667=CARTESIAN_POINT('',(-10.5062655501494,-48.4829210083941,-5.51724054425525));
#8668=CARTESIAN_POINT('Origin',(-10.3180601469503,-48.4829210083941,-5.60198235578687));
#8669=CARTESIAN_POINT('',(-10.779899524858,-48.4829210083941,-4.42970224022909));
#8670=CARTESIAN_POINT('Ctrl Pts',(-10.5062655501494,-48.4829210083941,-5.51724054425525));
#8671=CARTESIAN_POINT('Ctrl Pts',(-10.6806450660791,-48.4829210083941,-5.17749330746737));
#8672=CARTESIAN_POINT('Ctrl Pts',(-10.7458631280413,-48.4829210083941,-4.80662078264042));
#8673=CARTESIAN_POINT('Ctrl Pts',(-10.779899524858,-48.4829210083941,-4.42970224022909));
#8674=CARTESIAN_POINT('',(-10.344032738098,-48.482921008394,-2.0277351124348));
#8675=CARTESIAN_POINT('Ctrl Pts',(-10.779899524858,-48.4829210083941,-4.42970224022909));
#8676=CARTESIAN_POINT('Ctrl Pts',(-10.8534579818039,-48.4829210083941,-3.61434235652269));
#8677=CARTESIAN_POINT('Ctrl Pts',(-10.7437925506714,-48.4829210083941,-2.75212626363647));
#8678=CARTESIAN_POINT('Ctrl Pts',(-10.344032738098,-48.4829210083941,-2.0277351124348));
#8679=CARTESIAN_POINT('',(-9.23315106141188,-48.4829210083939,-0.565798413141831));
#8680=CARTESIAN_POINT('Ctrl Pts',(-10.344032738098,-48.482921008394,-2.0277351124348));
#8681=CARTESIAN_POINT('Ctrl Pts',(-10.0477266738197,-48.482921008394,-1.49076717884715));
#8682=CARTESIAN_POINT('Ctrl Pts',(-9.63873135289613,-48.482921008394,-1.02590383223338));
#8683=CARTESIAN_POINT('Ctrl Pts',(-9.23315109747259,-48.482921008394,-0.565798381354532));
#8684=CARTESIAN_POINT('',(-9.65267002938269,-48.4829210083939,-0.405077271266928));
#8685=CARTESIAN_POINT('',(-9.72181864888974,-48.4829210083939,-0.378585816247976));
#8686=CARTESIAN_POINT('',(-6.70080402052959,-48.4829210083939,1.70310192040508));
#8687=CARTESIAN_POINT('Origin',(-14.4383939962489,-48.4829210083939,9.40757376738225));
#8688=CARTESIAN_POINT('',(-6.6223749232522,-48.4829210083938,1.96917880023242));
#8689=CARTESIAN_POINT('Ctrl Pts',(-6.70080402052959,-48.4829210083939,1.70310192040508));
#8690=CARTESIAN_POINT('Ctrl Pts',(-6.62411065477685,-48.4829210083939,1.77397306860268));
#8691=CARTESIAN_POINT('Ctrl Pts',(-6.54612915755798,-48.4829210083939,1.89774729776308));
#8692=CARTESIAN_POINT('Ctrl Pts',(-6.6223749232522,-48.4829210083939,1.96917880023242));
#8693=CARTESIAN_POINT('',(-7.1919237885596,-48.4829210083938,2.07218319079934));
#8694=CARTESIAN_POINT('Ctrl Pts',(-6.6223749232522,-48.4829210083938,1.96917880023242));
#8695=CARTESIAN_POINT('Ctrl Pts',(-6.81220518318675,-48.4829210083938,2.00349537418491));
#8696=CARTESIAN_POINT('Ctrl Pts',(-7.00203715151845,-48.4829210083938,2.03786747104543));
#8697=CARTESIAN_POINT('Ctrl Pts',(-7.1919237885596,-48.4829210083938,2.07218319079934));
#8698=CARTESIAN_POINT('',(-5.17302514059833,-48.4829210083938,3.14065142525898));
#8699=CARTESIAN_POINT('Ctrl Pts',(-7.1919237885596,-48.4829210083938,2.07218319079934));
#8700=CARTESIAN_POINT('Ctrl Pts',(-6.60495985706874,-48.4829210083938,2.56623058890252));
#8701=CARTESIAN_POINT('Ctrl Pts',(-5.91084152566072,-48.4829210083938,2.93087407467866));
#8702=CARTESIAN_POINT('Ctrl Pts',(-5.17302514059833,-48.4829210083938,3.14065142525898));
#8703=CARTESIAN_POINT('',(-6.82426426019574,-48.4829210083939,-0.28719711578926));
#8704=CARTESIAN_POINT('Ctrl Pts',(-6.82426426064685,-48.4829210083939,-0.287197115469728));
#8705=CARTESIAN_POINT('Ctrl Pts',(-6.82424088346421,-48.4829210083939,-0.287164080226249));
#8706=CARTESIAN_POINT('Ctrl Pts',(-6.82421750628157,-48.4829210083939,-0.28713104498277));
#8707=CARTESIAN_POINT('Ctrl Pts',(-6.82419412909893,-48.4829210083939,-0.287098009739291));
#8708=CARTESIAN_POINT('Ctrl Pts',(-6.42796908316662,-48.4829210083939,0.27282364838935));
#8709=CARTESIAN_POINT('Ctrl Pts',(-6.14421293569273,-48.4829210083939,0.957855701027761));
#8710=CARTESIAN_POINT('Ctrl Pts',(-5.76251863794557,-48.4829210083939,1.81573373995529));
#8711=CARTESIAN_POINT('Ctrl Pts',(-5.56602080549649,-48.4829210083939,2.25737296838985));
#8712=CARTESIAN_POINT('Ctrl Pts',(-5.36952297304741,-48.4829210083939,2.69901219682442));
#8713=CARTESIAN_POINT('Ctrl Pts',(-5.17302514059833,-48.4829210083939,3.14065142525898));
#8714=CARTESIAN_POINT('',(-8.54183909328129,-48.482921008394,-3.04045663361386));
#8715=CARTESIAN_POINT('Ctrl Pts',(-6.82426425739575,-48.4829210083939,-0.287197112377924));
#8716=CARTESIAN_POINT('Ctrl Pts',(-6.830137991898,-48.4829210083939,-0.295497574226217));
#8717=CARTESIAN_POINT('Ctrl Pts',(-6.83408827906585,-48.4829210083939,-0.3010558139918));
#8718=CARTESIAN_POINT('Ctrl Pts',(-6.83905624694103,-48.4829210083939,-0.308028717886339));
#8719=CARTESIAN_POINT('Ctrl Pts',(-6.88141957194537,-48.4829210083939,-0.367488722727312));
#8720=CARTESIAN_POINT('Ctrl Pts',(-6.92625558378616,-48.4829210083939,-0.428723363338958));
#8721=CARTESIAN_POINT('Ctrl Pts',(-6.97327699551458,-48.4829210083939,-0.4917863955465));
#8722=CARTESIAN_POINT('Ctrl Pts',(-7.10744221749134,-48.4829210083939,-0.671722841596226));
#8723=CARTESIAN_POINT('Ctrl Pts',(-7.25960932746831,-48.4829210083939,-0.866202046074911));
#8724=CARTESIAN_POINT('Ctrl Pts',(-7.42079387149687,-48.4829210083939,-1.07939408806065));
#8725=CARTESIAN_POINT('Ctrl Pts',(-7.80549962425551,-48.4829210083939,-1.58822826622941));
#8726=CARTESIAN_POINT('Ctrl Pts',(-8.25822379672563,-48.4829210083939,-2.20868331407242));
#8727=CARTESIAN_POINT('Ctrl Pts',(-8.5417756585994,-48.4829210083939,-3.04027060646839));
#8728=CARTESIAN_POINT('Ctrl Pts',(-8.54179680236876,-48.4829210083939,-3.04033261590042));
#8729=CARTESIAN_POINT('Ctrl Pts',(-8.54181794613811,-48.4829210083939,-3.04039462533246));
#8730=CARTESIAN_POINT('Ctrl Pts',(-8.54183908990746,-48.4829210083939,-3.04045663476449));
#8731=CARTESIAN_POINT('Ctrl Pts',(-8.03607267714419,-48.4829210083941,-7.49892380427781));
#8732=CARTESIAN_POINT('Ctrl Pts',(-8.34685330046957,-48.4829210083941,-6.84569218335835));
#8733=CARTESIAN_POINT('Ctrl Pts',(-8.61685457529402,-48.4829210083941,-6.10360742623697));
#8734=CARTESIAN_POINT('Ctrl Pts',(-8.73078237821617,-48.4829210083941,-5.27655428395795));
#8735=CARTESIAN_POINT('Ctrl Pts',(-8.82701323515635,-48.4829210083941,-4.57797122894234));
#8736=CARTESIAN_POINT('Ctrl Pts',(-8.80273271144016,-48.4829210083941,-3.80559375841499));
#8737=CARTESIAN_POINT('Ctrl Pts',(-8.54183909641173,-48.4829210083941,-3.04045663254687));
#8738=CARTESIAN_POINT('',(-2.76003363005927,-48.4829210083896,-8.31716650431424));
#8739=CARTESIAN_POINT('',(-5.01829874375939,-48.4829210083896,-8.38731865330057));
#8740=CARTESIAN_POINT('Origin',(-4.15246301587558,-48.4829210083935,0.123535454995437));
#8741=CARTESIAN_POINT('',(-6.20005230925548,-48.4829210083941,-7.50119876090694));
#8742=CARTESIAN_POINT('Ctrl Pts',(-5.01829874375945,-48.4829210083941,-8.3873186533005));
#8743=CARTESIAN_POINT('Ctrl Pts',(-5.46765887272473,-48.4829210083941,-8.17979524188794));
#8744=CARTESIAN_POINT('Ctrl Pts',(-5.85142629665169,-48.4829210083941,-7.8525904543172));
#8745=CARTESIAN_POINT('Ctrl Pts',(-6.20005230925548,-48.4829210083941,-7.50119876090694));
#8746=CARTESIAN_POINT('',(-6.93569915614496,-48.4829210083941,-6.55241464870495));
#8747=CARTESIAN_POINT('Origin',(-3.71255035062789,-48.4829210083941,-4.49910899479136));
#8748=CARTESIAN_POINT('',(-4.25840186814288,-48.4829210083941,-7.20543874746817));
#8749=CARTESIAN_POINT('Ctrl Pts',(-6.93569915614496,-48.4829210083941,-6.55241464870493));
#8750=CARTESIAN_POINT('Ctrl Pts',(-6.70134655960421,-48.4829210083941,-6.57531376594095));
#8751=CARTESIAN_POINT('Ctrl Pts',(-6.46699396306346,-48.4829210083941,-6.59821288317697));
#8752=CARTESIAN_POINT('Ctrl Pts',(-6.2326413665227,-48.4829210083941,-6.621112000413));
#8753=CARTESIAN_POINT('Ctrl Pts',(-5.60315971471675,-48.4829210083941,-6.68262006285993));
#8754=CARTESIAN_POINT('Ctrl Pts',(-4.98430681938063,-48.4829210083941,-6.85599505907058));
#8755=CARTESIAN_POINT('Ctrl Pts',(-4.41440423845491,-48.4829210083941,-7.13034070110873));
#8756=CARTESIAN_POINT('Ctrl Pts',(-4.3624034483509,-48.4829210083941,-7.15537338322853));
#8757=CARTESIAN_POINT('Ctrl Pts',(-4.31040265824689,-48.4829210083941,-7.18040606534832));
#8758=CARTESIAN_POINT('Ctrl Pts',(-4.25840186814288,-48.4829210083941,-7.20543874746814));
#8759=CARTESIAN_POINT('',(-3.80875532053166,-48.4829210083941,-7.6945784254363));
#8760=CARTESIAN_POINT('Ctrl Pts',(-4.25840186814288,-48.4829210083941,-7.20543874746817));
#8761=CARTESIAN_POINT('Ctrl Pts',(-4.05399697841495,-48.4829210083941,-7.30383730291433));
#8762=CARTESIAN_POINT('Ctrl Pts',(-3.88963866546118,-48.4829210083941,-7.48263145288988));
#8763=CARTESIAN_POINT('Ctrl Pts',(-3.80875532053166,-48.4829210083941,-7.6945784254363));
#8764=CARTESIAN_POINT('',(-3.75419645816555,-48.4829210083941,-7.8154191271816));
#8765=CARTESIAN_POINT('Ctrl Pts',(-3.80875532053174,-48.4829210083941,-7.69457842543608));
#8766=CARTESIAN_POINT('Ctrl Pts',(-3.79292746481439,-48.4829210083941,-7.73605378855464));
#8767=CARTESIAN_POINT('Ctrl Pts',(-3.77534002324949,-48.4829210083941,-7.77665780272783));
#8768=CARTESIAN_POINT('Ctrl Pts',(-3.75419645816556,-48.4829210083941,-7.8154191271816));
#8769=CARTESIAN_POINT('Ctrl Pts',(-3.75419645816555,-48.4829210083941,-7.8154191271816));
#8770=CARTESIAN_POINT('Ctrl Pts',(-3.56794573597782,-48.4829210083941,-8.15687829722127));
#8771=CARTESIAN_POINT('Ctrl Pts',(-3.15894209468245,-48.4829210083941,-8.28284030281499));
#8772=CARTESIAN_POINT('Ctrl Pts',(-2.7600336300593,-48.4829210083941,-8.31716650431424));
#8773=CARTESIAN_POINT('',(4.20307885157585,-48.4829210083896,-1.71201058410163));
#8774=CARTESIAN_POINT('',(-1.14020685411001,-48.4829210083896,-7.88337543349861));
#8775=CARTESIAN_POINT('Origin',(-4.15246301587558,-48.4829210083935,0.123535454995437));
#8776=CARTESIAN_POINT('',(-2.61940901361048,-48.4829210083941,-6.92969036404559));
#8777=CARTESIAN_POINT('Ctrl Pts',(-1.14020685411003,-48.4829210083941,-7.88337543349861));
#8778=CARTESIAN_POINT('Ctrl Pts',(-1.71379489098834,-48.4829210083941,-7.75092202143567));
#8779=CARTESIAN_POINT('Ctrl Pts',(-2.24485535980313,-48.4829210083941,-7.39289812840341));
#8780=CARTESIAN_POINT('Ctrl Pts',(-2.61940901361048,-48.4829210083941,-6.92969036404559));
#8781=CARTESIAN_POINT('',(-3.54129941964254,-48.4829210083941,-4.55940887856209));
#8782=CARTESIAN_POINT('Ctrl Pts',(-2.61940901361048,-48.4829210083941,-6.92969036404559));
#8783=CARTESIAN_POINT('Ctrl Pts',(-3.15889521391854,-48.4829210083941,-6.26251172566788));
#8784=CARTESIAN_POINT('Ctrl Pts',(-3.41556651312681,-48.4829210083941,-5.40813375899733));
#8785=CARTESIAN_POINT('Ctrl Pts',(-3.54129941964254,-48.4829210083941,-4.55940887856209));
#8786=CARTESIAN_POINT('',(-2.73685619385204,-48.482921008394,-1.5774255360002));
#8787=CARTESIAN_POINT('Ctrl Pts',(-3.54129941964254,-48.4829210083941,-4.55940887856209));
#8788=CARTESIAN_POINT('Ctrl Pts',(-3.69978059150877,-48.4829210083941,-3.48995225018252));
#8789=CARTESIAN_POINT('Ctrl Pts',(-3.59453649225207,-48.4829210083941,-2.23570342512254));
#8790=CARTESIAN_POINT('Ctrl Pts',(-2.73685619385204,-48.4829210083941,-1.5774255360002));
#8791=CARTESIAN_POINT('',(-1.90873287488905,-48.482921008394,-2.21224713197933));
#8792=CARTESIAN_POINT('Ctrl Pts',(-2.73685619385204,-48.482921008394,-1.5774255360002));
#8793=CARTESIAN_POINT('Ctrl Pts',(-2.75449026944011,-48.482921008394,-1.59097312555779));
#8794=CARTESIAN_POINT('Ctrl Pts',(-1.9821239089123,-48.482921008394,-2.16600765417786));
#8795=CARTESIAN_POINT('Ctrl Pts',(-1.90873287488905,-48.482921008394,-2.21224713197933));
#8796=CARTESIAN_POINT('',(-0.995015440917958,-48.482921008394,-2.71915248985955));
#8797=CARTESIAN_POINT('Ctrl Pts',(-1.90873287488905,-48.482921008394,-2.21224713197933));
#8798=CARTESIAN_POINT('Ctrl Pts',(-1.61153156122124,-48.482921008394,-2.39944646027218));
#8799=CARTESIAN_POINT('Ctrl Pts',(-1.29635961772287,-48.482921008394,-2.54997846010669));
#8800=CARTESIAN_POINT('Ctrl Pts',(-0.995015440917958,-48.482921008394,-2.71915248985955));
#8801=CARTESIAN_POINT('',(-0.0859995159585342,-48.4829210083941,-4.37489515062039));
#8802=CARTESIAN_POINT('Ctrl Pts',(-0.995015440917958,-48.482921008394,-2.71915248985955));
#8803=CARTESIAN_POINT('Ctrl Pts',(-0.444221359742105,-48.482921008394,-3.02833479288012));
#8804=CARTESIAN_POINT('Ctrl Pts',(-0.107439900441227,-48.482921008394,-3.76823135679613));
#8805=CARTESIAN_POINT('Ctrl Pts',(-0.0859995159585342,-48.482921008394,
-4.37489515062039));
#8806=CARTESIAN_POINT('',(-0.391869871184701,-48.4829210083941,-5.26727774659199));
#8807=CARTESIAN_POINT('Ctrl Pts',(-0.0859995159585342,-48.4829210083941,
-4.37489515062039));
#8808=CARTESIAN_POINT('Ctrl Pts',(-0.0745243382134947,-48.4829210083941,
-4.6993555023951));
#8809=CARTESIAN_POINT('Ctrl Pts',(-0.151887278460949,-48.4829210083941,
-5.04855973519368));
#8810=CARTESIAN_POINT('Ctrl Pts',(-0.391869870757557,-48.4829210083941,
-5.26727774705515));
#8811=CARTESIAN_POINT('',(0.00704150231331968,-48.4829210083941,-5.24270966103248));
#8812=CARTESIAN_POINT('Ctrl Pts',(-0.391869871184701,-48.4829210083941,
-5.26727774659199));
#8813=CARTESIAN_POINT('Ctrl Pts',(-0.348011187751765,-48.4829210083941,
-5.22731824196312));
#8814=CARTESIAN_POINT('Ctrl Pts',(-0.0632103993970856,-48.4829210083941,
-5.25183366178715));
#8815=CARTESIAN_POINT('Ctrl Pts',(0.00704150231331968,-48.4829210083941,
-5.24270966103248));
#8816=CARTESIAN_POINT('',(0.437533671576664,-48.4829210083941,-5.15364408297507));
#8817=CARTESIAN_POINT('Ctrl Pts',(0.00704150231331982,-48.482921008394,
-5.24270966103248));
#8818=CARTESIAN_POINT('Ctrl Pts',(0.152479061787091,-48.482921008394,-5.22373278526884));
#8819=CARTESIAN_POINT('Ctrl Pts',(0.296517443978687,-48.482921008394,-5.19389392029875));
#8820=CARTESIAN_POINT('Ctrl Pts',(0.437533671576664,-48.482921008394,-5.15364408297506));
#8821=CARTESIAN_POINT('',(1.14350659288927,-48.4829210083941,-4.90811324171195));
#8822=CARTESIAN_POINT('Ctrl Pts',(0.437533671576664,-48.4829210083941,-5.15364408297507));
#8823=CARTESIAN_POINT('Ctrl Pts',(0.661009105375916,-48.4829210083941,-5.08988157540157));
#8824=CARTESIAN_POINT('Ctrl Pts',(0.937217634619564,-48.4829210083941,-5.01178903236665));
#8825=CARTESIAN_POINT('Ctrl Pts',(1.14350659288927,-48.4829210083941,-4.90811324171195));
#8826=CARTESIAN_POINT('',(1.45795075919324,-48.4829210083941,-3.67194609229857));
#8827=CARTESIAN_POINT('Ctrl Pts',(1.14350659288927,-48.4829210083941,-4.90811324171195));
#8828=CARTESIAN_POINT('Ctrl Pts',(1.55933217244871,-48.4829210083941,-4.69913697469394));
#8829=CARTESIAN_POINT('Ctrl Pts',(1.65757867689737,-48.4829210083941,-4.05239076646866));
#8830=CARTESIAN_POINT('Ctrl Pts',(1.45795075919324,-48.4829210083941,-3.67194609229857));
#8831=CARTESIAN_POINT('',(0.387262376454144,-48.4829210083941,-3.23294439673178));
#8832=CARTESIAN_POINT('Ctrl Pts',(1.45795075919324,-48.4829210083941,-3.67194609229857));
#8833=CARTESIAN_POINT('Ctrl Pts',(1.26274588176208,-48.4829210083941,-3.29995456732532));
#8834=CARTESIAN_POINT('Ctrl Pts',(0.784558680308478,-48.4829210083941,-3.09635120940676));
#8835=CARTESIAN_POINT('Ctrl Pts',(0.387262376454144,-48.4829210083941,-3.23294439673178));
#8836=CARTESIAN_POINT('',(0.0326786869555912,-48.482921008394,-1.79563952005405));
#8837=CARTESIAN_POINT('Ctrl Pts',(0.387262376454144,-48.4829210083941,-3.23294439673178));
#8838=CARTESIAN_POINT('Ctrl Pts',(0.541433262260623,-48.4829210083941,-2.74826357763525));
#8839=CARTESIAN_POINT('Ctrl Pts',(0.282913477314488,-48.4829210083941,-2.23839073387086));
#8840=CARTESIAN_POINT('Ctrl Pts',(0.0326794186425355,-48.4829210083941,
-1.79563910651605));
#8841=CARTESIAN_POINT('',(-0.492980723369226,-48.482921008394,-0.86557402002585));
#8842=CARTESIAN_POINT('',(-4.19790916137742,-48.4829210083938,5.68968283077314));
#8843=CARTESIAN_POINT('',(0.653449447898954,-48.482921008394,-1.74105752533379));
#8844=CARTESIAN_POINT('Ctrl Pts',(-0.492980723369226,-48.482921008394,-0.86557402002585));
#8845=CARTESIAN_POINT('Ctrl Pts',(-0.0782194752466503,-48.482921008394,
-1.11368112422123));
#8846=CARTESIAN_POINT('Ctrl Pts',(0.345051299179379,-48.482921008394,-1.36895324614732));
#8847=CARTESIAN_POINT('Ctrl Pts',(0.653449447898954,-48.482921008394,-1.74105752533378));
#8848=CARTESIAN_POINT('',(0.983287981101214,-48.4829210083941,-3.08879496872414));
#8849=CARTESIAN_POINT('Ctrl Pts',(0.653449447898954,-48.482921008394,-1.74105752533378));
#8850=CARTESIAN_POINT('Ctrl Pts',(0.961847596618521,-48.482921008394,-2.11316180452025));
#8851=CARTESIAN_POINT('Ctrl Pts',(1.13863424416061,-48.482921008394,-2.631151243239));
#8852=CARTESIAN_POINT('Ctrl Pts',(0.983287981101214,-48.482921008394,-3.08879496872414));
#8853=CARTESIAN_POINT('',(1.85121353732935,-48.4829210083941,-3.18810409621248));
#8854=CARTESIAN_POINT('Ctrl Pts',(0.983287981101214,-48.482921008394,-3.08879496872413));
#8855=CARTESIAN_POINT('Ctrl Pts',(1.27623538581589,-48.482921008394,-3.03376578748335));
#8856=CARTESIAN_POINT('Ctrl Pts',(1.5976207698213,-48.482921008394,-3.03147141008412));
#8857=CARTESIAN_POINT('Ctrl Pts',(1.85121353732934,-48.482921008394,-3.18810409621248));
#8858=CARTESIAN_POINT('',(2.09271426966859,-48.4829210083941,-3.95582361643806));
#8859=CARTESIAN_POINT('Ctrl Pts',(1.85121353732935,-48.4829210083941,-3.18810409621248));
#8860=CARTESIAN_POINT('Ctrl Pts',(2.10480630483739,-48.4829210083941,-3.34473849073801));
#8861=CARTESIAN_POINT('Ctrl Pts',(2.24912486416486,-48.4829210083941,-3.70206342600736));
#8862=CARTESIAN_POINT('Ctrl Pts',(2.09271426966859,-48.4829210083941,-3.95582361643806));
#8863=CARTESIAN_POINT('',(2.93800256684149,-48.482921008394,-1.95322151326899));
#8864=CARTESIAN_POINT('Ctrl Pts',(2.09271426966859,-48.4829210083941,-3.95582361643806));
#8865=CARTESIAN_POINT('Ctrl Pts',(2.81877194901281,-48.4829210083941,-3.62795929658528));
#8866=CARTESIAN_POINT('Ctrl Pts',(3.1967921829938,-48.4829210083941,-2.69974049719275));
#8867=CARTESIAN_POINT('Ctrl Pts',(2.93800256684204,-48.4829210083941,-1.95322151327056));
#8868=CARTESIAN_POINT('',(2.88260365996842,-48.482921008394,-1.81696673678552));
#8869=CARTESIAN_POINT('Origin',(4.11910804012181,-48.482921008394,-1.35139738849858));
#8870=CARTESIAN_POINT('Ctrl Pts',(2.88260365996842,-48.482921008394,-1.81696673678553));
#8871=CARTESIAN_POINT('Ctrl Pts',(2.90355189486009,-48.482921008394,-1.86156644859315));
#8872=CARTESIAN_POINT('Ctrl Pts',(2.92199541808905,-48.482921008394,-1.90704639774537));
#8873=CARTESIAN_POINT('Ctrl Pts',(2.9380025668415,-48.482921008394,-1.95322151326899));
#8874=CARTESIAN_POINT('',(3.81300359230394,-48.482921008394,-2.1167443133856));
#8875=CARTESIAN_POINT('Ctrl Pts',(2.93800256684152,-48.482921008394,-1.95322151326903));
#8876=CARTESIAN_POINT('Ctrl Pts',(3.10098681877949,-48.482921008394,-2.21427973945905));
#8877=CARTESIAN_POINT('Ctrl Pts',(3.52885317939761,-48.482921008394,-2.28128768054972));
#8878=CARTESIAN_POINT('Ctrl Pts',(3.81300359230394,-48.482921008394,-2.1167443133856));
#8879=CARTESIAN_POINT('Ctrl Pts',(3.81300359230394,-48.482921008394,-2.1167443133856));
#8880=CARTESIAN_POINT('Ctrl Pts',(3.97905033550889,-48.482921008394,-2.02057453097262));
#8881=CARTESIAN_POINT('Ctrl Pts',(4.10411780988156,-48.482921008394,-1.87694419842917));
#8882=CARTESIAN_POINT('Ctrl Pts',(4.20307885157585,-48.482921008394,-1.71201058410163));
#8883=CARTESIAN_POINT('',(-5.57562931708992,-48.4829210083895,8.55910934415473));
#8884=CARTESIAN_POINT('',(-3.99403758265121,-48.4829210083895,8.67685121804817));
#8885=CARTESIAN_POINT('Origin',(-4.15246301587558,-48.4829210083935,0.123535454995437));
#8886=CARTESIAN_POINT('',(-2.47212638519318,-48.4829210083938,5.78779498806075));
#8887=CARTESIAN_POINT('Ctrl Pts',(-3.99403758265121,-48.4829210083937,8.67685121804817));
#8888=CARTESIAN_POINT('Ctrl Pts',(-3.84019609943333,-48.4829210083937,8.34824377064455));
#8889=CARTESIAN_POINT('Ctrl Pts',(-3.68635461621545,-48.4829210083937,8.01963632324086));
#8890=CARTESIAN_POINT('Ctrl Pts',(-3.22422773849121,-48.4829210083937,7.0325271866856));
#8891=CARTESIAN_POINT('Ctrl Pts',(-2.73960158810412,-48.4829210083937,6.46387437569382));
#8892=CARTESIAN_POINT('Ctrl Pts',(-2.47212638519318,-48.4829210083937,5.78779498806075));
#8893=CARTESIAN_POINT('',(-2.24288511094539,-48.4829210083938,4.55952148777106));
#8894=CARTESIAN_POINT('Ctrl Pts',(-2.47212638519318,-48.4829210083938,5.78779498806075));
#8895=CARTESIAN_POINT('Ctrl Pts',(-2.35770135954525,-48.4829210083938,5.49854199222605));
#8896=CARTESIAN_POINT('Ctrl Pts',(-2.12325459912067,-48.4829210083938,4.86982279093793));
#8897=CARTESIAN_POINT('Ctrl Pts',(-2.24288511094539,-48.4829210083938,4.55952148777106));
#8898=CARTESIAN_POINT('',(-2.68076609796872,-48.4829210083938,4.69225198909484));
#8899=CARTESIAN_POINT('Ctrl Pts',(-2.24288511094539,-48.4829210083938,4.55952148777106));
#8900=CARTESIAN_POINT('Ctrl Pts',(-2.33150308894429,-48.4829210083938,4.32960881343549));
#8901=CARTESIAN_POINT('Ctrl Pts',(-2.57468317570158,-48.4829210083938,4.57099764576009));
#8902=CARTESIAN_POINT('Ctrl Pts',(-2.68076609796872,-48.4829210083938,4.69225198909484));
#8903=CARTESIAN_POINT('',(-3.38416446474622,-48.4829210083938,5.83252424276399));
#8904=CARTESIAN_POINT('Ctrl Pts',(-2.68076609796872,-48.4829210083938,4.69225198909484));
#8905=CARTESIAN_POINT('Ctrl Pts',(-2.97875156593753,-48.4829210083938,5.03278338018373));
#8906=CARTESIAN_POINT('Ctrl Pts',(-3.10627658108453,-48.4829210083938,5.48348417957024));
#8907=CARTESIAN_POINT('Ctrl Pts',(-3.38416446474622,-48.4829210083938,5.83252424276399));
#8908=CARTESIAN_POINT('',(-3.91945313320775,-48.4829210083938,6.41819525216408));
#8909=CARTESIAN_POINT('Ctrl Pts',(-3.38416446474622,-48.4829210083938,5.83252424276399));
#8910=CARTESIAN_POINT('Ctrl Pts',(-3.54611709966176,-48.4829210083938,6.03595846936273));
#8911=CARTESIAN_POINT('Ctrl Pts',(-3.75184570365972,-48.4829210083938,6.21145783963728));
#8912=CARTESIAN_POINT('Ctrl Pts',(-3.91945313320775,-48.4829210083938,6.41819525216408));
#8913=CARTESIAN_POINT('',(-5.0722094991962,-48.4829210083937,7.92850035345115));
#8914=CARTESIAN_POINT('Ctrl Pts',(-3.91945313320775,-48.4829210083938,6.41819525216408));
#8915=CARTESIAN_POINT('Ctrl Pts',(-4.31837241437352,-48.4829210083938,6.91032212032578));
#8916=CARTESIAN_POINT('Ctrl Pts',(-4.68314254450945,-48.4829210083938,7.42876001330166));
#8917=CARTESIAN_POINT('Ctrl Pts',(-5.0722094991962,-48.4829210083938,7.92850035345115));
#8918=CARTESIAN_POINT('Ctrl Pts',(-5.0722094991962,-48.4829210083937,7.92850035345115));
#8919=CARTESIAN_POINT('Ctrl Pts',(-5.23745627006173,-48.4829210083937,8.1407197685098));
#8920=CARTESIAN_POINT('Ctrl Pts',(-5.4027726242126,-48.4829210083937,8.35307942065119));
#8921=CARTESIAN_POINT('Ctrl Pts',(-5.57562931708993,-48.4829210083937,8.5591093441548));
#8922=CARTESIAN_POINT('',(-8.23097513924449,-48.4829210083895,7.64351205202761));
#8923=CARTESIAN_POINT('',(-6.08338645117817,-48.4829210083895,8.45755272443864));
#8924=CARTESIAN_POINT('Origin',(-4.15246301587558,-48.4829210083935,0.123535454995437));
#8925=CARTESIAN_POINT('',(-5.16916787217871,-48.4829210083938,6.67072454243384));
#8926=CARTESIAN_POINT('Origin',(-117.559168477579,-48.4829210082945,-49.7055697093808));
#8927=CARTESIAN_POINT('',(-4.88937683406971,-48.4829210083938,5.07930388931966));
#8928=CARTESIAN_POINT('Ctrl Pts',(-5.16916787217871,-48.4829210083938,6.67072454243384));
#8929=CARTESIAN_POINT('Ctrl Pts',(-4.92845129414047,-48.4829210083938,6.19085713236361));
#8930=CARTESIAN_POINT('Ctrl Pts',(-4.66920373199994,-48.4829210083938,5.62354882994457));
#8931=CARTESIAN_POINT('Ctrl Pts',(-4.88937683406971,-48.4829210083938,5.07930388931966));
#8932=CARTESIAN_POINT('',(-5.05424057776282,-48.4829210083938,4.88762599784583));
#8933=CARTESIAN_POINT('Ctrl Pts',(-4.88937683406971,-48.4829210083938,5.07930388931966));
#8934=CARTESIAN_POINT('Ctrl Pts',(-4.92201405360415,-48.4829210083938,4.99863593755106));
#8935=CARTESIAN_POINT('Ctrl Pts',(-4.9719487944842,-48.4829210083938,4.9157838000007));
#8936=CARTESIAN_POINT('Ctrl Pts',(-5.05424057776282,-48.4829210083938,4.88762599784583));
#8937=CARTESIAN_POINT('',(-5.25773118146816,-48.4829210083938,4.90733150500245));
#8938=CARTESIAN_POINT('Ctrl Pts',(-5.05424057776282,-48.4829210083938,4.88762599784583));
#8939=CARTESIAN_POINT('Ctrl Pts',(-5.12007366270628,-48.4829210083938,4.86506575901825));
#8940=CARTESIAN_POINT('Ctrl Pts',(-5.19268054242853,-48.4829210083938,4.88264345749972));
#8941=CARTESIAN_POINT('Ctrl Pts',(-5.25773118146816,-48.4829210083938,4.90733150500245));
#8942=CARTESIAN_POINT('',(-6.2195929560852,-48.4829210083938,5.91302562580852));
#8943=CARTESIAN_POINT('Ctrl Pts',(-5.25773118146816,-48.4829210083938,4.90733150500245));
#8944=CARTESIAN_POINT('Ctrl Pts',(-5.69885983151153,-48.4829210083938,5.07482618033726));
#8945=CARTESIAN_POINT('Ctrl Pts',(-5.94987804448448,-48.4829210083938,5.52586267976766));
#8946=CARTESIAN_POINT('Ctrl Pts',(-6.2195929560852,-48.4829210083938,5.91302562580852));
#8947=CARTESIAN_POINT('Ctrl Pts',(-6.2195929560852,-48.4829210083938,5.91302562580853));
#8948=CARTESIAN_POINT('Ctrl Pts',(-6.73060268557758,-48.4829210083938,6.64639888372611));
#8949=CARTESIAN_POINT('Ctrl Pts',(-7.43028949850327,-48.4829210083938,7.24661344570208));
#8950=CARTESIAN_POINT('Ctrl Pts',(-8.2309751392445,-48.4829210083938,7.64351205202761));
#8951=CARTESIAN_POINT('',(-8.35980151699384,-48.4829210083895,7.572200563415));
#8952=CARTESIAN_POINT('',(-6.54366564883893,-48.4829210083938,5.01470255873572));
#8953=CARTESIAN_POINT('Ctrl Pts',(-8.35980151699222,-48.4829210083937,7.57220056341323));
#8954=CARTESIAN_POINT('Ctrl Pts',(-7.65069831590795,-48.4829210083937,6.80465796093543));
#8955=CARTESIAN_POINT('Ctrl Pts',(-7.0940185697537,-48.4829210083937,5.90564039169268));
#8956=CARTESIAN_POINT('Ctrl Pts',(-6.54366564883893,-48.4829210083937,5.01470255873572));
#8957=CARTESIAN_POINT('',(-6.26533016511871,-48.4829210083938,4.43300613535148));
#8958=CARTESIAN_POINT('Ctrl Pts',(-6.54366564883893,-48.4829210083938,5.01470255873572));
#8959=CARTESIAN_POINT('Ctrl Pts',(-6.43019220041466,-48.4829210083938,4.8309738392936));
#8960=CARTESIAN_POINT('Ctrl Pts',(-6.31498472886289,-48.4829210083938,4.643158633821));
#8961=CARTESIAN_POINT('Ctrl Pts',(-6.26533016511871,-48.4829210083938,4.43300613535148));
#8962=CARTESIAN_POINT('',(-7.00377288304311,-48.4829210083938,3.30527351690967));
#8963=CARTESIAN_POINT('Ctrl Pts',(-6.26533016511871,-48.4829210083938,4.43300613535148));
#8964=CARTESIAN_POINT('Ctrl Pts',(-6.12593862322935,-48.4829210083938,3.84246533981849));
#8965=CARTESIAN_POINT('Ctrl Pts',(-6.48606191306305,-48.4829210083938,3.4430984585942));
#8966=CARTESIAN_POINT('Ctrl Pts',(-7.00377288304311,-48.4829210083938,3.30527351690967));
#8967=CARTESIAN_POINT('',(-9.11844569235804,-48.4829210083938,2.76393968506232));
#8968=CARTESIAN_POINT('Ctrl Pts',(-7.00377288304311,-48.4829210083938,3.30527351690967));
#8969=CARTESIAN_POINT('Ctrl Pts',(-7.7112013587445,-48.4829210083938,3.11689795716532));
#8970=CARTESIAN_POINT('Ctrl Pts',(-8.39427834118563,-48.4829210083938,2.89269560037026));
#8971=CARTESIAN_POINT('Ctrl Pts',(-9.11844569235804,-48.4829210083938,2.76393968506232));
#8972=CARTESIAN_POINT('',(-7.75139481896156,-48.4829210083938,2.2992436960597));
#8973=CARTESIAN_POINT('Ctrl Pts',(-9.11844569235803,-48.4829210083938,2.76393968506232));
#8974=CARTESIAN_POINT('Ctrl Pts',(-8.74365410442327,-48.4829210083938,2.44361777829519));
#8975=CARTESIAN_POINT('Ctrl Pts',(-8.24380271845771,-48.4829210083938,2.27371597134794));
#8976=CARTESIAN_POINT('Ctrl Pts',(-7.75139481896156,-48.4829210083938,2.2992436960597));
#8977=CARTESIAN_POINT('',(-12.0214951062788,-48.4829210083939,-0.506791821970545));
#8978=CARTESIAN_POINT('Ctrl Pts',(-7.75139481896156,-48.4829210083938,2.2992436960597));
#8979=CARTESIAN_POINT('Ctrl Pts',(-8.89603288159849,-48.4829210083938,0.981625294775312));
#8980=CARTESIAN_POINT('Ctrl Pts',(-10.3537159332572,-48.4829210083938,0.00778423920268447));
#8981=CARTESIAN_POINT('Ctrl Pts',(-12.0214951062788,-48.4829210083938,-0.506791821970545));
#8982=CARTESIAN_POINT('',(-10.5493684107469,-48.4829210083939,-0.948368072072429));
#8983=CARTESIAN_POINT('Ctrl Pts',(-12.0214951062788,-48.4829210083939,-0.506791821970545));
#8984=CARTESIAN_POINT('Ctrl Pts',(-11.8796024709327,-48.4829210083939,-0.719630774989779));
#8985=CARTESIAN_POINT('Ctrl Pts',(-11.388893572422,-48.4829210083939,-0.866822858357072));
#8986=CARTESIAN_POINT('Ctrl Pts',(-10.5493684107469,-48.4829210083939,-0.948368072072429));
#8987=CARTESIAN_POINT('',(-11.9150747755706,-48.482921008394,-2.81252664557954));
#8988=CARTESIAN_POINT('Ctrl Pts',(-10.5493684107469,-48.4829210083939,-0.948368072072429));
#8989=CARTESIAN_POINT('Ctrl Pts',(-10.632144809356,-48.4829210083939,-1.19542963719981));
#8990=CARTESIAN_POINT('Ctrl Pts',(-11.0873802642973,-48.4829210083939,-1.81681582836885));
#8991=CARTESIAN_POINT('Ctrl Pts',(-11.9150747755706,-48.4829210083939,-2.81252664557954));
#8992=CARTESIAN_POINT('',(-12.0985128046825,-48.4829210083896,-3.04578654098116));
#8993=CARTESIAN_POINT('Ctrl Pts',(-11.9150747755706,-48.482921008394,-2.81252664557954));
#8994=CARTESIAN_POINT('Ctrl Pts',(-11.9690691843861,-48.482921008394,-2.90679618224769));
#8995=CARTESIAN_POINT('Ctrl Pts',(-12.0294114225915,-48.482921008394,-2.98232528261929));
#8996=CARTESIAN_POINT('Ctrl Pts',(-12.0985128046824,-48.482921008394,-3.04578654098115));
#8997=CARTESIAN_POINT('',(-12.7072458395584,-48.4829210083941,0.123535454995355));
#8998=CARTESIAN_POINT('Origin',(-4.15246301587558,-48.4829210083935,0.123535454995437));
#8999=CARTESIAN_POINT('Origin',(-4.15246301587558,-48.4829210083935,0.123535454995437));
#9000=CARTESIAN_POINT('',(-0.494936498162107,-48.4829210083938,3.8220120618808));
#9001=CARTESIAN_POINT('',(0.159414110641597,-48.4829210083938,3.34357409369237));
#9002=CARTESIAN_POINT('Ctrl Pts',(0.159414110641597,-48.4829210083938,3.34357409369237));
#9003=CARTESIAN_POINT('Ctrl Pts',(0.0591397251738429,-48.4829210083938,
3.43448372076677));
#9004=CARTESIAN_POINT('Ctrl Pts',(-0.0459286876235493,-48.4829210083938,
3.52010230844501));
#9005=CARTESIAN_POINT('Ctrl Pts',(-0.26444764970075,-48.4829210083938,3.67987562693858));
#9006=CARTESIAN_POINT('Ctrl Pts',(-0.377898087718986,-48.4829210083938,
3.75403027640341));
#9007=CARTESIAN_POINT('Ctrl Pts',(-0.494936498162101,-48.4829210083938,
3.8220120618808));
#9008=CARTESIAN_POINT('',(-0.984812834379323,-48.4829210083938,4.30943569943397));
#9009=CARTESIAN_POINT('',(-0.984812834379329,-48.4829210083938,4.30943569943398));
#9010=CARTESIAN_POINT('',(-1.05718306074401,-48.4829210083938,4.45729752319856));
#9011=CARTESIAN_POINT('Origin',(-0.862885661709235,-48.4829210083938,4.46075387482255));
#9012=CARTESIAN_POINT('',(-1.1061499355146,-48.4829210083938,4.78250330983077));
#9013=CARTESIAN_POINT('Ctrl Pts',(-1.05718306074401,-48.4829210083938,4.45729752319856));
#9014=CARTESIAN_POINT('Ctrl Pts',(-1.07036317232901,-48.4829210083938,4.56441500260517));
#9015=CARTESIAN_POINT('Ctrl Pts',(-1.0859607612662,-48.4829210083938,4.67293287254699));
#9016=CARTESIAN_POINT('Ctrl Pts',(-1.10614972781713,-48.4829210083938,4.78250218264308));
#9017=CARTESIAN_POINT('',(-3.26325579024451,-48.4829210083937,8.63197947668729));
#9018=CARTESIAN_POINT('Ctrl Pts',(-1.1061501432754,-48.4829210083938,4.78250443736212));
#9019=CARTESIAN_POINT('Ctrl Pts',(-1.34599482096555,-48.4829210083938,6.08412766874596));
#9020=CARTESIAN_POINT('Ctrl Pts',(-2.1481129667351,-48.4829210083938,7.15278857867893));
#9021=CARTESIAN_POINT('Ctrl Pts',(-2.89366867526231,-48.4829210083938,8.14173743326691));
#9022=CARTESIAN_POINT('Ctrl Pts',(-3.01686438025637,-48.4829210083938,8.30515144774037));
#9023=CARTESIAN_POINT('Ctrl Pts',(-3.14006008525043,-48.4829210083938,8.46856546221384));
#9024=CARTESIAN_POINT('Ctrl Pts',(-3.26325579024449,-48.4829210083938,8.6319794766873));
#9025=CARTESIAN_POINT('',(4.40200164293025,-48.4829210083896,0.197315951204362));
#9026=CARTESIAN_POINT('Origin',(-4.15246301587558,-48.4829210083935,0.123535454995437));
#9027=CARTESIAN_POINT('',(3.381670891633,-48.482921008394,-0.17516288853419));
#9028=CARTESIAN_POINT('Ctrl Pts',(4.40200164293025,-48.4829210083939,0.197315951204362));
#9029=CARTESIAN_POINT('Ctrl Pts',(4.1195552767746,-48.4829210083939,-0.0410303567344941));
#9030=CARTESIAN_POINT('Ctrl Pts',(3.75177260880788,-48.4829210083939,-0.179556690656478));
#9031=CARTESIAN_POINT('Ctrl Pts',(3.381670891633,-48.4829210083939,-0.17516288853419));
#9032=CARTESIAN_POINT('',(2.10721343644983,-48.4829210083939,0.525100569436488));
#9033=CARTESIAN_POINT('Ctrl Pts',(3.381670891633,-48.4829210083939,-0.17516288853419));
#9034=CARTESIAN_POINT('Ctrl Pts',(2.87700353404537,-48.4829210083939,-0.169229625163006));
#9035=CARTESIAN_POINT('Ctrl Pts',(2.38286161142175,-48.4829210083939,0.102277395068983));
#9036=CARTESIAN_POINT('Ctrl Pts',(2.10721343644983,-48.4829210083939,0.525100569436488));
#9037=CARTESIAN_POINT('',(1.71725128164603,-48.4829210083939,1.4279577225983));
#9038=CARTESIAN_POINT('Ctrl Pts',(2.10721343644983,-48.4829210083939,0.525100569436488));
#9039=CARTESIAN_POINT('Ctrl Pts',(1.92779585726605,-48.4829210083939,0.800301144349869));
#9040=CARTESIAN_POINT('Ctrl Pts',(1.84130483374373,-48.4829210083939,1.12375881412243));
#9041=CARTESIAN_POINT('Ctrl Pts',(1.71725128164603,-48.4829210083939,1.4279577225983));
#9042=CARTESIAN_POINT('Ctrl Pts',(1.71725128164603,-48.4829210083939,1.4279577225983));
#9043=CARTESIAN_POINT('Ctrl Pts',(1.50116637400392,-48.4829210083939,1.95803919648586));
#9044=CARTESIAN_POINT('Ctrl Pts',(1.16096982876035,-48.4829210083939,2.43555499785168));
#9045=CARTESIAN_POINT('Ctrl Pts',(0.544602560591435,-48.4829210083939,2.99435890603542));
#9046=CARTESIAN_POINT('Ctrl Pts',(0.352008335616513,-48.4829210083939,3.16896649986389));
#9047=CARTESIAN_POINT('Ctrl Pts',(0.15941411064159,-48.4829210083939,3.34357409369237));
#9048=CARTESIAN_POINT('Origin',(-4.15298601341609,-47.3445914083876,14.3642970302434));
#9049=CARTESIAN_POINT('',(-12.7072458395584,-47.3445914083876,0.123535454995355));
#9050=CARTESIAN_POINT('Origin',(-4.15246301587557,-47.3445914083876,0.123535454995437));
#9051=CARTESIAN_POINT('Ctrl Pts',(-0.494936498162101,-47.7003194083879,
3.82201206188077));
#9052=CARTESIAN_POINT('Ctrl Pts',(-0.494936498162101,-48.639441328395,3.8220120618808));
#9053=CARTESIAN_POINT('Ctrl Pts',(-0.260859558746752,-47.7003194083879,
3.68604842207834));
#9054=CARTESIAN_POINT('Ctrl Pts',(-0.260859558746752,-48.639441328395,3.68604842207836));
#9055=CARTESIAN_POINT('Ctrl Pts',(-0.0411347618454833,-47.7003194083879,
3.52539343990869));
#9056=CARTESIAN_POINT('Ctrl Pts',(-0.0411347618454833,-48.639441328395,
3.52539343990872));
#9057=CARTESIAN_POINT('Ctrl Pts',(0.159414110641604,-47.7003194083879,3.34357409369234));
#9058=CARTESIAN_POINT('Ctrl Pts',(0.159414110641604,-48.639441328395,3.34357409369237));
#9059=CARTESIAN_POINT('',(0.159414110641604,-47.7003194083879,3.34357409369234));
#9060=CARTESIAN_POINT('',(0.159414110641597,-48.4829210083938,3.34357409369237));
#9061=CARTESIAN_POINT('',(-0.494936498162101,-47.7003194083879,3.82201206188077));
#9062=CARTESIAN_POINT('Ctrl Pts',(-0.494936498162101,-47.7003194083879,
3.82201206188077));
#9063=CARTESIAN_POINT('Ctrl Pts',(-0.377898087718993,-47.7003194083879,
3.75403027640339));
#9064=CARTESIAN_POINT('Ctrl Pts',(-0.264447649700761,-47.7003194083879,
3.67987562693857));
#9065=CARTESIAN_POINT('Ctrl Pts',(-0.045928687623536,-47.7003194083879,
3.52010230844498));
#9066=CARTESIAN_POINT('Ctrl Pts',(0.0591397251738535,-47.7003194083879,
3.43448372076674));
#9067=CARTESIAN_POINT('Ctrl Pts',(0.159414110641604,-47.7003194083879,3.34357409369234));
#9068=CARTESIAN_POINT('',(-0.494936498162101,-47.7003194083879,3.82201206188077));
#9069=CARTESIAN_POINT('Origin',(-4.15298529196366,-47.7003194083879,2.54844811185463));
#9070=CARTESIAN_POINT('',(1.71725128164603,-47.7003194083874,1.42795772259828));
#9071=CARTESIAN_POINT('Ctrl Pts',(0.159414110641604,-47.7003194083879,3.34357409369234));
#9072=CARTESIAN_POINT('Ctrl Pts',(0.352008335616519,-47.7003194083879,3.16896649986387));
#9073=CARTESIAN_POINT('Ctrl Pts',(0.544602560591442,-47.7003194083879,2.99435890603539));
#9074=CARTESIAN_POINT('Ctrl Pts',(1.16096982876035,-47.7003194083879,2.43555499785166));
#9075=CARTESIAN_POINT('Ctrl Pts',(1.50116637400392,-47.7003194083879,1.95803919648584));
#9076=CARTESIAN_POINT('Ctrl Pts',(1.71725128164603,-47.7003194083879,1.42795772259828));
#9077=CARTESIAN_POINT('',(2.10721343644983,-47.7003194083874,0.525100569436467));
#9078=CARTESIAN_POINT('Ctrl Pts',(1.71725128164603,-47.700319408388,1.42795772259828));
#9079=CARTESIAN_POINT('Ctrl Pts',(1.84130483374373,-47.700319408388,1.12375881412241));
#9080=CARTESIAN_POINT('Ctrl Pts',(1.92779585726605,-47.700319408388,0.800301144349855));
#9081=CARTESIAN_POINT('Ctrl Pts',(2.10721343644983,-47.700319408388,0.525100569436466));
#9082=CARTESIAN_POINT('',(3.381670891633,-47.7003194083874,-0.17516288853421));
#9083=CARTESIAN_POINT('Ctrl Pts',(2.10721343644983,-47.700319408388,0.525100569436466));
#9084=CARTESIAN_POINT('Ctrl Pts',(2.38286161142175,-47.700319408388,0.102277395068962));
#9085=CARTESIAN_POINT('Ctrl Pts',(2.87700353404537,-47.700319408388,-0.169229625163027));
#9086=CARTESIAN_POINT('Ctrl Pts',(3.381670891633,-47.700319408388,-0.17516288853421));
#9087=CARTESIAN_POINT('',(4.40200164293025,-47.7003194083874,0.197315951204346));
#9088=CARTESIAN_POINT('Ctrl Pts',(3.381670891633,-47.700319408388,-0.17516288853421));
#9089=CARTESIAN_POINT('Ctrl Pts',(3.75177260880788,-47.700319408388,-0.179556690656499));
#9090=CARTESIAN_POINT('Ctrl Pts',(4.1195552767746,-47.700319408388,-0.0410303567345147));
#9091=CARTESIAN_POINT('Ctrl Pts',(4.40200164293025,-47.700319408388,0.197315951204341));
#9092=CARTESIAN_POINT('',(4.20307885157585,-47.7003194083874,-1.71201058410165));
#9093=CARTESIAN_POINT('Origin',(-4.15246301587558,-47.7003194083879,0.123535454995437));
#9094=CARTESIAN_POINT('',(3.81300359230394,-47.7003194083874,-2.11674431338562));
#9095=CARTESIAN_POINT('Ctrl Pts',(4.20307885157585,-47.7003194083881,-1.71201058410165));
#9096=CARTESIAN_POINT('Ctrl Pts',(4.10411780988156,-47.7003194083881,-1.87694419842919));
#9097=CARTESIAN_POINT('Ctrl Pts',(3.97905033550889,-47.7003194083881,-2.02057453097264));
#9098=CARTESIAN_POINT('Ctrl Pts',(3.81300359230394,-47.7003194083881,-2.11674431338562));
#9099=CARTESIAN_POINT('',(2.93800256684149,-47.7003194083874,-1.95322151326901));
#9100=CARTESIAN_POINT('Ctrl Pts',(3.81300359230394,-47.7003194083881,-2.11674431338562));
#9101=CARTESIAN_POINT('Ctrl Pts',(3.52885317939761,-47.7003194083881,-2.28128768054975));
#9102=CARTESIAN_POINT('Ctrl Pts',(3.10098681877949,-47.7003194083881,-2.21427973945908));
#9103=CARTESIAN_POINT('Ctrl Pts',(2.93800256684152,-47.7003194083881,-1.95322151326905));
#9104=CARTESIAN_POINT('',(2.88260365996842,-47.7003194083874,-1.81696673678555));
#9105=CARTESIAN_POINT('Ctrl Pts',(2.9380025668415,-47.7003194083881,-1.95322151326901));
#9106=CARTESIAN_POINT('Ctrl Pts',(2.92199541808905,-47.7003194083881,-1.90704639774539));
#9107=CARTESIAN_POINT('Ctrl Pts',(2.90355189486009,-47.7003194083881,-1.86156644859317));
#9108=CARTESIAN_POINT('Ctrl Pts',(2.88260365996842,-47.7003194083881,-1.81696673678555));
#9109=CARTESIAN_POINT('Origin',(4.11910804025519,-47.7003194083881,-1.35139738843855));
#9110=CARTESIAN_POINT('',(2.09271426966859,-47.7003194083874,-3.95582361643808));
#9111=CARTESIAN_POINT('Ctrl Pts',(2.93800256684204,-47.7003194083881,-1.95322151327058));
#9112=CARTESIAN_POINT('Ctrl Pts',(3.1967921829938,-47.7003194083881,-2.69974049719277));
#9113=CARTESIAN_POINT('Ctrl Pts',(2.81877194901281,-47.7003194083881,-3.6279592965853));
#9114=CARTESIAN_POINT('Ctrl Pts',(2.09271426966859,-47.7003194083881,-3.95582361643808));
#9115=CARTESIAN_POINT('',(1.85121353732935,-47.7003194083874,-3.1881040962125));
#9116=CARTESIAN_POINT('Ctrl Pts',(2.09271426966859,-47.7003194083881,-3.95582361643808));
#9117=CARTESIAN_POINT('Ctrl Pts',(2.24912486416486,-47.7003194083881,-3.70206342600738));
#9118=CARTESIAN_POINT('Ctrl Pts',(2.10480630483739,-47.7003194083881,-3.34473849073803));
#9119=CARTESIAN_POINT('Ctrl Pts',(1.85121353732935,-47.7003194083881,-3.1881040962125));
#9120=CARTESIAN_POINT('',(0.983287981101214,-47.7003194083874,-3.08879496872416));
#9121=CARTESIAN_POINT('Ctrl Pts',(1.85121353732934,-47.7003194083881,-3.1881040962125));
#9122=CARTESIAN_POINT('Ctrl Pts',(1.5976207698213,-47.7003194083881,-3.03147141008415));
#9123=CARTESIAN_POINT('Ctrl Pts',(1.27623538581589,-47.7003194083881,-3.03376578748337));
#9124=CARTESIAN_POINT('Ctrl Pts',(0.983287981101215,-47.7003194083881,-3.08879496872415));
#9125=CARTESIAN_POINT('',(0.653449447898954,-47.7003194083874,-1.7410575253338));
#9126=CARTESIAN_POINT('Ctrl Pts',(0.983287981101214,-47.7003194083881,-3.08879496872416));
#9127=CARTESIAN_POINT('Ctrl Pts',(1.13863424416061,-47.7003194083881,-2.63115124323902));
#9128=CARTESIAN_POINT('Ctrl Pts',(0.961847596618521,-47.7003194083881,-2.11316180452027));
#9129=CARTESIAN_POINT('Ctrl Pts',(0.653449447898954,-47.7003194083881,-1.7410575253338));
#9130=CARTESIAN_POINT('',(-0.492980723369226,-47.7003194083874,-0.865574020025871));
#9131=CARTESIAN_POINT('Ctrl Pts',(0.653449447898954,-47.7003194083881,-1.7410575253338));
#9132=CARTESIAN_POINT('Ctrl Pts',(0.345051299179379,-47.7003194083881,-1.36895324614734));
#9133=CARTESIAN_POINT('Ctrl Pts',(-0.0782194752466503,-47.7003194083881,
-1.11368112422125));
#9134=CARTESIAN_POINT('Ctrl Pts',(-0.492980723369226,-47.7003194083881,
-0.865574020025871));
#9135=CARTESIAN_POINT('',(0.0326786869555912,-47.700319408388,-1.79563952005407));
#9136=CARTESIAN_POINT('',(-1.66722695998163,-47.700319408388,1.21206008704925));
#9137=CARTESIAN_POINT('',(0.387262376454144,-47.7003194083874,-3.23294439673179));
#9138=CARTESIAN_POINT('Ctrl Pts',(0.0326794186425355,-47.7003194083881,
-1.79563910651607));
#9139=CARTESIAN_POINT('Ctrl Pts',(0.282913477314488,-47.7003194083881,-2.23839073387088));
#9140=CARTESIAN_POINT('Ctrl Pts',(0.541433262260623,-47.7003194083881,-2.74826357763527));
#9141=CARTESIAN_POINT('Ctrl Pts',(0.387262376454144,-47.7003194083881,-3.23294439673179));
#9142=CARTESIAN_POINT('',(1.45795075919324,-47.7003194083874,-3.67194609229859));
#9143=CARTESIAN_POINT('Ctrl Pts',(0.387262376454144,-47.7003194083881,-3.23294439673179));
#9144=CARTESIAN_POINT('Ctrl Pts',(0.784558680308478,-47.7003194083881,-3.09635120940678));
#9145=CARTESIAN_POINT('Ctrl Pts',(1.26274588176208,-47.7003194083881,-3.29995456732534));
#9146=CARTESIAN_POINT('Ctrl Pts',(1.45795075919324,-47.7003194083881,-3.67194609229859));
#9147=CARTESIAN_POINT('',(1.14350659288927,-47.7003194083874,-4.90811324171197));
#9148=CARTESIAN_POINT('Ctrl Pts',(1.45795075919324,-47.7003194083881,-3.67194609229859));
#9149=CARTESIAN_POINT('Ctrl Pts',(1.65757867689737,-47.7003194083881,-4.05239076646868));
#9150=CARTESIAN_POINT('Ctrl Pts',(1.55933217244871,-47.7003194083881,-4.69913697469396));
#9151=CARTESIAN_POINT('Ctrl Pts',(1.14350659288927,-47.7003194083881,-4.90811324171197));
#9152=CARTESIAN_POINT('',(0.437533671576664,-47.7003194083874,-5.15364408297509));
#9153=CARTESIAN_POINT('Ctrl Pts',(1.14350659288927,-47.7003194083881,-4.90811324171197));
#9154=CARTESIAN_POINT('Ctrl Pts',(0.937217634619564,-47.7003194083881,-5.01178903236667));
#9155=CARTESIAN_POINT('Ctrl Pts',(0.661009105375916,-47.7003194083881,-5.08988157540159));
#9156=CARTESIAN_POINT('Ctrl Pts',(0.437533671576664,-47.7003194083881,-5.15364408297509));
#9157=CARTESIAN_POINT('',(0.00704150231331968,-47.7003194083874,-5.2427096610325));
#9158=CARTESIAN_POINT('Ctrl Pts',(0.437533671576664,-47.7003194083881,-5.15364408297509));
#9159=CARTESIAN_POINT('Ctrl Pts',(0.296517443978687,-47.7003194083881,-5.19389392029877));
#9160=CARTESIAN_POINT('Ctrl Pts',(0.152479061787091,-47.7003194083881,-5.22373278526886));
#9161=CARTESIAN_POINT('Ctrl Pts',(0.00704150231332058,-47.7003194083881,
-5.2427096610325));
#9162=CARTESIAN_POINT('',(-0.391869871184701,-47.7003194083874,-5.26727774659201));
#9163=CARTESIAN_POINT('Ctrl Pts',(0.00704150231331968,-47.7003194083881,
-5.2427096610325));
#9164=CARTESIAN_POINT('Ctrl Pts',(-0.0632103993970856,-47.7003194083881,
-5.25183366178718));
#9165=CARTESIAN_POINT('Ctrl Pts',(-0.348011187751765,-47.7003194083881,
-5.22731824196314));
#9166=CARTESIAN_POINT('Ctrl Pts',(-0.391869871184701,-47.7003194083881,
-5.26727774659201));
#9167=CARTESIAN_POINT('',(-0.0859995159585342,-47.7003194083874,-4.37489515062041));
#9168=CARTESIAN_POINT('Ctrl Pts',(-0.391869870757557,-47.7003194083881,
-5.26727774705517));
#9169=CARTESIAN_POINT('Ctrl Pts',(-0.151887278460949,-47.7003194083881,
-5.0485597351937));
#9170=CARTESIAN_POINT('Ctrl Pts',(-0.0745243382134947,-47.7003194083881,
-4.69935550239512));
#9171=CARTESIAN_POINT('Ctrl Pts',(-0.0859995159585342,-47.7003194083881,
-4.37489515062041));
#9172=CARTESIAN_POINT('',(-0.995015440917965,-47.7003194083874,-2.71915248985957));
#9173=CARTESIAN_POINT('Ctrl Pts',(-0.0859995159585342,-47.7003194083881,
-4.37489515062041));
#9174=CARTESIAN_POINT('Ctrl Pts',(-0.107439900441227,-47.7003194083881,
-3.76823135679615));
#9175=CARTESIAN_POINT('Ctrl Pts',(-0.444221359742105,-47.7003194083881,
-3.02833479288014));
#9176=CARTESIAN_POINT('Ctrl Pts',(-0.995015440917958,-47.7003194083881,
-2.71915248985957));
#9177=CARTESIAN_POINT('',(-1.90873287488905,-47.7003194083874,-2.21224713197935));
#9178=CARTESIAN_POINT('Ctrl Pts',(-0.995015440917958,-47.7003194083881,
-2.71915248985957));
#9179=CARTESIAN_POINT('Ctrl Pts',(-1.29635961772287,-47.7003194083881,-2.54997846010672));
#9180=CARTESIAN_POINT('Ctrl Pts',(-1.61153156122124,-47.7003194083881,-2.3994464602722));
#9181=CARTESIAN_POINT('Ctrl Pts',(-1.90873287488905,-47.7003194083881,-2.21224713197935));
#9182=CARTESIAN_POINT('',(-2.73685619385204,-47.7003194083874,-1.57742553600022));
#9183=CARTESIAN_POINT('Ctrl Pts',(-1.90873287488905,-47.7003194083881,-2.21224713197935));
#9184=CARTESIAN_POINT('Ctrl Pts',(-1.9821239089123,-47.7003194083881,-2.16600765417788));
#9185=CARTESIAN_POINT('Ctrl Pts',(-2.75449026944011,-47.7003194083881,-1.59097312555781));
#9186=CARTESIAN_POINT('Ctrl Pts',(-2.73685619385204,-47.7003194083881,-1.57742553600022));
#9187=CARTESIAN_POINT('',(-3.54129941964254,-47.7003194083874,-4.55940887856211));
#9188=CARTESIAN_POINT('Ctrl Pts',(-2.73685619385204,-47.7003194083881,-1.57742553600022));
#9189=CARTESIAN_POINT('Ctrl Pts',(-3.59453649225207,-47.7003194083881,-2.23570342512256));
#9190=CARTESIAN_POINT('Ctrl Pts',(-3.69978059150877,-47.7003194083881,-3.48995225018254));
#9191=CARTESIAN_POINT('Ctrl Pts',(-3.54129941964254,-47.7003194083881,-4.55940887856211));
#9192=CARTESIAN_POINT('',(-2.61940901361048,-47.7003194083874,-6.92969036404561));
#9193=CARTESIAN_POINT('Ctrl Pts',(-3.54129941964254,-47.7003194083881,-4.55940887856211));
#9194=CARTESIAN_POINT('Ctrl Pts',(-3.41556651312681,-47.7003194083881,-5.40813375899735));
#9195=CARTESIAN_POINT('Ctrl Pts',(-3.15889521391854,-47.7003194083881,-6.2625117256679));
#9196=CARTESIAN_POINT('Ctrl Pts',(-2.61940901361048,-47.7003194083881,-6.92969036404561));
#9197=CARTESIAN_POINT('',(-1.14020685411003,-47.7003194083874,-7.88337543349861));
#9198=CARTESIAN_POINT('Ctrl Pts',(-2.61940901361048,-47.7003194083882,-6.92969036404561));
#9199=CARTESIAN_POINT('Ctrl Pts',(-2.24485535980313,-47.7003194083882,-7.39289812840341));
#9200=CARTESIAN_POINT('Ctrl Pts',(-1.71379489098834,-47.7003194083882,-7.75092202143574));
#9201=CARTESIAN_POINT('Ctrl Pts',(-1.14020685411003,-47.7003194083882,-7.88337543349861));
#9202=CARTESIAN_POINT('',(-2.7600336300593,-47.7003194083874,-8.31716650431424));
#9203=CARTESIAN_POINT('Origin',(-4.15246301587558,-47.7003194083879,0.123535454995437));
#9204=CARTESIAN_POINT('',(-3.75419645816555,-47.7003194083874,-7.81541912718167));
#9205=CARTESIAN_POINT('Ctrl Pts',(-2.7600336300593,-47.7003194083882,-8.31716650431424));
#9206=CARTESIAN_POINT('Ctrl Pts',(-3.15894209468245,-47.7003194083882,-8.28284030281499));
#9207=CARTESIAN_POINT('Ctrl Pts',(-3.56794573597782,-47.7003194083882,-8.15687829722127));
#9208=CARTESIAN_POINT('Ctrl Pts',(-3.75419645816555,-47.7003194083882,-7.81541912718167));
#9209=CARTESIAN_POINT('',(-3.80875532053166,-47.7003194083882,-7.69457842543637));
#9210=CARTESIAN_POINT('Ctrl Pts',(-3.75419645816555,-47.7003194083882,-7.81541912718167));
#9211=CARTESIAN_POINT('Ctrl Pts',(-3.77534002324968,-47.7003194083882,-7.77665780272754));
#9212=CARTESIAN_POINT('Ctrl Pts',(-3.7929274648147,-47.7003194083882,-7.736053788554));
#9213=CARTESIAN_POINT('Ctrl Pts',(-3.80875532053216,-47.7003194083882,-7.69457842543502));
#9214=CARTESIAN_POINT('',(-4.25840186814288,-47.7003194083882,-7.20543874746817));
#9215=CARTESIAN_POINT('Ctrl Pts',(-3.80875532053166,-47.7003194083882,-7.69457842543637));
#9216=CARTESIAN_POINT('Ctrl Pts',(-3.88963866546118,-47.7003194083882,-7.48263145288996));
#9217=CARTESIAN_POINT('Ctrl Pts',(-4.05399697841495,-47.7003194083882,-7.3038373029144));
#9218=CARTESIAN_POINT('Ctrl Pts',(-4.25840186814288,-47.7003194083882,-7.20543874746824));
#9219=CARTESIAN_POINT('',(-6.93569915614496,-47.7003194083881,-6.55241464870497));
#9220=CARTESIAN_POINT('Ctrl Pts',(-4.25840186814354,-47.7003194083882,-7.20543874746781));
#9221=CARTESIAN_POINT('Ctrl Pts',(-4.31040265824733,-47.7003194083882,-7.18040606534811));
#9222=CARTESIAN_POINT('Ctrl Pts',(-4.36240344835112,-47.7003194083882,-7.15537338322842));
#9223=CARTESIAN_POINT('Ctrl Pts',(-4.41440423845491,-47.7003194083882,-7.13034070110873));
#9224=CARTESIAN_POINT('Ctrl Pts',(-4.98430681938063,-47.7003194083882,-6.85599505907058));
#9225=CARTESIAN_POINT('Ctrl Pts',(-5.60315971471675,-47.7003194083882,-6.68262006285993));
#9226=CARTESIAN_POINT('Ctrl Pts',(-6.2326413665227,-47.7003194083882,-6.621112000413));
#9227=CARTESIAN_POINT('Ctrl Pts',(-6.46699396306346,-47.7003194083882,-6.59821288317697));
#9228=CARTESIAN_POINT('Ctrl Pts',(-6.70134655960421,-47.7003194083882,-6.57531376594095));
#9229=CARTESIAN_POINT('Ctrl Pts',(-6.93569915614496,-47.7003194083882,-6.55241464870493));
#9230=CARTESIAN_POINT('',(-6.20005230925549,-47.7003194083874,-7.50119876090694));
#9231=CARTESIAN_POINT('Origin',(-3.71255035065659,-47.7003194083882,-4.49910899482345));
#9232=CARTESIAN_POINT('',(-5.01829874375942,-47.7003194083874,-8.38731865330057));
#9233=CARTESIAN_POINT('Ctrl Pts',(-6.20005230925548,-47.7003194083882,-7.50119876090694));
#9234=CARTESIAN_POINT('Ctrl Pts',(-5.85142629665169,-47.7003194083882,-7.85259045431728));
#9235=CARTESIAN_POINT('Ctrl Pts',(-5.46765887272473,-47.7003194083882,-8.17979524188794));
#9236=CARTESIAN_POINT('Ctrl Pts',(-5.01829874375945,-47.7003194083882,-8.38731865330057));
#9237=CARTESIAN_POINT('',(-8.0360726771442,-47.7003194083882,-7.49892380427779));
#9238=CARTESIAN_POINT('Origin',(-4.15246301587558,-47.7003194083879,0.123535454995437));
#9239=CARTESIAN_POINT('',(-8.54180737814562,-47.7003194083881,-3.04036361891303));
#9240=CARTESIAN_POINT('Ctrl Pts',(-8.0360726771442,-47.7003194083882,-7.49892380427779));
#9241=CARTESIAN_POINT('Ctrl Pts',(-8.34685330046957,-47.7003194083882,-6.84569218335836));
#9242=CARTESIAN_POINT('Ctrl Pts',(-8.61685457529402,-47.7003194083882,-6.10360742623696));
#9243=CARTESIAN_POINT('Ctrl Pts',(-8.82701713461627,-47.7003194083882,-4.57794292100962));
#9244=CARTESIAN_POINT('Ctrl Pts',(-8.80273074345498,-47.7003194083882,-3.80553116184427));
#9245=CARTESIAN_POINT('Ctrl Pts',(-8.54180737950875,-47.7003194083881,-3.04036361808643));
#9246=CARTESIAN_POINT('',(-6.82426426019568,-47.700319408388,-0.2871971157892));
#9247=CARTESIAN_POINT('Ctrl Pts',(-8.54177565859933,-47.7003194083881,-3.0402706064682));
#9248=CARTESIAN_POINT('Ctrl Pts',(-8.25822379672555,-47.7003194083881,-2.20868331407233));
#9249=CARTESIAN_POINT('Ctrl Pts',(-7.80549962425548,-47.7003194083881,-1.58822826622939));
#9250=CARTESIAN_POINT('Ctrl Pts',(-7.25960932746831,-47.7003194083881,-0.866202046074931));
#9251=CARTESIAN_POINT('Ctrl Pts',(-7.10744221749134,-47.7003194083881,-0.671722841596248));
#9252=CARTESIAN_POINT('Ctrl Pts',(-6.92625558378616,-47.7003194083881,-0.42872336333898));
#9253=CARTESIAN_POINT('Ctrl Pts',(-6.88141957194537,-47.700319408388,-0.367488722727333));
#9254=CARTESIAN_POINT('Ctrl Pts',(-6.83408827978269,-47.700319408388,-0.30105581499796));
#9255=CARTESIAN_POINT('Ctrl Pts',(-6.83013799303799,-47.7003194083881,-0.295497575830264));
#9256=CARTESIAN_POINT('Ctrl Pts',(-6.82426425993836,-47.7003194083881,-0.28719711597103));
#9257=CARTESIAN_POINT('',(-5.17302514059833,-47.7003194083879,3.14065142525896));
#9258=CARTESIAN_POINT('Ctrl Pts',(-6.82426426064693,-47.700319408388,-0.287197115469872));
#9259=CARTESIAN_POINT('Ctrl Pts',(-6.82424088346427,-47.700319408388,-0.287164080226352));
#9260=CARTESIAN_POINT('Ctrl Pts',(-6.8242175062816,-47.700319408388,-0.287131044982832));
#9261=CARTESIAN_POINT('Ctrl Pts',(-6.82419412909893,-47.700319408388,-0.287098009739312));
#9262=CARTESIAN_POINT('Ctrl Pts',(-6.42796908316662,-47.700319408388,0.27282364838933));
#9263=CARTESIAN_POINT('Ctrl Pts',(-6.14421293569273,-47.700319408388,0.957855701027741));
#9264=CARTESIAN_POINT('Ctrl Pts',(-5.76251863794557,-47.700319408388,1.81573373995527));
#9265=CARTESIAN_POINT('Ctrl Pts',(-5.56602080549649,-47.700319408388,2.25737296838983));
#9266=CARTESIAN_POINT('Ctrl Pts',(-5.36952297304741,-47.700319408388,2.6990121968244));
#9267=CARTESIAN_POINT('Ctrl Pts',(-5.17302514059833,-47.700319408388,3.14065142525896));
#9268=CARTESIAN_POINT('',(-7.1919237885596,-47.7003194083874,2.07218319079931));
#9269=CARTESIAN_POINT('Ctrl Pts',(-5.17302514059833,-47.7003194083879,3.14065142525896));
#9270=CARTESIAN_POINT('Ctrl Pts',(-5.91084152566072,-47.7003194083879,2.93087407467864));
#9271=CARTESIAN_POINT('Ctrl Pts',(-6.60495985706874,-47.7003194083879,2.5662305889025));
#9272=CARTESIAN_POINT('Ctrl Pts',(-7.1919237885596,-47.7003194083879,2.07218319079932));
#9273=CARTESIAN_POINT('',(-6.6223749232522,-47.7003194083874,1.9691788002324));
#9274=CARTESIAN_POINT('Ctrl Pts',(-7.1919237885596,-47.700319408388,2.07218319079931));
#9275=CARTESIAN_POINT('Ctrl Pts',(-7.00203715151845,-47.700319408388,2.03786747104541));
#9276=CARTESIAN_POINT('Ctrl Pts',(-6.81220518318675,-47.700319408388,2.00349537418489));
#9277=CARTESIAN_POINT('Ctrl Pts',(-6.6223749232522,-47.700319408388,1.9691788002324));
#9278=CARTESIAN_POINT('',(-6.70080402052959,-47.7003194083874,1.70310192040505));
#9279=CARTESIAN_POINT('Ctrl Pts',(-6.6223749232522,-47.7003194083879,1.9691788002324));
#9280=CARTESIAN_POINT('Ctrl Pts',(-6.54612915755798,-47.7003194083879,1.89774729776306));
#9281=CARTESIAN_POINT('Ctrl Pts',(-6.62411065477685,-47.7003194083879,1.77397306860265));
#9282=CARTESIAN_POINT('Ctrl Pts',(-6.70080402052959,-47.7003194083879,1.70310192040505));
#9283=CARTESIAN_POINT('',(-9.65267002938269,-47.7003194083874,-0.405077271266949));
#9284=CARTESIAN_POINT('Origin',(-14.4383939962311,-47.700319408388,9.40757376735801));
#9285=CARTESIAN_POINT('',(-9.23315106141188,-47.700319408388,-0.56579841314185));
#9286=CARTESIAN_POINT('',(-7.74812363847221,-47.7003194083881,-1.13472603947085));
#9287=CARTESIAN_POINT('',(-10.344032738098,-47.7003194083874,-2.02773511243482));
#9288=CARTESIAN_POINT('Ctrl Pts',(-9.23315109747259,-47.700319408388,-0.565798381354552));
#9289=CARTESIAN_POINT('Ctrl Pts',(-9.63873135289613,-47.700319408388,-1.0259038322334));
#9290=CARTESIAN_POINT('Ctrl Pts',(-10.0477266738197,-47.700319408388,-1.49076717884717));
#9291=CARTESIAN_POINT('Ctrl Pts',(-10.344032738098,-47.700319408388,-2.02773511243482));
#9292=CARTESIAN_POINT('',(-10.779899524858,-47.7003194083874,-4.42970224022911));
#9293=CARTESIAN_POINT('Ctrl Pts',(-10.344032738098,-47.7003194083881,-2.02773511243482));
#9294=CARTESIAN_POINT('Ctrl Pts',(-10.7437925506714,-47.7003194083881,-2.75212626363649));
#9295=CARTESIAN_POINT('Ctrl Pts',(-10.8534579818039,-47.7003194083881,-3.61434235652271));
#9296=CARTESIAN_POINT('Ctrl Pts',(-10.779899524858,-47.7003194083881,-4.42970224022911));
#9297=CARTESIAN_POINT('',(-10.5062655501494,-47.7003194083874,-5.51724054425527));
#9298=CARTESIAN_POINT('Ctrl Pts',(-10.779899524858,-47.7003194083881,-4.42970224022911));
#9299=CARTESIAN_POINT('Ctrl Pts',(-10.7458631280413,-47.7003194083881,-4.80662078264044));
#9300=CARTESIAN_POINT('Ctrl Pts',(-10.6806450660791,-47.7003194083881,-5.17749330746738));
#9301=CARTESIAN_POINT('Ctrl Pts',(-10.5062655501494,-47.7003194083881,-5.51724054425527));
#9302=CARTESIAN_POINT('',(-10.3658778694616,-47.7003194083874,-5.75675237959356));
#9303=CARTESIAN_POINT('Origin',(-10.3180601469467,-47.7003194083881,-5.60198235578539));
#9304=CARTESIAN_POINT('',(-12.0985128046824,-47.7003194083874,-3.04578654098118));
#9305=CARTESIAN_POINT('Origin',(-4.15246301587558,-47.7003194083879,0.123535454995437));
#9306=CARTESIAN_POINT('',(-11.9150747755706,-47.7003194083874,-2.81252664557956));
#9307=CARTESIAN_POINT('Ctrl Pts',(-12.0985128046824,-47.7003194083881,-3.04578654098118));
#9308=CARTESIAN_POINT('Ctrl Pts',(-12.0294114225915,-47.7003194083881,-2.98232528261931));
#9309=CARTESIAN_POINT('Ctrl Pts',(-11.9690691843861,-47.7003194083881,-2.90679618224771));
#9310=CARTESIAN_POINT('Ctrl Pts',(-11.9150747755706,-47.7003194083881,-2.81252664557956));
#9311=CARTESIAN_POINT('',(-10.5493684107469,-47.7003194083874,-0.948368072072451));
#9312=CARTESIAN_POINT('Ctrl Pts',(-11.9150747755706,-47.7003194083881,-2.81252664557956));
#9313=CARTESIAN_POINT('Ctrl Pts',(-11.0873802642973,-47.7003194083881,-1.81681582836887));
#9314=CARTESIAN_POINT('Ctrl Pts',(-10.632144809356,-47.7003194083881,-1.19542963719983));
#9315=CARTESIAN_POINT('Ctrl Pts',(-10.5493684107469,-47.7003194083881,-0.948368072072451));
#9316=CARTESIAN_POINT('',(-12.0214951062788,-47.7003194083874,-0.506791821970565));
#9317=CARTESIAN_POINT('Ctrl Pts',(-10.5493684107469,-47.700319408388,-0.948368072072451));
#9318=CARTESIAN_POINT('Ctrl Pts',(-11.388893572422,-47.700319408388,-0.866822858357093));
#9319=CARTESIAN_POINT('Ctrl Pts',(-11.8796024709327,-47.700319408388,-0.7196307749898));
#9320=CARTESIAN_POINT('Ctrl Pts',(-12.0214951062788,-47.700319408388,-0.506791821970566));
#9321=CARTESIAN_POINT('',(-7.75139481896156,-47.7003194083874,2.29924369605968));
#9322=CARTESIAN_POINT('Ctrl Pts',(-12.0214951062788,-47.700319408388,-0.506791821970566));
#9323=CARTESIAN_POINT('Ctrl Pts',(-10.3537159332572,-47.700319408388,0.00778423920266374));
#9324=CARTESIAN_POINT('Ctrl Pts',(-8.89603288159849,-47.700319408388,0.98162529477529));
#9325=CARTESIAN_POINT('Ctrl Pts',(-7.75139481896156,-47.700319408388,2.29924369605968));
#9326=CARTESIAN_POINT('',(-9.11844569235804,-47.7003194083874,2.7639396850623));
#9327=CARTESIAN_POINT('Ctrl Pts',(-7.75139481896156,-47.7003194083879,2.29924369605968));
#9328=CARTESIAN_POINT('Ctrl Pts',(-8.24380271845771,-47.7003194083879,2.27371597134792));
#9329=CARTESIAN_POINT('Ctrl Pts',(-8.74365410442327,-47.7003194083879,2.44361777829517));
#9330=CARTESIAN_POINT('Ctrl Pts',(-9.11844569235803,-47.7003194083879,2.7639396850623));
#9331=CARTESIAN_POINT('',(-7.00377288304311,-47.7003194083874,3.30527351690965));
#9332=CARTESIAN_POINT('Ctrl Pts',(-9.11844569235804,-47.7003194083879,2.7639396850623));
#9333=CARTESIAN_POINT('Ctrl Pts',(-8.39427834118563,-47.7003194083879,2.89269560037024));
#9334=CARTESIAN_POINT('Ctrl Pts',(-7.7112013587445,-47.7003194083879,3.1168979571653));
#9335=CARTESIAN_POINT('Ctrl Pts',(-7.00377288304311,-47.7003194083879,3.30527351690965));
#9336=CARTESIAN_POINT('',(-6.26533016511871,-47.7003194083874,4.43300613535146));
#9337=CARTESIAN_POINT('Ctrl Pts',(-7.00377288304311,-47.7003194083879,3.30527351690965));
#9338=CARTESIAN_POINT('Ctrl Pts',(-6.48606191306305,-47.7003194083879,3.44309845859418));
#9339=CARTESIAN_POINT('Ctrl Pts',(-6.12593862322935,-47.7003194083879,3.84246533981847));
#9340=CARTESIAN_POINT('Ctrl Pts',(-6.26533016511871,-47.7003194083879,4.43300613535146));
#9341=CARTESIAN_POINT('',(-6.54366564883894,-47.7003194083874,5.0147025587357));
#9342=CARTESIAN_POINT('Ctrl Pts',(-6.26533016511871,-47.7003194083879,4.43300613535146));
#9343=CARTESIAN_POINT('Ctrl Pts',(-6.31498472886289,-47.7003194083879,4.64315863382098));
#9344=CARTESIAN_POINT('Ctrl Pts',(-6.43019220041466,-47.7003194083879,4.83097383929358));
#9345=CARTESIAN_POINT('Ctrl Pts',(-6.54366564883893,-47.7003194083879,5.0147025587357));
#9346=CARTESIAN_POINT('',(-8.35980151699385,-47.7003194083874,7.57220056341493));
#9347=CARTESIAN_POINT('Ctrl Pts',(-6.54366564883893,-47.7003194083879,5.0147025587357));
#9348=CARTESIAN_POINT('Ctrl Pts',(-7.0940185697537,-47.7003194083879,5.90564039169266));
#9349=CARTESIAN_POINT('Ctrl Pts',(-7.65069831590795,-47.7003194083879,6.80465796093542));
#9350=CARTESIAN_POINT('Ctrl Pts',(-8.35980151699222,-47.7003194083879,7.57220056341323));
#9351=CARTESIAN_POINT('',(-8.2309751392445,-47.7003194083874,7.64351205202761));
#9352=CARTESIAN_POINT('Origin',(-4.15246301587558,-47.7003194083879,0.123535454995437));
#9353=CARTESIAN_POINT('',(-6.2195929560852,-47.7003194083874,5.9130256258085));
#9354=CARTESIAN_POINT('Ctrl Pts',(-8.2309751392445,-47.7003194083878,7.64351205202761));
#9355=CARTESIAN_POINT('Ctrl Pts',(-7.43028949850327,-47.7003194083878,7.24661344570208));
#9356=CARTESIAN_POINT('Ctrl Pts',(-6.73060268557758,-47.7003194083878,6.64639888372611));
#9357=CARTESIAN_POINT('Ctrl Pts',(-6.2195929560852,-47.7003194083878,5.91302562580853));
#9358=CARTESIAN_POINT('',(-5.25773118146816,-47.7003194083874,4.90733150500243));
#9359=CARTESIAN_POINT('Ctrl Pts',(-6.2195929560852,-47.7003194083879,5.9130256258085));
#9360=CARTESIAN_POINT('Ctrl Pts',(-5.94987804448448,-47.7003194083879,5.52586267976764));
#9361=CARTESIAN_POINT('Ctrl Pts',(-5.69885983151153,-47.7003194083879,5.07482618033723));
#9362=CARTESIAN_POINT('Ctrl Pts',(-5.25773118146816,-47.7003194083879,4.90733150500243));
#9363=CARTESIAN_POINT('',(-5.05424057776282,-47.7003194083874,4.8876259978458));
#9364=CARTESIAN_POINT('Ctrl Pts',(-5.25773118146816,-47.7003194083879,4.90733150500243));
#9365=CARTESIAN_POINT('Ctrl Pts',(-5.19268054242853,-47.7003194083879,4.88264345749969));
#9366=CARTESIAN_POINT('Ctrl Pts',(-5.12007366270628,-47.7003194083879,4.86506575901823));
#9367=CARTESIAN_POINT('Ctrl Pts',(-5.05424057776282,-47.7003194083879,4.8876259978458));
#9368=CARTESIAN_POINT('',(-4.88937683406971,-47.7003194083874,5.07930388931964));
#9369=CARTESIAN_POINT('Ctrl Pts',(-5.05424057776282,-47.7003194083879,4.8876259978458));
#9370=CARTESIAN_POINT('Ctrl Pts',(-4.9719487944842,-47.7003194083879,4.91578380000068));
#9371=CARTESIAN_POINT('Ctrl Pts',(-4.92201405360415,-47.7003194083879,4.99863593755104));
#9372=CARTESIAN_POINT('Ctrl Pts',(-4.88937683406971,-47.7003194083879,5.07930388931964));
#9373=CARTESIAN_POINT('',(-5.16916787217871,-47.7003194083874,6.67072454243382));
#9374=CARTESIAN_POINT('Ctrl Pts',(-4.88937683406971,-47.7003194083879,5.07930388931964));
#9375=CARTESIAN_POINT('Ctrl Pts',(-4.66920373199994,-47.7003194083879,5.62354882994455));
#9376=CARTESIAN_POINT('Ctrl Pts',(-4.92845129414047,-47.7003194083879,6.19085713236358));
#9377=CARTESIAN_POINT('Ctrl Pts',(-5.16916787217871,-47.7003194083879,6.67072454243382));
#9378=CARTESIAN_POINT('',(-6.08338645117817,-47.7003194083874,8.45755272443864));
#9379=CARTESIAN_POINT('Origin',(-117.559168476993,-47.7003194094789,-49.705569709068));
#9380=CARTESIAN_POINT('',(-5.57562931708993,-47.7003194083874,8.55910934415473));
#9381=CARTESIAN_POINT('Origin',(-4.15246301587558,-47.7003194083879,0.123535454995437));
#9382=CARTESIAN_POINT('',(-5.0722094991962,-47.7003194083874,7.92850035345115));
#9383=CARTESIAN_POINT('Ctrl Pts',(-5.57562931708993,-47.7003194083878,8.55910934415473));
#9384=CARTESIAN_POINT('Ctrl Pts',(-5.4027726242126,-47.7003194083878,8.35307942065119));
#9385=CARTESIAN_POINT('Ctrl Pts',(-5.23745627006173,-47.7003194083878,8.14071976850972));
#9386=CARTESIAN_POINT('Ctrl Pts',(-5.0722094991962,-47.7003194083878,7.92850035345115));
#9387=CARTESIAN_POINT('',(-3.91945313320775,-47.7003194083874,6.41819525216406));
#9388=CARTESIAN_POINT('Ctrl Pts',(-5.0722094991962,-47.7003194083878,7.92850035345115));
#9389=CARTESIAN_POINT('Ctrl Pts',(-4.68314254450945,-47.7003194083878,7.42876001330159));
#9390=CARTESIAN_POINT('Ctrl Pts',(-4.31837241437352,-47.7003194083878,6.91032212032575));
#9391=CARTESIAN_POINT('Ctrl Pts',(-3.91945313320775,-47.7003194083878,6.41819525216406));
#9392=CARTESIAN_POINT('',(-3.38416446474622,-47.7003194083874,5.83252424276397));
#9393=CARTESIAN_POINT('Ctrl Pts',(-3.91945313320775,-47.7003194083879,6.41819525216406));
#9394=CARTESIAN_POINT('Ctrl Pts',(-3.75184570365972,-47.7003194083879,6.21145783963725));
#9395=CARTESIAN_POINT('Ctrl Pts',(-3.54611709966176,-47.7003194083879,6.03595846936271));
#9396=CARTESIAN_POINT('Ctrl Pts',(-3.38416446474622,-47.7003194083879,5.83252424276397));
#9397=CARTESIAN_POINT('',(-2.68076609796872,-47.7003194083874,4.69225198909483));
#9398=CARTESIAN_POINT('Ctrl Pts',(-3.38416446474622,-47.7003194083879,5.83252424276397));
#9399=CARTESIAN_POINT('Ctrl Pts',(-3.10627658108453,-47.7003194083879,5.48348417957022));
#9400=CARTESIAN_POINT('Ctrl Pts',(-2.97875156593753,-47.7003194083879,5.03278338018371));
#9401=CARTESIAN_POINT('Ctrl Pts',(-2.68076609796872,-47.7003194083879,4.69225198909483));
#9402=CARTESIAN_POINT('',(-2.24288511094539,-47.7003194083874,4.55952148777103));
#9403=CARTESIAN_POINT('Ctrl Pts',(-2.68076609796872,-47.7003194083879,4.69225198909483));
#9404=CARTESIAN_POINT('Ctrl Pts',(-2.57468317570158,-47.7003194083879,4.57099764576007));
#9405=CARTESIAN_POINT('Ctrl Pts',(-2.33150308894429,-47.7003194083879,4.32960881343546));
#9406=CARTESIAN_POINT('Ctrl Pts',(-2.24288511094539,-47.7003194083879,4.55952148777103));
#9407=CARTESIAN_POINT('',(-2.47212638519318,-47.7003194083874,5.78779498806073));
#9408=CARTESIAN_POINT('Ctrl Pts',(-2.24288511094539,-47.7003194083879,4.55952148777103));
#9409=CARTESIAN_POINT('Ctrl Pts',(-2.12325459912067,-47.7003194083879,4.86982279093791));
#9410=CARTESIAN_POINT('Ctrl Pts',(-2.35770135954525,-47.7003194083879,5.49854199222604));
#9411=CARTESIAN_POINT('Ctrl Pts',(-2.47212638519318,-47.7003194083879,5.78779498806073));
#9412=CARTESIAN_POINT('',(-3.99403758265122,-47.7003194083878,8.67685121804817));
#9413=CARTESIAN_POINT('Ctrl Pts',(-2.47212638519318,-47.7003194083879,5.78779498806073));
#9414=CARTESIAN_POINT('Ctrl Pts',(-2.73960158810412,-47.7003194083879,6.46387437569379));
#9415=CARTESIAN_POINT('Ctrl Pts',(-3.22422773849121,-47.7003194083879,7.03252718668558));
#9416=CARTESIAN_POINT('Ctrl Pts',(-3.68635461621545,-47.7003194083879,8.01963632324086));
#9417=CARTESIAN_POINT('Ctrl Pts',(-3.84019609943333,-47.7003194083879,8.34824377064448));
#9418=CARTESIAN_POINT('Ctrl Pts',(-3.99403758265122,-47.7003194083879,8.67685121804817));
#9419=CARTESIAN_POINT('',(-3.2632557902816,-47.7003194083878,8.63197947671247));
#9420=CARTESIAN_POINT('Origin',(-4.15246301587557,-47.7003194083879,0.123535454995445));
#9421=CARTESIAN_POINT('',(-1.1061499355146,-47.7003194083879,4.78250330983076));
#9422=CARTESIAN_POINT('Ctrl Pts',(-3.2632557902794,-47.7003194083878,8.6319794767336));
#9423=CARTESIAN_POINT('Ctrl Pts',(-3.1400600852737,-47.7003194083878,8.46856546224471));
#9424=CARTESIAN_POINT('Ctrl Pts',(-3.01686438026801,-47.7003194083878,8.30515144775581));
#9425=CARTESIAN_POINT('Ctrl Pts',(-2.89366867526231,-47.7003194083878,8.14173743326691));
#9426=CARTESIAN_POINT('Ctrl Pts',(-2.1481129667351,-47.7003194083878,7.15278857867893));
#9427=CARTESIAN_POINT('Ctrl Pts',(-1.34599482096555,-47.7003194083879,6.08412766874596));
#9428=CARTESIAN_POINT('Ctrl Pts',(-1.1061501432754,-47.7003194083879,4.78250443736212));
#9429=CARTESIAN_POINT('',(-1.05718306074401,-47.7003194083879,4.45729752319853));
#9430=CARTESIAN_POINT('Ctrl Pts',(-1.10614972781713,-47.7003194083879,4.78250218264306));
#9431=CARTESIAN_POINT('Ctrl Pts',(-1.0859607612662,-47.7003194083879,4.67293287254697));
#9432=CARTESIAN_POINT('Ctrl Pts',(-1.07036317232901,-47.7003194083879,4.56441500260515));
#9433=CARTESIAN_POINT('Ctrl Pts',(-1.05718306074401,-47.7003194083879,4.45729752319853));
#9434=CARTESIAN_POINT('',(-0.984812834379323,-47.7003194083879,4.30943569943395));
#9435=CARTESIAN_POINT('Origin',(-0.862885661709628,-47.7003194083879,4.46075387482243));
#9436=CARTESIAN_POINT('',(-0.984812834379329,-47.7003194083879,4.30943569943396));
#9437=CARTESIAN_POINT('',(-4.38394425313467,-47.7003194083879,3.30304627935459));
#9438=CARTESIAN_POINT('',(-3.82260409764411,-47.7003194083874,0.364770911832369));
#9439=CARTESIAN_POINT('Ctrl Pts',(-4.38394425313467,-47.7003194083879,3.30304627935459));
#9440=CARTESIAN_POINT('Ctrl Pts',(-4.37350590023146,-47.7003194083879,2.88699274272096));
#9441=CARTESIAN_POINT('Ctrl Pts',(-4.36306754732826,-47.7003194083879,2.47093920608734));
#9442=CARTESIAN_POINT('Ctrl Pts',(-4.33762775887586,-47.7003194083879,1.45695605616076));
#9443=CARTESIAN_POINT('Ctrl Pts',(-4.15171485365198,-47.7003194083879,0.864231074846003));
#9444=CARTESIAN_POINT('Ctrl Pts',(-3.82260409764411,-47.7003194083879,0.364770911832369));
#9445=CARTESIAN_POINT('',(-1.81317538758588,-47.7003194083874,-1.36648973742829));
#9446=CARTESIAN_POINT('Ctrl Pts',(-3.82260409764411,-47.700319408388,0.364770911832369));
#9447=CARTESIAN_POINT('Ctrl Pts',(-3.33238123812831,-47.700319408388,-0.379213846511297));
#9448=CARTESIAN_POINT('Ctrl Pts',(-2.5618052778346,-47.700319408388,-0.883488272749812));
#9449=CARTESIAN_POINT('Ctrl Pts',(-1.81317538758588,-47.700319408388,-1.36648973742829));
#9450=CARTESIAN_POINT('',(-0.245994327717329,-47.7003194083874,-2.33680466124217));
#9451=CARTESIAN_POINT('Ctrl Pts',(-1.81317538758588,-47.7003194083881,-1.36648973742829));
#9452=CARTESIAN_POINT('Ctrl Pts',(-1.29484939462464,-47.7003194083881,-1.70091873382617));
#9453=CARTESIAN_POINT('Ctrl Pts',(-0.767791783727874,-47.7003194083881,
-2.01502805428484));
#9454=CARTESIAN_POINT('Ctrl Pts',(-0.245994327717329,-47.7003194083881,
-2.33680466124217));
#9455=CARTESIAN_POINT('',(-1.46206389282359,-47.7003194083874,-0.0194254025228995));
#9456=CARTESIAN_POINT('Ctrl Pts',(-0.245994327717329,-47.7003194083881,
-2.33680466124217));
#9457=CARTESIAN_POINT('Ctrl Pts',(-0.349166141206899,-47.7003194083881,
-1.42986102204988));
#9458=CARTESIAN_POINT('Ctrl Pts',(-1.38010866378744,-47.7003194083881,-0.91136760616599));
#9459=CARTESIAN_POINT('Ctrl Pts',(-1.46206389282359,-47.7003194083881,-0.0194254025228999));
#9460=CARTESIAN_POINT('',(0.42599857388526,-47.7003194083874,-0.924635018587709));
#9461=CARTESIAN_POINT('Ctrl Pts',(-1.46206389282359,-47.700319408388,-0.0194254025228999));
#9462=CARTESIAN_POINT('Ctrl Pts',(-0.834072468729853,-47.700319408388,-0.285166582306352));
#9463=CARTESIAN_POINT('Ctrl Pts',(-0.152058109328426,-47.700319408388,-0.558744179908299));
#9464=CARTESIAN_POINT('Ctrl Pts',(0.42599857388526,-47.700319408388,-0.924635018587709));
#9465=CARTESIAN_POINT('',(1.48823380742751,-47.7003194083874,-2.6270100884991));
#9466=CARTESIAN_POINT('Ctrl Pts',(0.42599857388526,-47.7003194083881,-0.924635018587709));
#9467=CARTESIAN_POINT('Ctrl Pts',(1.0193949552878,-47.7003194083881,-1.30021076082348));
#9468=CARTESIAN_POINT('Ctrl Pts',(1.53184235358728,-47.7003194083881,-1.92607523044064));
#9469=CARTESIAN_POINT('Ctrl Pts',(1.48823380742751,-47.7003194083881,-2.6270100884991));
#9470=CARTESIAN_POINT('',(1.98008135265192,-47.7003194083874,-2.72760734745358));
#9471=CARTESIAN_POINT('Origin',(1.44662919247027,-47.7003194083881,-4.28021212148899));
#9472=CARTESIAN_POINT('',(2.36483631288175,-47.7003194083874,-2.86744648940147));
#9473=CARTESIAN_POINT('Ctrl Pts',(1.98008135265192,-47.7003194083881,-2.72760734745358));
#9474=CARTESIAN_POINT('Ctrl Pts',(2.10004671032196,-47.7003194083881,-2.76679285334039));
#9475=CARTESIAN_POINT('Ctrl Pts',(2.24470182389189,-47.7003194083881,-2.86811788948926));
#9476=CARTESIAN_POINT('Ctrl Pts',(2.36483631288175,-47.7003194083881,-2.86744648940147));
#9477=CARTESIAN_POINT('',(2.16772828100329,-47.7003194083874,-0.830082068820462));
#9478=CARTESIAN_POINT('Ctrl Pts',(2.36483631288175,-47.7003194083881,-2.86744648940147));
#9479=CARTESIAN_POINT('Ctrl Pts',(2.50361283178995,-47.7003194083881,-2.23721364822079));
#9480=CARTESIAN_POINT('Ctrl Pts',(2.3423879740688,-47.7003194083881,-1.43937679428642));
#9481=CARTESIAN_POINT('Ctrl Pts',(2.16772828100329,-47.7003194083881,-0.830082068820462));
#9482=CARTESIAN_POINT('',(2.72462475687015,-47.7003194083874,-1.13528893162659));
#9483=CARTESIAN_POINT('Ctrl Pts',(2.16772828100329,-47.7003194083881,-0.830082068820462));
#9484=CARTESIAN_POINT('Ctrl Pts',(2.37065853043689,-47.7003194083881,-0.892500067821225));
#9485=CARTESIAN_POINT('Ctrl Pts',(2.5415682917144,-47.7003194083881,-1.02769407786406));
#9486=CARTESIAN_POINT('Ctrl Pts',(2.72462475687015,-47.7003194083881,-1.13528893162659));
#9487=CARTESIAN_POINT('',(3.32955111077255,-47.7003194083874,-1.26925118730991));
#9488=CARTESIAN_POINT('Ctrl Pts',(2.72462475687015,-47.7003194083881,-1.13528893162659));
#9489=CARTESIAN_POINT('Ctrl Pts',(2.90762484491929,-47.7003194083881,-1.24294016249574));
#9490=CARTESIAN_POINT('Ctrl Pts',(3.12493979852375,-47.7003194083881,-1.32590334586214));
#9491=CARTESIAN_POINT('Ctrl Pts',(3.32955111077255,-47.7003194083881,-1.26925118730991));
#9492=CARTESIAN_POINT('',(3.87133168847989,-47.7003194083874,-0.602743949019987));
#9493=CARTESIAN_POINT('Ctrl Pts',(3.32955111077255,-47.7003194083881,-1.26925118730991));
#9494=CARTESIAN_POINT('Ctrl Pts',(3.61617232076697,-47.7003194083881,-1.18987051280886));
#9495=CARTESIAN_POINT('Ctrl Pts',(3.76188834897948,-47.7003194083881,-0.879289032506114));
#9496=CARTESIAN_POINT('Ctrl Pts',(3.87133168847989,-47.7003194083881,-0.602743949019987));
#9497=CARTESIAN_POINT('',(2.36919955925377,-47.7003194083874,-0.617579670043707));
#9498=CARTESIAN_POINT('Origin',(3.08647569471898,-47.7003194083881,3.05286955714977));
#9499=CARTESIAN_POINT('',(1.62504737798745,-47.7003194083874,-0.0571570624180929));
#9500=CARTESIAN_POINT('Ctrl Pts',(2.36919955925377,-47.700319408388,-0.617579670043707));
#9501=CARTESIAN_POINT('Ctrl Pts',(2.06863953674986,-47.700319408388,-0.574755278184935));
#9502=CARTESIAN_POINT('Ctrl Pts',(1.80592051156002,-47.700319408388,-0.283319804965653));
#9503=CARTESIAN_POINT('Ctrl Pts',(1.62504737798745,-47.700319408388,-0.0571570624180929));
#9504=CARTESIAN_POINT('',(0.571936693729824,-47.7003194083874,0.965106802539184));
#9505=CARTESIAN_POINT('Ctrl Pts',(1.62504737798745,-47.700319408388,-0.0571570624180929));
#9506=CARTESIAN_POINT('Ctrl Pts',(1.29548731352389,-47.700319408388,0.355027922772225));
#9507=CARTESIAN_POINT('Ctrl Pts',(1.19550678594776,-47.700319408388,0.906551489539646));
#9508=CARTESIAN_POINT('Ctrl Pts',(0.571936693729824,-47.700319408388,0.965106802539184));
#9509=CARTESIAN_POINT('',(-0.423624923461359,-47.7003194083874,0.988897941527701));
#9510=CARTESIAN_POINT('Ctrl Pts',(0.571936693729824,-47.700319408388,0.965106802539184));
#9511=CARTESIAN_POINT('Ctrl Pts',(0.238235474526339,-47.700319408388,0.996455890607497));
#9512=CARTESIAN_POINT('Ctrl Pts',(-0.116906129159837,-47.700319408388,0.853873062804691));
#9513=CARTESIAN_POINT('Ctrl Pts',(-0.423624923461359,-47.700319408388,0.988897941527701));
#9514=CARTESIAN_POINT('',(-1.41123736862084,-47.7003194083874,2.14014237602076));
#9515=CARTESIAN_POINT('Ctrl Pts',(-0.423624923461359,-47.700319408388,0.988897941527701));
#9516=CARTESIAN_POINT('Ctrl Pts',(-0.895038330136173,-47.700319408388,1.19641865415693));
#9517=CARTESIAN_POINT('Ctrl Pts',(-0.94693260257013,-47.700319408388,1.91711539647862));
#9518=CARTESIAN_POINT('Ctrl Pts',(-1.41123736862084,-47.700319408388,2.14014237602076));
#9519=CARTESIAN_POINT('',(0.897352186659124,-47.7003194083874,1.25508672136968));
#9520=CARTESIAN_POINT('Origin',(-3.23924638388339,-47.7003194083879,-6.07075989681706));
#9521=CARTESIAN_POINT('',(0.248926624015798,-47.7003194083874,2.41204147340325));
#9522=CARTESIAN_POINT('Ctrl Pts',(0.897352186659124,-47.700319408388,1.25508672136968));
#9523=CARTESIAN_POINT('Ctrl Pts',(0.927973497533042,-47.700319408388,1.62360849169079));
#9524=CARTESIAN_POINT('Ctrl Pts',(0.48964320205403,-47.700319408388,2.16835740948083));
#9525=CARTESIAN_POINT('Ctrl Pts',(0.248926624015798,-47.700319408388,2.41204147340325));
#9526=CARTESIAN_POINT('',(-1.86854624826066,-47.7003194083874,3.49370203696625));
#9527=CARTESIAN_POINT('Ctrl Pts',(0.248926624015798,-47.7003194083879,2.41204147340325));
#9528=CARTESIAN_POINT('Ctrl Pts',(-0.312169092094778,-47.7003194083879,
2.98019030722989));
#9529=CARTESIAN_POINT('Ctrl Pts',(-1.14113294246537,-47.7003194083879,3.16431110382251));
#9530=CARTESIAN_POINT('Ctrl Pts',(-1.86854624826066,-47.7003194083879,3.49370203696625));
#9531=CARTESIAN_POINT('',(-3.47267481372341,-47.7003194083874,4.61309340622586));
#9532=CARTESIAN_POINT('Origin',(-0.431569718907145,-47.7003194083879,7.26601208185384));
#9533=CARTESIAN_POINT('',(-3.12374665054429,-47.7003194083874,3.09931769608808));
#9534=CARTESIAN_POINT('Ctrl Pts',(-3.47267481372341,-47.7003194083878,4.61309340622586));
#9535=CARTESIAN_POINT('Ctrl Pts',(-3.21242100564979,-47.7003194083878,4.15685056642008));
#9536=CARTESIAN_POINT('Ctrl Pts',(-3.0894864536984,-47.7003194083878,3.62346590660445));
#9537=CARTESIAN_POINT('Ctrl Pts',(-3.12374665054429,-47.7003194083878,3.09931769608808));
#9538=CARTESIAN_POINT('',(-4.04379027923565,-47.7003194083874,3.33583674227979));
#9539=CARTESIAN_POINT('Ctrl Pts',(-3.12374665054429,-47.7003194083879,3.09931769608808));
#9540=CARTESIAN_POINT('Ctrl Pts',(-3.35248394762694,-47.7003194083879,3.33309391062346));
#9541=CARTESIAN_POINT('Ctrl Pts',(-3.71742320908269,-47.7003194083879,3.35666124958271));
#9542=CARTESIAN_POINT('Ctrl Pts',(-4.04379027923565,-47.7003194083879,3.33583674227979));
#9543=CARTESIAN_POINT('',(-4.06771911404617,-47.7003194083879,3.33425406096797));
#9544=CARTESIAN_POINT('Origin',(-4.1593924690002,-47.7003194083879,-1.30983635170803));
#9545=CARTESIAN_POINT('Ctrl Pts',(-4.06771911404617,-47.7003194083879,3.33425406096797));
#9546=CARTESIAN_POINT('Ctrl Pts',(-4.12056410965813,-47.7003194083879,3.33063780821507));
#9547=CARTESIAN_POINT('Ctrl Pts',(-4.17335320153292,-47.7003194083879,3.32622365147935));
#9548=CARTESIAN_POINT('Ctrl Pts',(-4.27877770278812,-47.7003194083879,3.31581546288001));
#9549=CARTESIAN_POINT('Ctrl Pts',(-4.33141091587064,-47.7003194083879,3.3098216515749));
#9550=CARTESIAN_POINT('Ctrl Pts',(-4.38394425313467,-47.7003194083879,3.30304627935459));
#9551=CARTESIAN_POINT('',(-7.29572185416284,-47.7003194083881,-2.42896084047094));
#9552=CARTESIAN_POINT('',(-7.62269100976731,-47.7003194083874,-4.49424890210361));
#9553=CARTESIAN_POINT('Ctrl Pts',(-7.29572185416234,-47.7003194083881,-2.42896084046977));
#9554=CARTESIAN_POINT('Ctrl Pts',(-7.56995631477428,-47.7003194083881,-3.08690514643565));
#9555=CARTESIAN_POINT('Ctrl Pts',(-7.69106770220768,-47.7003194083881,-3.81074847012583));
#9556=CARTESIAN_POINT('Ctrl Pts',(-7.62269100976731,-47.7003194083881,-4.49424890210361));
#9557=CARTESIAN_POINT('',(-7.61124269841124,-47.7003194083881,-4.59731699849672));
#9558=CARTESIAN_POINT('Origin',(-3.20790915045755,-47.7003194083881,-4.49757165843641));
#9559=CARTESIAN_POINT('',(-4.61977470362233,-47.7003194083881,-4.4790985428731));
#9560=CARTESIAN_POINT('Ctrl Pts',(-7.61124269841124,-47.7003194083881,-4.59731699849673));
#9561=CARTESIAN_POINT('Ctrl Pts',(-7.34906193426043,-47.7003194083881,-4.57709590285016));
#9562=CARTESIAN_POINT('Ctrl Pts',(-7.08688117010962,-47.7003194083881,-4.5568748072036));
#9563=CARTESIAN_POINT('Ctrl Pts',(-6.8247004059588,-47.7003194083881,-4.53665371155703));
#9564=CARTESIAN_POINT('Ctrl Pts',(-6.09654983533331,-47.7003194083881,-4.48049397618738));
#9565=CARTESIAN_POINT('Ctrl Pts',(-5.36557065869386,-47.7003194083881,-4.46114613952611));
#9566=CARTESIAN_POINT('Ctrl Pts',(-4.63549536947557,-47.7003194083881,-4.47872012337061));
#9567=CARTESIAN_POINT('Ctrl Pts',(-4.63025514752449,-47.7003194083881,-4.47884626320477));
#9568=CARTESIAN_POINT('Ctrl Pts',(-4.62501492557341,-47.7003194083881,-4.47897240303894));
#9569=CARTESIAN_POINT('Ctrl Pts',(-4.61977470362232,-47.7003194083881,-4.4790985428731));
#9570=CARTESIAN_POINT('',(-4.58942554566784,-47.7003194083881,-3.09929060016382));
#9571=CARTESIAN_POINT('Origin',(-0.510277885398636,-47.7003194083881,-3.85718112834541));
#9572=CARTESIAN_POINT('Ctrl Pts',(-4.58942554566783,-47.7003194083881,-3.09929060016382));
#9573=CARTESIAN_POINT('Ctrl Pts',(-4.60700640303867,-47.7003194083881,-3.08782963359613));
#9574=CARTESIAN_POINT('Ctrl Pts',(-4.62458726040951,-47.7003194083881,-3.07636866702844));
#9575=CARTESIAN_POINT('Ctrl Pts',(-4.64216811778034,-47.7003194083881,-3.06490770046074));
#9576=CARTESIAN_POINT('Ctrl Pts',(-5.12612986925869,-47.7003194083881,-2.74941287920495));
#9577=CARTESIAN_POINT('Ctrl Pts',(-5.69107254388474,-47.7003194083881,-2.55684217138214));
#9578=CARTESIAN_POINT('Ctrl Pts',(-6.26694408764591,-47.7003194083881,-2.5109485178727));
#9579=CARTESIAN_POINT('Ctrl Pts',(-6.56448969580458,-47.7003194083881,-2.48723584237757));
#9580=CARTESIAN_POINT('Ctrl Pts',(-6.86203530396324,-47.7003194083881,-2.46352316688244));
#9581=CARTESIAN_POINT('Ctrl Pts',(-7.15958091212191,-47.7003194083881,-2.4398104913873));
#9582=CARTESIAN_POINT('Ctrl Pts',(-7.20496122613555,-47.7003194083881,-2.43619394108185));
#9583=CARTESIAN_POINT('Ctrl Pts',(-7.25034154014919,-47.7003194083881,-2.43257739077639));
#9584=CARTESIAN_POINT('Ctrl Pts',(-7.29572185416284,-47.7003194083881,-2.42896084047094));
#9585=CARTESIAN_POINT('',(-7.58684624466835,-47.7003194083881,-4.77069436291717));
#9586=CARTESIAN_POINT('',(-7.01398088340538,-47.7003194083881,-6.41696997087086));
#9587=CARTESIAN_POINT('Origin',(-3.74636304922046,-47.7003194083884,-4.55801587522084));
#9588=CARTESIAN_POINT('',(-4.47164468326861,-47.7003194083874,-6.61692726055685));
#9589=CARTESIAN_POINT('Ctrl Pts',(-7.01398088340538,-47.7003194083882,-6.41696997087086));
#9590=CARTESIAN_POINT('Ctrl Pts',(-6.74892181446782,-47.7003194083882,-6.43781173065437));
#9591=CARTESIAN_POINT('Ctrl Pts',(-6.48386274553026,-47.7003194083882,-6.45865349043788));
#9592=CARTESIAN_POINT('Ctrl Pts',(-5.63643670731926,-47.7003194083882,-6.52528712796434));
#9593=CARTESIAN_POINT('Ctrl Pts',(-5.05401165254205,-47.7003194083882,-6.5711353828139));
#9594=CARTESIAN_POINT('Ctrl Pts',(-4.47164468326861,-47.7003194083882,-6.61692726055685));
#9595=CARTESIAN_POINT('',(-4.6035910302914,-47.7003194083874,-5.21612016747963));
#9596=CARTESIAN_POINT('Ctrl Pts',(-4.47164468326861,-47.7003194083882,-6.61692726055685));
#9597=CARTESIAN_POINT('Ctrl Pts',(-4.5156444523803,-47.7003194083882,-6.14999156286444));
#9598=CARTESIAN_POINT('Ctrl Pts',(-4.55958955278255,-47.7003194083882,-5.68305586517204));
#9599=CARTESIAN_POINT('Ctrl Pts',(-4.6035910302914,-47.7003194083882,-5.21612016747963));
#9600=CARTESIAN_POINT('Ctrl Pts',(-4.6035910302914,-47.7003194083881,-5.21612016747963));
#9601=CARTESIAN_POINT('Ctrl Pts',(-5.30458226545647,-47.7003194083881,-5.01486927246406));
#9602=CARTESIAN_POINT('Ctrl Pts',(-6.02634248501645,-47.7003194083881,-4.8860014571415));
#9603=CARTESIAN_POINT('Ctrl Pts',(-7.03137857821991,-47.7003194083881,-4.81173839255028));
#9604=CARTESIAN_POINT('Ctrl Pts',(-7.30911241144413,-47.7003194083881,-4.79121637773372));
#9605=CARTESIAN_POINT('Ctrl Pts',(-7.58684624466835,-47.7003194083881,-4.77069436291717));
#9606=CARTESIAN_POINT('',(-7.24211181508536,-47.7003194083881,-2.3054967548668));
#9607=CARTESIAN_POINT('',(-4.37889291353447,-47.7003194083881,-2.328666892688));
#9608=CARTESIAN_POINT('Ctrl Pts',(-7.24211181508536,-47.7003194083881,-2.30549675486679));
#9609=CARTESIAN_POINT('Ctrl Pts',(-6.91708076241442,-47.7003194083881,-2.27942167473506));
#9610=CARTESIAN_POINT('Ctrl Pts',(-6.59204970974348,-47.7003194083881,-2.25334659460332));
#9611=CARTESIAN_POINT('Ctrl Pts',(-6.26701865707255,-47.7003194083881,-2.22727151447159));
#9612=CARTESIAN_POINT('Ctrl Pts',(-5.65310639176539,-47.7003194083881,-2.17802141550351));
#9613=CARTESIAN_POINT('Ctrl Pts',(-5.03295588420957,-47.7003194083881,-2.20926400410609));
#9614=CARTESIAN_POINT('Ctrl Pts',(-4.42705768780921,-47.7003194083881,-2.31987414117301));
#9615=CARTESIAN_POINT('Ctrl Pts',(-4.41100276305096,-47.7003194083881,-2.32280505834468));
#9616=CARTESIAN_POINT('Ctrl Pts',(-4.39494783829272,-47.7003194083881,-2.32573597551634));
#9617=CARTESIAN_POINT('Ctrl Pts',(-4.37889291353447,-47.7003194083881,-2.328666892688));
#9618=CARTESIAN_POINT('',(-3.36815165807242,-47.7003194083874,-1.16843183672334));
#9619=CARTESIAN_POINT('Origin',(-1.5914685163829,-47.7003194083881,-3.75820795165659));
#9620=CARTESIAN_POINT('',(-3.99899952223428,-47.7003194083874,-0.749080125405146));
#9621=CARTESIAN_POINT('Ctrl Pts',(-3.36815165807242,-47.7003194083881,-1.16843183672334));
#9622=CARTESIAN_POINT('Ctrl Pts',(-3.44630228661111,-47.7003194083881,-1.23001101271366));
#9623=CARTESIAN_POINT('Ctrl Pts',(-3.93669256904956,-47.7003194083881,-0.807244215452769));
#9624=CARTESIAN_POINT('Ctrl Pts',(-3.99899952223428,-47.7003194083881,-0.749080125405146));
#9625=CARTESIAN_POINT('',(-4.65996472010493,-47.7003194083874,-0.199181244346332));
#9626=CARTESIAN_POINT('Ctrl Pts',(-3.99899952223428,-47.700319408388,-0.749080125405146));
#9627=CARTESIAN_POINT('Ctrl Pts',(-4.20819958928155,-47.700319408388,-0.553651447944723));
#9628=CARTESIAN_POINT('Ctrl Pts',(-4.47567650058966,-47.700319408388,-0.423271701126762));
#9629=CARTESIAN_POINT('Ctrl Pts',(-4.65996472010493,-47.700319408388,-0.199181244346333));
#9630=CARTESIAN_POINT('',(-4.83165692728627,-47.7003194083874,0.38083497042127));
#9631=CARTESIAN_POINT('Ctrl Pts',(-4.65996472010493,-47.700319408388,-0.199181244346333));
#9632=CARTESIAN_POINT('Ctrl Pts',(-4.7925260901089,-47.700319408388,-0.0380127637317965));
#9633=CARTESIAN_POINT('Ctrl Pts',(-4.87604962774704,-47.700319408388,0.1768967666574));
#9634=CARTESIAN_POINT('Ctrl Pts',(-4.83165692728627,-47.700319408388,0.38083497042127));
#9635=CARTESIAN_POINT('',(-5.92216271719662,-47.7003194083874,-0.665108987708479));
#9636=CARTESIAN_POINT('Ctrl Pts',(-4.83165692728627,-47.700319408388,0.38083497042127));
#9637=CARTESIAN_POINT('Ctrl Pts',(-5.0588276241641,-47.700319408388,-0.0750713151420359));
#9638=CARTESIAN_POINT('Ctrl Pts',(-5.50465778321912,-47.700319408388,-0.373280583140113));
#9639=CARTESIAN_POINT('Ctrl Pts',(-5.92216271719662,-47.700319408388,-0.665108987708479));
#9640=CARTESIAN_POINT('Ctrl Pts',(-5.92216271719662,-47.700319408388,-0.665108987708479));
#9641=CARTESIAN_POINT('Ctrl Pts',(-6.4919791111022,-47.700319408388,-1.06338941743666));
#9642=CARTESIAN_POINT('Ctrl Pts',(-6.94460377891478,-47.700319408388,-1.64711841318903));
#9643=CARTESIAN_POINT('Ctrl Pts',(-7.24211181508575,-47.700319408388,-2.30549675486766));
#9644=CARTESIAN_POINT('Ctrl Pts',(-1.93585523692448,-49.1232314083939,5.24316344663749));
#9645=CARTESIAN_POINT('Ctrl Pts',(-1.93585523692448,-46.920563632386,5.24316344663743));
#9646=CARTESIAN_POINT('Ctrl Pts',(-1.0448378960942,-49.1232314083939,4.43535940182732));
#9647=CARTESIAN_POINT('Ctrl Pts',(-1.0448378960942,-46.920563632386,4.43535940182726));
#9648=CARTESIAN_POINT('Ctrl Pts',(-0.153820555263926,-49.1232314083939,
3.62755535701714));
#9649=CARTESIAN_POINT('Ctrl Pts',(-0.153820555263926,-46.920563632386,3.62755535701708));
#9650=CARTESIAN_POINT('Ctrl Pts',(0.737196785566357,-49.1232314083939,2.81975131220696));
#9651=CARTESIAN_POINT('Ctrl Pts',(0.737196785566357,-46.920563632386,2.8197513122069));
#9652=CARTESIAN_POINT('Ctrl Pts',(1.16096982876035,-49.1232314083939,2.43555499785169));
#9653=CARTESIAN_POINT('Ctrl Pts',(1.16096982876035,-46.920563632386,2.43555499785163));
#9654=CARTESIAN_POINT('Ctrl Pts',(1.50116637400392,-49.1232314083939,1.95803919648587));
#9655=CARTESIAN_POINT('Ctrl Pts',(1.50116637400392,-46.920563632386,1.95803919648581));
#9656=CARTESIAN_POINT('Ctrl Pts',(1.71725128164603,-49.1232314083939,1.42795772259831));
#9657=CARTESIAN_POINT('Ctrl Pts',(1.71725128164603,-46.920563632386,1.42795772259825));
#9658=CARTESIAN_POINT('',(1.71725128164603,-48.0560474083874,1.42795772259828));
#9659=CARTESIAN_POINT('Origin',(-0.731434608465953,-49.1232314083938,4.05732608028982));
#9660=CARTESIAN_POINT('',(-0.984812834379323,-48.0560474083874,4.30943569943397));
#9661=CARTESIAN_POINT('Ctrl Pts',(-7.70540081838462,-49.1232314083878,-8.14165295334334));
#9662=CARTESIAN_POINT('Ctrl Pts',(-7.70540081838462,-47.0742381283874,-8.14165295334343));
#9663=CARTESIAN_POINT('Ctrl Pts',(-8.1425154058809,-49.1232314083878,-7.34642930672534));
#9664=CARTESIAN_POINT('Ctrl Pts',(-8.1425154058809,-47.0742381283874,-7.34642930672542));
#9665=CARTESIAN_POINT('Ctrl Pts',(-8.57764442207405,-49.1232314083878,-6.38825155697627));
#9666=CARTESIAN_POINT('Ctrl Pts',(-8.57764442207405,-47.0742381283874,-6.38825155697635));
#9667=CARTESIAN_POINT('Ctrl Pts',(-8.73078237821617,-49.1232314083878,-5.27655428395793));
#9668=CARTESIAN_POINT('Ctrl Pts',(-8.73078237821617,-47.0742381283874,-5.27655428395801));
#9669=CARTESIAN_POINT('Ctrl Pts',(-8.82702220483532,-49.1232314083878,-4.57790611400996));
#9670=CARTESIAN_POINT('Ctrl Pts',(-8.82702220483532,-47.0742381283874,-4.57790611401004));
#9671=CARTESIAN_POINT('Ctrl Pts',(-8.80272818401751,-49.1232314083878,-3.80544977115296));
#9672=CARTESIAN_POINT('Ctrl Pts',(-8.80272818401751,-47.0742381283874,-3.80544977115305));
#9673=CARTESIAN_POINT('Ctrl Pts',(-8.54176613655642,-49.1232314083878,-3.04024267742209));
#9674=CARTESIAN_POINT('Ctrl Pts',(-8.54176613655642,-47.0742381283874,-3.04024267742217));
#9675=CARTESIAN_POINT('Ctrl Pts',(-8.53500405696142,-49.1232314083878,-3.02041454024735));
#9676=CARTESIAN_POINT('Ctrl Pts',(-8.53500405696142,-47.0742381283874,-3.02041454024743));
#9677=CARTESIAN_POINT('Ctrl Pts',(-8.53308691893315,-49.1232314083878,-3.01479454061207));
#9678=CARTESIAN_POINT('Ctrl Pts',(-8.53308691893315,-47.0742381283874,-3.01479454061215));
#9679=CARTESIAN_POINT('Ctrl Pts',(-8.5287519769335,-49.1232314083878,-3.00208415681184));
#9680=CARTESIAN_POINT('Ctrl Pts',(-8.5287519769335,-47.0742381283874,-3.00208415681192));
#9681=CARTESIAN_POINT('Ctrl Pts',(-8.03607267714421,-47.7003194083882,-7.49892380427779));
#9682=CARTESIAN_POINT('Ctrl Pts',(-8.03607267714421,-47.8307530083892,-7.4989238042778));
#9683=CARTESIAN_POINT('Ctrl Pts',(-8.03607267714419,-47.9611866083902,-7.49892380427783));
#9684=CARTESIAN_POINT('Ctrl Pts',(-8.03607267714418,-48.2220538083922,-7.49892380427784));
#9685=CARTESIAN_POINT('Ctrl Pts',(-8.03607267714419,-48.3524874083932,-7.49892380427781));
#9686=CARTESIAN_POINT('Ctrl Pts',(-8.03607267714419,-48.4829210083941,-7.49892380427781));
#9687=CARTESIAN_POINT('',(-8.54183909644813,-48.0560474083874,-3.04045663253447));
#9688=CARTESIAN_POINT('Origin',(-4.15246301587559,-49.2504995136332,0.123535454995437));
#9689=CARTESIAN_POINT('',(-12.7072458395585,-49.2504995136332,0.123535454995355));
#9690=CARTESIAN_POINT('',(-12.0985128046824,-48.0560474083874,-3.04578654098117));
#9691=CARTESIAN_POINT('',(-10.3658778694616,-48.0560474083874,-5.75675237959356));
#9692=CARTESIAN_POINT('',(-5.01829874375945,-48.0560474083874,-8.38731865330057));
#9693=CARTESIAN_POINT('',(-2.7600336300593,-48.0560474083874,-8.31716650431424));
#9694=CARTESIAN_POINT('',(-1.14020685411003,-48.0560474083874,-7.88337543349861));
#9695=CARTESIAN_POINT('',(4.20307885157585,-48.0560474083874,-1.71201058410164));
#9696=CARTESIAN_POINT('',(4.40200164293025,-48.0560474083874,0.19731595120435));
#9697=CARTESIAN_POINT('',(-3.2632557902445,-48.4829210083937,8.63197947668729));
#9698=CARTESIAN_POINT('',(-3.99403758265122,-47.7003194083878,8.67685121804817));
#9699=CARTESIAN_POINT('',(-5.57562931708993,-48.0560474083874,8.55910934415473));
#9700=CARTESIAN_POINT('',(-6.08338645117817,-48.0560474083874,8.45755272443864));
#9701=CARTESIAN_POINT('',(-8.2309751392445,-48.0560474083874,7.64351205202761));
#9702=CARTESIAN_POINT('',(-8.35980151699222,-48.0560474083874,7.57220056341323));
#9703=CARTESIAN_POINT('Ctrl Pts',(-2.57029244290608,-49.1232314083874,3.42992076040281));
#9704=CARTESIAN_POINT('Ctrl Pts',(-2.57029244290608,-46.5619898083874,3.42992076040274));
#9705=CARTESIAN_POINT('Ctrl Pts',(-3.06145838834927,-49.1232314083874,3.39855942102848));
#9706=CARTESIAN_POINT('Ctrl Pts',(-3.06145838834927,-46.5619898083874,3.39855942102841));
#9707=CARTESIAN_POINT('Ctrl Pts',(-3.55262433379246,-49.1232314083874,3.36719808165415));
#9708=CARTESIAN_POINT('Ctrl Pts',(-3.55262433379246,-46.5619898083874,3.36719808165408));
#9709=CARTESIAN_POINT('Ctrl Pts',(-4.04379027923565,-49.1232314083874,3.33583674227982));
#9710=CARTESIAN_POINT('Ctrl Pts',(-4.04379027923565,-46.5619898083874,3.33583674227976));
#9711=CARTESIAN_POINT('Ctrl Pts',(-5.19145220486335,-49.1232314083874,3.2625576082712));
#9712=CARTESIAN_POINT('Ctrl Pts',(-5.19145220486335,-46.5619898083874,3.26255760827113));
#9713=CARTESIAN_POINT('Ctrl Pts',(-6.31207362008531,-49.1232314083874,2.81275286320032));
#9714=CARTESIAN_POINT('Ctrl Pts',(-6.31207362008531,-46.5619898083874,2.81275286320025));
#9715=CARTESIAN_POINT('Ctrl Pts',(-7.1919237885596,-49.1232314083874,2.07218319079936));
#9716=CARTESIAN_POINT('Ctrl Pts',(-7.1919237885596,-46.5619898083874,2.07218319079929));
#9717=CARTESIAN_POINT('',(-5.17302514059833,-47.7003194083879,3.14065142525896));
#9718=CARTESIAN_POINT('',(-7.1919237885596,-48.0560474083874,2.07218319079933));
#9719=CARTESIAN_POINT('Ctrl Pts',(-3.20148211872422,-49.1232314083874,3.38961879358985));
#9720=CARTESIAN_POINT('Ctrl Pts',(-3.20148211872422,-46.5619898083874,3.38961879358978));
#9721=CARTESIAN_POINT('Ctrl Pts',(-3.48225150556136,-49.1232314083874,3.37169144315318));
#9722=CARTESIAN_POINT('Ctrl Pts',(-3.48225150556136,-46.5619898083874,3.37169144315311));
#9723=CARTESIAN_POINT('Ctrl Pts',(-3.76302089239851,-49.1232314083874,3.3537640927165));
#9724=CARTESIAN_POINT('Ctrl Pts',(-3.76302089239851,-46.5619898083874,3.35376409271643));
#9725=CARTESIAN_POINT('Ctrl Pts',(-4.04379027923565,-49.1232314083874,3.33583674227982));
#9726=CARTESIAN_POINT('Ctrl Pts',(-4.04379027923565,-46.5619898083874,3.33583674227976));
#9727=CARTESIAN_POINT('Ctrl Pts',(-5.19145220486335,-49.1232314083874,3.2625576082712));
#9728=CARTESIAN_POINT('Ctrl Pts',(-5.19145220486335,-46.5619898083874,3.26255760827113));
#9729=CARTESIAN_POINT('Ctrl Pts',(-6.31207362008531,-49.1232314083874,2.81275286320032));
#9730=CARTESIAN_POINT('Ctrl Pts',(-6.31207362008531,-46.5619898083874,2.81275286320025));
#9731=CARTESIAN_POINT('Ctrl Pts',(-7.1919237885596,-49.1232314083874,2.07218319079936));
#9732=CARTESIAN_POINT('Ctrl Pts',(-7.1919237885596,-46.5619898083874,2.07218319079929));
#9733=CARTESIAN_POINT('',(-4.38394425313467,-48.4829210083896,3.30304627935461));
#9734=CARTESIAN_POINT('',(-4.06771911404617,-47.7003194083879,3.33425406096797));
#9735=CARTESIAN_POINT('Ctrl Pts',(-4.4513171457343,-49.1232314083874,5.98840578954285));
#9736=CARTESIAN_POINT('Ctrl Pts',(-4.4513171457343,-46.5619898083872,5.98840578954279));
#9737=CARTESIAN_POINT('Ctrl Pts',(-4.41842116196455,-49.1232314083874,4.67723241617982));
#9738=CARTESIAN_POINT('Ctrl Pts',(-4.41842116196455,-46.5619898083872,4.67723241617975));
#9739=CARTESIAN_POINT('Ctrl Pts',(-4.38552517819481,-49.1232314083874,3.36605904281679));
#9740=CARTESIAN_POINT('Ctrl Pts',(-4.38552517819481,-46.5619898083872,3.36605904281672));
#9741=CARTESIAN_POINT('Ctrl Pts',(-4.35262919442506,-49.1232314083874,2.05488566945376));
#9742=CARTESIAN_POINT('Ctrl Pts',(-4.35262919442506,-46.5619898083872,2.05488566945369));
#9743=CARTESIAN_POINT('Ctrl Pts',(-4.33762775887586,-49.1232314083874,1.4569560561608));
#9744=CARTESIAN_POINT('Ctrl Pts',(-4.33762775887586,-46.5619898083872,1.45695605616073));
#9745=CARTESIAN_POINT('Ctrl Pts',(-4.15171485365198,-49.1232314083874,0.864231074846046));
#9746=CARTESIAN_POINT('Ctrl Pts',(-4.15171485365198,-46.5619898083872,0.864231074845977));
#9747=CARTESIAN_POINT('Ctrl Pts',(-3.82260409764411,-49.1232314083874,0.364770911832406));
#9748=CARTESIAN_POINT('Ctrl Pts',(-3.82260409764411,-46.5619898083872,0.364770911832338));
#9749=CARTESIAN_POINT('',(-3.82260409764411,-48.0560474083874,0.364770911832378));
#9750=CARTESIAN_POINT('Ctrl Pts',(-4.04379027923565,-49.1232314083874,3.33583674227982));
#9751=CARTESIAN_POINT('Ctrl Pts',(-4.04379027923565,-46.5619898083874,3.33583674227976));
#9752=CARTESIAN_POINT('Ctrl Pts',(-5.19145220486335,-49.1232314083874,3.2625576082712));
#9753=CARTESIAN_POINT('Ctrl Pts',(-5.19145220486335,-46.5619898083874,3.26255760827113));
#9754=CARTESIAN_POINT('Ctrl Pts',(-6.31207362008531,-49.1232314083874,2.81275286320032));
#9755=CARTESIAN_POINT('Ctrl Pts',(-6.31207362008531,-46.5619898083874,2.81275286320025));
#9756=CARTESIAN_POINT('Ctrl Pts',(-7.1919237885596,-49.1232314083874,2.07218319079936));
#9757=CARTESIAN_POINT('Ctrl Pts',(-7.1919237885596,-46.5619898083874,2.07218319079929));
#9758=CARTESIAN_POINT('',(-4.04379027923565,-48.0560474083874,3.3358367422798));
#9759=CARTESIAN_POINT('Ctrl Pts',(-6.85104835203165,-49.1232314083874,-0.325046799667136));
#9760=CARTESIAN_POINT('Ctrl Pts',(-6.85104835203165,-47.0742381283874,-0.32504679966719));
#9761=CARTESIAN_POINT('Ctrl Pts',(-6.8420969443874,-49.1232314083874,-0.312397203024498));
#9762=CARTESIAN_POINT('Ctrl Pts',(-6.8420969443874,-47.0742381283874,-0.312397203024553));
#9763=CARTESIAN_POINT('Ctrl Pts',(-6.83314553674317,-49.1232314083874,-0.29974760638189));
#9764=CARTESIAN_POINT('Ctrl Pts',(-6.83314553674317,-47.0742381283874,-0.299747606381944));
#9765=CARTESIAN_POINT('Ctrl Pts',(-6.82419412909893,-49.1232314083874,-0.287098009739274));
#9766=CARTESIAN_POINT('Ctrl Pts',(-6.82419412909893,-47.0742381283874,-0.287098009739328));
#9767=CARTESIAN_POINT('Ctrl Pts',(-6.42796908316662,-49.1232314083874,0.272823648389368));
#9768=CARTESIAN_POINT('Ctrl Pts',(-6.42796908316662,-47.0742381283874,0.272823648389313));
#9769=CARTESIAN_POINT('Ctrl Pts',(-6.14421293569273,-49.1232314083874,0.957855701027778));
#9770=CARTESIAN_POINT('Ctrl Pts',(-6.14421293569273,-47.0742381283874,0.957855701027724));
#9771=CARTESIAN_POINT('Ctrl Pts',(-5.76251863794557,-49.1232314083874,1.81573373995531));
#9772=CARTESIAN_POINT('Ctrl Pts',(-5.76251863794557,-47.0742381283874,1.81573373995525));
#9773=CARTESIAN_POINT('Ctrl Pts',(-5.5096778163745,-49.1232314083874,2.38400680415995));
#9774=CARTESIAN_POINT('Ctrl Pts',(-5.5096778163745,-47.0742381283874,2.38400680415989));
#9775=CARTESIAN_POINT('Ctrl Pts',(-5.25683699480343,-49.1232314083874,2.95227986836459));
#9776=CARTESIAN_POINT('Ctrl Pts',(-5.25683699480343,-47.0742381283874,2.95227986836454));
#9777=CARTESIAN_POINT('Ctrl Pts',(-5.00399617323235,-49.1232314083874,3.52055293256923));
#9778=CARTESIAN_POINT('Ctrl Pts',(-5.00399617323235,-47.0742381283874,3.52055293256917));
#9779=CARTESIAN_POINT('',(-6.82426426000163,-48.0560474083874,-0.287197115926512));
#9780=CARTESIAN_POINT('Ctrl Pts',(-9.37977521431244,-49.1232314083874,-2.4769872754539));
#9781=CARTESIAN_POINT('Ctrl Pts',(-9.37977521431244,-47.0742381283874,-2.47698727545395));
#9782=CARTESIAN_POINT('Ctrl Pts',(-9.06173918028428,-49.1232314083874,-2.451473359156));
#9783=CARTESIAN_POINT('Ctrl Pts',(-9.06173918028428,-47.0742381283874,-2.45147335915605));
#9784=CARTESIAN_POINT('Ctrl Pts',(-8.74370314625611,-49.1232314083874,-2.42595944285811));
#9785=CARTESIAN_POINT('Ctrl Pts',(-8.74370314625611,-47.0742381283874,-2.42595944285816));
#9786=CARTESIAN_POINT('Ctrl Pts',(-8.42566711222794,-49.1232314083874,-2.40044552656021));
#9787=CARTESIAN_POINT('Ctrl Pts',(-8.42566711222794,-47.0742381283874,-2.40044552656026));
#9788=CARTESIAN_POINT('Ctrl Pts',(-7.70611762717614,-49.1232314083874,-2.34272085586398));
#9789=CARTESIAN_POINT('Ctrl Pts',(-7.70611762717614,-47.0742381283874,-2.34272085586404));
#9790=CARTESIAN_POINT('Ctrl Pts',(-6.98656814212435,-49.1232314083874,-2.28499618516777));
#9791=CARTESIAN_POINT('Ctrl Pts',(-6.98656814212435,-47.0742381283874,-2.28499618516782));
#9792=CARTESIAN_POINT('Ctrl Pts',(-6.26701865707255,-49.1232314083874,-2.22727151447155));
#9793=CARTESIAN_POINT('Ctrl Pts',(-6.26701865707255,-47.0742381283874,-2.22727151447161));
#9794=CARTESIAN_POINT('Ctrl Pts',(-5.65310639176539,-49.1232314083874,-2.17802141550348));
#9795=CARTESIAN_POINT('Ctrl Pts',(-5.65310639176539,-47.0742381283874,-2.17802141550353));
#9796=CARTESIAN_POINT('Ctrl Pts',(-5.03295588420957,-49.1232314083874,-2.20926400410605));
#9797=CARTESIAN_POINT('Ctrl Pts',(-5.03295588420957,-47.0742381283874,-2.20926400410611));
#9798=CARTESIAN_POINT('Ctrl Pts',(-4.42705768780921,-49.1232314083874,-2.31987414117298));
#9799=CARTESIAN_POINT('Ctrl Pts',(-4.42705768780921,-47.0742381283874,-2.31987414117303));
#9800=CARTESIAN_POINT('Ctrl Pts',(-4.38775856822326,-49.1232314083874,-2.327048417363));
#9801=CARTESIAN_POINT('Ctrl Pts',(-4.38775856822326,-47.0742381283874,-2.32704841736305));
#9802=CARTESIAN_POINT('Ctrl Pts',(-4.34845944863732,-49.1232314083874,-2.33422269355302));
#9803=CARTESIAN_POINT('Ctrl Pts',(-4.34845944863732,-47.0742381283874,-2.33422269355307));
#9804=CARTESIAN_POINT('Ctrl Pts',(-4.30916032905137,-49.1232314083874,-2.34139696974303));
#9805=CARTESIAN_POINT('Ctrl Pts',(-4.30916032905137,-47.0742381283874,-2.34139696974309));
#9806=CARTESIAN_POINT('',(-7.24211181508536,-47.7003194083881,-2.3054967548668));
#9807=CARTESIAN_POINT('',(-4.37889291353447,-47.7003194083881,-2.328666892688));
#9808=CARTESIAN_POINT('Ctrl Pts',(-5.92216271719662,-49.1232314083874,-0.665108987708442));
#9809=CARTESIAN_POINT('Ctrl Pts',(-5.92216271719662,-46.5619898083873,-0.66510898770851));
#9810=CARTESIAN_POINT('Ctrl Pts',(-7.08925082704366,-49.1232314083874,-1.48086009436675));
#9811=CARTESIAN_POINT('Ctrl Pts',(-7.08925082704366,-46.5619898083873,-1.48086009436682));
#9812=CARTESIAN_POINT('Ctrl Pts',(-7.76471348329838,-49.1232314083874,-3.07457768747591));
#9813=CARTESIAN_POINT('Ctrl Pts',(-7.76471348329838,-46.5619898083873,-3.07457768747598));
#9814=CARTESIAN_POINT('Ctrl Pts',(-7.62269100976731,-49.1232314083874,-4.49424890210357));
#9815=CARTESIAN_POINT('Ctrl Pts',(-7.62269100976731,-46.5619898083873,-4.49424890210363));
#9816=CARTESIAN_POINT('',(-5.92216271719662,-48.0560474083874,-0.66510898770847));
#9817=CARTESIAN_POINT('Ctrl Pts',(-4.50495530418093,-49.1232314083874,-3.15435677772417));
#9818=CARTESIAN_POINT('Ctrl Pts',(-4.50495530418093,-47.0742381283874,-3.15435677772423));
#9819=CARTESIAN_POINT('Ctrl Pts',(-4.55069290871407,-49.1232314083874,-3.12454041863635));
#9820=CARTESIAN_POINT('Ctrl Pts',(-4.55069290871407,-47.0742381283874,-3.12454041863641));
#9821=CARTESIAN_POINT('Ctrl Pts',(-4.59643051324721,-49.1232314083874,-3.09472405954852));
#9822=CARTESIAN_POINT('Ctrl Pts',(-4.59643051324721,-47.0742381283874,-3.09472405954858));
#9823=CARTESIAN_POINT('Ctrl Pts',(-4.64216811778034,-49.1232314083874,-3.0649077004607));
#9824=CARTESIAN_POINT('Ctrl Pts',(-4.64216811778034,-47.0742381283874,-3.06490770046076));
#9825=CARTESIAN_POINT('Ctrl Pts',(-5.12612986925869,-49.1232314083874,-2.74941287920491));
#9826=CARTESIAN_POINT('Ctrl Pts',(-5.12612986925869,-47.0742381283874,-2.74941287920497));
#9827=CARTESIAN_POINT('Ctrl Pts',(-5.69107254388474,-49.1232314083874,-2.5568421713821));
#9828=CARTESIAN_POINT('Ctrl Pts',(-5.69107254388474,-47.0742381283874,-2.55684217138216));
#9829=CARTESIAN_POINT('Ctrl Pts',(-6.26694408764591,-49.1232314083874,-2.51094851787266));
#9830=CARTESIAN_POINT('Ctrl Pts',(-6.26694408764591,-47.0742381283874,-2.51094851787272));
#9831=CARTESIAN_POINT('Ctrl Pts',(-6.56448969580458,-49.1232314083874,-2.48723584237753));
#9832=CARTESIAN_POINT('Ctrl Pts',(-6.56448969580458,-47.0742381283874,-2.48723584237759));
#9833=CARTESIAN_POINT('Ctrl Pts',(-6.86203530396324,-49.1232314083874,-2.46352316688239));
#9834=CARTESIAN_POINT('Ctrl Pts',(-6.86203530396324,-47.0742381283874,-2.46352316688245));
#9835=CARTESIAN_POINT('Ctrl Pts',(-7.15958091212191,-49.1232314083874,-2.43981049138726));
#9836=CARTESIAN_POINT('Ctrl Pts',(-7.15958091212191,-47.0742381283874,-2.43981049138732));
#9837=CARTESIAN_POINT('Ctrl Pts',(-7.89399370388121,-49.1232314083874,-2.38128201127211));
#9838=CARTESIAN_POINT('Ctrl Pts',(-7.89399370388121,-47.0742381283874,-2.38128201127217));
#9839=CARTESIAN_POINT('Ctrl Pts',(-8.62840649564053,-49.1232314083874,-2.32275353115697));
#9840=CARTESIAN_POINT('Ctrl Pts',(-8.62840649564053,-47.0742381283874,-2.32275353115703));
#9841=CARTESIAN_POINT('Ctrl Pts',(-9.36281928739984,-49.1232314083874,-2.26422505104183));
#9842=CARTESIAN_POINT('Ctrl Pts',(-9.36281928739984,-47.0742381283874,-2.26422505104189));
#9843=CARTESIAN_POINT('',(-7.29572185416284,-48.482921008394,-2.42896084047091));
#9844=CARTESIAN_POINT('',(-4.58942554566784,-47.7003194083881,-3.09929060016382));
#9845=CARTESIAN_POINT('Ctrl Pts',(-4.6035910302914,-49.1232314083874,-5.21612016747959));
#9846=CARTESIAN_POINT('Ctrl Pts',(-4.6035910302914,-46.5619898083874,-5.21612016747965));
#9847=CARTESIAN_POINT('Ctrl Pts',(-5.30458226545647,-49.1232314083874,-5.01486927246403));
#9848=CARTESIAN_POINT('Ctrl Pts',(-5.30458226545647,-46.5619898083874,-5.01486927246409));
#9849=CARTESIAN_POINT('Ctrl Pts',(-6.02634248501645,-49.1232314083874,-4.88600145714146));
#9850=CARTESIAN_POINT('Ctrl Pts',(-6.02634248501645,-46.5619898083874,-4.88600145714153));
#9851=CARTESIAN_POINT('Ctrl Pts',(-6.75364474499569,-49.1232314083874,-4.8322604073668));
#9852=CARTESIAN_POINT('Ctrl Pts',(-6.75364474499569,-46.5619898083874,-4.83226040736687));
#9853=CARTESIAN_POINT('Ctrl Pts',(-7.63112751015764,-49.1232314083874,-4.76742237845662));
#9854=CARTESIAN_POINT('Ctrl Pts',(-7.63112751015764,-46.5619898083874,-4.76742237845668));
#9855=CARTESIAN_POINT('Ctrl Pts',(-8.50861027531959,-49.1232314083874,-4.70258434954644));
#9856=CARTESIAN_POINT('Ctrl Pts',(-8.50861027531959,-46.5619898083874,-4.70258434954651));
#9857=CARTESIAN_POINT('Ctrl Pts',(-9.38609304048154,-49.1232314083874,-4.63774632063626));
#9858=CARTESIAN_POINT('Ctrl Pts',(-9.38609304048154,-46.5619898083874,-4.63774632063633));
#9859=CARTESIAN_POINT('',(-7.58684624466835,-48.4829210083896,-4.77069436291715));
#9860=CARTESIAN_POINT('',(-4.6035910302914,-48.0560474083874,-5.21612016747962));
#9861=CARTESIAN_POINT('Ctrl Pts',(-7.6296599441496,-49.1232314083874,-4.42458664552542));
#9862=CARTESIAN_POINT('Ctrl Pts',(-7.6296599441496,-46.5619898083873,-4.42458664552549));
#9863=CARTESIAN_POINT('Ctrl Pts',(-7.62733696602217,-49.1232314083874,-4.44780739771813));
#9864=CARTESIAN_POINT('Ctrl Pts',(-7.62733696602217,-46.5619898083873,-4.4478073977182));
#9865=CARTESIAN_POINT('Ctrl Pts',(-7.62501398789475,-49.1232314083874,-4.47102814991085));
#9866=CARTESIAN_POINT('Ctrl Pts',(-7.62501398789475,-46.5619898083873,-4.47102814991092));
#9867=CARTESIAN_POINT('Ctrl Pts',(-7.62269100976731,-49.1232314083874,-4.49424890210357));
#9868=CARTESIAN_POINT('Ctrl Pts',(-7.62269100976731,-46.5619898083873,-4.49424890210363));
#9869=CARTESIAN_POINT('Ctrl Pts',(-7.51017084696386,-49.1232314083874,-5.61901318046263));
#9870=CARTESIAN_POINT('Ctrl Pts',(-7.51017084696386,-46.5619898083873,-5.61901318046269));
#9871=CARTESIAN_POINT('Ctrl Pts',(-6.99576220871328,-49.1232314083874,-6.69921904383543));
#9872=CARTESIAN_POINT('Ctrl Pts',(-6.99576220871328,-46.5619898083873,-6.6992190438355));
#9873=CARTESIAN_POINT('Ctrl Pts',(-6.20005230925548,-49.1232314083874,-7.50119876090687));
#9874=CARTESIAN_POINT('Ctrl Pts',(-6.20005230925548,-46.5619898083873,-7.50119876090694));
#9875=CARTESIAN_POINT('',(-7.61124269841124,-47.7003194083881,-4.59731699849672));
#9876=CARTESIAN_POINT('',(-7.62269100976731,-48.0560474083874,-4.49424890210359));
#9877=CARTESIAN_POINT('Ctrl Pts',(-5.92216271719662,-49.1232314083874,-0.665108987708442));
#9878=CARTESIAN_POINT('Ctrl Pts',(-5.92216271719662,-46.5619898083873,-0.66510898770851));
#9879=CARTESIAN_POINT('Ctrl Pts',(-7.08925082704366,-49.1232314083874,-1.48086009436675));
#9880=CARTESIAN_POINT('Ctrl Pts',(-7.08925082704366,-46.5619898083873,-1.48086009436682));
#9881=CARTESIAN_POINT('Ctrl Pts',(-7.76471348329838,-49.1232314083874,-3.07457768747591));
#9882=CARTESIAN_POINT('Ctrl Pts',(-7.76471348329838,-46.5619898083873,-3.07457768747598));
#9883=CARTESIAN_POINT('Ctrl Pts',(-7.62269100976731,-49.1232314083874,-4.49424890210357));
#9884=CARTESIAN_POINT('Ctrl Pts',(-7.62269100976731,-46.5619898083873,-4.49424890210363));
#9885=CARTESIAN_POINT('Ctrl Pts',(-4.83165692728627,-49.1232314083874,0.380834970421308));
#9886=CARTESIAN_POINT('Ctrl Pts',(-4.83165692728627,-46.5619898083874,0.38083497042124));
#9887=CARTESIAN_POINT('Ctrl Pts',(-5.0588276241641,-49.1232314083874,-0.0750713151419982));
#9888=CARTESIAN_POINT('Ctrl Pts',(-5.0588276241641,-46.5619898083874,-0.0750713151420665));
#9889=CARTESIAN_POINT('Ctrl Pts',(-5.50465778321912,-49.1232314083874,-0.373280583140075));
#9890=CARTESIAN_POINT('Ctrl Pts',(-5.50465778321912,-46.5619898083874,-0.373280583140144));
#9891=CARTESIAN_POINT('Ctrl Pts',(-5.92216271719662,-49.1232314083874,-0.665108987708442));
#9892=CARTESIAN_POINT('Ctrl Pts',(-5.92216271719662,-46.5619898083874,-0.66510898770851));
#9893=CARTESIAN_POINT('',(-4.83165692728627,-48.0560474083874,0.38083497042128));
#9894=CARTESIAN_POINT('Ctrl Pts',(-4.65996472010493,-49.1232314083874,-0.199181244346295));
#9895=CARTESIAN_POINT('Ctrl Pts',(-4.65996472010493,-46.5619898083874,-0.199181244346364));
#9896=CARTESIAN_POINT('Ctrl Pts',(-4.7925260901089,-49.1232314083874,-0.0380127637317588));
#9897=CARTESIAN_POINT('Ctrl Pts',(-4.7925260901089,-46.5619898083874,-0.0380127637318271));
#9898=CARTESIAN_POINT('Ctrl Pts',(-4.87604962774704,-49.1232314083874,0.176896766657437));
#9899=CARTESIAN_POINT('Ctrl Pts',(-4.87604962774704,-46.5619898083874,0.176896766657369));
#9900=CARTESIAN_POINT('Ctrl Pts',(-4.83165692728627,-49.1232314083874,0.380834970421308));
#9901=CARTESIAN_POINT('Ctrl Pts',(-4.83165692728627,-46.5619898083874,0.38083497042124));
#9902=CARTESIAN_POINT('',(-4.65996472010493,-48.0560474083874,-0.199181244346324));
#9903=CARTESIAN_POINT('Ctrl Pts',(-3.99899952223428,-49.1232314083874,-0.74908012540511));
#9904=CARTESIAN_POINT('Ctrl Pts',(-3.99899952223428,-46.5619898083874,-0.749080125405179));
#9905=CARTESIAN_POINT('Ctrl Pts',(-4.20819958928155,-49.1232314083874,-0.553651447944685));
#9906=CARTESIAN_POINT('Ctrl Pts',(-4.20819958928155,-46.5619898083874,-0.553651447944753));
#9907=CARTESIAN_POINT('Ctrl Pts',(-4.47567650058966,-49.1232314083874,-0.423271701126724));
#9908=CARTESIAN_POINT('Ctrl Pts',(-4.47567650058966,-46.5619898083874,-0.423271701126792));
#9909=CARTESIAN_POINT('Ctrl Pts',(-4.65996472010493,-49.1232314083874,-0.199181244346295));
#9910=CARTESIAN_POINT('Ctrl Pts',(-4.65996472010493,-46.5619898083874,-0.199181244346363));
#9911=CARTESIAN_POINT('',(-3.99899952223428,-48.0560474083874,-0.749080125405139));
#9912=CARTESIAN_POINT('Ctrl Pts',(-3.36815165807242,-49.1232314083874,-1.16843183672331));
#9913=CARTESIAN_POINT('Ctrl Pts',(-3.36815165807242,-46.5619898083874,-1.16843183672337));
#9914=CARTESIAN_POINT('Ctrl Pts',(-3.44630228661111,-49.1232314083874,-1.23001101271363));
#9915=CARTESIAN_POINT('Ctrl Pts',(-3.44630228661111,-46.5619898083874,-1.2300110127137));
#9916=CARTESIAN_POINT('Ctrl Pts',(-3.93669256904956,-49.1232314083874,-0.807244215452726));
#9917=CARTESIAN_POINT('Ctrl Pts',(-3.93669256904956,-46.5619898083874,-0.807244215452794));
#9918=CARTESIAN_POINT('Ctrl Pts',(-3.99899952223428,-49.1232314083874,-0.74908012540511));
#9919=CARTESIAN_POINT('Ctrl Pts',(-3.99899952223428,-46.5619898083874,-0.749080125405179));
#9920=CARTESIAN_POINT('',(-3.36815165807242,-48.0560474083874,-1.16843183672333));
#9921=CARTESIAN_POINT('Ctrl Pts',(-4.59511768059476,-49.1232314083874,-2.72472649159306));
#9922=CARTESIAN_POINT('Ctrl Pts',(-4.59511768059476,-46.5619898083874,-2.72472649159312));
#9923=CARTESIAN_POINT('Ctrl Pts',(-4.54761559719596,-49.1232314083874,-2.63643498353095));
#9924=CARTESIAN_POINT('Ctrl Pts',(-4.54761559719596,-46.5619898083874,-2.63643498353102));
#9925=CARTESIAN_POINT('Ctrl Pts',(-4.50011351379716,-49.1232314083874,-2.54814347546884));
#9926=CARTESIAN_POINT('Ctrl Pts',(-4.50011351379716,-46.5619898083874,-2.54814347546891));
#9927=CARTESIAN_POINT('Ctrl Pts',(-4.45261143039836,-49.1232314083874,-2.45985196740673));
#9928=CARTESIAN_POINT('Ctrl Pts',(-4.45261143039836,-46.5619898083874,-2.4598519674068));
#9929=CARTESIAN_POINT('Ctrl Pts',(-4.18440674189586,-49.1232314083874,-1.96134338161675));
#9930=CARTESIAN_POINT('Ctrl Pts',(-4.18440674189586,-46.5619898083874,-1.96134338161681));
#9931=CARTESIAN_POINT('Ctrl Pts',(-3.81275006276792,-49.1232314083874,-1.51881555429121));
#9932=CARTESIAN_POINT('Ctrl Pts',(-3.81275006276792,-46.5619898083874,-1.51881555429128));
#9933=CARTESIAN_POINT('Ctrl Pts',(-3.36815165807242,-49.1232314083874,-1.16843183672331));
#9934=CARTESIAN_POINT('Ctrl Pts',(-3.36815165807242,-46.5619898083874,-1.16843183672337));
#9935=CARTESIAN_POINT('Ctrl Pts',(-4.538658882614,-49.1232314083874,-5.21950394433847));
#9936=CARTESIAN_POINT('Ctrl Pts',(-4.538658882614,-46.5619898083874,-5.21950394433853));
#9937=CARTESIAN_POINT('Ctrl Pts',(-4.56452039498665,-49.1232314083874,-4.9837419040713));
#9938=CARTESIAN_POINT('Ctrl Pts',(-4.56452039498665,-46.5619898083874,-4.98374190407136));
#9939=CARTESIAN_POINT('Ctrl Pts',(-4.5903819073593,-49.1232314083874,-4.74797986380412));
#9940=CARTESIAN_POINT('Ctrl Pts',(-4.5903819073593,-46.5619898083874,-4.74797986380419));
#9941=CARTESIAN_POINT('Ctrl Pts',(-4.61624341973195,-49.1232314083874,-4.51221782353695));
#9942=CARTESIAN_POINT('Ctrl Pts',(-4.61624341973195,-46.5619898083874,-4.51221782353702));
#9943=CARTESIAN_POINT('Ctrl Pts',(-4.67340126384648,-49.1232314083874,-3.9911481447208));
#9944=CARTESIAN_POINT('Ctrl Pts',(-4.67340126384648,-46.5619898083874,-3.99114814472087));
#9945=CARTESIAN_POINT('Ctrl Pts',(-4.65587823407445,-49.1232314083874,-3.46190720224084));
#9946=CARTESIAN_POINT('Ctrl Pts',(-4.65587823407445,-46.5619898083874,-3.46190720224091));
#9947=CARTESIAN_POINT('Ctrl Pts',(-4.5644619015112,-49.1232314083874,-2.94570816375618));
#9948=CARTESIAN_POINT('Ctrl Pts',(-4.5644619015112,-46.5619898083874,-2.94570816375625));
#9949=CARTESIAN_POINT('Ctrl Pts',(-4.54901584212434,-49.1232314083874,-2.85848916491525));
#9950=CARTESIAN_POINT('Ctrl Pts',(-4.54901584212434,-46.5619898083874,-2.85848916491532));
#9951=CARTESIAN_POINT('Ctrl Pts',(-4.53356978273748,-49.1232314083874,-2.77127016607431));
#9952=CARTESIAN_POINT('Ctrl Pts',(-4.53356978273748,-46.5619898083874,-2.77127016607438));
#9953=CARTESIAN_POINT('Ctrl Pts',(-4.51812372335061,-49.1232314083874,-2.68405116723338));
#9954=CARTESIAN_POINT('Ctrl Pts',(-4.51812372335061,-46.5619898083874,-2.68405116723345));
#9955=CARTESIAN_POINT('',(-4.61977470362233,-47.7003194083881,-4.4790985428731));
#9956=CARTESIAN_POINT('Ctrl Pts',(-9.3258261628964,-49.1232314083874,-4.7295568916165));
#9957=CARTESIAN_POINT('Ctrl Pts',(-9.3258261628964,-47.0742381283874,-4.72955689161656));
#9958=CARTESIAN_POINT('Ctrl Pts',(-8.49211757725053,-49.1232314083874,-4.66525583159666));
#9959=CARTESIAN_POINT('Ctrl Pts',(-8.49211757725053,-47.0742381283875,-4.66525583159672));
#9960=CARTESIAN_POINT('Ctrl Pts',(-7.65840899160467,-49.1232314083874,-4.60095477157683));
#9961=CARTESIAN_POINT('Ctrl Pts',(-7.65840899160467,-47.0742381283875,-4.60095477157689));
#9962=CARTESIAN_POINT('Ctrl Pts',(-6.8247004059588,-49.1232314083874,-4.53665371155699));
#9963=CARTESIAN_POINT('Ctrl Pts',(-6.8247004059588,-47.0742381283875,-4.53665371155705));
#9964=CARTESIAN_POINT('Ctrl Pts',(-6.09654983533331,-49.1232314083874,-4.48049397618734));
#9965=CARTESIAN_POINT('Ctrl Pts',(-6.09654983533331,-47.0742381283875,-4.4804939761874));
#9966=CARTESIAN_POINT('Ctrl Pts',(-5.36557065869386,-49.1232314083874,-4.46114613952607));
#9967=CARTESIAN_POINT('Ctrl Pts',(-5.36557065869386,-47.0742381283875,-4.46114613952613));
#9968=CARTESIAN_POINT('Ctrl Pts',(-4.63549536947557,-49.1232314083874,-4.47872012337057));
#9969=CARTESIAN_POINT('Ctrl Pts',(-4.63549536947557,-47.0742381283875,-4.47872012337063));
#9970=CARTESIAN_POINT('Ctrl Pts',(-4.62829054033631,-49.1232314083874,-4.47889355418348));
#9971=CARTESIAN_POINT('Ctrl Pts',(-4.62829054033631,-47.0742381283875,-4.47889355418353));
#9972=CARTESIAN_POINT('Ctrl Pts',(-4.62108571119706,-49.1232314083874,-4.47906698499639));
#9973=CARTESIAN_POINT('Ctrl Pts',(-4.62108571119706,-47.0742381283875,-4.47906698499645));
#9974=CARTESIAN_POINT('Ctrl Pts',(-4.61388088205777,-49.1232314083874,-4.4792404158093));
#9975=CARTESIAN_POINT('Ctrl Pts',(-4.61388088205777,-47.0742381283875,-4.47924041580936));
#9976=CARTESIAN_POINT('Ctrl Pts',(-6.20005230925548,-49.1232314083874,-7.50119876090687));
#9977=CARTESIAN_POINT('Ctrl Pts',(-6.20005230925548,-46.5619898083874,-7.50119876090695));
#9978=CARTESIAN_POINT('Ctrl Pts',(-5.85142629665169,-49.1232314083874,-7.8525904543172));
#9979=CARTESIAN_POINT('Ctrl Pts',(-5.85142629665169,-46.5619898083874,-7.85259045431729));
#9980=CARTESIAN_POINT('Ctrl Pts',(-5.46765887272473,-49.1232314083874,-8.17979524188794));
#9981=CARTESIAN_POINT('Ctrl Pts',(-5.46765887272473,-46.5619898083874,-8.17979524188803));
#9982=CARTESIAN_POINT('Ctrl Pts',(-5.01829874375945,-49.1232314083874,-8.3873186533005));
#9983=CARTESIAN_POINT('Ctrl Pts',(-5.01829874375945,-46.5619898083874,-8.38731865330058));
#9984=CARTESIAN_POINT('',(-6.20005230925548,-48.0560474083874,-7.50119876090694));
#9985=CARTESIAN_POINT('Ctrl Pts',(-7.62269100976731,-49.1232314083874,-4.49424890210357));
#9986=CARTESIAN_POINT('Ctrl Pts',(-7.62269100976731,-46.5619898083873,-4.49424890210363));
#9987=CARTESIAN_POINT('Ctrl Pts',(-7.51017084696386,-49.1232314083874,-5.61901318046263));
#9988=CARTESIAN_POINT('Ctrl Pts',(-7.51017084696386,-46.5619898083873,-5.61901318046269));
#9989=CARTESIAN_POINT('Ctrl Pts',(-6.99576220871328,-49.1232314083874,-6.69921904383543));
#9990=CARTESIAN_POINT('Ctrl Pts',(-6.99576220871328,-46.5619898083873,-6.6992190438355));
#9991=CARTESIAN_POINT('Ctrl Pts',(-6.20005230925548,-49.1232314083874,-7.50119876090687));
#9992=CARTESIAN_POINT('Ctrl Pts',(-6.20005230925548,-46.5619898083873,-7.50119876090694));
#9993=CARTESIAN_POINT('',(-6.93569915614496,-48.4829210083941,-6.55241464870495));
#9994=CARTESIAN_POINT('Ctrl Pts',(-3.5047860068637,-49.1232314083941,-7.56822220245254));
#9995=CARTESIAN_POINT('Ctrl Pts',(-3.5047860068637,-47.0742381283861,-7.56822220245254));
#9996=CARTESIAN_POINT('Ctrl Pts',(-3.72438957316808,-49.1232314083941,-7.46250714972583));
#9997=CARTESIAN_POINT('Ctrl Pts',(-3.72438957316808,-47.0742381283861,-7.46250714972583));
#9998=CARTESIAN_POINT('Ctrl Pts',(-3.94399313947246,-49.1232314083941,-7.35679209699912));
#9999=CARTESIAN_POINT('Ctrl Pts',(-3.94399313947246,-47.0742381283861,-7.35679209699912));
#10000=CARTESIAN_POINT('Ctrl Pts',(-4.16359670577684,-49.1232314083941,
-7.25107704427248));
#10001=CARTESIAN_POINT('Ctrl Pts',(-4.16359670577684,-47.0742381283861,
-7.25107704427248));
#10002=CARTESIAN_POINT('Ctrl Pts',(-4.24719921666953,-49.1232314083941,
-7.21083159655119));
#10003=CARTESIAN_POINT('Ctrl Pts',(-4.24719921666953,-47.0742381283861,
-7.21083159655119));
#10004=CARTESIAN_POINT('Ctrl Pts',(-4.33080172756222,-49.1232314083941,
-7.17058614882996));
#10005=CARTESIAN_POINT('Ctrl Pts',(-4.33080172756222,-47.0742381283861,
-7.17058614882996));
#10006=CARTESIAN_POINT('Ctrl Pts',(-4.41440423845491,-49.1232314083941,
-7.13034070110873));
#10007=CARTESIAN_POINT('Ctrl Pts',(-4.41440423845491,-47.0742381283861,
-7.13034070110873));
#10008=CARTESIAN_POINT('Ctrl Pts',(-4.98430681938063,-49.1232314083941,
-6.85599505907058));
#10009=CARTESIAN_POINT('Ctrl Pts',(-4.98430681938063,-47.0742381283861,
-6.85599505907058));
#10010=CARTESIAN_POINT('Ctrl Pts',(-5.60315971471675,-49.1232314083941,
-6.68262006285993));
#10011=CARTESIAN_POINT('Ctrl Pts',(-5.60315971471675,-47.0742381283861,
-6.68262006285993));
#10012=CARTESIAN_POINT('Ctrl Pts',(-6.2326413665227,-49.1232314083941,-6.621112000413));
#10013=CARTESIAN_POINT('Ctrl Pts',(-6.2326413665227,-47.0742381283861,-6.621112000413));
#10014=CARTESIAN_POINT('Ctrl Pts',(-12.6307921017134,-49.1232314083941,
-5.99593435808466));
#10015=CARTESIAN_POINT('Ctrl Pts',(-12.6307921017134,-47.0742381283861,
-5.99593435808466));
#10016=CARTESIAN_POINT('Ctrl Pts',(-19.0289428369041,-49.1232314083941,
-5.37075671575632));
#10017=CARTESIAN_POINT('Ctrl Pts',(-19.0289428369041,-47.0742381283861,
-5.37075671575632));
#10018=CARTESIAN_POINT('Ctrl Pts',(-25.4270935720948,-49.1232314083941,
-4.74557907342798));
#10019=CARTESIAN_POINT('Ctrl Pts',(-25.4270935720948,-47.0742381283861,
-4.74557907342798));
#10020=CARTESIAN_POINT('',(-4.25840186814288,-48.4829210083941,-7.20543874746817));
#10021=CARTESIAN_POINT('Ctrl Pts',(-3.80875532053166,-48.4829210083941,
-7.6945784254363));
#10022=CARTESIAN_POINT('Ctrl Pts',(-3.80875532053166,-47.543799088387,-7.69457842543638));
#10023=CARTESIAN_POINT('Ctrl Pts',(-3.88963866546118,-48.4829210083941,
-7.48263145288988));
#10024=CARTESIAN_POINT('Ctrl Pts',(-3.88963866546118,-47.543799088387,-7.48263145288997));
#10025=CARTESIAN_POINT('Ctrl Pts',(-4.05399697841495,-48.4829210083941,
-7.30383730291433));
#10026=CARTESIAN_POINT('Ctrl Pts',(-4.05399697841495,-47.543799088387,-7.30383730291442));
#10027=CARTESIAN_POINT('Ctrl Pts',(-4.25840186814288,-48.4829210083941,
-7.20543874746817));
#10028=CARTESIAN_POINT('Ctrl Pts',(-4.25840186814288,-47.543799088387,-7.20543874746825));
#10029=CARTESIAN_POINT('',(-3.80875532053166,-47.7003194083882,-7.69457842543637));
#10030=CARTESIAN_POINT('Ctrl Pts',(-3.73913733404003,-49.1232314083941,
-7.8430261836975));
#10031=CARTESIAN_POINT('Ctrl Pts',(-3.73913733404003,-46.9205636323861,
-7.8430261836975));
#10032=CARTESIAN_POINT('Ctrl Pts',(-3.74415704208187,-49.1232314083941,
-7.83382383152553));
#10033=CARTESIAN_POINT('Ctrl Pts',(-3.74415704208187,-46.9205636323861,
-7.83382383152553));
#10034=CARTESIAN_POINT('Ctrl Pts',(-3.74917675012371,-49.1232314083941,
-7.82462147935357));
#10035=CARTESIAN_POINT('Ctrl Pts',(-3.74917675012371,-46.9205636323861,
-7.82462147935357));
#10036=CARTESIAN_POINT('Ctrl Pts',(-3.75419645816555,-49.1232314083941,
-7.8154191271816));
#10037=CARTESIAN_POINT('Ctrl Pts',(-3.75419645816555,-46.9205636323861,
-7.8154191271816));
#10038=CARTESIAN_POINT('Ctrl Pts',(-3.85356196276051,-49.1232314083941,
-7.6332578621429));
#10039=CARTESIAN_POINT('Ctrl Pts',(-3.85356196276051,-46.9205636323861,
-7.6332578621429));
#10040=CARTESIAN_POINT('Ctrl Pts',(-3.87438732426202,-49.1232314083941,
-7.41039915972202));
#10041=CARTESIAN_POINT('Ctrl Pts',(-3.87438732426202,-46.9205636323861,
-7.41039915972202));
#10042=CARTESIAN_POINT('Ctrl Pts',(-4.00314238537137,-49.1232314083941,
-7.24766237050548));
#10043=CARTESIAN_POINT('Ctrl Pts',(-4.00314238537137,-46.9205636323861,
-7.24766237050548));
#10044=CARTESIAN_POINT('Ctrl Pts',(-4.06893571700687,-49.1232314083941,
-7.16450450898165));
#10045=CARTESIAN_POINT('Ctrl Pts',(-4.06893571700687,-46.9205636323861,
-7.16450450898165));
#10046=CARTESIAN_POINT('Ctrl Pts',(-4.13472904864237,-49.1232314083941,
-7.08134664745789));
#10047=CARTESIAN_POINT('Ctrl Pts',(-4.13472904864237,-46.9205636323861,
-7.08134664745789));
#10048=CARTESIAN_POINT('Ctrl Pts',(-4.20052238027787,-49.1232314083941,
-6.99818878593406));
#10049=CARTESIAN_POINT('Ctrl Pts',(-4.20052238027787,-46.9205636323861,
-6.99818878593406));
#10050=CARTESIAN_POINT('',(-3.75419645816555,-48.0560474083874,-7.81541912718167));
#10051=CARTESIAN_POINT('Ctrl Pts',(-2.7600336300593,-49.1232314083874,-8.31716650431424));
#10052=CARTESIAN_POINT('Ctrl Pts',(-2.7600336300593,-46.5619898083874,-8.31716650431424));
#10053=CARTESIAN_POINT('Ctrl Pts',(-3.15894209468245,-49.1232314083874,
-8.28284030281499));
#10054=CARTESIAN_POINT('Ctrl Pts',(-3.15894209468245,-46.5619898083874,
-8.28284030281499));
#10055=CARTESIAN_POINT('Ctrl Pts',(-3.56794573597782,-49.1232314083874,
-8.15687829722127));
#10056=CARTESIAN_POINT('Ctrl Pts',(-3.56794573597782,-46.5619898083874,
-8.15687829722127));
#10057=CARTESIAN_POINT('Ctrl Pts',(-3.75419645816555,-49.1232314083874,
-7.8154191271816));
#10058=CARTESIAN_POINT('Ctrl Pts',(-3.75419645816555,-46.5619898083874,
-7.8154191271816));
#10059=CARTESIAN_POINT('Ctrl Pts',(-2.61940901361048,-49.1232314083874,
-6.92969036404557));
#10060=CARTESIAN_POINT('Ctrl Pts',(-2.61940901361048,-46.5619898083874,
-6.92969036404564));
#10061=CARTESIAN_POINT('Ctrl Pts',(-2.24485535980313,-49.1232314083874,
-7.39289812840341));
#10062=CARTESIAN_POINT('Ctrl Pts',(-2.24485535980313,-46.5619898083874,
-7.39289812840348));
#10063=CARTESIAN_POINT('Ctrl Pts',(-1.71379489098834,-49.1232314083874,
-7.75092202143567));
#10064=CARTESIAN_POINT('Ctrl Pts',(-1.71379489098834,-46.5619898083874,
-7.75092202143574));
#10065=CARTESIAN_POINT('Ctrl Pts',(-1.14020685411003,-49.1232314083874,
-7.88337543349854));
#10066=CARTESIAN_POINT('Ctrl Pts',(-1.14020685411003,-46.5619898083874,
-7.88337543349861));
#10067=CARTESIAN_POINT('',(-2.61940901361048,-48.0560474083874,-6.9296903640456));
#10068=CARTESIAN_POINT('Ctrl Pts',(-3.54129941964254,-49.1232314083874,
-4.55940887856208));
#10069=CARTESIAN_POINT('Ctrl Pts',(-3.54129941964254,-46.5619898083873,
-4.55940887856214));
#10070=CARTESIAN_POINT('Ctrl Pts',(-3.41556651312681,-49.1232314083874,
-5.40813375899731));
#10071=CARTESIAN_POINT('Ctrl Pts',(-3.41556651312681,-46.5619898083873,
-5.40813375899738));
#10072=CARTESIAN_POINT('Ctrl Pts',(-3.15889521391854,-49.1232314083874,
-6.26251172566786));
#10073=CARTESIAN_POINT('Ctrl Pts',(-3.15889521391854,-46.5619898083873,
-6.26251172566793));
#10074=CARTESIAN_POINT('Ctrl Pts',(-2.61940901361048,-49.1232314083874,
-6.92969036404557));
#10075=CARTESIAN_POINT('Ctrl Pts',(-2.61940901361048,-46.5619898083873,
-6.92969036404564));
#10076=CARTESIAN_POINT('',(-3.54129941964254,-48.0560474083874,-4.5594088785621));
#10077=CARTESIAN_POINT('Ctrl Pts',(-2.73685619385204,-49.1232314083874,
-1.57742553600018));
#10078=CARTESIAN_POINT('Ctrl Pts',(-2.73685619385204,-46.5619898083873,
-1.57742553600025));
#10079=CARTESIAN_POINT('Ctrl Pts',(-3.59453649225207,-49.1232314083874,
-2.23570342512253));
#10080=CARTESIAN_POINT('Ctrl Pts',(-3.59453649225207,-46.5619898083873,
-2.2357034251226));
#10081=CARTESIAN_POINT('Ctrl Pts',(-3.69978059150877,-49.1232314083874,
-3.4899522501825));
#10082=CARTESIAN_POINT('Ctrl Pts',(-3.69978059150877,-46.5619898083873,
-3.48995225018257));
#10083=CARTESIAN_POINT('Ctrl Pts',(-3.54129941964254,-49.1232314083874,
-4.55940887856208));
#10084=CARTESIAN_POINT('Ctrl Pts',(-3.54129941964254,-46.5619898083873,
-4.55940887856214));
#10085=CARTESIAN_POINT('',(-2.73685619385204,-48.0560474083874,-1.57742553600021));
#10086=CARTESIAN_POINT('Ctrl Pts',(-1.90873287488905,-49.1232314083874,
-2.21224713197932));
#10087=CARTESIAN_POINT('Ctrl Pts',(-1.90873287488905,-46.5619898083874,
-2.21224713197939));
#10088=CARTESIAN_POINT('Ctrl Pts',(-1.9821239089123,-49.1232314083874,-2.16600765417784));
#10089=CARTESIAN_POINT('Ctrl Pts',(-1.9821239089123,-46.5619898083874,-2.16600765417791));
#10090=CARTESIAN_POINT('Ctrl Pts',(-2.75449026944011,-49.1232314083874,
-1.59097312555777));
#10091=CARTESIAN_POINT('Ctrl Pts',(-2.75449026944011,-46.5619898083874,
-1.59097312555784));
#10092=CARTESIAN_POINT('Ctrl Pts',(-2.73685619385204,-49.1232314083874,
-1.57742553600018));
#10093=CARTESIAN_POINT('Ctrl Pts',(-2.73685619385204,-46.5619898083874,
-1.57742553600025));
#10094=CARTESIAN_POINT('',(-1.90873287488905,-48.0560474083874,-2.21224713197935));
#10095=CARTESIAN_POINT('Ctrl Pts',(-0.995015440917958,-49.1232314083874,
-2.71915248985953));
#10096=CARTESIAN_POINT('Ctrl Pts',(-0.995015440917958,-46.5619898083874,
-2.7191524898596));
#10097=CARTESIAN_POINT('Ctrl Pts',(-1.29635961772287,-49.1232314083874,
-2.54997846010668));
#10098=CARTESIAN_POINT('Ctrl Pts',(-1.29635961772287,-46.5619898083874,
-2.54997846010675));
#10099=CARTESIAN_POINT('Ctrl Pts',(-1.61153156122124,-49.1232314083874,
-2.39944646027216));
#10100=CARTESIAN_POINT('Ctrl Pts',(-1.61153156122124,-46.5619898083874,
-2.39944646027222));
#10101=CARTESIAN_POINT('Ctrl Pts',(-1.90873287488905,-49.1232314083874,
-2.21224713197932));
#10102=CARTESIAN_POINT('Ctrl Pts',(-1.90873287488905,-46.5619898083874,
-2.21224713197939));
#10103=CARTESIAN_POINT('',(-0.995015440917958,-48.0560474083874,-2.71915248985956));
#10104=CARTESIAN_POINT('Ctrl Pts',(-0.0859995159585342,-49.1232314083874,
-4.37489515062037));
#10105=CARTESIAN_POINT('Ctrl Pts',(-0.0859995159585342,-46.5619898083874,
-4.37489515062044));
#10106=CARTESIAN_POINT('Ctrl Pts',(-0.107439900441227,-49.1232314083874,
-3.76823135679611));
#10107=CARTESIAN_POINT('Ctrl Pts',(-0.107439900441227,-46.5619898083874,
-3.76823135679618));
#10108=CARTESIAN_POINT('Ctrl Pts',(-0.444221359742105,-49.1232314083874,
-3.0283347928801));
#10109=CARTESIAN_POINT('Ctrl Pts',(-0.444221359742105,-46.5619898083874,
-3.02833479288017));
#10110=CARTESIAN_POINT('Ctrl Pts',(-0.995015440917958,-49.1232314083874,
-2.71915248985953));
#10111=CARTESIAN_POINT('Ctrl Pts',(-0.995015440917958,-46.5619898083874,
-2.7191524898596));
#10112=CARTESIAN_POINT('',(-0.0859995159585342,-48.0560474083874,-4.3748951506204));
#10113=CARTESIAN_POINT('Ctrl Pts',(-0.391869870757557,-49.1232314083874,
-5.26727774705513));
#10114=CARTESIAN_POINT('Ctrl Pts',(-0.391869870757557,-46.5619898083874,
-5.2672777470552));
#10115=CARTESIAN_POINT('Ctrl Pts',(-0.151887278460949,-49.1232314083874,
-5.04855973519367));
#10116=CARTESIAN_POINT('Ctrl Pts',(-0.151887278460949,-46.5619898083874,
-5.04855973519373));
#10117=CARTESIAN_POINT('Ctrl Pts',(-0.0745243382134947,-49.1232314083874,
-4.69935550239508));
#10118=CARTESIAN_POINT('Ctrl Pts',(-0.0745243382134947,-46.5619898083874,
-4.69935550239515));
#10119=CARTESIAN_POINT('Ctrl Pts',(-0.0859995159585342,-49.1232314083874,
-4.37489515062037));
#10120=CARTESIAN_POINT('Ctrl Pts',(-0.0859995159585342,-46.5619898083874,
-4.37489515062044));
#10121=CARTESIAN_POINT('',(-0.391869871184701,-48.0560474083874,-5.267277746592));
#10122=CARTESIAN_POINT('Ctrl Pts',(0.00704150231331968,-49.1232314083874,
-5.24270966103247));
#10123=CARTESIAN_POINT('Ctrl Pts',(0.00704150231331968,-46.5619898083874,
-5.24270966103253));
#10124=CARTESIAN_POINT('Ctrl Pts',(-0.0632103993970856,-49.1232314083874,
-5.25183366178714));
#10125=CARTESIAN_POINT('Ctrl Pts',(-0.0632103993970856,-46.5619898083874,
-5.25183366178721));
#10126=CARTESIAN_POINT('Ctrl Pts',(-0.348011187751765,-49.1232314083874,
-5.2273182419631));
#10127=CARTESIAN_POINT('Ctrl Pts',(-0.348011187751765,-46.5619898083874,
-5.22731824196317));
#10128=CARTESIAN_POINT('Ctrl Pts',(-0.391869871184701,-49.1232314083874,
-5.26727774659197));
#10129=CARTESIAN_POINT('Ctrl Pts',(-0.391869871184701,-46.5619898083874,
-5.26727774659204));
#10130=CARTESIAN_POINT('',(0.00704150231331968,-48.0560474083874,-5.2427096610325));
#10131=CARTESIAN_POINT('Ctrl Pts',(0.437533671576664,-49.1232314083874,
-5.15364408297505));
#10132=CARTESIAN_POINT('Ctrl Pts',(0.437533671576664,-46.5619898083874,
-5.15364408297512));
#10133=CARTESIAN_POINT('Ctrl Pts',(0.296517443978687,-49.1232314083874,
-5.19389392029873));
#10134=CARTESIAN_POINT('Ctrl Pts',(0.296517443978687,-46.5619898083874,
-5.1938939202988));
#10135=CARTESIAN_POINT('Ctrl Pts',(0.152479061787091,-49.1232314083874,
-5.22373278526882));
#10136=CARTESIAN_POINT('Ctrl Pts',(0.152479061787091,-46.5619898083874,
-5.22373278526889));
#10137=CARTESIAN_POINT('Ctrl Pts',(0.00704150231331968,-49.1232314083874,
-5.24270966103247));
#10138=CARTESIAN_POINT('Ctrl Pts',(0.00704150231331968,-46.5619898083874,
-5.24270966103253));
#10139=CARTESIAN_POINT('',(0.437533671576664,-48.0560474083874,-5.15364408297508));
#10140=CARTESIAN_POINT('Ctrl Pts',(1.14350659288927,-49.1232314083874,-4.90811324171193));
#10141=CARTESIAN_POINT('Ctrl Pts',(1.14350659288927,-46.5619898083874,-4.908113241712));
#10142=CARTESIAN_POINT('Ctrl Pts',(0.937217634619564,-49.1232314083874,
-5.01178903236663));
#10143=CARTESIAN_POINT('Ctrl Pts',(0.937217634619564,-46.5619898083874,
-5.0117890323667));
#10144=CARTESIAN_POINT('Ctrl Pts',(0.661009105375916,-49.1232314083874,
-5.08988157540155));
#10145=CARTESIAN_POINT('Ctrl Pts',(0.661009105375916,-46.5619898083874,
-5.08988157540162));
#10146=CARTESIAN_POINT('Ctrl Pts',(0.437533671576664,-49.1232314083874,
-5.15364408297505));
#10147=CARTESIAN_POINT('Ctrl Pts',(0.437533671576664,-46.5619898083874,
-5.15364408297512));
#10148=CARTESIAN_POINT('',(1.14350659288927,-48.0560474083874,-4.90811324171196));
#10149=CARTESIAN_POINT('Ctrl Pts',(1.45795075919324,-49.1232314083874,-3.67194609229855));
#10150=CARTESIAN_POINT('Ctrl Pts',(1.45795075919324,-46.5619898083874,-3.67194609229862));
#10151=CARTESIAN_POINT('Ctrl Pts',(1.65757867689737,-49.1232314083874,-4.05239076646864));
#10152=CARTESIAN_POINT('Ctrl Pts',(1.65757867689737,-46.5619898083874,-4.05239076646871));
#10153=CARTESIAN_POINT('Ctrl Pts',(1.55933217244871,-49.1232314083874,-4.69913697469392));
#10154=CARTESIAN_POINT('Ctrl Pts',(1.55933217244871,-46.5619898083874,-4.69913697469399));
#10155=CARTESIAN_POINT('Ctrl Pts',(1.14350659288927,-49.1232314083874,-4.90811324171193));
#10156=CARTESIAN_POINT('Ctrl Pts',(1.14350659288927,-46.5619898083874,-4.908113241712));
#10157=CARTESIAN_POINT('',(1.45795075919324,-48.0560474083874,-3.67194609229858));
#10158=CARTESIAN_POINT('Ctrl Pts',(0.387262376454144,-49.1232314083874,
-3.23294439673176));
#10159=CARTESIAN_POINT('Ctrl Pts',(0.387262376454144,-46.5619898083874,
-3.23294439673183));
#10160=CARTESIAN_POINT('Ctrl Pts',(0.784558680308478,-49.1232314083874,
-3.09635120940674));
#10161=CARTESIAN_POINT('Ctrl Pts',(0.784558680308478,-46.5619898083874,
-3.09635120940681));
#10162=CARTESIAN_POINT('Ctrl Pts',(1.26274588176208,-49.1232314083874,-3.29995456732531));
#10163=CARTESIAN_POINT('Ctrl Pts',(1.26274588176208,-46.5619898083874,-3.29995456732537));
#10164=CARTESIAN_POINT('Ctrl Pts',(1.45795075919324,-49.1232314083874,-3.67194609229855));
#10165=CARTESIAN_POINT('Ctrl Pts',(1.45795075919324,-46.5619898083874,-3.67194609229862));
#10166=CARTESIAN_POINT('',(0.387262376454144,-48.0560474083874,-3.23294439673179));
#10167=CARTESIAN_POINT('Ctrl Pts',(0.0326794186425355,-49.1232314083874,
-1.79563910651604));
#10168=CARTESIAN_POINT('Ctrl Pts',(0.0326794186425355,-46.5619898083874,
-1.7956391065161));
#10169=CARTESIAN_POINT('Ctrl Pts',(0.282913477314488,-49.1232314083874,
-2.23839073387084));
#10170=CARTESIAN_POINT('Ctrl Pts',(0.282913477314488,-46.5619898083874,
-2.23839073387091));
#10171=CARTESIAN_POINT('Ctrl Pts',(0.541433262260623,-49.1232314083874,
-2.74826357763523));
#10172=CARTESIAN_POINT('Ctrl Pts',(0.541433262260623,-46.5619898083874,
-2.7482635776353));
#10173=CARTESIAN_POINT('Ctrl Pts',(0.387262376454144,-49.1232314083874,
-3.23294439673176));
#10174=CARTESIAN_POINT('Ctrl Pts',(0.387262376454144,-46.5619898083874,
-3.23294439673183));
#10175=CARTESIAN_POINT('',(0.0326794186425355,-48.0560474083874,-1.79563910651606));
#10176=CARTESIAN_POINT('Origin',(-0.492980723369226,-48.0560474083874,-0.865574020025864));
#10177=CARTESIAN_POINT('',(-0.492980723369226,-48.0560474083874,-0.865574020025864));
#10178=CARTESIAN_POINT('Ctrl Pts',(0.653449447898954,-49.1232314083874,
-1.74105752533377));
#10179=CARTESIAN_POINT('Ctrl Pts',(0.653449447898954,-46.5619898083874,
-1.74105752533383));
#10180=CARTESIAN_POINT('Ctrl Pts',(0.345051299179379,-49.1232314083874,
-1.36895324614731));
#10181=CARTESIAN_POINT('Ctrl Pts',(0.345051299179379,-46.5619898083874,
-1.36895324614737));
#10182=CARTESIAN_POINT('Ctrl Pts',(-0.0782194752466503,-49.1232314083874,
-1.11368112422122));
#10183=CARTESIAN_POINT('Ctrl Pts',(-0.0782194752466503,-46.5619898083874,
-1.11368112422129));
#10184=CARTESIAN_POINT('Ctrl Pts',(-0.492980723369226,-49.1232314083874,
-0.865574020025836));
#10185=CARTESIAN_POINT('Ctrl Pts',(-0.492980723369226,-46.5619898083874,
-0.865574020025904));
#10186=CARTESIAN_POINT('',(0.653449447898954,-48.0560474083874,-1.74105752533379));
#10187=CARTESIAN_POINT('Ctrl Pts',(0.983287981101214,-49.1232314083874,
-3.08879496872412));
#10188=CARTESIAN_POINT('Ctrl Pts',(0.983287981101214,-46.5619898083874,
-3.08879496872418));
#10189=CARTESIAN_POINT('Ctrl Pts',(1.13863424416061,-49.1232314083874,-2.63115124323899));
#10190=CARTESIAN_POINT('Ctrl Pts',(1.13863424416061,-46.5619898083874,-2.63115124323906));
#10191=CARTESIAN_POINT('Ctrl Pts',(0.961847596618521,-49.1232314083874,
-2.11316180452023));
#10192=CARTESIAN_POINT('Ctrl Pts',(0.961847596618521,-46.5619898083874,
-2.11316180452029));
#10193=CARTESIAN_POINT('Ctrl Pts',(0.653449447898954,-49.1232314083874,
-1.74105752533377));
#10194=CARTESIAN_POINT('Ctrl Pts',(0.653449447898954,-46.5619898083874,
-1.74105752533383));
#10195=CARTESIAN_POINT('',(0.983287981101214,-48.0560474083874,-3.08879496872415));
#10196=CARTESIAN_POINT('Ctrl Pts',(1.85121353732935,-49.1232314083874,-3.18810409621246));
#10197=CARTESIAN_POINT('Ctrl Pts',(1.85121353732935,-46.5619898083874,-3.18810409621253));
#10198=CARTESIAN_POINT('Ctrl Pts',(1.59762076982131,-49.1232314083874,-3.03147141008411));
#10199=CARTESIAN_POINT('Ctrl Pts',(1.59762076982131,-46.5619898083874,-3.03147141008418));
#10200=CARTESIAN_POINT('Ctrl Pts',(1.27623538581589,-49.1232314083874,-3.03376578748333));
#10201=CARTESIAN_POINT('Ctrl Pts',(1.27623538581589,-46.5619898083874,-3.0337657874834));
#10202=CARTESIAN_POINT('Ctrl Pts',(0.983287981101214,-49.1232314083874,
-3.08879496872412));
#10203=CARTESIAN_POINT('Ctrl Pts',(0.983287981101214,-46.5619898083874,
-3.08879496872418));
#10204=CARTESIAN_POINT('',(1.85121353732935,-48.0560474083874,-3.18810409621249));
#10205=CARTESIAN_POINT('Ctrl Pts',(2.09271426966859,-49.1232314083874,-3.95582361643804));
#10206=CARTESIAN_POINT('Ctrl Pts',(2.09271426966859,-46.5619898083874,-3.95582361643811));
#10207=CARTESIAN_POINT('Ctrl Pts',(2.24912486416486,-49.1232314083874,-3.70206342600734));
#10208=CARTESIAN_POINT('Ctrl Pts',(2.24912486416486,-46.5619898083874,-3.70206342600741));
#10209=CARTESIAN_POINT('Ctrl Pts',(2.10480630483739,-49.1232314083874,-3.34473849073799));
#10210=CARTESIAN_POINT('Ctrl Pts',(2.10480630483739,-46.5619898083874,-3.34473849073806));
#10211=CARTESIAN_POINT('Ctrl Pts',(1.85121353732935,-49.1232314083874,-3.18810409621246));
#10212=CARTESIAN_POINT('Ctrl Pts',(1.85121353732935,-46.5619898083874,-3.18810409621253));
#10213=CARTESIAN_POINT('',(2.09271426966859,-48.0560474083874,-3.95582361643807));
#10214=CARTESIAN_POINT('Ctrl Pts',(2.93800256684204,-49.1232314083874,-1.95322151327054));
#10215=CARTESIAN_POINT('Ctrl Pts',(2.93800256684204,-46.5619898083874,-1.95322151327061));
#10216=CARTESIAN_POINT('Ctrl Pts',(3.1967921829938,-49.1232314083874,-2.69974049719273));
#10217=CARTESIAN_POINT('Ctrl Pts',(3.1967921829938,-46.5619898083874,-2.6997404971928));
#10218=CARTESIAN_POINT('Ctrl Pts',(2.81877194901281,-49.1232314083874,-3.62795929658526));
#10219=CARTESIAN_POINT('Ctrl Pts',(2.81877194901281,-46.5619898083874,-3.62795929658533));
#10220=CARTESIAN_POINT('Ctrl Pts',(2.09271426966859,-49.1232314083874,-3.95582361643804));
#10221=CARTESIAN_POINT('Ctrl Pts',(2.09271426966859,-46.5619898083874,-3.95582361643811));
#10222=CARTESIAN_POINT('',(2.93800256684149,-48.0560474083874,-1.95322151326901));
#10223=CARTESIAN_POINT('Ctrl Pts',(2.88260365996842,-49.1232314083874,-1.81696673678551));
#10224=CARTESIAN_POINT('Ctrl Pts',(2.88260365996842,-46.5619898083874,-1.81696673678558));
#10225=CARTESIAN_POINT('Ctrl Pts',(2.89358382473354,-49.1232314083874,-1.86701582772172));
#10226=CARTESIAN_POINT('Ctrl Pts',(2.89358382473354,-46.5619898083874,-1.86701582772179));
#10227=CARTESIAN_POINT('Ctrl Pts',(2.9125677616937,-49.1232314083874,-1.9124815949246));
#10228=CARTESIAN_POINT('Ctrl Pts',(2.9125677616937,-46.5619898083874,-1.91248159492467));
#10229=CARTESIAN_POINT('Ctrl Pts',(2.93800256684149,-49.1232314083874,-1.95322151326898));
#10230=CARTESIAN_POINT('Ctrl Pts',(2.93800256684149,-46.5619898083874,-1.95322151326905));
#10231=CARTESIAN_POINT('',(2.88260365996842,-48.0560474083874,-1.81696673678554));
#10232=CARTESIAN_POINT('Ctrl Pts',(2.9380025668415,-49.1232314083874,-1.95322151326898));
#10233=CARTESIAN_POINT('Ctrl Pts',(2.9380025668415,-46.5619898083874,-1.95322151326905));
#10234=CARTESIAN_POINT('Ctrl Pts',(2.92199541808905,-49.1232314083874,-1.90704639774535));
#10235=CARTESIAN_POINT('Ctrl Pts',(2.92199541808905,-46.5619898083874,-1.90704639774542));
#10236=CARTESIAN_POINT('Ctrl Pts',(2.90355189486009,-49.1232314083874,-1.86156644859314));
#10237=CARTESIAN_POINT('Ctrl Pts',(2.90355189486009,-46.5619898083874,-1.8615664485932));
#10238=CARTESIAN_POINT('Ctrl Pts',(2.88260365996842,-49.1232314083874,-1.81696673678551));
#10239=CARTESIAN_POINT('Ctrl Pts',(2.88260365996842,-46.5619898083874,-1.81696673678558));
#10240=CARTESIAN_POINT('',(2.93800256684149,-48.0560474083874,-1.95322151326901));
#10241=CARTESIAN_POINT('Ctrl Pts',(3.81300359230394,-49.1232314083874,-2.11674431338558));
#10242=CARTESIAN_POINT('Ctrl Pts',(3.81300359230394,-46.5619898083874,-2.11674431338565));
#10243=CARTESIAN_POINT('Ctrl Pts',(3.52885317939761,-49.1232314083874,-2.2812876805497));
#10244=CARTESIAN_POINT('Ctrl Pts',(3.52885317939761,-46.5619898083874,-2.28128768054977));
#10245=CARTESIAN_POINT('Ctrl Pts',(3.10098681877949,-49.1232314083874,-2.21427973945904));
#10246=CARTESIAN_POINT('Ctrl Pts',(3.10098681877949,-46.5619898083874,-2.21427973945911));
#10247=CARTESIAN_POINT('Ctrl Pts',(2.93800256684152,-49.1232314083874,-1.95322151326901));
#10248=CARTESIAN_POINT('Ctrl Pts',(2.93800256684152,-46.5619898083874,-1.95322151326908));
#10249=CARTESIAN_POINT('',(3.81300359230394,-48.0560474083874,-2.11674431338561));
#10250=CARTESIAN_POINT('Ctrl Pts',(4.20307885157585,-49.1232314083874,-1.71201058410161));
#10251=CARTESIAN_POINT('Ctrl Pts',(4.20307885157585,-46.5619898083874,-1.71201058410168));
#10252=CARTESIAN_POINT('Ctrl Pts',(4.10411780988156,-49.1232314083874,-1.87694419842916));
#10253=CARTESIAN_POINT('Ctrl Pts',(4.10411780988156,-46.5619898083874,-1.87694419842923));
#10254=CARTESIAN_POINT('Ctrl Pts',(3.97905033550889,-49.1232314083874,-2.0205745309726));
#10255=CARTESIAN_POINT('Ctrl Pts',(3.97905033550889,-46.5619898083874,-2.02057453097267));
#10256=CARTESIAN_POINT('Ctrl Pts',(3.81300359230394,-49.1232314083874,-2.11674431338558));
#10257=CARTESIAN_POINT('Ctrl Pts',(3.81300359230394,-46.5619898083874,-2.11674431338565));
#10258=CARTESIAN_POINT('Ctrl Pts',(3.381670891633,-49.1232314083874,-0.175162888534173));
#10259=CARTESIAN_POINT('Ctrl Pts',(3.381670891633,-46.5619898083874,-0.175162888534241));
#10260=CARTESIAN_POINT('Ctrl Pts',(3.75177260880788,-49.1232314083874,-0.179556690656461));
#10261=CARTESIAN_POINT('Ctrl Pts',(3.75177260880788,-46.5619898083874,-0.179556690656529));
#10262=CARTESIAN_POINT('Ctrl Pts',(4.1195552767746,-49.1232314083874,-0.041030356734477));
#10263=CARTESIAN_POINT('Ctrl Pts',(4.1195552767746,-46.5619898083874,-0.0410303567345453));
#10264=CARTESIAN_POINT('Ctrl Pts',(4.40200164293025,-49.1232314083874,0.197315951204379));
#10265=CARTESIAN_POINT('Ctrl Pts',(4.40200164293025,-46.5619898083874,0.197315951204311));
#10266=CARTESIAN_POINT('',(3.381670891633,-48.0560474083874,-0.175162888534201));
#10267=CARTESIAN_POINT('Ctrl Pts',(2.10721343644983,-49.1232314083874,0.525100569436505));
#10268=CARTESIAN_POINT('Ctrl Pts',(2.10721343644983,-46.5619898083874,0.525100569436436));
#10269=CARTESIAN_POINT('Ctrl Pts',(2.38286161142175,-49.1232314083874,0.102277395069));
#10270=CARTESIAN_POINT('Ctrl Pts',(2.38286161142175,-46.5619898083874,0.102277395068932));
#10271=CARTESIAN_POINT('Ctrl Pts',(2.87700353404537,-49.1232314083874,-0.169229625162989));
#10272=CARTESIAN_POINT('Ctrl Pts',(2.87700353404537,-46.5619898083874,-0.169229625163057));
#10273=CARTESIAN_POINT('Ctrl Pts',(3.381670891633,-49.1232314083874,-0.175162888534173));
#10274=CARTESIAN_POINT('Ctrl Pts',(3.381670891633,-46.5619898083874,-0.175162888534241));
#10275=CARTESIAN_POINT('',(2.10721343644983,-48.0560474083874,0.525100569436476));
#10276=CARTESIAN_POINT('Ctrl Pts',(1.71725128164603,-49.1232314083874,1.42795772259831));
#10277=CARTESIAN_POINT('Ctrl Pts',(1.71725128164603,-46.5619898083874,1.42795772259824));
#10278=CARTESIAN_POINT('Ctrl Pts',(1.84130483374373,-49.1232314083874,1.12375881412244));
#10279=CARTESIAN_POINT('Ctrl Pts',(1.84130483374373,-46.5619898083874,1.12375881412237));
#10280=CARTESIAN_POINT('Ctrl Pts',(1.92779585726605,-49.1232314083874,0.80030114434989));
#10281=CARTESIAN_POINT('Ctrl Pts',(1.92779585726605,-46.5619898083874,0.800301144349822));
#10282=CARTESIAN_POINT('Ctrl Pts',(2.10721343644983,-49.1232314083874,0.525100569436505));
#10283=CARTESIAN_POINT('Ctrl Pts',(2.10721343644983,-46.5619898083874,0.525100569436436));
#10284=CARTESIAN_POINT('Ctrl Pts',(-1.05718306074401,-48.4829210083938,
4.45729752319856));
#10285=CARTESIAN_POINT('Ctrl Pts',(-1.05718306074401,-47.5437990883867,
4.45729752319853));
#10286=CARTESIAN_POINT('Ctrl Pts',(-1.05035641379569,-48.4829210083938,
4.40181595848665));
#10287=CARTESIAN_POINT('Ctrl Pts',(-1.05035641379569,-47.5437990883867,
4.40181595848662));
#10288=CARTESIAN_POINT('Ctrl Pts',(-1.02443916079761,-48.4829210083938,
4.34886362590786));
#10289=CARTESIAN_POINT('Ctrl Pts',(-1.02443916079761,-47.5437990883867,
4.34886362590783));
#10290=CARTESIAN_POINT('Ctrl Pts',(-0.984812834379323,-48.4829210083938,
4.30943569943397));
#10291=CARTESIAN_POINT('Ctrl Pts',(-0.984812834379323,-47.5437990883867,
4.30943569943395));
#10292=CARTESIAN_POINT('',(-1.05718306074401,-48.0560474083874,4.45729752319854));
#10293=CARTESIAN_POINT('Ctrl Pts',(-1.10614972781713,-49.1232314083938,
4.7825021826431));
#10294=CARTESIAN_POINT('Ctrl Pts',(-1.10614972781713,-47.0742381283867,
4.78250218264305));
#10295=CARTESIAN_POINT('Ctrl Pts',(-1.08596076020214,-49.1232314083938,
4.67293286677213));
#10296=CARTESIAN_POINT('Ctrl Pts',(-1.08596076020214,-47.0742381283867,
4.67293286677208));
#10297=CARTESIAN_POINT('Ctrl Pts',(-1.07036317068486,-49.1232314083938,
4.56441499116627));
#10298=CARTESIAN_POINT('Ctrl Pts',(-1.07036317068486,-47.0742381283867,
4.56441499116622));
#10299=CARTESIAN_POINT('Ctrl Pts',(-1.05718305866003,-49.1232314083938,
4.45729750626162));
#10300=CARTESIAN_POINT('Ctrl Pts',(-1.05718305866003,-47.0742381283867,
4.45729750626157));
#10301=CARTESIAN_POINT('',(-1.10614972781575,-48.0560474083874,4.78250218263561));
#10302=CARTESIAN_POINT('Ctrl Pts',(-3.41590134740904,-49.1232314083874,
8.83445750373378));
#10303=CARTESIAN_POINT('Ctrl Pts',(-3.41590134740904,-47.0742381283879,
8.83445750373378));
#10304=CARTESIAN_POINT('Ctrl Pts',(-3.2418237900268,-49.1232314083874,8.60355081357816));
#10305=CARTESIAN_POINT('Ctrl Pts',(-3.2418237900268,-47.0742381283879,8.60355081357816));
#10306=CARTESIAN_POINT('Ctrl Pts',(-3.06774623264455,-49.1232314083874,
8.37264412342254));
#10307=CARTESIAN_POINT('Ctrl Pts',(-3.06774623264455,-47.0742381283879,
8.37264412342254));
#10308=CARTESIAN_POINT('Ctrl Pts',(-2.89366867526231,-49.1232314083874,
8.14173743326691));
#10309=CARTESIAN_POINT('Ctrl Pts',(-2.89366867526231,-47.0742381283879,
8.14173743326691));
#10310=CARTESIAN_POINT('Ctrl Pts',(-2.1481129667351,-49.1232314083874,7.15278857867893));
#10311=CARTESIAN_POINT('Ctrl Pts',(-2.1481129667351,-47.0742381283879,7.15278857867893));
#10312=CARTESIAN_POINT('Ctrl Pts',(-1.34599482096555,-49.1232314083874,
6.08412766874596));
#10313=CARTESIAN_POINT('Ctrl Pts',(-1.34599482096555,-47.0742381283879,
6.08412766874596));
#10314=CARTESIAN_POINT('Ctrl Pts',(-1.1061501432754,-49.1232314083874,4.78250443736212));
#10315=CARTESIAN_POINT('Ctrl Pts',(-1.1061501432754,-47.0742381283879,4.78250443736212));
#10316=CARTESIAN_POINT('Ctrl Pts',(-2.47212638519318,-49.1232314083874,
5.78779498806076));
#10317=CARTESIAN_POINT('Ctrl Pts',(-2.47212638519318,-46.5619898083874,
5.78779498806069));
#10318=CARTESIAN_POINT('Ctrl Pts',(-2.73960158810412,-49.1232314083874,
6.46387437569384));
#10319=CARTESIAN_POINT('Ctrl Pts',(-2.73960158810412,-46.5619898083874,
6.46387437569377));
#10320=CARTESIAN_POINT('Ctrl Pts',(-3.22422773849121,-49.1232314083874,
7.03252718668561));
#10321=CARTESIAN_POINT('Ctrl Pts',(-3.22422773849121,-46.5619898083874,
7.03252718668554));
#10322=CARTESIAN_POINT('Ctrl Pts',(-3.53251313299756,-49.1232314083874,
7.69102887583724));
#10323=CARTESIAN_POINT('Ctrl Pts',(-3.53251313299756,-46.5619898083874,
7.69102887583717));
#10324=CARTESIAN_POINT('Ctrl Pts',(-4.3821254295891,-49.1232314083874,9.50581200341731));
#10325=CARTESIAN_POINT('Ctrl Pts',(-4.3821254295891,-46.5619898083874,9.50581200341724));
#10326=CARTESIAN_POINT('Ctrl Pts',(-5.23173772618063,-49.1232314083874,
11.3205951309974));
#10327=CARTESIAN_POINT('Ctrl Pts',(-5.23173772618063,-46.5619898083874,
11.3205951309973));
#10328=CARTESIAN_POINT('Ctrl Pts',(-6.08135002277216,-49.1232314083874,
13.1353782585774));
#10329=CARTESIAN_POINT('Ctrl Pts',(-6.08135002277216,-46.5619898083874,
13.1353782585774));
#10330=CARTESIAN_POINT('',(-2.47212638519318,-48.0560474083874,5.78779498806073));
#10331=CARTESIAN_POINT('Ctrl Pts',(-2.24288511094539,-49.1232314083874,
4.55952148777107));
#10332=CARTESIAN_POINT('Ctrl Pts',(-2.24288511094539,-46.5619898083874,
4.559521487771));
#10333=CARTESIAN_POINT('Ctrl Pts',(-2.12325459912067,-49.1232314083874,
4.86982279093795));
#10334=CARTESIAN_POINT('Ctrl Pts',(-2.12325459912067,-46.5619898083874,
4.86982279093788));
#10335=CARTESIAN_POINT('Ctrl Pts',(-2.35770135954525,-49.1232314083874,
5.49854199222607));
#10336=CARTESIAN_POINT('Ctrl Pts',(-2.35770135954525,-46.5619898083874,
5.49854199222601));
#10337=CARTESIAN_POINT('Ctrl Pts',(-2.47212638519318,-49.1232314083874,
5.78779498806076));
#10338=CARTESIAN_POINT('Ctrl Pts',(-2.47212638519318,-46.5619898083874,
5.78779498806069));
#10339=CARTESIAN_POINT('',(-2.24288511094539,-48.0560474083874,4.55952148777104));
#10340=CARTESIAN_POINT('Ctrl Pts',(-2.68076609796872,-49.1232314083874,
4.69225198909486));
#10341=CARTESIAN_POINT('Ctrl Pts',(-2.68076609796872,-46.5619898083874,
4.6922519890948));
#10342=CARTESIAN_POINT('Ctrl Pts',(-2.57468317570158,-49.1232314083874,
4.57099764576011));
#10343=CARTESIAN_POINT('Ctrl Pts',(-2.57468317570158,-46.5619898083874,
4.57099764576004));
#10344=CARTESIAN_POINT('Ctrl Pts',(-2.33150308894429,-49.1232314083874,
4.3296088134355));
#10345=CARTESIAN_POINT('Ctrl Pts',(-2.33150308894429,-46.5619898083874,
4.32960881343543));
#10346=CARTESIAN_POINT('Ctrl Pts',(-2.24288511094539,-49.1232314083874,
4.55952148777107));
#10347=CARTESIAN_POINT('Ctrl Pts',(-2.24288511094539,-46.5619898083874,
4.559521487771));
#10348=CARTESIAN_POINT('',(-2.68076609796872,-48.0560474083874,4.69225198909484));
#10349=CARTESIAN_POINT('Ctrl Pts',(-3.38416446474622,-49.1232314083874,
5.83252424276401));
#10350=CARTESIAN_POINT('Ctrl Pts',(-3.38416446474622,-46.5619898083874,
5.83252424276394));
#10351=CARTESIAN_POINT('Ctrl Pts',(-3.10627658108453,-49.1232314083874,
5.48348417957026));
#10352=CARTESIAN_POINT('Ctrl Pts',(-3.10627658108453,-46.5619898083874,
5.4834841795702));
#10353=CARTESIAN_POINT('Ctrl Pts',(-2.97875156593753,-49.1232314083874,
5.03278338018375));
#10354=CARTESIAN_POINT('Ctrl Pts',(-2.97875156593753,-46.5619898083874,
5.03278338018368));
#10355=CARTESIAN_POINT('Ctrl Pts',(-2.68076609796872,-49.1232314083874,
4.69225198909486));
#10356=CARTESIAN_POINT('Ctrl Pts',(-2.68076609796872,-46.5619898083874,
4.6922519890948));
#10357=CARTESIAN_POINT('',(-3.38416446474622,-48.0560474083874,5.83252424276398));
#10358=CARTESIAN_POINT('Ctrl Pts',(-3.91945313320775,-49.1232314083874,
6.4181952521641));
#10359=CARTESIAN_POINT('Ctrl Pts',(-3.91945313320775,-46.5619898083874,
6.41819525216404));
#10360=CARTESIAN_POINT('Ctrl Pts',(-3.75184570365972,-49.1232314083874,
6.21145783963729));
#10361=CARTESIAN_POINT('Ctrl Pts',(-3.75184570365972,-46.5619898083874,
6.21145783963722));
#10362=CARTESIAN_POINT('Ctrl Pts',(-3.54611709966176,-49.1232314083874,
6.03595846936275));
#10363=CARTESIAN_POINT('Ctrl Pts',(-3.54611709966176,-46.5619898083874,
6.03595846936269));
#10364=CARTESIAN_POINT('Ctrl Pts',(-3.38416446474622,-49.1232314083874,
5.83252424276401));
#10365=CARTESIAN_POINT('Ctrl Pts',(-3.38416446474622,-46.5619898083874,
5.83252424276394));
#10366=CARTESIAN_POINT('',(-3.91945313320775,-48.0560474083874,6.41819525216408));
#10367=CARTESIAN_POINT('Ctrl Pts',(-5.0722094991962,-49.1232314083874,7.92850035345115));
#10368=CARTESIAN_POINT('Ctrl Pts',(-5.0722094991962,-46.5619898083874,7.92850035345106));
#10369=CARTESIAN_POINT('Ctrl Pts',(-4.68314254450945,-49.1232314083874,
7.42876001330166));
#10370=CARTESIAN_POINT('Ctrl Pts',(-4.68314254450945,-46.5619898083874,
7.42876001330157));
#10371=CARTESIAN_POINT('Ctrl Pts',(-4.31837241437352,-49.1232314083874,
6.91032212032579));
#10372=CARTESIAN_POINT('Ctrl Pts',(-4.31837241437352,-46.5619898083874,
6.9103221203257));
#10373=CARTESIAN_POINT('Ctrl Pts',(-3.91945313320775,-49.1232314083874,
6.4181952521641));
#10374=CARTESIAN_POINT('Ctrl Pts',(-3.91945313320775,-46.5619898083874,
6.41819525216402));
#10375=CARTESIAN_POINT('',(-5.0722094991962,-48.0560474083874,7.92850035345115));
#10376=CARTESIAN_POINT('Ctrl Pts',(-5.57562931708993,-49.1232314083874,
8.5591093441548));
#10377=CARTESIAN_POINT('Ctrl Pts',(-5.57562931708993,-46.5619898083874,
8.55910934415472));
#10378=CARTESIAN_POINT('Ctrl Pts',(-5.4027726242126,-49.1232314083874,8.35307942065119));
#10379=CARTESIAN_POINT('Ctrl Pts',(-5.4027726242126,-46.5619898083874,8.3530794206511));
#10380=CARTESIAN_POINT('Ctrl Pts',(-5.23745627006173,-49.1232314083874,
8.1407197685098));
#10381=CARTESIAN_POINT('Ctrl Pts',(-5.23745627006173,-46.5619898083874,
8.14071976850971));
#10382=CARTESIAN_POINT('Ctrl Pts',(-5.0722094991962,-49.1232314083874,7.92850035345115));
#10383=CARTESIAN_POINT('Ctrl Pts',(-5.0722094991962,-46.5619898083874,7.92850035345106));
#10384=CARTESIAN_POINT('Ctrl Pts',(-5.16916787217871,-49.1232314083874,
6.67072454243386));
#10385=CARTESIAN_POINT('Ctrl Pts',(-5.16916787217871,-46.5619898083874,
6.67072454243379));
#10386=CARTESIAN_POINT('Ctrl Pts',(-5.46913986441778,-49.1232314083874,
7.26874339199941));
#10387=CARTESIAN_POINT('Ctrl Pts',(-5.46913986441778,-46.5619898083874,
7.26874339199934));
#10388=CARTESIAN_POINT('Ctrl Pts',(-5.77389731024893,-49.1232314083874,
7.86438018616366));
#10389=CARTESIAN_POINT('Ctrl Pts',(-5.77389731024893,-46.5619898083874,
7.86438018616359));
#10390=CARTESIAN_POINT('Ctrl Pts',(-6.08338645117817,-49.1232314083874,
8.45755272443871));
#10391=CARTESIAN_POINT('Ctrl Pts',(-6.08338645117817,-46.5619898083874,
8.45755272443864));
#10392=CARTESIAN_POINT('',(-5.16916787217871,-48.0560474083874,6.67072454243383));
#10393=CARTESIAN_POINT('Ctrl Pts',(-4.88937683406971,-49.1232314083874,
5.07930388931968));
#10394=CARTESIAN_POINT('Ctrl Pts',(-4.88937683406971,-46.5619898083874,
5.07930388931961));
#10395=CARTESIAN_POINT('Ctrl Pts',(-4.66920373199994,-49.1232314083874,
5.62354882994458));
#10396=CARTESIAN_POINT('Ctrl Pts',(-4.66920373199994,-46.5619898083874,
5.62354882994452));
#10397=CARTESIAN_POINT('Ctrl Pts',(-4.92845129414047,-49.1232314083874,
6.19085713236363));
#10398=CARTESIAN_POINT('Ctrl Pts',(-4.92845129414047,-46.5619898083874,
6.19085713236356));
#10399=CARTESIAN_POINT('Ctrl Pts',(-5.16916787217871,-49.1232314083874,
6.67072454243386));
#10400=CARTESIAN_POINT('Ctrl Pts',(-5.16916787217871,-46.5619898083874,
6.67072454243379));
#10401=CARTESIAN_POINT('',(-4.88937683406971,-48.0560474083874,5.07930388931965));
#10402=CARTESIAN_POINT('Ctrl Pts',(-5.05424057776282,-49.1232314083874,
4.88762599784585));
#10403=CARTESIAN_POINT('Ctrl Pts',(-5.05424057776282,-46.5619898083874,
4.88762599784578));
#10404=CARTESIAN_POINT('Ctrl Pts',(-4.9719487944842,-49.1232314083874,4.91578380000072));
#10405=CARTESIAN_POINT('Ctrl Pts',(-4.9719487944842,-46.5619898083874,4.91578380000066));
#10406=CARTESIAN_POINT('Ctrl Pts',(-4.92201405360415,-49.1232314083874,
4.99863593755108));
#10407=CARTESIAN_POINT('Ctrl Pts',(-4.92201405360415,-46.5619898083874,
4.99863593755101));
#10408=CARTESIAN_POINT('Ctrl Pts',(-4.88937683406971,-49.1232314083874,
5.07930388931968));
#10409=CARTESIAN_POINT('Ctrl Pts',(-4.88937683406971,-46.5619898083874,
5.07930388931961));
#10410=CARTESIAN_POINT('',(-5.05424057776282,-48.0560474083874,4.88762599784582));
#10411=CARTESIAN_POINT('Ctrl Pts',(-5.25773118146816,-49.1232314083874,
4.90733150500247));
#10412=CARTESIAN_POINT('Ctrl Pts',(-5.25773118146816,-46.5619898083874,
4.9073315050024));
#10413=CARTESIAN_POINT('Ctrl Pts',(-5.19268054242853,-49.1232314083874,
4.88264345749973));
#10414=CARTESIAN_POINT('Ctrl Pts',(-5.19268054242853,-46.5619898083874,
4.88264345749966));
#10415=CARTESIAN_POINT('Ctrl Pts',(-5.12007366270628,-49.1232314083874,
4.86506575901826));
#10416=CARTESIAN_POINT('Ctrl Pts',(-5.12007366270628,-46.5619898083874,
4.86506575901819));
#10417=CARTESIAN_POINT('Ctrl Pts',(-5.05424057776282,-49.1232314083874,
4.88762599784585));
#10418=CARTESIAN_POINT('Ctrl Pts',(-5.05424057776282,-46.5619898083874,
4.88762599784578));
#10419=CARTESIAN_POINT('',(-5.25773118146816,-48.0560474083874,4.90733150500243));
#10420=CARTESIAN_POINT('Ctrl Pts',(-6.2195929560852,-49.1232314083874,5.91302562580853));
#10421=CARTESIAN_POINT('Ctrl Pts',(-6.2195929560852,-46.5619898083874,5.91302562580847));
#10422=CARTESIAN_POINT('Ctrl Pts',(-5.94987804448448,-49.1232314083874,
5.52586267976768));
#10423=CARTESIAN_POINT('Ctrl Pts',(-5.94987804448448,-46.5619898083874,
5.52586267976761));
#10424=CARTESIAN_POINT('Ctrl Pts',(-5.69885983151153,-49.1232314083874,
5.07482618033728));
#10425=CARTESIAN_POINT('Ctrl Pts',(-5.69885983151153,-46.5619898083874,
5.07482618033721));
#10426=CARTESIAN_POINT('Ctrl Pts',(-5.25773118146816,-49.1232314083874,
4.90733150500247));
#10427=CARTESIAN_POINT('Ctrl Pts',(-5.25773118146816,-46.5619898083874,
4.9073315050024));
#10428=CARTESIAN_POINT('',(-6.2195929560852,-48.0560474083874,5.91302562580851));
#10429=CARTESIAN_POINT('Ctrl Pts',(-8.2309751392445,-49.1232314083874,7.64351205202761));
#10430=CARTESIAN_POINT('Ctrl Pts',(-8.2309751392445,-46.5619898083874,7.64351205202761));
#10431=CARTESIAN_POINT('Ctrl Pts',(-7.43028949850327,-49.1232314083874,
7.24661344570208));
#10432=CARTESIAN_POINT('Ctrl Pts',(-7.43028949850327,-46.5619898083874,
7.24661344570208));
#10433=CARTESIAN_POINT('Ctrl Pts',(-6.73060268557758,-49.1232314083874,
6.64639888372611));
#10434=CARTESIAN_POINT('Ctrl Pts',(-6.73060268557758,-46.5619898083874,
6.64639888372611));
#10435=CARTESIAN_POINT('Ctrl Pts',(-6.2195929560852,-49.1232314083874,5.91302562580853));
#10436=CARTESIAN_POINT('Ctrl Pts',(-6.2195929560852,-46.5619898083874,5.91302562580853));
#10437=CARTESIAN_POINT('Ctrl Pts',(-6.54366564883893,-49.1232314083874,
5.01470255873574));
#10438=CARTESIAN_POINT('Ctrl Pts',(-6.54366564883893,-46.5619898083874,
5.01470255873567));
#10439=CARTESIAN_POINT('Ctrl Pts',(-7.0940185697537,-49.1232314083874,5.90564039169271));
#10440=CARTESIAN_POINT('Ctrl Pts',(-7.0940185697537,-46.5619898083874,5.90564039169264));
#10441=CARTESIAN_POINT('Ctrl Pts',(-7.65069831590795,-49.1232314083874,
6.80465796093546));
#10442=CARTESIAN_POINT('Ctrl Pts',(-7.65069831590795,-46.5619898083874,
6.80465796093539));
#10443=CARTESIAN_POINT('Ctrl Pts',(-8.35980151699222,-49.1232314083874,
7.57220056341323));
#10444=CARTESIAN_POINT('Ctrl Pts',(-8.35980151699222,-46.5619898083874,
7.57220056341316));
#10445=CARTESIAN_POINT('',(-6.54366564883893,-48.0560474083874,5.01470255873571));
#10446=CARTESIAN_POINT('Ctrl Pts',(-6.26533016511871,-49.1232314083874,
4.4330061353515));
#10447=CARTESIAN_POINT('Ctrl Pts',(-6.26533016511871,-46.5619898083874,
4.43300613535143));
#10448=CARTESIAN_POINT('Ctrl Pts',(-6.31498472886289,-49.1232314083874,
4.64315863382101));
#10449=CARTESIAN_POINT('Ctrl Pts',(-6.31498472886289,-46.5619898083874,
4.64315863382094));
#10450=CARTESIAN_POINT('Ctrl Pts',(-6.43019220041466,-49.1232314083874,
4.83097383929362));
#10451=CARTESIAN_POINT('Ctrl Pts',(-6.43019220041466,-46.5619898083874,
4.83097383929355));
#10452=CARTESIAN_POINT('Ctrl Pts',(-6.54366564883893,-49.1232314083874,
5.01470255873574));
#10453=CARTESIAN_POINT('Ctrl Pts',(-6.54366564883893,-46.5619898083874,
5.01470255873567));
#10454=CARTESIAN_POINT('',(-6.26533016511871,-48.0560474083874,4.43300613535147));
#10455=CARTESIAN_POINT('Ctrl Pts',(-7.00377288304311,-49.1232314083874,
3.30527351690968));
#10456=CARTESIAN_POINT('Ctrl Pts',(-7.00377288304311,-46.5619898083874,
3.30527351690961));
#10457=CARTESIAN_POINT('Ctrl Pts',(-6.48606191306305,-49.1232314083874,
3.44309845859422));
#10458=CARTESIAN_POINT('Ctrl Pts',(-6.48606191306305,-46.5619898083874,
3.44309845859415));
#10459=CARTESIAN_POINT('Ctrl Pts',(-6.12593862322935,-49.1232314083874,
3.84246533981851));
#10460=CARTESIAN_POINT('Ctrl Pts',(-6.12593862322935,-46.5619898083874,
3.84246533981845));
#10461=CARTESIAN_POINT('Ctrl Pts',(-6.26533016511871,-49.1232314083874,
4.4330061353515));
#10462=CARTESIAN_POINT('Ctrl Pts',(-6.26533016511871,-46.5619898083874,
4.43300613535143));
#10463=CARTESIAN_POINT('',(-7.00377288304311,-48.0560474083874,3.30527351690965));
#10464=CARTESIAN_POINT('Ctrl Pts',(-9.11844569235804,-49.1232314083874,
2.76393968506234));
#10465=CARTESIAN_POINT('Ctrl Pts',(-9.11844569235804,-46.5619898083874,
2.76393968506227));
#10466=CARTESIAN_POINT('Ctrl Pts',(-8.39427834118563,-49.1232314083874,
2.89269560037028));
#10467=CARTESIAN_POINT('Ctrl Pts',(-8.39427834118563,-46.5619898083874,
2.89269560037021));
#10468=CARTESIAN_POINT('Ctrl Pts',(-7.7112013587445,-49.1232314083874,3.11689795716533));
#10469=CARTESIAN_POINT('Ctrl Pts',(-7.7112013587445,-46.5619898083874,3.11689795716526));
#10470=CARTESIAN_POINT('Ctrl Pts',(-7.00377288304311,-49.1232314083874,
3.30527351690968));
#10471=CARTESIAN_POINT('Ctrl Pts',(-7.00377288304311,-46.5619898083874,
3.30527351690961));
#10472=CARTESIAN_POINT('',(-9.11844569235804,-48.0560474083874,2.76393968506231));
#10473=CARTESIAN_POINT('Ctrl Pts',(-7.75139481896156,-49.1232314083874,
2.29924369605972));
#10474=CARTESIAN_POINT('Ctrl Pts',(-7.75139481896156,-46.5619898083874,
2.29924369605965));
#10475=CARTESIAN_POINT('Ctrl Pts',(-8.24380271845771,-49.1232314083874,
2.27371597134796));
#10476=CARTESIAN_POINT('Ctrl Pts',(-8.24380271845771,-46.5619898083874,
2.27371597134789));
#10477=CARTESIAN_POINT('Ctrl Pts',(-8.74365410442327,-49.1232314083874,
2.4436177782952));
#10478=CARTESIAN_POINT('Ctrl Pts',(-8.74365410442327,-46.5619898083874,
2.44361777829514));
#10479=CARTESIAN_POINT('Ctrl Pts',(-9.11844569235804,-49.1232314083874,
2.76393968506234));
#10480=CARTESIAN_POINT('Ctrl Pts',(-9.11844569235804,-46.5619898083874,
2.76393968506227));
#10481=CARTESIAN_POINT('',(-7.75139481896156,-48.0560474083874,2.29924369605969));
#10482=CARTESIAN_POINT('Ctrl Pts',(-12.0214951062788,-49.1232314083874,
-0.506791821970528));
#10483=CARTESIAN_POINT('Ctrl Pts',(-12.0214951062788,-46.5619898083874,
-0.506791821970597));
#10484=CARTESIAN_POINT('Ctrl Pts',(-10.3537159332572,-49.1232314083874,
0.00778423920270159));
#10485=CARTESIAN_POINT('Ctrl Pts',(-10.3537159332572,-46.5619898083874,
0.00778423920263335));
#10486=CARTESIAN_POINT('Ctrl Pts',(-8.89603288159849,-49.1232314083874,
0.981625294775326));
#10487=CARTESIAN_POINT('Ctrl Pts',(-8.89603288159849,-46.5619898083874,
0.981625294775257));
#10488=CARTESIAN_POINT('Ctrl Pts',(-7.75139481896156,-49.1232314083874,
2.29924369605972));
#10489=CARTESIAN_POINT('Ctrl Pts',(-7.75139481896156,-46.5619898083874,
2.29924369605965));
#10490=CARTESIAN_POINT('',(-12.0214951062788,-48.0560474083874,-0.506791821970557));
#10491=CARTESIAN_POINT('Ctrl Pts',(-10.5493684107469,-49.1232314083874,
-0.948368072072415));
#10492=CARTESIAN_POINT('Ctrl Pts',(-10.5493684107469,-46.5619898083874,
-0.948368072072483));
#10493=CARTESIAN_POINT('Ctrl Pts',(-11.8086561532596,-49.1232314083874,
-0.826050251499375));
#10494=CARTESIAN_POINT('Ctrl Pts',(-11.8086561532596,-46.5619898083874,
-0.826050251499444));
#10495=CARTESIAN_POINT('Ctrl Pts',(-12.0214951062788,-49.1232314083874,
-0.506791821970528));
#10496=CARTESIAN_POINT('Ctrl Pts',(-12.0214951062788,-46.5619898083874,
-0.506791821970597));
#10497=CARTESIAN_POINT('',(-10.5493684107469,-48.0560474083874,-0.948368072072444));
#10498=CARTESIAN_POINT('Ctrl Pts',(-11.9150747755706,-49.1232314083874,
-2.81252664557952));
#10499=CARTESIAN_POINT('Ctrl Pts',(-11.9150747755706,-46.5619898083874,
-2.81252664557959));
#10500=CARTESIAN_POINT('Ctrl Pts',(-10.6735330086606,-49.1232314083874,
-1.31896041976348));
#10501=CARTESIAN_POINT('Ctrl Pts',(-10.6735330086606,-46.5619898083874,
-1.31896041976355));
#10502=CARTESIAN_POINT('Ctrl Pts',(-10.5493684107469,-49.1232314083874,
-0.948368072072415));
#10503=CARTESIAN_POINT('Ctrl Pts',(-10.5493684107469,-46.5619898083874,
-0.948368072072483));
#10504=CARTESIAN_POINT('',(-11.9150747755706,-48.0560474083874,-2.81252664557955));
#10505=CARTESIAN_POINT('Ctrl Pts',(-12.0985128046824,-49.1232314083874,
-3.04578654098114));
#10506=CARTESIAN_POINT('Ctrl Pts',(-12.0985128046824,-46.5619898083874,
-3.04578654098121));
#10507=CARTESIAN_POINT('Ctrl Pts',(-12.0294114225915,-49.1232314083874,
-2.98232528261928));
#10508=CARTESIAN_POINT('Ctrl Pts',(-12.0294114225915,-46.5619898083874,
-2.98232528261934));
#10509=CARTESIAN_POINT('Ctrl Pts',(-11.9690691843861,-49.1232314083874,
-2.90679618224767));
#10510=CARTESIAN_POINT('Ctrl Pts',(-11.9690691843861,-46.5619898083874,
-2.90679618224774));
#10511=CARTESIAN_POINT('Ctrl Pts',(-11.9150747755706,-49.1232314083874,
-2.81252664557952));
#10512=CARTESIAN_POINT('Ctrl Pts',(-11.9150747755706,-46.5619898083874,
-2.81252664557959));
#10513=CARTESIAN_POINT('Ctrl Pts',(-10.5062655501494,-49.1232314083874,
-5.51724054425524));
#10514=CARTESIAN_POINT('Ctrl Pts',(-10.5062655501494,-46.5619898083874,
-5.5172405442553));
#10515=CARTESIAN_POINT('Ctrl Pts',(-10.4690700158415,-49.1232314083874,
-5.58968712725801));
#10516=CARTESIAN_POINT('Ctrl Pts',(-10.4690700158415,-46.5619898083874,
-5.58968712725807));
#10517=CARTESIAN_POINT('Ctrl Pts',(-10.4215559258963,-49.1232314083874,
-5.67256999538328));
#10518=CARTESIAN_POINT('Ctrl Pts',(-10.4215559258963,-46.5619898083874,
-5.67256999538335));
#10519=CARTESIAN_POINT('Ctrl Pts',(-10.3658778694616,-49.1232314083874,
-5.75675237959353));
#10520=CARTESIAN_POINT('Ctrl Pts',(-10.3658778694616,-46.5619898083874,
-5.7567523795936));
#10521=CARTESIAN_POINT('',(-10.5062655501494,-48.0560474083874,-5.51724054425527));
#10522=CARTESIAN_POINT('Ctrl Pts',(-10.779899524858,-49.1232314083874,-4.42970224022907));
#10523=CARTESIAN_POINT('Ctrl Pts',(-10.779899524858,-46.5619898083874,-4.42970224022914));
#10524=CARTESIAN_POINT('Ctrl Pts',(-10.7458631280413,-49.1232314083874,
-4.80662078264041));
#10525=CARTESIAN_POINT('Ctrl Pts',(-10.7458631280413,-46.5619898083874,
-4.80662078264048));
#10526=CARTESIAN_POINT('Ctrl Pts',(-10.6806450660791,-49.1232314083874,
-5.17749330746735));
#10527=CARTESIAN_POINT('Ctrl Pts',(-10.6806450660791,-46.5619898083874,
-5.17749330746742));
#10528=CARTESIAN_POINT('Ctrl Pts',(-10.5062655501494,-49.1232314083874,
-5.51724054425524));
#10529=CARTESIAN_POINT('Ctrl Pts',(-10.5062655501494,-46.5619898083874,
-5.5172405442553));
#10530=CARTESIAN_POINT('',(-10.779899524858,-48.0560474083874,-4.4297022402291));
#10531=CARTESIAN_POINT('Ctrl Pts',(-10.344032738098,-49.1232314083874,-2.02773511243478));
#10532=CARTESIAN_POINT('Ctrl Pts',(-10.344032738098,-46.5619898083873,-2.02773511243485));
#10533=CARTESIAN_POINT('Ctrl Pts',(-10.7437925506714,-49.1232314083874,
-2.75212626363646));
#10534=CARTESIAN_POINT('Ctrl Pts',(-10.7437925506714,-46.5619898083873,
-2.75212626363652));
#10535=CARTESIAN_POINT('Ctrl Pts',(-10.8534579818039,-49.1232314083874,
-3.61434235652267));
#10536=CARTESIAN_POINT('Ctrl Pts',(-10.8534579818039,-46.5619898083873,
-3.61434235652274));
#10537=CARTESIAN_POINT('Ctrl Pts',(-10.779899524858,-49.1232314083874,-4.42970224022907));
#10538=CARTESIAN_POINT('Ctrl Pts',(-10.779899524858,-46.5619898083873,-4.42970224022914));
#10539=CARTESIAN_POINT('',(-10.344032738098,-48.0560474083874,-2.02773511243481));
#10540=CARTESIAN_POINT('Ctrl Pts',(-9.23315089514184,-49.1232314083874,
-0.565798151822925));
#10541=CARTESIAN_POINT('Ctrl Pts',(-9.23315089514184,-46.5619898083874,
-0.565798151822993));
#10542=CARTESIAN_POINT('Ctrl Pts',(-9.63873121687319,-49.1232314083874,
-1.02590367762994));
#10543=CARTESIAN_POINT('Ctrl Pts',(-9.63873121687319,-46.5619898083874,
-1.02590367763));
#10544=CARTESIAN_POINT('Ctrl Pts',(-10.0477266245472,-49.1232314083874,
-1.49076708955521));
#10545=CARTESIAN_POINT('Ctrl Pts',(-10.0477266245472,-46.5619898083874,
-1.49076708955527));
#10546=CARTESIAN_POINT('Ctrl Pts',(-10.344032738098,-49.1232314083874,-2.02773511243478));
#10547=CARTESIAN_POINT('Ctrl Pts',(-10.344032738098,-46.5619898083874,-2.02773511243485));
#10548=CARTESIAN_POINT('',(-9.23315089514184,-48.0560474083874,-0.565798151822954));
#10549=CARTESIAN_POINT('Origin',(-9.65267002938269,-48.0560474083874,-0.40507727126694));
#10550=CARTESIAN_POINT('',(-9.65267002938269,-48.0560474083874,-0.40507727126694));
#10551=CARTESIAN_POINT('Ctrl Pts',(-6.70080402052959,-49.1232314083874,
1.70310192040509));
#10552=CARTESIAN_POINT('Ctrl Pts',(-6.70080402052959,-46.5619898083873,
1.70310192040502));
#10553=CARTESIAN_POINT('Ctrl Pts',(-7.59112324686124,-49.1232314083874,
0.880240464725512));
#10554=CARTESIAN_POINT('Ctrl Pts',(-7.59112324686124,-46.5619898083873,
0.880240464725444));
#10555=CARTESIAN_POINT('Ctrl Pts',(-8.58545310969291,-49.1232314083874,
0.170124680275814));
#10556=CARTESIAN_POINT('Ctrl Pts',(-8.58545310969291,-46.5619898083873,
0.170124680275746));
#10557=CARTESIAN_POINT('Ctrl Pts',(-9.65267002938269,-49.1232314083874,
-0.405077271266912));
#10558=CARTESIAN_POINT('Ctrl Pts',(-9.65267002938269,-46.5619898083873,
-0.40507727126698));
#10559=CARTESIAN_POINT('',(-6.70080402052959,-48.0560474083874,1.70310192040506));
#10560=CARTESIAN_POINT('Ctrl Pts',(-6.6223749232522,-49.1232314083874,1.96917880023244));
#10561=CARTESIAN_POINT('Ctrl Pts',(-6.6223749232522,-46.5619898083874,1.96917880023237));
#10562=CARTESIAN_POINT('Ctrl Pts',(-6.54612915755798,-49.1232314083874,
1.8977472977631));
#10563=CARTESIAN_POINT('Ctrl Pts',(-6.54612915755798,-46.5619898083874,
1.89774729776303));
#10564=CARTESIAN_POINT('Ctrl Pts',(-6.62411065477685,-49.1232314083874,
1.7739730686027));
#10565=CARTESIAN_POINT('Ctrl Pts',(-6.62411065477685,-46.5619898083874,
1.77397306860263));
#10566=CARTESIAN_POINT('Ctrl Pts',(-6.70080402052959,-49.1232314083874,
1.70310192040509));
#10567=CARTESIAN_POINT('Ctrl Pts',(-6.70080402052959,-46.5619898083874,
1.70310192040502));
#10568=CARTESIAN_POINT('',(-6.6223749232522,-48.0560474083874,1.96917880023241));
#10569=CARTESIAN_POINT('Ctrl Pts',(-7.1919237885596,-49.1232314083874,2.07218319079936));
#10570=CARTESIAN_POINT('Ctrl Pts',(-7.1919237885596,-46.5619898083874,2.07218319079929));
#10571=CARTESIAN_POINT('Ctrl Pts',(-7.00203715151845,-49.1232314083874,
2.03786747104544));
#10572=CARTESIAN_POINT('Ctrl Pts',(-7.00203715151845,-46.5619898083874,
2.03786747104537));
#10573=CARTESIAN_POINT('Ctrl Pts',(-6.81220518318675,-49.1232314083874,
2.00349537418493));
#10574=CARTESIAN_POINT('Ctrl Pts',(-6.81220518318675,-46.5619898083874,
2.00349537418486));
#10575=CARTESIAN_POINT('Ctrl Pts',(-6.6223749232522,-49.1232314083874,1.96917880023244));
#10576=CARTESIAN_POINT('Ctrl Pts',(-6.6223749232522,-46.5619898083874,1.96917880023237));
#10577=CARTESIAN_POINT('Ctrl Pts',(-3.12374665054429,-49.1232314083874,
3.09931769608811));
#10578=CARTESIAN_POINT('Ctrl Pts',(-3.12374665054429,-46.5619898083874,
3.09931769608805));
#10579=CARTESIAN_POINT('Ctrl Pts',(-3.35248394762694,-49.1232314083874,
3.33309391062349));
#10580=CARTESIAN_POINT('Ctrl Pts',(-3.35248394762694,-46.5619898083874,
3.33309391062342));
#10581=CARTESIAN_POINT('Ctrl Pts',(-3.71742320908269,-49.1232314083874,
3.35666124958275));
#10582=CARTESIAN_POINT('Ctrl Pts',(-3.71742320908269,-46.5619898083874,
3.35666124958269));
#10583=CARTESIAN_POINT('Ctrl Pts',(-4.04379027923565,-49.1232314083874,
3.33583674227982));
#10584=CARTESIAN_POINT('Ctrl Pts',(-4.04379027923565,-46.5619898083874,
3.33583674227976));
#10585=CARTESIAN_POINT('',(-3.12374665054429,-48.0560474083874,3.09931769608809));
#10586=CARTESIAN_POINT('Ctrl Pts',(-3.47267481372341,-49.1232314083874,
4.61309340622591));
#10587=CARTESIAN_POINT('Ctrl Pts',(-3.47267481372341,-46.5619898083874,
4.61309340622584));
#10588=CARTESIAN_POINT('Ctrl Pts',(-3.21242100564979,-49.1232314083874,
4.15685056642012));
#10589=CARTESIAN_POINT('Ctrl Pts',(-3.21242100564979,-46.5619898083874,
4.15685056642005));
#10590=CARTESIAN_POINT('Ctrl Pts',(-3.0894864536984,-49.1232314083874,3.62346590660449));
#10591=CARTESIAN_POINT('Ctrl Pts',(-3.0894864536984,-46.5619898083874,3.62346590660442));
#10592=CARTESIAN_POINT('Ctrl Pts',(-3.12374665054429,-49.1232314083874,
3.09931769608811));
#10593=CARTESIAN_POINT('Ctrl Pts',(-3.12374665054429,-46.5619898083874,
3.09931769608805));
#10594=CARTESIAN_POINT('',(-3.47267481372341,-48.0560474083874,4.61309340622588));
#10595=CARTESIAN_POINT('Ctrl Pts',(-1.86854624826066,-49.1232314083874,
3.49370203696629));
#10596=CARTESIAN_POINT('Ctrl Pts',(-1.86854624826066,-46.5619898083874,
3.49370203696622));
#10597=CARTESIAN_POINT('Ctrl Pts',(-2.46591636148047,-49.1232314083874,
3.76414557995999));
#10598=CARTESIAN_POINT('Ctrl Pts',(-2.46591636148047,-46.5619898083874,
3.76414557995992));
#10599=CARTESIAN_POINT('Ctrl Pts',(-3.01273671083905,-49.1232314083874,
4.14576648558158));
#10600=CARTESIAN_POINT('Ctrl Pts',(-3.01273671083905,-46.5619898083874,
4.14576648558151));
#10601=CARTESIAN_POINT('Ctrl Pts',(-3.47267481372341,-49.1232314083874,
4.61309340622591));
#10602=CARTESIAN_POINT('Ctrl Pts',(-3.47267481372341,-46.5619898083874,
4.61309340622584));
#10603=CARTESIAN_POINT('',(-1.86854624826066,-48.0560474083874,3.49370203696626));
#10604=CARTESIAN_POINT('Ctrl Pts',(0.248926624015798,-49.1232314083874,
2.41204147340329));
#10605=CARTESIAN_POINT('Ctrl Pts',(0.248926624015798,-46.5619898083874,
2.41204147340322));
#10606=CARTESIAN_POINT('Ctrl Pts',(-0.312169092094778,-49.1232314083874,
2.98019030722994));
#10607=CARTESIAN_POINT('Ctrl Pts',(-0.312169092094778,-46.5619898083874,
2.98019030722987));
#10608=CARTESIAN_POINT('Ctrl Pts',(-1.14113294246537,-49.1232314083874,
3.16431110382256));
#10609=CARTESIAN_POINT('Ctrl Pts',(-1.14113294246537,-46.5619898083874,
3.16431110382249));
#10610=CARTESIAN_POINT('Ctrl Pts',(-1.86854624826066,-49.1232314083874,
3.49370203696629));
#10611=CARTESIAN_POINT('Ctrl Pts',(-1.86854624826066,-46.5619898083874,
3.49370203696622));
#10612=CARTESIAN_POINT('',(0.248926624015798,-48.0560474083874,2.41204147340326));
#10613=CARTESIAN_POINT('Ctrl Pts',(0.897352186659124,-49.1232314083874,
1.25508672136972));
#10614=CARTESIAN_POINT('Ctrl Pts',(0.897352186659124,-46.5619898083874,
1.25508672136965));
#10615=CARTESIAN_POINT('Ctrl Pts',(0.927973497533042,-49.1232314083874,
1.62360849169083));
#10616=CARTESIAN_POINT('Ctrl Pts',(0.927973497533042,-46.5619898083874,
1.62360849169076));
#10617=CARTESIAN_POINT('Ctrl Pts',(0.48964320205403,-49.1232314083874,2.16835740948087));
#10618=CARTESIAN_POINT('Ctrl Pts',(0.48964320205403,-46.5619898083874,2.1683574094808));
#10619=CARTESIAN_POINT('Ctrl Pts',(0.248926624015798,-49.1232314083874,
2.41204147340329));
#10620=CARTESIAN_POINT('Ctrl Pts',(0.248926624015798,-46.5619898083874,
2.41204147340322));
#10621=CARTESIAN_POINT('',(0.897352186659124,-48.0560474083874,1.25508672136969));
#10622=CARTESIAN_POINT('Ctrl Pts',(-1.41123736862084,-49.1232314083874,
2.1401423760208));
#10623=CARTESIAN_POINT('Ctrl Pts',(-1.41123736862084,-46.5619898083874,
2.14014237602073));
#10624=CARTESIAN_POINT('Ctrl Pts',(-0.612168760326944,-49.1232314083874,
1.9316145632599));
#10625=CARTESIAN_POINT('Ctrl Pts',(-0.612168760326944,-46.5619898083874,
1.93161456325983));
#10626=CARTESIAN_POINT('Ctrl Pts',(0.163669063250168,-49.1232314083874,
1.63418859536424));
#10627=CARTESIAN_POINT('Ctrl Pts',(0.163669063250168,-46.5619898083874,
1.63418859536417));
#10628=CARTESIAN_POINT('Ctrl Pts',(0.897352186659124,-49.1232314083874,
1.25508672136972));
#10629=CARTESIAN_POINT('Ctrl Pts',(0.897352186659124,-46.5619898083874,
1.25508672136965));
#10630=CARTESIAN_POINT('',(-1.41123736862084,-48.0560474083874,2.14014237602077));
#10631=CARTESIAN_POINT('Ctrl Pts',(-0.423624923461359,-49.1232314083874,
0.988897941527744));
#10632=CARTESIAN_POINT('Ctrl Pts',(-0.423624923461359,-46.5619898083874,
0.988897941527676));
#10633=CARTESIAN_POINT('Ctrl Pts',(-0.895038330136173,-49.1232314083874,
1.19641865415697));
#10634=CARTESIAN_POINT('Ctrl Pts',(-0.895038330136173,-46.5619898083874,
1.1964186541569));
#10635=CARTESIAN_POINT('Ctrl Pts',(-0.94693260257013,-49.1232314083874,
1.91711539647865));
#10636=CARTESIAN_POINT('Ctrl Pts',(-0.94693260257013,-46.5619898083874,
1.91711539647859));
#10637=CARTESIAN_POINT('Ctrl Pts',(-1.41123736862084,-49.1232314083874,
2.1401423760208));
#10638=CARTESIAN_POINT('Ctrl Pts',(-1.41123736862084,-46.5619898083874,
2.14014237602073));
#10639=CARTESIAN_POINT('',(-0.423624923461359,-48.0560474083874,0.988897941527716));
#10640=CARTESIAN_POINT('Ctrl Pts',(0.571936693729824,-49.1232314083874,
0.96510680253922));
#10641=CARTESIAN_POINT('Ctrl Pts',(0.571936693729824,-46.5619898083874,
0.965106802539151));
#10642=CARTESIAN_POINT('Ctrl Pts',(0.238235474526339,-49.1232314083874,
0.996455890607533));
#10643=CARTESIAN_POINT('Ctrl Pts',(0.238235474526339,-46.5619898083874,
0.996455890607464));
#10644=CARTESIAN_POINT('Ctrl Pts',(-0.116906129159837,-49.1232314083874,
0.853873062804727));
#10645=CARTESIAN_POINT('Ctrl Pts',(-0.116906129159837,-46.5619898083874,
0.853873062804659));
#10646=CARTESIAN_POINT('Ctrl Pts',(-0.423624923461359,-49.1232314083874,
0.988897941527744));
#10647=CARTESIAN_POINT('Ctrl Pts',(-0.423624923461359,-46.5619898083874,
0.988897941527676));
#10648=CARTESIAN_POINT('',(0.571936693729824,-48.0560474083874,0.965106802539191));
#10649=CARTESIAN_POINT('Ctrl Pts',(1.62504737798745,-49.1232314083874,-0.0571570624180552));
#10650=CARTESIAN_POINT('Ctrl Pts',(1.62504737798745,-46.5619898083874,-0.0571570624181235));
#10651=CARTESIAN_POINT('Ctrl Pts',(1.29548731352389,-49.1232314083874,0.355027922772263));
#10652=CARTESIAN_POINT('Ctrl Pts',(1.29548731352389,-46.5619898083874,0.355027922772195));
#10653=CARTESIAN_POINT('Ctrl Pts',(1.19550678594776,-49.1232314083874,0.906551489539689));
#10654=CARTESIAN_POINT('Ctrl Pts',(1.19550678594776,-46.5619898083874,0.90655148953962));
#10655=CARTESIAN_POINT('Ctrl Pts',(0.571936693729824,-49.1232314083874,
0.96510680253922));
#10656=CARTESIAN_POINT('Ctrl Pts',(0.571936693729824,-46.5619898083874,
0.965106802539151));
#10657=CARTESIAN_POINT('',(1.62504737798745,-48.0560474083874,-0.0571570624180837));
#10658=CARTESIAN_POINT('Ctrl Pts',(2.36919955925377,-49.1232314083874,-0.617579670043669));
#10659=CARTESIAN_POINT('Ctrl Pts',(2.36919955925377,-46.5619898083874,-0.617579670043738));
#10660=CARTESIAN_POINT('Ctrl Pts',(2.06863953674986,-49.1232314083874,-0.574755278184897));
#10661=CARTESIAN_POINT('Ctrl Pts',(2.06863953674986,-46.5619898083874,-0.574755278184965));
#10662=CARTESIAN_POINT('Ctrl Pts',(1.80592051156002,-49.1232314083874,-0.283319804965614));
#10663=CARTESIAN_POINT('Ctrl Pts',(1.80592051156002,-46.5619898083874,-0.283319804965682));
#10664=CARTESIAN_POINT('Ctrl Pts',(1.62504737798745,-49.1232314083874,-0.0571570624180552));
#10665=CARTESIAN_POINT('Ctrl Pts',(1.62504737798745,-46.5619898083874,-0.0571570624181235));
#10666=CARTESIAN_POINT('',(2.36919955925377,-48.0560474083874,-0.617579670043698));
#10667=CARTESIAN_POINT('Ctrl Pts',(3.87133168847989,-49.1232314083874,-0.602743949019949));
#10668=CARTESIAN_POINT('Ctrl Pts',(3.87133168847989,-46.5619898083874,-0.602743949020018));
#10669=CARTESIAN_POINT('Ctrl Pts',(3.37523023430235,-49.1232314083874,-0.683525509200345));
#10670=CARTESIAN_POINT('Ctrl Pts',(3.37523023430235,-46.5619898083874,-0.683525509200413));
#10671=CARTESIAN_POINT('Ctrl Pts',(2.86681123652954,-49.1232314083874,-0.688563572454482));
#10672=CARTESIAN_POINT('Ctrl Pts',(2.86681123652954,-46.5619898083874,-0.68856357245455));
#10673=CARTESIAN_POINT('Ctrl Pts',(2.36919955925377,-49.1232314083874,-0.617579670043669));
#10674=CARTESIAN_POINT('Ctrl Pts',(2.36919955925377,-46.5619898083874,-0.617579670043738));
#10675=CARTESIAN_POINT('',(3.87133168847989,-48.0560474083874,-0.602743949019978));
#10676=CARTESIAN_POINT('Ctrl Pts',(3.32955111077255,-49.1232314083874,-1.26925118730987));
#10677=CARTESIAN_POINT('Ctrl Pts',(3.32955111077255,-46.5619898083874,-1.26925118730994));
#10678=CARTESIAN_POINT('Ctrl Pts',(3.61617232076697,-49.1232314083874,-1.18987051280883));
#10679=CARTESIAN_POINT('Ctrl Pts',(3.61617232076697,-46.5619898083874,-1.18987051280889));
#10680=CARTESIAN_POINT('Ctrl Pts',(3.76188834897948,-49.1232314083874,-0.879289032506079));
#10681=CARTESIAN_POINT('Ctrl Pts',(3.76188834897948,-46.5619898083874,-0.879289032506147));
#10682=CARTESIAN_POINT('Ctrl Pts',(3.87133168847989,-49.1232314083874,-0.602743949019949));
#10683=CARTESIAN_POINT('Ctrl Pts',(3.87133168847989,-46.5619898083874,-0.602743949020018));
#10684=CARTESIAN_POINT('',(3.32955111077255,-48.0560474083874,-1.2692511873099));
#10685=CARTESIAN_POINT('Ctrl Pts',(2.72462475687015,-49.1232314083874,-1.13528893162656));
#10686=CARTESIAN_POINT('Ctrl Pts',(2.72462475687015,-46.5619898083874,-1.13528893162662));
#10687=CARTESIAN_POINT('Ctrl Pts',(2.90762484491929,-49.1232314083874,-1.2429401624957));
#10688=CARTESIAN_POINT('Ctrl Pts',(2.90762484491929,-46.5619898083874,-1.24294016249577));
#10689=CARTESIAN_POINT('Ctrl Pts',(3.12493979852375,-49.1232314083874,-1.3259033458621));
#10690=CARTESIAN_POINT('Ctrl Pts',(3.12493979852375,-46.5619898083874,-1.32590334586217));
#10691=CARTESIAN_POINT('Ctrl Pts',(3.32955111077255,-49.1232314083874,-1.26925118730987));
#10692=CARTESIAN_POINT('Ctrl Pts',(3.32955111077255,-46.5619898083874,-1.26925118730994));
#10693=CARTESIAN_POINT('',(2.72462475687015,-48.0560474083874,-1.13528893162658));
#10694=CARTESIAN_POINT('Ctrl Pts',(2.16772828100329,-49.1232314083874,-0.830082068820427));
#10695=CARTESIAN_POINT('Ctrl Pts',(2.16772828100329,-46.5619898083874,-0.830082068820495));
#10696=CARTESIAN_POINT('Ctrl Pts',(2.37065853043689,-49.1232314083874,-0.892500067821182));
#10697=CARTESIAN_POINT('Ctrl Pts',(2.37065853043689,-46.5619898083874,-0.89250006782125));
#10698=CARTESIAN_POINT('Ctrl Pts',(2.5415682917144,-49.1232314083874,-1.02769407786403));
#10699=CARTESIAN_POINT('Ctrl Pts',(2.5415682917144,-46.5619898083874,-1.02769407786409));
#10700=CARTESIAN_POINT('Ctrl Pts',(2.72462475687015,-49.1232314083874,-1.13528893162656));
#10701=CARTESIAN_POINT('Ctrl Pts',(2.72462475687015,-46.5619898083874,-1.13528893162662));
#10702=CARTESIAN_POINT('',(2.16772828100329,-48.0560474083874,-0.830082068820455));
#10703=CARTESIAN_POINT('Ctrl Pts',(2.36483631288175,-49.1232314083874,-2.86744648940144));
#10704=CARTESIAN_POINT('Ctrl Pts',(2.36483631288175,-46.5619898083874,-2.8674464894015));
#10705=CARTESIAN_POINT('Ctrl Pts',(2.50361283178995,-49.1232314083874,-2.23721364822075));
#10706=CARTESIAN_POINT('Ctrl Pts',(2.50361283178995,-46.5619898083874,-2.23721364822082));
#10707=CARTESIAN_POINT('Ctrl Pts',(2.3423879740688,-49.1232314083874,-1.43937679428638));
#10708=CARTESIAN_POINT('Ctrl Pts',(2.3423879740688,-46.5619898083874,-1.43937679428645));
#10709=CARTESIAN_POINT('Ctrl Pts',(2.16772828100329,-49.1232314083874,-0.830082068820427));
#10710=CARTESIAN_POINT('Ctrl Pts',(2.16772828100329,-46.5619898083874,-0.830082068820495));
#10711=CARTESIAN_POINT('',(2.36483631288175,-48.0560474083874,-2.86744648940146));
#10712=CARTESIAN_POINT('Ctrl Pts',(1.98008135265192,-49.1232314083874,-2.72760734745354));
#10713=CARTESIAN_POINT('Ctrl Pts',(1.98008135265192,-46.5619898083874,-2.72760734745361));
#10714=CARTESIAN_POINT('Ctrl Pts',(2.10004671032196,-49.1232314083874,-2.76679285334035));
#10715=CARTESIAN_POINT('Ctrl Pts',(2.10004671032196,-46.5619898083874,-2.76679285334042));
#10716=CARTESIAN_POINT('Ctrl Pts',(2.24470182389189,-49.1232314083874,-2.86811788948922));
#10717=CARTESIAN_POINT('Ctrl Pts',(2.24470182389189,-46.5619898083874,-2.86811788948929));
#10718=CARTESIAN_POINT('Ctrl Pts',(2.36483631288175,-49.1232314083874,-2.86744648940144));
#10719=CARTESIAN_POINT('Ctrl Pts',(2.36483631288175,-46.5619898083874,-2.8674464894015));
#10720=CARTESIAN_POINT('',(1.98008135265192,-48.0560474083874,-2.72760734745357));
#10721=CARTESIAN_POINT('Ctrl Pts',(1.48823380742751,-49.1232314083874,-2.62701008849907));
#10722=CARTESIAN_POINT('Ctrl Pts',(1.48823380742751,-46.5619898083874,-2.62701008849914));
#10723=CARTESIAN_POINT('Ctrl Pts',(1.6552808827038,-49.1232314083874,-2.64162030109635));
#10724=CARTESIAN_POINT('Ctrl Pts',(1.6552808827038,-46.5619898083874,-2.64162030109642));
#10725=CARTESIAN_POINT('Ctrl Pts',(1.82064860356204,-49.1232314083874,-2.67554565209693));
#10726=CARTESIAN_POINT('Ctrl Pts',(1.82064860356204,-46.5619898083874,-2.675545652097));
#10727=CARTESIAN_POINT('Ctrl Pts',(1.98008135265192,-49.1232314083874,-2.72760734745354));
#10728=CARTESIAN_POINT('Ctrl Pts',(1.98008135265192,-46.5619898083874,-2.72760734745361));
#10729=CARTESIAN_POINT('',(1.48823380742751,-48.0560474083874,-2.6270100884991));
#10730=CARTESIAN_POINT('Ctrl Pts',(0.42599857388526,-49.1232314083874,-0.924635018587673));
#10731=CARTESIAN_POINT('Ctrl Pts',(0.42599857388526,-46.5619898083874,-0.924635018587742));
#10732=CARTESIAN_POINT('Ctrl Pts',(1.0193949552878,-49.1232314083874,-1.30021076082344));
#10733=CARTESIAN_POINT('Ctrl Pts',(1.0193949552878,-46.5619898083874,-1.30021076082351));
#10734=CARTESIAN_POINT('Ctrl Pts',(1.53184235358728,-49.1232314083874,-1.9260752304406));
#10735=CARTESIAN_POINT('Ctrl Pts',(1.53184235358728,-46.5619898083874,-1.92607523044067));
#10736=CARTESIAN_POINT('Ctrl Pts',(1.48823380742751,-49.1232314083874,-2.62701008849907));
#10737=CARTESIAN_POINT('Ctrl Pts',(1.48823380742751,-46.5619898083874,-2.62701008849914));
#10738=CARTESIAN_POINT('',(0.42599857388526,-48.0560474083874,-0.924635018587702));
#10739=CARTESIAN_POINT('Ctrl Pts',(-1.46206389282359,-49.1232314083874,
-0.0194254025228621));
#10740=CARTESIAN_POINT('Ctrl Pts',(-1.46206389282359,-46.5619898083874,
-0.0194254025229301));
#10741=CARTESIAN_POINT('Ctrl Pts',(-0.834072468729853,-49.1232314083874,
-0.285166582306315));
#10742=CARTESIAN_POINT('Ctrl Pts',(-0.834072468729853,-46.5619898083874,
-0.285166582306383));
#10743=CARTESIAN_POINT('Ctrl Pts',(-0.152058109328426,-49.1232314083874,
-0.558744179908262));
#10744=CARTESIAN_POINT('Ctrl Pts',(-0.152058109328426,-46.5619898083874,
-0.55874417990833));
#10745=CARTESIAN_POINT('Ctrl Pts',(0.42599857388526,-49.1232314083874,-0.924635018587673));
#10746=CARTESIAN_POINT('Ctrl Pts',(0.42599857388526,-46.5619898083874,-0.924635018587741));
#10747=CARTESIAN_POINT('',(-1.46206389282359,-48.0560474083874,-0.0194254025228904));
#10748=CARTESIAN_POINT('Ctrl Pts',(-0.245994327717329,-49.1232314083874,
-2.33680466124214));
#10749=CARTESIAN_POINT('Ctrl Pts',(-0.245994327717329,-46.5619898083874,
-2.33680466124221));
#10750=CARTESIAN_POINT('Ctrl Pts',(-0.349166141206899,-49.1232314083874,
-1.42986102204984));
#10751=CARTESIAN_POINT('Ctrl Pts',(-0.349166141206899,-46.5619898083874,
-1.42986102204991));
#10752=CARTESIAN_POINT('Ctrl Pts',(-1.38010866378744,-49.1232314083874,
-0.911367606165954));
#10753=CARTESIAN_POINT('Ctrl Pts',(-1.38010866378744,-46.5619898083874,
-0.911367606166023));
#10754=CARTESIAN_POINT('Ctrl Pts',(-1.46206389282359,-49.1232314083874,
-0.0194254025228621));
#10755=CARTESIAN_POINT('Ctrl Pts',(-1.46206389282359,-46.5619898083874,
-0.0194254025229303));
#10756=CARTESIAN_POINT('',(-0.245994327717329,-48.0560474083874,-2.33680466124217));
#10757=CARTESIAN_POINT('Ctrl Pts',(-1.81317538758588,-49.1232314083874,
-1.36648973742826));
#10758=CARTESIAN_POINT('Ctrl Pts',(-1.81317538758588,-46.5619898083874,
-1.36648973742832));
#10759=CARTESIAN_POINT('Ctrl Pts',(-1.29484939462464,-49.1232314083874,
-1.70091873382614));
#10760=CARTESIAN_POINT('Ctrl Pts',(-1.29484939462464,-46.5619898083874,
-1.7009187338262));
#10761=CARTESIAN_POINT('Ctrl Pts',(-0.767791783727874,-49.1232314083874,
-2.0150280542848));
#10762=CARTESIAN_POINT('Ctrl Pts',(-0.767791783727874,-46.5619898083874,
-2.01502805428487));
#10763=CARTESIAN_POINT('Ctrl Pts',(-0.245994327717329,-49.1232314083874,
-2.33680466124214));
#10764=CARTESIAN_POINT('Ctrl Pts',(-0.245994327717329,-46.5619898083874,
-2.33680466124221));
#10765=CARTESIAN_POINT('',(-1.81317538758588,-48.0560474083874,-1.36648973742828));
#10766=CARTESIAN_POINT('Ctrl Pts',(-3.82260409764411,-49.1232314083874,
0.364770911832406));
#10767=CARTESIAN_POINT('Ctrl Pts',(-3.82260409764411,-46.5619898083874,
0.364770911832338));
#10768=CARTESIAN_POINT('Ctrl Pts',(-3.33238123812831,-49.1232314083874,
-0.379213846511259));
#10769=CARTESIAN_POINT('Ctrl Pts',(-3.33238123812831,-46.5619898083874,
-0.379213846511328));
#10770=CARTESIAN_POINT('Ctrl Pts',(-2.5618052778346,-49.1232314083874,-0.883488272749776));
#10771=CARTESIAN_POINT('Ctrl Pts',(-2.5618052778346,-46.5619898083874,-0.883488272749845));
#10772=CARTESIAN_POINT('Ctrl Pts',(-1.81317538758588,-49.1232314083874,
-1.36648973742826));
#10773=CARTESIAN_POINT('Ctrl Pts',(-1.81317538758588,-46.5619898083874,
-1.36648973742832));
#10774=CARTESIAN_POINT('Ctrl Pts',(-8.55084857677696,-49.1232314083874,
-3.06687922547568));
#10775=CARTESIAN_POINT('Ctrl Pts',(-8.55084857677696,-47.0742381283874,
-3.06687922547573));
#10776=CARTESIAN_POINT('Ctrl Pts',(-8.54782427071781,-49.1232314083874,
-3.05800968580668));
#10777=CARTESIAN_POINT('Ctrl Pts',(-8.54782427071781,-47.0742381283874,
-3.05800968580673));
#10778=CARTESIAN_POINT('Ctrl Pts',(-8.54479996465863,-49.1232314083874,
-3.04914014613759));
#10779=CARTESIAN_POINT('Ctrl Pts',(-8.54479996465863,-47.0742381283874,
-3.04914014613764));
#10780=CARTESIAN_POINT('Ctrl Pts',(-8.5417756585994,-49.1232314083874,-3.04027060646837));
#10781=CARTESIAN_POINT('Ctrl Pts',(-8.5417756585994,-47.0742381283874,-3.04027060646843));
#10782=CARTESIAN_POINT('Ctrl Pts',(-8.25822379672563,-49.1232314083874,
-2.20868331407241));
#10783=CARTESIAN_POINT('Ctrl Pts',(-8.25822379672563,-47.0742381283874,
-2.20868331407246));
#10784=CARTESIAN_POINT('Ctrl Pts',(-7.80549962425551,-49.1232314083874,
-1.5882282662294));
#10785=CARTESIAN_POINT('Ctrl Pts',(-7.80549962425551,-47.0742381283874,
-1.58822826622945));
#10786=CARTESIAN_POINT('Ctrl Pts',(-7.42079387149687,-49.1232314083874,
-1.07939408806064));
#10787=CARTESIAN_POINT('Ctrl Pts',(-7.42079387149687,-47.0742381283874,
-1.07939408806069));
#10788=CARTESIAN_POINT('Ctrl Pts',(-7.25960932746831,-49.1232314083874,
-0.866202046074895));
#10789=CARTESIAN_POINT('Ctrl Pts',(-7.25960932746831,-47.0742381283874,
-0.866202046074947));
#10790=CARTESIAN_POINT('Ctrl Pts',(-7.10744221749134,-49.1232314083874,
-0.67172284159621));
#10791=CARTESIAN_POINT('Ctrl Pts',(-7.10744221749134,-47.0742381283874,
-0.671722841596262));
#10792=CARTESIAN_POINT('Ctrl Pts',(-6.97327699551458,-49.1232314083874,
-0.491786395546484));
#10793=CARTESIAN_POINT('Ctrl Pts',(-6.97327699551458,-47.0742381283874,
-0.491786395546536));
#10794=CARTESIAN_POINT('Ctrl Pts',(-6.92625558378616,-49.1232314083874,
-0.428723363338942));
#10795=CARTESIAN_POINT('Ctrl Pts',(-6.92625558378616,-47.0742381283874,
-0.428723363338994));
#10796=CARTESIAN_POINT('Ctrl Pts',(-6.88141957194537,-49.1232314083874,
-0.367488722727296));
#10797=CARTESIAN_POINT('Ctrl Pts',(-6.88141957194537,-47.0742381283874,
-0.367488722727347));
#10798=CARTESIAN_POINT('Ctrl Pts',(-6.83905624694103,-49.1232314083874,
-0.308028717886323));
#10799=CARTESIAN_POINT('Ctrl Pts',(-6.83905624694103,-47.0742381283874,
-0.308028717886375));
#10800=CARTESIAN_POINT('Ctrl Pts',(-6.83406973753976,-49.1232314083874,
-0.30102978961266));
#10801=CARTESIAN_POINT('Ctrl Pts',(-6.83406973753976,-47.0742381283874,
-0.301029789612712));
#10802=CARTESIAN_POINT('Ctrl Pts',(-6.83010851942871,-49.1232314083874,
-0.295456104835845));
#10803=CARTESIAN_POINT('Ctrl Pts',(-6.83010851942871,-47.0742381283874,
-0.295456104835897));
#10804=CARTESIAN_POINT('Ctrl Pts',(-6.82419841073861,-49.1232314083874,
-0.287104060235026));
#10805=CARTESIAN_POINT('Ctrl Pts',(-6.82419841073861,-47.0742381283874,
-0.287104060235078));
#10806=CARTESIAN_POINT('Ctrl Pts',(-6.81878527442496,-49.1232314083874,
-0.279454326821894));
#10807=CARTESIAN_POINT('Ctrl Pts',(-6.81878527442496,-47.0742381283874,
-0.279454326821945));
#10808=CARTESIAN_POINT('Ctrl Pts',(-6.81337213811133,-49.1232314083874,
-0.271804593408768));
#10809=CARTESIAN_POINT('Ctrl Pts',(-6.81337213811133,-47.0742381283874,
-0.27180459340882));
#10810=CARTESIAN_POINT('Ctrl Pts',(-6.8079590017977,-49.1232314083874,-0.264154859995659));
#10811=CARTESIAN_POINT('Ctrl Pts',(-6.8079590017977,-47.0742381283874,-0.26415485999571));
#10812=CARTESIAN_POINT('Ctrl Pts',(-24.9500334649162,-49.1232314083874,
-5.00664697808786));
#10813=CARTESIAN_POINT('Ctrl Pts',(-24.9500334649162,-46.5619898083874,
-5.00664697808792));
#10814=CARTESIAN_POINT('Ctrl Pts',(-18.7062902021417,-49.1232314083874,
-5.49759640213236));
#10815=CARTESIAN_POINT('Ctrl Pts',(-18.7062902021417,-46.5619898083874,
-5.49759640213243));
#10816=CARTESIAN_POINT('Ctrl Pts',(-12.4625469393672,-49.1232314083874,
-5.98854582617686));
#10817=CARTESIAN_POINT('Ctrl Pts',(-12.4625469393672,-46.5619898083874,
-5.98854582617693));
#10818=CARTESIAN_POINT('Ctrl Pts',(-6.21880367659269,-49.1232314083874,
-6.47949525022136));
#10819=CARTESIAN_POINT('Ctrl Pts',(-6.21880367659269,-46.5619898083874,
-6.47949525022143));
#10820=CARTESIAN_POINT('Ctrl Pts',(-5.63643670731926,-49.1232314083874,
-6.52528712796431));
#10821=CARTESIAN_POINT('Ctrl Pts',(-5.63643670731926,-46.5619898083874,
-6.52528712796438));
#10822=CARTESIAN_POINT('Ctrl Pts',(-5.05401165254205,-49.1232314083874,
-6.57113538281386));
#10823=CARTESIAN_POINT('Ctrl Pts',(-5.05401165254205,-46.5619898083874,
-6.57113538281393));
#10824=CARTESIAN_POINT('Ctrl Pts',(-4.47164468326861,-49.1232314083874,
-6.61692726055681));
#10825=CARTESIAN_POINT('Ctrl Pts',(-4.47164468326861,-46.5619898083874,
-6.61692726055688));
#10826=CARTESIAN_POINT('',(-7.01398088340538,-47.7003194083881,-6.41696997087086));
#10827=CARTESIAN_POINT('',(-4.47164468326861,-48.0560474083874,-6.61692726055684));
#10828=CARTESIAN_POINT('Ctrl Pts',(-4.47164468326861,-49.1232314083874,
-6.61692726055681));
#10829=CARTESIAN_POINT('Ctrl Pts',(-4.47164468326861,-46.5619898083874,
-6.61692726055688));
#10830=CARTESIAN_POINT('Ctrl Pts',(-4.5156444523803,-49.1232314083874,-6.1499915628644));
#10831=CARTESIAN_POINT('Ctrl Pts',(-4.5156444523803,-46.5619898083874,-6.14999156286447));
#10832=CARTESIAN_POINT('Ctrl Pts',(-4.55958955278255,-49.1232314083874,
-5.683055865172));
#10833=CARTESIAN_POINT('Ctrl Pts',(-4.55958955278255,-46.5619898083874,
-5.68305586517207));
#10834=CARTESIAN_POINT('Ctrl Pts',(-4.6035910302914,-49.1232314083874,-5.21612016747959));
#10835=CARTESIAN_POINT('Ctrl Pts',(-4.6035910302914,-46.5619898083874,-5.21612016747965));
#10836=CARTESIAN_POINT('Ctrl Pts',(-7.62269100976731,-49.1232314083874,
-4.49424890210357));
#10837=CARTESIAN_POINT('Ctrl Pts',(-7.62269100976731,-46.5619898083873,
-4.49424890210363));
#10838=CARTESIAN_POINT('Ctrl Pts',(-7.51017084696386,-49.1232314083874,
-5.61901318046263));
#10839=CARTESIAN_POINT('Ctrl Pts',(-7.51017084696386,-46.5619898083873,
-5.61901318046269));
#10840=CARTESIAN_POINT('Ctrl Pts',(-6.99576220871328,-49.1232314083874,
-6.69921904383543));
#10841=CARTESIAN_POINT('Ctrl Pts',(-6.99576220871328,-46.5619898083873,
-6.6992190438355));
#10842=CARTESIAN_POINT('Ctrl Pts',(-6.20005230925548,-49.1232314083874,
-7.50119876090687));
#10843=CARTESIAN_POINT('Ctrl Pts',(-6.20005230925548,-46.5619898083873,
-7.50119876090694));
#10844=CARTESIAN_POINT('',(0.,0.,0.));
#10845=CARTESIAN_POINT('',(4.13298358577214,-49.1586914754757,-19.1055832090287));
#10846=UNCERTAINTY_MEASURE_WITH_UNIT(LENGTH_MEASURE(0.01),#10854,
'DISTANCE_ACCURACY_VALUE',
'Maximum model space distance between geometric entities at asserted c
onnectivities');
#10847=UNCERTAINTY_MEASURE_WITH_UNIT(LENGTH_MEASURE(0.01),#10854,
'DISTANCE_ACCURACY_VALUE',
'Maximum model space distance between geometric entities at asserted c
onnectivities');
#10848=UNCERTAINTY_MEASURE_WITH_UNIT(LENGTH_MEASURE(0.01),#10854,
'DISTANCE_ACCURACY_VALUE',
'Maximum model space distance between geometric entities at asserted c
onnectivities');
#10849=UNCERTAINTY_MEASURE_WITH_UNIT(LENGTH_MEASURE(0.01),#10854,
'DISTANCE_ACCURACY_VALUE',
'Maximum model space distance between geometric entities at asserted c
onnectivities');
#10850=(
GEOMETRIC_REPRESENTATION_CONTEXT(3)
GLOBAL_UNCERTAINTY_ASSIGNED_CONTEXT((#10846))
GLOBAL_UNIT_ASSIGNED_CONTEXT((#10854,#10856,#10857))
REPRESENTATION_CONTEXT('','3D')
);
#10851=(
GEOMETRIC_REPRESENTATION_CONTEXT(3)
GLOBAL_UNCERTAINTY_ASSIGNED_CONTEXT((#10847))
GLOBAL_UNIT_ASSIGNED_CONTEXT((#10854,#10856,#10857))
REPRESENTATION_CONTEXT('','3D')
);
#10852=(
GEOMETRIC_REPRESENTATION_CONTEXT(3)
GLOBAL_UNCERTAINTY_ASSIGNED_CONTEXT((#10848))
GLOBAL_UNIT_ASSIGNED_CONTEXT((#10854,#10856,#10857))
REPRESENTATION_CONTEXT('','3D')
);
#10853=(
GEOMETRIC_REPRESENTATION_CONTEXT(3)
GLOBAL_UNCERTAINTY_ASSIGNED_CONTEXT((#10849))
GLOBAL_UNIT_ASSIGNED_CONTEXT((#10854,#10856,#10857))
REPRESENTATION_CONTEXT('','3D')
);
#10854=(
LENGTH_UNIT()
NAMED_UNIT(*)
SI_UNIT(.MILLI.,.METRE.)
);
#10855=(
LENGTH_UNIT()
NAMED_UNIT(*)
SI_UNIT($,.METRE.)
);
#10856=(
NAMED_UNIT(*)
PLANE_ANGLE_UNIT()
SI_UNIT($,.RADIAN.)
);
#10857=(
NAMED_UNIT(*)
SI_UNIT($,.STERADIAN.)
SOLID_ANGLE_UNIT()
);
#10858=SHAPE_DEFINITION_REPRESENTATION(#10861,#10866);
#10859=SHAPE_DEFINITION_REPRESENTATION(#10862,#10867);
#10860=SHAPE_DEFINITION_REPRESENTATION(#10863,#10868);
#10861=PRODUCT_DEFINITION_SHAPE('',$,#10870);
#10862=PRODUCT_DEFINITION_SHAPE('',$,#10871);
#10863=PRODUCT_DEFINITION_SHAPE('',$,#10872);
#10864=PRODUCT_DEFINITION_SHAPE($,$,#17);
#10865=PRODUCT_DEFINITION_SHAPE($,$,#18);
#10866=SHAPE_REPRESENTATION('',(#5136,#5284,#5285),#10850);
#10867=SHAPE_REPRESENTATION('',(#5137),#10851);
#10868=SHAPE_REPRESENTATION('',(#5225),#10852);
#10869=PRODUCT_DEFINITION_CONTEXT('part definition',#10880,'design');
#10870=PRODUCT_DEFINITION('JabberStand','JabberStand v5',#10873,#10869);
#10871=PRODUCT_DEFINITION('Stand Base','Stand Base v4',#10874,#10869);
#10872=PRODUCT_DEFINITION('Fan Grill','JabberStand_Fan Grill v3',#10875,
#10869);
#10873=PRODUCT_DEFINITION_FORMATION('',$,#10882);
#10874=PRODUCT_DEFINITION_FORMATION('',$,#10883);
#10875=PRODUCT_DEFINITION_FORMATION('',$,#10884);
#10876=PRODUCT_RELATED_PRODUCT_CATEGORY('JabberStand v5',
'JabberStand v5',(#10882));
#10877=PRODUCT_RELATED_PRODUCT_CATEGORY('Stand Base v4','Stand Base v4',
(#10883));
#10878=PRODUCT_RELATED_PRODUCT_CATEGORY('JabberStand_Fan Grill v3',
'JabberStand_Fan Grill v3',(#10884));
#10879=APPLICATION_PROTOCOL_DEFINITION('international standard',
'automotive_design',2009,#10880);
#10880=APPLICATION_CONTEXT(
'Core Data for Automotive Mechanical Design Process');
#10881=PRODUCT_CONTEXT('part definition',#10880,'mechanical');
#10882=PRODUCT('JabberStand','JabberStand v5',$,(#10881));
#10883=PRODUCT('Stand Base','Stand Base v4',$,(#10881));
#10884=PRODUCT('Fan Grill','JabberStand_Fan Grill v3',$,(#10881));
#10885=PRESENTATION_STYLE_ASSIGNMENT((#10888));
#10886=PRESENTATION_STYLE_ASSIGNMENT((#10889));
#10887=PRESENTATION_STYLE_ASSIGNMENT((#10890));
#10888=SURFACE_STYLE_USAGE(.BOTH.,#10891);
#10889=SURFACE_STYLE_USAGE(.BOTH.,#10892);
#10890=SURFACE_STYLE_USAGE(.BOTH.,#10893);
#10891=SURFACE_SIDE_STYLE('',(#10894));
#10892=SURFACE_SIDE_STYLE('',(#10895));
#10893=SURFACE_SIDE_STYLE('',(#10896));
#10894=SURFACE_STYLE_FILL_AREA(#10897);
#10895=SURFACE_STYLE_FILL_AREA(#10898);
#10896=SURFACE_STYLE_FILL_AREA(#10899);
#10897=FILL_AREA_STYLE('Steel - Satin',(#10900));
#10898=FILL_AREA_STYLE('Paint - Enamel Glossy (Black)',(#10901));
#10899=FILL_AREA_STYLE('Opaque(22,160,231)',(#10902));
#10900=FILL_AREA_STYLE_COLOUR('Steel - Satin',#10903);
#10901=FILL_AREA_STYLE_COLOUR('Paint - Enamel Glossy (Black)',#10904);
#10902=FILL_AREA_STYLE_COLOUR('Opaque(22,160,231)',#10905);
#10903=COLOUR_RGB('Steel - Satin',0.627450980392157,0.627450980392157,0.627450980392157);
#10904=COLOUR_RGB('Paint - Enamel Glossy (Black)',0.0980392156862745,0.0980392156862745,
0.0980392156862745);
#10905=COLOUR_RGB('Opaque(22,160,231)',0.0862745098039216,0.627450980392157,
0.905882352941176);
ENDSEC;
END-ISO-10303-21;
